Accession,PeptideCounts,Name,Gene.name,NDM_B1_01,NDM_B1_02,NDM_B1_03,NDM_B1_04,NDM_B1_05,NDM_B2_06,NDM_B2_07,NDM_B2_08,NDM_B2_09,NDM_B2_10,DM_B1_11,DM_B1_12,DM_B1_13,DM_B1_14,DM_B1_15,DM_B2_16,DM_B2_17,DM_B2_18,DM_B2_19,DM_B2_20,Number of samples imputed,Fold-change (DM/NDM,pValue,qValue,tStatistic,RepeatedlySignificant
A0A075B6I0,1,,IGLV8-61,23.161066680977278,22.515437669721813,21.629008061794327,23.181670409609815,21.393624220247755,23.37972313492271,22.360834632367148,23.541786543034284,21.74573780041471,20.047171590690752,22.415418040446664,23.712023321804452,21.614357593281706,22.82524188183691,20.738584577807483,23.83545596778779,23.269055644697712,22.69245610993239,21.32864283521726,23.230462842523295,5,1.18840120463988,0.570602437903216,0.734928646267111,0.576357734137116,False
A0A075B6J9,3,,IGLV2-18,20.948782107795427,23.806193496621145,23.352792766130428,21.796709688117986,21.890661852662426,23.232424692948463,20.03626038949782,19.005476659354283,21.714295278171083,21.098850867941753,20.986454688798243,23.261249906949285,21.94746945059454,21.099540124446612,22.722232565420367,22.38625472130021,23.018872356230677,22.076801663101136,23.572187731274322,22.518879266806216,9,1.19488487951065,0.184855617292877,0.53240815837221,1.3717689822207,False
A0A075B6K0,3,,IGLV3-16,22.98522888652943,22.63853762605494,21.373143722595184,24.25682602202247,22.06699845971837,22.912754494255665,19.638743567901056,22.13153119395944,22.594599359129504,20.15435952118314,22.695933123315218,23.95406360517397,20.67439190497679,21.469638138994988,17.962430524260384,20.79339587274103,20.640504975601203,20.908804978774807,22.720651600704475,20.649600649027114,0,0.666537194808466,0.201465202785493,0.544755748559004,-1.31943700365513,False
A0A075B6K4,3,,IGLV3-10,22.085753341069335,22.564280400733075,21.653871527038547,22.67433512784597,22.953938918294817,22.138839592892168,23.158921846815392,23.806688235499298,23.64107819785397,22.496313883899667,22.378166564635098,20.12694822703714,22.780690002980993,22.920725553399034,20.964531630900705,21.68679901469625,22.734100711521236,22.580377147557524,22.92436694813044,21.744965956295193,2,0.678914168807744,0.0960163369714253,0.427035242132537,-1.74406142167842,False
A0A075B6S6,2,Ig kappa chain V-II region RPMI 6410,IGKV2D-30,26.4712431900555,26.229447163658836,25.92942502406567,27.092440210027597,26.361145463805265,26.420663109372125,25.091198052208377,26.140555479811415,25.686151130897755,25.671339608236046,26.987397142780356,26.303698955493367,25.63560682122533,26.72899292079147,25.201014787067624,26.81722565167367,25.839060910120775,26.352572002248813,27.413549092814854,26.808402542348034,0,1.26712005508721,0.238981699019647,0.580032472190133,1.21257590087812,False
A0A0A0MRZ8,3,Ig kappa chain V-III region VG,IGKV3D-11,25.25804257617339,25.887956572219327,24.544018238534925,25.476415278537477,24.78439544229383,25.53447610384084,24.98947275113952,25.170781893322314,25.08920364929388,23.851898085546196,24.968361895089547,24.228340158075184,23.784383535430084,25.867514600248228,24.498755819495855,26.541207838163665,25.110497898920165,23.436884786800633,26.229146221397524,26.964043227700547,0,1.35916092479574,0.784334672154021,0.811450985241191,0.277262930951839,False
A0A0A0MS15,2,,IGHV3-49,21.205878453175107,22.138977825256493,20.84306235702286,21.994556867698318,20.239235208315783,23.10746403795379,23.160854355938383,22.774416416760292,22.52102145109652,22.263506358865666,23.644878760747012,23.68355627424151,22.871593488995416,22.988950475934235,21.546194908914813,23.099946170960944,23.415200343089627,22.4817313052239,22.86350437967408,21.460162170582834,4,1.61247667511413,0.0293200970827833,0.27325797600272,2.34155809835712,False
A0A0B4J1V0,3,,IGHV3-15,22.606163137801076,23.18636754219161,20.891148786508897,23.3947113738721,20.588402490657725,19.01380286494513,20.619515514685084,20.408838668971214,22.81968843810595,21.065919898149673,22.05021021504685,21.16543672496628,22.144147076328384,22.43537928267075,21.01530274560499,22.248956006771337,21.79424177799506,21.81032612284327,23.308527546141146,23.04108063532646,1,1.1565973040644,0.17317911064367,0.523299809327203,1.41083914689868,False
A0A0B4J1V6,3,,IGHV3-73,21.225669178527347,21.454661145961303,21.16502522222745,20.68153920625949,21.774206861850843,21.381593394320245,21.007656738627027,22.071916084891278,21.916466256746887,20.325136196942346,20.457311953412038,22.69167555973619,22.345636074764958,20.139999405957667,21.149530313461348,22.181459533668647,17.254256453274305,20.135766185627325,22.676792629032175,21.355056078485532,9,1.18241792507282,0.632109493662707,0.7585186811081,-0.485963581199361,False
A0A0B4J1X5,4,Ig heavy chain V-III region BUT,IGHV3-74;IGHV3-66,25.32995509589792,25.444963525247566,25.762798911391172,26.502089837960956,26.11253936298802,25.284415908455905,25.02915547796242,25.605454293599962,25.663813464375174,24.913597797055537,27.005470251506004,25.413495223811264,25.106614410067603,26.191045059646907,24.638983980582328,26.90944744587724,25.780779170505255,25.863041494691906,26.981544164594993,26.766740526156546,0,1.54729262225279,0.0737294422628559,0.399711771208085,1.88394797439153,False
A0A0B4J1Y9,4,,IGHV3-72,25.163377733386394,24.75713697555098,23.783843426699956,24.587595043069577,24.936172374151838,24.3726002335526,23.41074731382757,23.9186542001062,23.84413639473578,23.37804103283326,24.518005035766244,24.50337017860893,24.572227175538945,24.432323322200542,22.90664088028183,25.18479609311714,24.221461695158016,24.32446553789529,25.707863823128026,24.882194518441874,0,1.26043637579267,0.245380781663622,0.58311339070537,1.19565420182993,False
A0A0C4DH25,3,,IGKV3D-20,23.663232586924526,23.295301913744773,22.581764659071347,21.781304308793068,22.745239367940307,22.901417045918787,22.30535171682987,22.786915548070965,23.034426938788968,21.71356313470776,24.19884618643023,22.07448270056906,21.90654591557296,23.706470181500926,21.60131347814433,23.80780996152728,22.764348307539986,23.487313388889604,24.36745409535994,23.613973100826783,1,1.54619843785997,0.193892242386496,0.539227987617833,1.34285787158442,False
A0A0C4DH34,1,,IGHV4-28,21.90274540124285,23.295187364136474,22.57279991457048,22.94896744800865,21.473934432443922,22.910319757962647,21.336345700557473,20.82754231605189,22.696642907511308,21.869384511574726,22.488105501323904,22.471448348481033,22.356711996519056,22.025701141950222,22.213097351930653,22.02863622199971,21.162512843505137,21.591931473488966,23.02561705449261,21.69306655101023,7,0.879476532151322,0.811957995622515,0.813589620325639,-0.240965595225862,False
A0A0C4DH38,3,,IGHV5-51,22.57191816543986,23.06369744835606,21.97058428897045,23.89658775992395,23.175981383282455,23.89747606997927,21.80947946463618,24.0610003074121,23.337709693516615,23.144203806310635,22.9425335563417,23.533155028210906,22.343237651195206,23.33916195594981,21.794007717922568,24.5332378691877,21.658414170444743,23.4078552989908,23.896811394387115,23.379270898854262,1,1.04101358660667,0.978684371649957,0.843797505224354,-0.0270438778696699,False
A0AVT1,11,Ubiquitin-like modifier-activating enzyme 6,UBA6,22.27184614243224,22.16453948149091,22.331422404721938,21.96003719079519,22.100543248695434,22.20615531259045,22.332295249514058,20.530218164237997,22.342705393216345,22.575012908153013,21.884858860896205,20.395606496894455,20.88409550180818,22.41536926762608,20.92788814866049,22.102466078293556,23.329019781822137,22.772863269298604,23.022615458734215,22.2718776294172,1,1.08005509306894,0.797055343929053,0.812593916944395,-0.260503431021555,False
A0FGR8,8,Extended synaptotagmin-2,ESYT2,22.263529680848574,18.712834336807685,23.076625494465443,22.501567996971175,20.578894688680176,22.369637095354246,22.68945203148443,22.55219953710264,22.63061501914689,23.036833479691218,23.336677267620544,21.66366556723211,22.17087812593894,22.314572647794474,22.235654551436383,23.16699422607261,22.729509304630916,22.97662505285059,22.517617370041226,22.50308200841903,0,1.18316553843539,0.225391208852258,0.567386468521056,1.24968876439981,False
A1L0T0,9,Acetolactate synthase-like protein,ILVBL,21.247766548343712,22.509782159980013,21.27065872831532,22.48774123907597,21.629064885055982,22.397544174274852,21.93768025564576,21.303934590599187,23.01440988943071,23.088338281368276,20.737017967223863,21.19946122802276,22.353411221411523,23.221413910255517,21.65073427984986,22.69491383342814,23.253213724144047,23.287436442128357,21.93386251498989,22.46519857004355,0,1.1968291768398,0.584638938869718,0.743198187245657,0.555324205498571,False
A6NHL2,4,Tubulin alpha chain-like 3,TUBAL3,22.074277118629322,21.670364253921974,22.667538729673907,22.46044047929414,22.50839631013993,22.19870503569737,22.58107047539052,21.98579964477432,22.527206476125702,22.463763781146838,22.246747993450978,22.151766528700673,22.203421818506342,21.97149051407834,21.835670569845227,21.737531982768875,22.490441281276855,22.68314748146194,21.963560793535475,22.355305960713732,3,0.899970978325018,0.496376750729143,0.709261894965122,-0.692435837771493,False
A8K0Z3,2,WAS protein family homolog 1;Putative WAS protein family homolog 4;Putative WAS protein family homolog 3;WAS protein family homolog 2,WASH1;WASH4P;WASH3P;WASH2P,18.69757946231898,19.410775093873408,18.09662561640824,20.192398637310397,11.44774923286935,18.666112129623308,19.118534589928167,19.81644268260665,19.3650573708841,19.80069470766038,19.656296236737568,17.45612828341099,20.48201355810052,19.445420200580394,19.943712507571167,18.88397839006391,19.133347359308132,18.306045624317747,20.358242787244563,18.93193000201237,11,1.21635341535481,0.306385136874855,0.613768740516,1.04881084735993,False
Q99613,6,Eukaryotic translation initiation factor 3 subunit C;Eukaryotic translation initiation factor 3 subunit C-like protein,EIF3C;EIF3CL,21.80904713003321,20.29183849899906,22.129265174308323,21.697583660074446,22.568710953325198,22.11683496150513,22.729216093166055,19.709899864785797,23.167527595924486,22.72059605671567,20.253326862613566,20.47505265254982,21.20966653690016,20.448598861913375,22.319202286117758,22.237096909016493,21.256266829084222,22.499779149403913,21.99863707540391,20.071578174263966,5,0.636609823714879,0.183610238965879,0.53240815837221,-1.37584070161854,False
B9A064,7,Immunoglobulin lambda-like polypeptide 5;Ig lambda-1 chain C regions,IGLL5;IGLC1,29.79840603321472,30.244427169531377,29.907615102778703,31.059413990579966,30.436799169372687,30.23643545540959,30.094604505610256,30.58321984340796,30.442399038622096,30.117420571154227,30.452732609050564,29.603910564460932,28.899451122703404,30.110548209616226,29.618417597352803,31.08615015416607,30.26407952264854,30.56112730280517,30.918242189603312,30.698959226862478,0,1.01086266122676,0.704826173545833,0.785121265036417,-0.384106190523897,False
CON__P00761,8,,,30.851840202625574,30.379290533585447,31.565074010855195,30.931467441361384,31.910664957535513,30.84281550660282,30.53434739821261,30.379154285893378,30.626175957572897,30.38257349248982,31.469331160484817,30.886913318046812,31.907601194684243,29.48246596010949,31.11274552872174,29.793499905171988,30.613794878292037,30.268122886320093,30.91752099231728,30.092437747216884,0,0.930249962067059,0.459538467772225,0.69086707470759,-0.753697590620537,False
CON__P01966,6,,,32.333118533010996,32.67013777173603,32.91762466141523,31.07362921617771,32.91125345235945,32.65114956124106,32.80928830721056,32.73169737548223,31.850477761761336,32.55327725197079,32.79107854955078,32.94467843153075,31.425537125967818,32.91579507132998,30.881915831259096,32.976189622302286,32.81466107867479,32.995568848183446,32.22927796269207,32.57044858115749,0,1.0380769429402,0.987377497936179,0.843797505224354,0.0160132777846133,False
CON__P02768-1,72,Serum albumin,ALB,37.02719984129253,36.02530644687861,36.98102363783106,36.73149359731881,37.21225349959714,36.84438897839654,36.40390097796543,36.77569825846071,36.564274853703736,36.41248213782067,36.93233801310248,36.77655315328337,36.702562416951125,36.61277571589554,36.95507297798672,36.4622107379058,36.40138790417147,36.6200984332845,36.949902392920905,36.24508374940722,0,0.965266476086434,0.818407497548826,0.817186231250049,-0.23254027567171,False
CON__P05787,35,"Keratin, type II cytoskeletal 8",KRT8,29.577884783713962,27.74496419981365,28.111908140138357,26.904007791851033,28.508558105155835,28.762247071171622,28.603207952156158,29.672546015525377,30.043075917959776,30.3098384806707,29.007246918639378,28.107431786283666,28.16873380206564,29.154102029284473,29.654106307992688,29.163107788661115,29.626332694928173,28.759433993866217,29.430482188331016,29.100412514030936,0,0.962576960466133,0.520091501663594,0.721310207615658,0.654375807837847,False
CON__P07477,1,Putative trypsin-6;Trypsin-2;Trypsin-1;Alpha-trypsin chain 1;Alpha-trypsin chain 2,PRSS3P2;PRSS2;PRSS1,21.430872169053018,21.925984101922296,22.05329936137287,22.00981419625092,22.204010225460685,21.977765413991516,21.457017698005362,22.37475678737992,21.08852482980133,21.83091711733029,21.857138001393135,21.601677443318774,21.512108041887416,21.78933153565931,21.65856747997926,21.57665095180832,21.631040285886055,21.41549807204756,21.362906651740065,21.532091738220057,5,0.823517337755891,0.280082404445111,0.59687397298761,-1.10922792810719,False
CON__P08730-1,5,,,20.964536322952796,21.123216120554414,20.617130166900342,20.24095918000497,22.196922617822832,21.949883669279117,19.001525370743792,20.49317827069832,22.90967254448536,19.764026105891084,21.852416363924203,21.551776476477546,21.30427637140676,20.874404725898426,21.167914817456094,21.338410116720258,20.67238861421696,22.03404760465224,19.528480190127517,20.616268606247655,4,0.921736433854249,0.705172865879675,0.785121265036417,0.383631197050817,False
CON__P13647,10,"Keratin, type II cytoskeletal 5",KRT5,22.230661378831257,21.280356822251203,22.422870076015467,21.815802177539364,18.67035797409665,21.53953074801429,21.973256452588735,21.386809651834376,21.760745664714452,20.506457887857866,19.246685021755333,21.80136663889024,21.307577981696546,21.192391829122283,21.21135029402943,21.022760696107305,21.155489994006373,19.863736873059896,21.69083679834966,20.308095461389545,9,0.678078959424288,0.289263056214134,0.603321843609166,-1.08769212106207,False
CON__Q1RMN8,2,,,21.501189339444075,21.80829808494607,21.142519456351526,21.657698645901842,20.670506174827306,20.899119254317583,18.995035791383664,21.397268277158382,20.743324747526934,20.55283389981057,21.82620899510258,21.42424776137753,21.582839734908696,21.256909045362303,21.205824247397416,21.717787433758634,20.673086629432532,21.227014045623807,21.653826326844708,21.762514110449303,8,1.29219004178836,0.102253977887719,0.437355574810954,1.70997746953126,False
CON__Q3KNV1,25,"Keratin, type II cytoskeletal 7",KRT7,26.555737108935208,24.674782439010002,23.78822271857462,20.885118961674415,24.18440373670425,22.934903066657895,25.158339638150373,26.663644092800734,23.294215050053367,23.955541479172247,26.724900962655873,23.02858637268147,25.43217091412421,24.37726274379812,26.53234200128164,25.414751152016123,26.59724661161342,23.518584443795607,26.22874317333156,22.92226177681841,1,1.5577605532307,0.215869795405103,0.55792310220854,1.27672428625014,False
CON__Q3SX09,3,,,22.201007708910954,23.39508956442337,21.929862373253382,21.72487925713134,22.568798717719737,22.57778261214001,23.820651952718837,22.64338401078351,22.32411810579036,22.84865357102316,22.040746833892708,21.822512588999004,21.835556921481675,23.208842558619036,21.001658716907805,23.044952635072445,23.44161123919944,23.410718664134034,22.62059673003255,22.363758563656788,2,0.951943117680918,0.685847516038033,0.77472505509616,-0.41024998995974,False
CON__Q3SX28,21,Tropomyosin beta chain,TPM2,26.23309786008765,26.94676670581967,26.327171356687305,26.345249479816232,25.364862332855818,27.451685019203364,27.950938407129012,25.964177108333683,26.717859502911022,28.434019382335062,25.817774942271235,25.816839204385094,25.80276270358768,28.52863625731347,27.213692400419554,27.8803134547561,26.60981781372274,27.241675274028868,25.57240766733749,27.84150829455852,0,1.08260200162139,0.881039232125083,0.825812662811676,0.1515157794836,False
CON__Q3ZBD7,8,,,23.319719246378973,22.802458736844684,23.05096662243593,21.277325441560336,23.400481212652025,23.741109747917506,24.15661304650775,22.33772170648176,23.389662875287005,22.247808968761777,18.12213748326855,23.162330538356443,20.83430148228046,20.973476679359514,21.517512701223083,23.63548887267769,21.611629481491036,21.77551432405538,22.2577916543337,20.59858572758275,8,0.457386414982643,0.00747311991922796,0.175323277667773,-2.9653080284077,False
Q13765,5,"Nascent polypeptide-associated complex subunit alpha;Nascent polypeptide-associated complex subunit alpha, muscle-specific form",NACA,23.40242628198285,23.96971806716409,24.33717741953432,24.53256192640503,24.545842930946367,24.191787166246318,23.467145112709588,24.544514732009358,23.480842252580093,23.6742713861528,23.250880119925796,22.75222321828139,23.804804277002496,24.48868949763979,23.825128574235293,23.247796363155373,24.548847067719326,23.47579104095796,22.34551046333958,24.29469047854638,0,0.799708254309752,0.169052239961199,0.521118528909864,-1.42515308230253,False
O00115,2,Deoxyribonuclease-2-alpha,DNASE2,20.58117486055497,19.057369055863017,20.838330973147194,19.51638161284211,18.51884556378818,18.660601670063926,21.858527480538473,20.125912121458274,21.173806235790796,21.73389798766988,19.63740647800399,17.384069603450516,19.105419069645343,19.753783692966156,20.202618691995088,19.728410727455138,19.35334465638384,19.518059320411446,20.52961673906228,19.394649453178136,12,0.498094770362154,0.101256277044442,0.437355574810954,-1.71530737298015,False
O00151,14,PDZ and LIM domain protein 1,PDLIM1,24.646543932033115,24.611146311255865,25.21683925299068,26.109297555818102,26.123469850096047,25.16136039855488,25.636209943701022,26.296663946871423,26.115081602459504,26.528090174589956,25.793617197641076,24.19215025777801,24.227156472177583,26.378805476329394,25.918744380102332,26.255491628171075,26.46665176183148,25.57276184155916,26.33492507252504,26.548981345599064,0,1.13029801887128,0.682019483683751,0.774270699342087,0.415558175320076,False
O00159,44,Unconventional myosin-Ic,MYO1C,28.13774079033389,28.44058131848263,27.595168549613525,28.230300328981944,27.684795521897332,27.8525798767794,28.244305466743487,27.728027743486578,28.226704088223162,27.91883968470121,27.380361745328887,27.753386190882242,27.562298098670723,27.972127310171363,27.847960468949427,27.435090991023078,28.150793084915893,28.0941406839514,27.645109529646252,27.6779299279621,0,0.836389186346987,0.0837016147854575,0.418710352294526,-1.817364347923,False
O00161,5,Synaptosomal-associated protein 23,SNAP23,21.006280767332473,20.242599445209088,19.981368635181745,21.515861666521246,20.56877007074556,21.45503611186155,14.713830263621384,20.90296019769387,19.62924529449241,21.37756630303322,20.458054440421165,21.21677780347324,19.222153728300707,20.380023322234152,21.480144025914868,21.3164256668163,19.378392307335876,19.426296732815775,21.6028999976104,20.395503680211718,8,1.00040961259189,0.599848612870645,0.749006456499085,0.532815328508824,False
O00170,3,AH receptor-interacting protein,AIP,20.94524809577128,20.654382041387127,20.80209846697887,21.005265029114817,20.35206087908326,21.99412032527848,21.951878928405126,22.09753892428505,22.02196664309843,22.760274902277704,22.19395569453376,21.28731962000666,21.302867764537503,21.658885144279786,22.03120332810218,22.763837531651063,22.312608772678995,21.98144791580445,22.64554395144639,22.286889182359545,2,1.38351329469961,0.0165065349687847,0.216813824767178,2.60955590761225,False
O00203,3,AP-3 complex subunit beta-1,AP3B1,21.311553049699206,20.189846860753143,21.841503529166292,20.544387991256645,20.724010031326817,21.248163796495675,21.37342056664755,21.213954408181376,21.102256133683213,21.666097944746234,19.992518700372248,20.612969524113172,20.637237149910803,20.726710724508244,19.926392215306407,20.907086282001465,21.189563655703644,21.207944543073598,20.83924717130036,21.44662255268275,7,0.770648511359546,0.141279653551374,0.491347395312833,-1.52964176051636,False
O00217,3,"NADH dehydrogenase [ubiquinone] iron-sulfur protein 8, mitochondrial",NDUFS8,21.74930748721633,20.7265591109386,20.49853212358917,22.013502163291285,20.51556982253125,21.028999743540687,21.715820937812392,21.06321111243875,21.096001353937407,21.827353614260332,21.369022057421645,20.11235587642077,21.202919309904715,16.38620416255546,22.01485893839143,19.98146835690053,20.697658111301863,20.995392025202804,21.5781130869492,20.859497642499736,10,0.779740114663635,0.188308307241348,0.53240815837221,-1.36059332875294,False
O00231,13,26S proteasome non-ATPase regulatory subunit 11,PSMD11,22.869347640301022,22.61008765515717,23.960345338881144,23.295099948813373,22.494589553193936,23.597517601967265,24.164271020206154,23.797965901578298,24.50072480221895,24.44865308088369,23.670306252896996,23.307552298613338,22.071474815803036,23.47314661727694,23.214426491399898,24.075797269685943,24.405941868061063,24.61646524035773,24.584404340388954,24.798329048708887,0,1.21664787748041,0.313352011756068,0.613979024606205,1.03343405977485,False
O00233,6,26S proteasome non-ATPase regulatory subunit 9,PSMD9,22.18895886888392,23.785547939021825,23.27364065369521,22.89622823962283,23.573184536904257,23.02829881949291,22.44663029889721,22.992970363426462,23.179306854098183,23.60635952823526,23.651369121234467,23.0674631349381,22.32912215935814,23.537149298421316,23.260668715890272,23.45519544640185,23.683100092828404,24.093609648421946,23.625447462010115,24.011997688809625,0,1.29220020284089,0.136205473072495,0.486433579823015,1.5505265914742,False
O00244,4,Copper transport protein ATOX1,ATOX1,23.634886399729503,24.19517293843507,24.708087963701722,25.489913733579733,22.9089357483857,24.005732120568773,23.912028929852287,24.058946144493035,23.948003484194395,23.384117772142627,24.094744900005928,22.99825978644416,23.058372471161075,22.557033962831312,22.880491827000572,23.651047948056508,23.74914767209821,23.24721553103596,24.118646140341895,23.976352551997632,2,0.629940952701,0.0458213530723269,0.32800665024696,-2.12509643960987,False
O00264,7,Membrane-associated progesterone receptor component 1,PGRMC1,24.92245815480603,24.295416454258586,24.49842559940715,24.72005727537107,25.037717587229128,24.612977954859772,24.66517180203157,24.332304351593802,24.358130346423202,24.640457525402418,24.197566943635536,24.393713300532884,24.743640610226674,24.166011658658178,24.510845513491272,24.62966318066881,24.674470268358917,24.22636410416006,24.26492171762973,24.141156169085615,0,0.860776847469145,0.181338276020332,0.531816779575184,-1.38332575239762,False
O00273,4,DNA fragmentation factor subunit alpha,DFFA,20.59068285836451,24.438285537001676,25.36080793387616,23.354929647381038,25.47417661192664,22.98704827660298,24.132351401555642,22.330201568361556,21.99776007131093,23.007810339311686,25.131383218651486,23.666276886899276,22.11466518453605,19.93149126139799,23.6472462140037,22.777663918999874,24.657597928006982,19.765844428287085,23.0082502930706,20.734501914000596,6,0.670102355831484,0.259341820098799,0.587927183588789,-1.1598560688899,False
O00299,12,Chloride intracellular channel protein 1,CLIC1,27.212248692078752,27.271626979151133,27.424715337935385,27.1521052224929,27.489011979054222,28.119792925158883,27.314235958647586,27.39343667651366,27.78591113544085,28.014943694536257,27.291448753862174,27.316830443516995,27.368117444206987,28.113342418161917,27.752132084423238,27.265323677172734,28.03466762065874,27.280950789163704,27.756734493252846,27.640935141305157,0,1.04250592154205,0.668206992241893,0.768339943129565,0.434814407659996,False
O00303,5,Eukaryotic translation initiation factor 3 subunit F,EIF3F,22.513603102146977,23.32307267321955,23.166180641488946,21.48330662691259,22.929118645642983,22.526540185218607,23.290056469327748,23.063263580810304,23.121018730125733,22.799418897743063,22.880951727310073,22.92986671993458,23.411340078350452,23.335207368495414,22.826551734471625,23.22773871081412,22.87592541227335,23.063345356923694,22.559620279730908,23.240160365363657,7,1.11455148976606,0.378829599660067,0.651919973400683,0.899357881811026,False
O00330,6,"Pyruvate dehydrogenase protein X component, mitochondrial",PDHX,22.30714218414211,21.55163900316348,21.972721980765403,21.45868308966598,21.828736978286237,22.353551551010785,22.265061274329472,19.710737473918243,21.30654966010235,21.91828379754109,21.903694616784055,21.060587688847182,21.411967680613387,21.030526869887744,21.21840433417756,20.687319815633543,21.51404484915657,21.56932105615152,22.330146594586537,21.618614560068462,7,0.808978884229874,0.474307235247929,0.697554373328703,-0.728802244385377,False
O00399,1,Dynactin subunit 6,DCTN6,20.541369700637198,20.941463789221952,20.58833460426633,20.89666764115876,20.673178037731258,21.227160183293506,21.59785026688447,21.666531253395526,20.924643645734655,21.846205818077888,21.833400527333865,22.35629940089704,22.361194231060892,22.671366665977747,22.289460731889537,22.170208463943297,21.13747315415083,22.656134373314877,21.10262724846509,22.32243458269481,9,2.02194573179093,0.000722613008937892,0.073258090536328,3.96659160988847,False
O00410,20,Importin-5,IPO5,22.30241906241013,22.490541965752552,24.27357396157586,23.297340511569466,22.91420642322126,22.444297854619464,25.56445016543252,24.399453202982073,24.99621187447526,24.954417354947275,24.27282351903563,23.069237858814066,23.00294969426325,24.574089604354054,23.616749620451287,24.285015675887365,24.620825710770198,25.914752001091486,24.504184139837548,24.417123623020423,0,1.19700335323534,0.218742821648286,0.558274600234128,1.26847130031035,False
O00423,4,Echinoderm microtubule-associated protein-like 1,EML1,21.518570655043654,19.987734782370907,21.794433745219933,19.528989967239976,21.721316272370213,21.427162866866897,20.3206692643939,19.266669908761983,21.718548478467863,21.40026790345377,20.796976889934534,21.423891244945853,21.26833727100721,21.436836854787085,21.742037284731765,21.560140393802527,20.95383673121298,21.406407706231576,21.382305128119164,21.852256714839626,4,1.22102063549817,0.164051336619494,0.521118528909864,1.44288085306141,False
O00429,9,Dynamin-1-like protein,DNM1L,19.528351048807753,21.023673635415598,20.989710433889666,21.21101932117685,21.941152992966103,20.866960185492857,22.0063507467661,21.95160230342045,21.466743940047753,22.868389096806844,20.691214277610744,21.9388483647629,22.580503509364796,20.77704748443724,20.69710794183132,22.564382452736286,22.456670775925584,22.692444913963712,22.057328257102338,20.764585190145898,5,1.25507656806137,0.37562869521813,0.651005541947793,0.905530007681614,False
O00468,5,Agrin;Agrin N-terminal 110 kDa subunit;Agrin C-terminal 110 kDa subunit;Agrin C-terminal 90 kDa fragment;Agrin C-terminal 22 kDa fragment,AGRN,19.279565343167263,19.388262401871835,17.97796806389759,19.942031190922386,19.505844633087275,19.30709147125778,16.73937530722642,20.312171505564518,19.450411543388743,20.609700599601293,18.74271569677292,17.641987428473282,19.42935749058113,19.39179089686178,19.693414986004147,19.21481723350897,19.942645192669126,16.828354699620384,19.783809139874183,19.885287909225397,12,0.841691851408094,0.685115775465922,0.77472505509616,-0.41126373290409,False
O00479,2,High mobility group nucleosome-binding domain-containing protein 4,HMGN4,16.20706802213632,18.76680839178169,18.59218927385905,17.71586212991169,17.364537282557965,19.84229795988129,16.212185239790667,17.917569446962876,19.716019159544363,19.951727737382328,20.068736798921382,20.02833224226837,17.13176975311932,20.23742732351745,20.818010530888117,20.02964409660122,17.506024195842517,19.778345131221595,20.129502045982093,17.416292391259134,6,1.99904757064348,0.0685945116467207,0.3844369060632,1.92137528053833,False
O00487,7,26S proteasome non-ATPase regulatory subunit 14,PSMD14,22.569988512468466,21.597136984342487,23.377866675285816,23.17559333642491,22.476430753740644,22.776583222000244,24.02190300993084,23.498686545636144,23.862200291627506,23.947654153373932,22.80246470215793,22.5309995188122,22.377699590369847,23.78127619789242,22.40661615541872,24.479352939884766,23.909675175967998,23.952537982918514,23.191983923139983,24.151213787459806,0,1.1870816171759,0.412094447110479,0.668891502267805,0.83714505992172,False
O00499,9,Myc box-dependent-interacting protein 1,BIN1,23.88897521782045,22.858358287332482,23.63625766272327,24.32808189349949,22.505106694871184,24.837595320379958,24.571138565994723,23.909012943392533,22.708687229951586,23.29708879028116,23.441746914830738,21.79896219112566,22.671142025516023,23.152709411128974,23.598804000522126,23.517709337101724,24.50421882839482,24.11894874595152,23.981028824335578,23.97013089636946,0,0.865938060380361,0.573969618951666,0.736406810326589,-0.571288367253857,False
O00534,6,von Willebrand factor A domain-containing protein 5A,VWA5A,22.907656984605044,18.56697763132934,22.800772165324556,17.23507572533161,22.0379459951869,22.06648685437128,22.75598553357519,20.75112557942384,23.105126609525364,22.70674876353154,16.45413835722569,19.97842672888365,22.67158523938398,21.574283869849722,23.303380948797894,21.791655263198837,22.583633085362273,20.918618001087168,21.682690335883745,21.581232890666158,7,0.80761018115467,0.767459002171981,0.807231985594737,-0.299623777445765,False
O00560,3,Syntenin-1,SDCBP,20.74784521094071,20.898694254702548,21.334868935145288,21.179718682631588,21.441628871107213,21.55031305570537,20.936501532214184,20.597429039773413,21.239740092283007,21.505327109794823,18.898490710095746,20.644342655993107,21.843562634648997,20.970283181694157,21.546407284199773,21.473339166097265,22.09194284333461,21.04932129321917,20.836785398852168,21.93631286671341,12,1.11577270621697,0.965785860551632,0.839800241506769,-0.0434174166904136,False
O00571,10,ATP-dependent RNA helicase DDX3X;ATP-dependent RNA helicase DDX3Y,DDX3X;DDX3Y,21.62767163550909,20.35384054653901,22.969368960695867,20.148663243831194,22.080373771308235,21.450988471076258,21.589683832729815,20.50379897600897,23.27142768524185,22.974226912163214,22.279371012009914,23.107937784881184,22.99473743097514,20.849113437658747,22.607279687508694,22.85828755571677,20.65853151837737,23.04404055937207,21.859745005437656,23.13617885070353,7,1.3938867666723,0.178757900256001,0.528663623258471,1.39191807896506,False
O00584,5,Ribonuclease T2,RNASET2,23.031905054901433,21.680149332432837,20.611529784086226,21.175821555611247,22.71370323491415,20.442217447408506,21.23957705496567,21.683439691482597,21.55060080793366,23.24316509659473,19.178481744575773,20.397707449313792,19.73261828050835,20.238675792539137,21.03659440810299,17.076657353026285,20.047917974671787,18.666878791819236,21.69939905147588,20.807483148583607,9,0.304566434924303,0.00163888034914379,0.104568605366734,-3.62016456782011,False
O00592,4,Podocalyxin,PODXL,22.888055153133664,19.274930098825077,21.989060717580152,22.16404226206004,22.282265107903918,22.632076964990706,22.12280647718049,23.85508836751892,22.500612545717672,22.823209461077816,21.67686427309554,19.65275856272458,20.183822972799884,22.427248216024786,22.69575785066556,21.93282852687864,23.509975062715903,19.18729461792344,22.192314691031722,23.540529864257998,0,0.82867552741564,0.338162339084765,0.626458497370308,-0.980551699184384,False
O00625,4,Pirin,PIR,21.424659163752985,20.65337737812806,20.5105340674584,21.232697133747767,22.89286497266188,23.069055128638208,22.487779250229163,22.546386686700735,22.142996755105006,22.17876164245068,22.40699012178128,20.995065738216784,22.64891444250101,22.797856459401128,21.68960509892743,22.720029728090545,22.91075931630114,23.349016728279167,22.562792100149206,22.81344551374185,3,1.37829198887744,0.0788293841514336,0.409944313545591,1.84897566473571,False
O00629,3,Importin subunit alpha-3,KPNA4,21.47481110101613,21.220581329501876,19.03040053388331,20.396430255621656,19.57418447398231,20.904101312089505,20.61497744738807,20.44954986573277,21.54760086641363,21.343692717957833,18.964787043238463,22.22216360860582,21.659488508800933,19.79393718106308,19.815209969799056,22.3875268515905,22.49182497190649,22.864427899787653,21.56940876304158,21.913027955577004,7,1.9503834435974,0.0968533616794181,0.427872205634169,1.7393793434933,False
O00763,38,Acetyl-CoA carboxylase 2;Biotin carboxylase,ACACB,25.130975224920572,25.599991486404246,26.59701298796914,25.956918634924918,24.239445183579665,25.002262939928176,26.410344869720387,24.930325294720607,25.69654579603794,24.14124293907407,23.027455775983412,24.7976647973975,24.02899756986378,23.858859939839142,23.398830491643885,25.300082015851874,25.214095403502412,26.887024333936584,22.873296627161388,25.5545105606423,0,0.682503664041061,0.0460360667328215,0.32800665024696,-2.12278399993809,False
O00764,17,Pyridoxal kinase,PDXK,27.386028476092775,26.616657169616914,26.51043125560709,27.1632498015645,26.08208818662278,26.916064685397806,27.314737803027946,26.553749707401007,27.18373117965107,26.447434002555767,25.603032355582535,26.128862985923988,26.798083587372588,26.43907863968144,26.02637801205985,26.418475117427572,26.55190362615266,27.216091861922774,26.53963683108749,26.539980370805957,0,0.763010743270533,0.0525529201834227,0.347692777049084,-2.05685237918834,False
O14558,9,Heat shock protein beta-6,HSPB6,29.582118588369898,29.763221296100586,29.423275678578204,29.91867902682699,29.681280534032428,30.240559451015542,29.42817898692754,29.387733621415578,29.954346590836106,29.290891185032415,29.17314683948066,29.799261295538745,29.782644475718307,29.4214099341408,29.6920626168699,29.65645319180989,29.653801934474476,29.897465130125667,29.532118208802228,29.588710032113028,0,0.956684501010722,0.719590540106782,0.791353431452998,-0.363956009686602,False
O14561,3,"Acyl carrier protein, mitochondrial",NDUFAB1,23.642757241519394,23.06019641331114,24.13483607719473,24.209219487529364,23.21579689015164,22.868910077719974,24.324182859290772,24.192574649285625,23.98290432819551,23.124219151582402,22.308598256024275,24.088332679330087,24.316073654407248,23.961600938594355,22.968424860204276,23.639832330227005,25.256641553392857,24.064114999535118,22.52827864855435,23.09829132688551,3,1.07852882134535,0.879483612734912,0.825812662811676,-0.153513392454957,False
O14578,3,Citron Rho-interacting kinase,CIT,21.80534794631717,21.776286757527906,23.27685775165063,22.939909123990514,19.633742708764917,23.370884542893645,20.25868460611666,22.951510669796903,22.26848186900003,22.358690019423282,23.418238758319607,23.57574287184708,21.82027084252238,23.488970551254276,21.032905393808885,20.729936118862863,23.160829370224533,23.249431842023682,21.22219364172467,17.42794288577761,9,1.14267592912044,0.821173615276816,0.817197073956267,-0.228932070971838,False
O14579,4,Coatomer subunit epsilon,COPE,22.670115474745028,21.40732984808818,22.33372716623832,20.273746875689547,23.406610101493364,19.958830789960455,23.047180500922945,21.175765165119817,23.29821306641833,23.079573334227607,20.632248972060644,22.29958018181108,21.254852060293537,20.771574688042506,23.526947149052393,22.906504052633636,23.664717866016257,23.146561615454353,20.858302646826942,22.851396491893333,1,1.08084388075384,0.812153865649177,0.813589620325639,0.240709459697654,False
O14617,4,AP-3 complex subunit delta-1,AP3D1,20.16625163437716,21.610382315739958,20.767390287207693,21.982838140640926,22.122221375733677,20.102058693083727,21.10004231530857,22.430521786230226,17.553382017782052,21.28687779609824,19.48087316727315,23.221495588465736,23.616068176765705,23.025058983110274,19.631506292009163,23.126854835219394,19.373977832123053,22.639443761067014,24.915502127780417,19.60322220220701,6,3.05938476414196,0.224303789579174,0.566740821691144,1.25273147221958,False
O14618,5,Copper chaperone for superoxide dismutase,CCS,23.21286714553659,23.679046673666765,23.24555914949992,22.438578363923785,23.2910896684644,21.50522609692837,22.36434052194597,23.415098815148045,22.555933961226316,21.018380413679242,21.08030464456975,21.378395440497837,18.394364334269078,22.848690083802854,22.499090084150843,23.386274606965046,22.42696701459811,22.745121769154853,22.645655439690504,20.10295449300775,2,0.651382477620858,0.0817206215351783,0.417224105855535,-1.83001863781501,False
O14639,12,Actin-binding LIM protein 1,ABLIM1,22.71979593576226,24.087440561651285,21.569611856309184,23.241545196879724,22.949801919288795,22.501975876419138,22.98382182090788,22.931270404832688,22.7543401671258,22.74817134270267,22.34741369152483,23.748877468299405,22.965291209744592,23.292694330785988,22.75411606284535,22.482704798215487,23.779947898471843,23.31896553797273,23.579306386968284,22.401997832045083,0,1.14058112883657,0.464221492735931,0.69086707470759,0.745752519483044,False
O14735,1,CDP-diacylglycerol--inositol 3-phosphatidyltransferase,CDIPT,21.534261055646095,20.736244835617754,21.64248574117723,21.509607650336893,21.164526298451722,20.723249485095103,21.170634432677883,21.52567062608946,20.784679577156574,21.074441194878506,19.871460262294317,21.190112840350157,20.643095965598846,22.147520153348434,22.967865695775664,21.585650126384426,21.719682687274407,20.91005082949203,21.189411524447525,21.33311270490226,3,1.28241852609145,0.606739702779534,0.752218059563864,0.522709029823941,False
O14737,6,Programmed cell death protein 5,PDCD5,22.06903502643519,16.959400597606336,21.26189992839731,24.408712425610954,21.13513251899217,21.5437306968017,23.272685704147587,22.19416024376751,20.69833104820993,21.777158169148944,22.758367025768212,20.022750443430713,20.90702809355057,22.65418118930332,22.399433782663454,23.13788095116556,22.670528727548255,23.250907493404526,22.55654029681188,23.420539297988853,2,1.19383326209693,0.201710001146789,0.544755748559004,1.31869152533494,False
O14745,12,Na(+)/H(+) exchange regulatory cofactor NHE-RF1,SLC9A3R1,24.389798673655104,23.611100298879936,24.14289039287826,24.936083738566147,24.42101748010492,24.244825108858308,23.20016346581684,25.265812812817433,24.75514455009162,24.56070650386595,24.177179295238783,23.571945542976394,23.108671628883297,24.207533836766274,25.023078746140207,23.994382795979078,24.203946821936086,24.04460787948984,24.592716544638993,23.676662832612834,0,0.805892710418913,0.290469879032616,0.603321843609166,-1.08489820374128,False
O14773,8,Tripeptidyl-peptidase 1,TPP1,24.926780634885247,25.302186799334393,24.84935545883947,24.88460554885496,25.276780678043362,24.28871743950627,25.8554029485875,25.339412607033307,25.86594850653961,26.44227305111272,25.316333904803884,25.40614166520646,24.28350148744407,24.94448804553427,25.43375146990826,25.567270819941367,25.909305396383527,26.031753136108602,25.758894096139205,25.33017364883588,0,1.02984840277067,0.677470966068038,0.771097269083542,0.421881310523978,False
O14791,9,Apolipoprotein L1,APOL1,21.309677244413123,22.949160247440588,20.604601439223995,22.69460037119242,21.52856727735634,21.74202955099031,20.25849382391049,22.23330479349465,21.79443613275143,21.47936774731059,23.20161012661129,21.2961364971794,21.373008766744434,21.701159176141353,20.67522884177061,22.58032341717492,24.38274833049396,21.842883262091714,22.736928836516924,22.450621151679485,0,1.6854461368917,0.17419993834367,0.523546616129746,1.40734076027936,False
O14807,4,Ras-related protein M-Ras,MRAS,22.002813858167702,20.498662877065907,21.41424337904504,21.933835911012046,21.72819720726421,21.08445555777245,22.551592880648123,21.123257069836505,23.057781306370224,21.696735394440953,21.552220971040168,18.742090287448068,21.965513796343952,20.73974397450411,21.76657427113263,21.085811545673568,16.94552818337821,22.163166545820236,20.57074020450277,22.02407184189605,7,0.665848779766907,0.107092034411954,0.447030877785058,-1.68474433426231,False
O14818,9,Proteasome subunit alpha type-7,PSMA7,24.39344044543364,25.99604998947811,25.585754155271726,25.757430700144727,25.259062438429932,25.357990314499954,25.648228663693242,25.33815731528264,24.738495153876034,25.758055592547898,25.30406656493621,25.74614118734637,25.649942725131794,25.61378502889592,25.035563889951852,25.886292971465018,25.74201300871515,26.112672481168012,25.46951869387495,25.931359058815033,0,1.17061394762081,0.184272783763983,0.53240815837221,1.37367181202202,False
O14841,8,5-oxoprolinase,OPLAH,21.00219006098827,21.944391099719667,21.759048426288796,21.218004510145683,21.387475399833708,21.512920146758976,20.82910739146794,21.283259246435463,23.0819918599621,21.290070639384766,19.779547898390533,19.715262354511733,22.089478423550634,19.445552804711816,21.653082948265308,20.391169815893075,22.553423869988627,21.102259982052388,21.83971195683907,21.276333425631133,6,0.780286562958479,0.177439876973312,0.527958552151401,-1.39634519953187,False
O14880,4,Microsomal glutathione S-transferase 3,MGST3,25.38733924078102,25.825616162659916,26.024301527338512,25.92887609239535,24.71134132486149,24.44853327421367,25.598151841454488,25.195269939758223,25.844216823727624,24.993998507009564,24.29593868405281,25.449157468483016,24.88578533927363,24.43791451088273,24.88100490045924,24.860364870749383,25.207994781088605,24.94682088293667,25.480133714336706,25.24404529376863,0,0.72353283569114,0.0572827661817835,0.357247963014265,-2.01345518222567,False
O14907,2,Tax1-binding protein 3,TAX1BP3,21.86650224417192,20.92153837956103,21.2840511923089,20.92019876097403,21.199083404174985,22.95822038375677,22.506556895726636,21.056491482963953,23.78058358420279,23.11802177530323,21.54144236818265,21.324870563702667,21.710133245681412,22.99106858244924,22.145253752922105,21.70601363384847,22.87812734616683,22.762675636874153,22.57687244395267,22.309209777905878,0,0.985295756832954,0.475728797469369,0.69840672728157,0.726430366596632,False
P19105,7,Myosin regulatory light chain 12A;Myosin regulatory light chain 12B,MYL12A;MYL12B,23.9662809439879,23.01542306648661,23.48512454948135,23.2946908219262,23.907898170753043,23.060964841482235,22.917537196661783,23.62183762696247,23.17112277944617,22.433785900472103,23.321211782175542,23.987061277392097,23.807290097079033,23.810205281492774,24.221736270204524,22.23066552067966,23.829429705135382,23.119891199933637,22.639286819182708,22.815263164321777,0,1.10794447930583,0.700287744237391,0.783891108026164,0.39033254123477,False
O14957,1,Cytochrome b-c1 complex subunit 10,UQCR11,20.642012020288483,20.67221486536467,20.63447745739687,20.840574698692578,20.26684986471422,20.279639296243197,20.557827519126484,20.602417832437276,21.020686207595215,20.374453446312774,20.379931535687756,20.26508445354104,19.950217163292347,20.634218996028096,19.983793804757205,20.058568152556024,20.309270186902094,20.71514462707707,20.308973441691258,20.39751566236886,10,0.819987288602206,0.167407546450904,0.521118528909864,-1.43093611664463,False
O14964,6,Hepatocyte growth factor-regulated tyrosine kinase substrate,HGS,20.95284981436795,21.694360638264072,11.292873861340707,18.989577334169518,22.111118340253054,19.990018685036382,21.16137853173017,20.540895484823082,19.61629762702979,21.77063832106135,20.412428548938447,20.307668820649784,21.230890697389285,20.832849442435144,20.051103285478014,21.710181942134195,20.379987326891253,21.223109997543748,20.939504673129356,20.285983234572967,8,0.942913403373659,0.329112877475328,0.620838122156971,0.999516614231072,False
O14974,7,Protein phosphatase 1 regulatory subunit 12A,PPP1R12A,18.5717057503938,20.630896732841098,23.690685755864777,22.83447850977996,22.058127940121427,20.459839184526203,21.857002559281373,21.76849883084837,20.520518254422743,23.384644976621686,21.81184416595552,22.550045808278462,21.379037029087016,21.800002495306696,21.50277943891275,22.988696582599186,21.194230835379933,21.177592446768372,21.44099719598679,22.039259891505008,5,0.810059161987363,0.692788194420938,0.7797051644478,0.400656064301128,False
O14979,5,Heterogeneous nuclear ribonucleoprotein D-like,HNRNPDL,20.183211203208895,21.211560703068926,21.024914085032215,21.51398830666085,21.717872990344578,21.82698703240137,21.90083335576923,21.159408678463382,22.266322576478263,22.368922068459902,19.91061327481188,22.344089108352037,20.38602500933734,22.37913404225027,20.6775934060935,21.271632340054385,20.825236858032532,20.133180755912893,21.72304857307908,21.170076419253128,7,0.801961501034867,0.224451467440781,0.566740821691144,-1.25231759158753,False
O14980,11,Exportin-1,XPO1,21.93893432183908,21.68648980743989,22.24281381593659,22.05224089979845,22.536141740143485,21.422132259893083,23.82950879795362,24.33060254106127,23.56611243667668,23.951217684989096,23.250229646012063,23.735042858689344,20.7573922436674,21.885605741878912,22.255699054497683,23.910312008161696,23.453157389032324,23.810326122843268,22.849150205052442,22.690946706811097,4,1.00706990475518,0.78855476476439,0.811510678024041,0.271694172855724,False
O15013,2,Rho guanine nucleotide exchange factor 10,ARHGEF10,21.136219265403376,18.139271737124922,21.399297501371244,21.941301377687186,19.945115586307807,20.408237281434676,20.614828416341933,20.430916210673146,20.469791520953436,19.29982316396885,20.263481638709894,22.134446173609472,24.214251703426886,21.019466532748744,22.240881560370262,21.46308974810263,20.27235662717304,20.167574592096166,20.725652525907407,21.247760080081825,7,2.48262718723732,0.0513419409971273,0.343437740628752,2.06852533654884,False
O15061,20,Synemin,SYNM,22.703714248491085,22.95711740080273,23.44539724786461,23.79568200550949,22.630346467029373,24.293192361476123,24.48916203812828,22.514300708262,24.246389171068163,23.468268259645665,22.012190133428078,22.729031353274433,23.302127695004113,22.63129455444948,21.976255765516502,22.85455520825567,24.497291828066302,24.640494946071165,23.29721685334172,22.2099820595441,0,0.811481006677434,0.206573192453742,0.545684645187056,-1.3040263551605,False
O15067,9,Phosphoribosylformylglycinamidine synthase,PFAS,20.62282368435123,22.851971060411923,22.123409946461326,21.99650475394869,20.49054260717704,21.894954356678284,22.033085283780604,20.418152420110854,22.13796665180621,22.423800042953268,20.123840668616047,20.354223100035007,19.88019048574689,21.75811213944431,20.136722033966553,22.989744006216036,22.277637819214252,21.365775714588096,20.204273035336154,22.66598226008985,1,0.818598944543982,0.217131484861593,0.55792310220854,-1.27308960468295,False
O15143,6,Actin-related protein 2/3 complex subunit 1B,ARPC1B,20.588914781669672,21.959880506266583,22.30124233557335,22.087121148442705,22.54884377738941,21.837274460709054,21.938365232403026,22.324907437099444,22.251941112251874,23.11145442970889,22.27421183860002,23.440506644012686,21.185108033788254,22.896494486042382,22.23185574879526,23.30256028502077,22.427035899695685,20.108893574374715,22.477531637024715,22.611195728723732,8,1.25662170958514,0.608155691555173,0.752218059563864,0.520639234651343,False
O15144,10,Actin-related protein 2/3 complex subunit 2,ARPC2,22.392428005616907,22.336716870292797,21.440910410192757,22.107258294763053,21.812591670945853,22.55246752191634,23.984975400212434,23.789446862706576,24.03435644478485,23.79777044234206,22.204716137281917,22.428920433924787,22.221557450118674,24.331032900765482,22.831150023088927,23.691602575766673,24.11381817504394,23.86306159703685,24.21545726090912,23.770593298947375,0,1.37217974287114,0.0654361972531476,0.373037489620656,1.94564182867266,False
O15145,6,Actin-related protein 2/3 complex subunit 3,ARPC3,22.837409838998866,22.837318562952316,23.01984216547808,24.037735897257072,23.362702207696813,24.01411463732235,23.909752906492827,24.102169134328093,24.402500570352974,24.971392683366062,23.678899221867923,23.520092299692223,23.165114069279195,24.69339974645342,23.97595244467141,23.275867565064857,24.331904497718998,24.41845431291364,24.50761297626258,24.65902254796389,0,1.16054298105929,0.277156354121295,0.593267493743694,1.11619974658657,False
O15173,8,Membrane-associated progesterone receptor component 2,PGRMC2,25.44938976095344,26.18120096674912,24.74803415595166,25.101716626523743,24.532685344017946,24.864970079711146,24.14136807219884,24.859286813394107,25.153283824028893,22.558909160018356,25.165211570323148,25.658377124803568,25.564944706703614,23.76875332502268,25.307002779254614,25.310179292072732,24.762447864722837,25.01784415648863,24.82146263033096,24.938970982731956,0,1.08556438004595,0.390610759723946,0.65797460515182,0.87693248370814,False
O15247,7,Chloride intracellular channel protein 2,CLIC2,23.969148598048278,22.90898703390812,23.21569421555911,23.1252317613748,22.344104768954164,23.93005037253388,22.92873084877832,22.761424779946363,24.058128066386534,24.578250608976496,22.665536342481758,21.769136858735557,22.677623611118168,22.710701740307993,21.64927665992572,23.364132042096124,22.254249399020463,23.265094842794827,24.286472351135586,22.299484662694486,0,0.64365195891509,0.0418224498755634,0.314522477872934,-2.17006166405339,False
O15260,3,Surfeit locus protein 4,SURF4,24.160918052956347,23.82963561413003,23.67782242390474,23.811868302121635,23.742469446740657,23.32768293667324,24.33581458546105,23.666345159226825,24.141125614448743,23.46893133907404,23.927067087555177,23.338786720073223,23.153164684821732,24.231862975737478,23.290124232201386,23.830495239660777,24.150228148675662,24.063835176998058,23.7073965895062,23.780795192093834,0,0.960629510110173,0.725548111804484,0.795526597107289,-0.355869069571268,False
O15305,7,Phosphomannomutase 2,PMM2,22.553325716002465,20.52257876775389,21.474023282464522,20.61580638023412,21.62181168568626,21.22419488521616,22.07209056834351,22.10475337828458,21.297461344622764,22.142583873897475,21.153815494829928,20.90948637583202,22.123150237809753,22.59938763853254,21.725472615955198,22.36481844371258,20.85448773797356,22.917890528073887,22.321914592447285,21.46804034314554,0,1.23756437564693,0.412721013548813,0.668891502267805,0.836004880393636,False
O15371,4,Eukaryotic translation initiation factor 3 subunit D,EIF3D,21.66445167698447,22.57991988386196,18.33828316115208,21.193860399834183,22.405102734418442,21.50541894911191,20.78925068294526,22.03055253081328,22.190231602393876,22.143830137165917,19.663906931615006,19.936772987649825,20.820224319096788,19.308274221609896,20.866205473563664,18.688699725960312,21.278427060607015,20.242772668545097,19.82508506911636,20.90268479014065,10,0.36684831743064,0.00973320008369703,0.181482743058785,-2.84813138422731,False
O15400,8,Syntaxin-7,STX7,24.996683386399717,24.460548444511993,24.807513348521084,24.7238891369621,24.22943745348574,25.064284948417942,24.80318225465872,24.513866382709352,25.365321924724476,24.663087927319314,24.38476254941939,24.37024126655599,23.790200912798625,24.28192146829751,24.632182765663973,23.56713925720482,24.72357650232472,24.76775267574907,25.186821761991855,24.405880337563215,0,0.801677199133609,0.0939449168835999,0.42417512839099,-1.75580099016824,False
O15488,4,Glycogenin-2,GYG2,23.016923147524906,22.148342702827613,22.80809669599553,20.20767498381412,22.901310051351356,20.621706852672627,21.503843305224006,21.382520588480347,20.468456387498538,19.617436569930767,20.91749226588105,21.810838483081273,21.03727180671412,20.15481147144022,21.35234413958071,19.823844500868145,19.567642102241646,20.299013870874244,20.54124073900953,19.112869379444742,4,0.428228718618119,0.012716602987859,0.199618756214225,-2.72816775968389,False
O15511,5,Actin-related protein 2/3 complex subunit 5,ARPC5,19.681733776157408,23.56718636143381,22.363541016796205,22.014238626739672,21.008217441604053,23.174265396591707,24.24442588701323,24.485667449566463,24.403756250965838,24.817721514290074,22.563819207335097,21.117699547504113,23.001430816521218,24.729171375225388,21.086431249694797,24.628865032359055,24.314695207686768,24.545839784552395,24.337285380973398,24.443469920956293,1,1.25162278044612,0.287678763846136,0.603321843609166,1.09137274976676,False
O43143,7,Pre-mRNA-splicing factor ATP-dependent RNA helicase DHX15,DHX15,22.08730152886046,22.955249048816384,22.174775913860238,21.38772838825088,23.095496985518714,21.017972324111106,22.580956045410748,21.636066539992044,22.326768403733038,22.50755550995181,23.18036212032686,22.298934896064804,21.01781375002939,20.64425604133779,22.590646280219016,22.817752887141264,22.01475111073659,21.425016222577284,22.352972164578997,21.912397322226962,9,0.934214713485133,0.670705665083601,0.768717634402391,-0.431318745425444,False
O43175,18,D-3-phosphoglycerate dehydrogenase,PHGDH,27.072075608010493,26.580689447268078,27.366629523725997,26.92251520858529,26.394560573758113,27.693647078005814,27.19601343277886,27.314438341888017,27.466715207892907,27.05920129271967,26.959950054045,26.257576843081193,26.534099028353964,26.856719899787855,26.504944733280194,27.211135780138637,27.734437056791776,28.294392551524176,27.065365367291932,27.625941427436434,0,1.05838230044651,0.989637831445628,0.843797505224354,-0.0131455600700922,False
O43237,11,Cytoplasmic dynein 1 light intermediate chain 2,DYNC1LI2,23.54989615868664,23.342071753728337,22.559436122364527,23.42424227383334,22.9003106481142,25.004311333941075,25.164684668835083,24.434734356984524,24.456321115885537,24.594672823240725,21.569260694288438,22.76273520530834,22.762568405271242,24.022796134434163,22.77814837982513,24.607103747308283,24.456198318071383,24.323998268242338,23.21858336189584,24.426327450350264,0,0.753161437975488,0.107800261345232,0.447941514468753,-1.68113238164711,False
O43242,8,26S proteasome non-ATPase regulatory subunit 3,PSMD3,21.76454926966923,22.78136677943099,22.375879947809732,22.43398978393975,19.888676162690583,21.184840098165267,23.447927592528192,23.111084424158204,22.884849871891742,23.51973456281243,21.548976422834087,21.7311908458804,22.72268694997536,23.213725548581678,21.957891493304594,24.25222206293964,24.28510556964678,23.84558789857774,21.026130987303684,23.54178506393773,1,1.48252670402917,0.309569931558112,0.613979024606205,1.04175115061191,False
O43294,9,Transforming growth factor beta-1-induced transcript 1 protein,TGFB1I1,21.758766524237966,20.928220779079222,21.701977015053284,23.164722352175787,21.27338623761606,23.80205757151223,24.865577061671544,23.972705528430705,23.02948402108297,24.23656058372877,19.699992820563526,21.825718287339903,19.539830943330625,24.588412546350508,22.11935009757112,24.384981468289055,23.95854643334099,23.20177748918691,23.71971640700274,24.334254056121484,1,1.06365185717102,0.786931123805091,0.811510678024041,-0.273835648738443,False
O43301,22,Heat shock 70 kDa protein 12A,HSPA12A,26.11691724197806,24.002852306956832,26.58454502400311,25.527250971828014,26.31982790858439,26.9011941493414,26.48511670377566,25.068554256278095,25.864918222321872,26.097291550477536,25.89054121153006,25.02212981664203,25.694265497181647,26.21432059707058,25.731991104304,26.257938948589818,26.65045628626574,26.753725913896705,26.139924062521526,26.182532638846837,0,1.03284472625506,0.584233011746681,0.743198187245657,0.555928887835721,False
O43390,8,Heterogeneous nuclear ribonucleoprotein R,HNRNPR,22.181834795278778,21.771058253541447,20.89068504653677,20.184175899388233,23.004789225350223,23.41672522805644,21.15062433034357,21.58908894669568,23.54914108929421,23.49309049233659,21.314275117382234,21.962825664945903,23.18149987531458,22.34258743054894,22.277360098962863,23.950002945643526,21.774679933450113,23.04120060758711,21.315481886615675,23.15701012028645,3,1.10467066125272,0.490965828090445,0.709261894965122,0.70126379480806,False
O43396,10,Thioredoxin-like protein 1,TXNL1,23.49104976413195,24.76278126459726,23.694009095352875,23.17582374631101,22.835592079038936,24.08120316277036,25.06054445057939,24.480172669458515,24.73077230019797,25.207329801244313,23.370075106091843,24.033026313577334,23.63454336146633,24.98337560546631,23.80776435561176,24.422116755980973,25.571874575059876,25.040311974949905,25.088753766031324,24.66594628579731,0,1.20857455967401,0.243553309467928,0.58311339070537,1.20045243117024,False
O43399,13,Tumor protein D54,TPD52L2,25.735095218490315,24.345947735827984,26.096171737348143,26.000078893689125,25.926843221588875,25.22515146953688,25.549494046438735,26.5492153033302,25.717947288787556,25.63084216816023,25.885458438241336,26.05401544229786,26.20151396224167,25.962225244519278,25.58829233467673,26.077306929033842,25.82942970513538,26.191920339971137,25.922727147347615,25.471094783785674,0,1.1191994526611,0.267999455398835,0.587927183588789,1.13837228643518,False
O43488,9,Aflatoxin B1 aldehyde reductase member 2,AKR7A2,25.300742141853362,25.47445006592277,26.114811588468918,25.1882033917909,25.792391072620926,26.06218346552793,26.26811766004365,25.24527764281148,26.378182666260155,26.040713382788773,25.628240705070084,25.316900469891632,24.70363628756081,25.695714915162952,25.437014811309652,25.849894179763616,26.474171617873083,26.07682451731783,26.39653565883418,26.084469121540003,0,1.00143054947763,0.911096328687642,0.826708499711055,-0.113032554644213,False
O43491,33,Band 4.1-like protein 2,EPB41L2,26.5050258673121,26.618603894974417,26.51570387391749,26.476949634778926,26.09975041388474,27.10767047336489,26.861912437729124,26.516036704108565,26.771181040608415,26.681494420509026,26.286507311371683,26.780637480329762,27.01232043850874,26.67577251797687,26.717095724007827,26.87558453452423,26.83081883207993,26.612716024555063,26.885979108477198,26.834403570910233,0,1.09056537565636,0.275473348248057,0.592304662705395,1.120234214886,False
O43504,6,Ragulator complex protein LAMTOR5,LAMTOR5,23.063683069845553,22.198300368180185,22.262034393177917,24.22449470730073,22.334813637493948,22.479998637732944,22.73267668943826,22.18056841002138,19.546745047654003,19.62290019934831,21.280137689690307,23.77044651466109,22.34275792930464,24.17158031337394,24.009311763886068,23.529011176625943,21.79381448160309,23.54759869284878,23.18114406032325,21.765713618080543,6,1.58081981404412,0.0945263090691409,0.42417512839099,1.75248371014383,False
O43583,4,Density-regulated protein,DENR,20.111207391343154,21.09645652680444,19.41970764984159,19.470945462531436,19.983321983835506,21.103605144989235,21.476545954911575,20.320585831149355,18.91629489057942,18.916259556631076,17.971780494993855,22.111072370824566,21.204531203668992,18.986988454919402,19.70145084488502,21.613675160269963,21.91605331523439,19.768868947300255,21.3840313580874,19.44357065257568,8,1.50907404106265,0.526551606219762,0.723704191155867,0.644176689493711,False
O43592,2,Exportin-T,XPOT,20.909772879550705,20.645142006944603,19.74690407036284,20.532387412250532,20.81947086118561,20.67701899621483,20.926285894728444,20.35565443676752,20.3313201486388,20.196605989359508,20.403693876430243,21.10309992080152,19.627493923535418,20.399370328074014,20.093383019667233,20.36905219573924,21.740230746334706,21.608640551247234,20.83807564156961,20.617935773628595,10,1.2015507264027,0.533292415879795,0.727049936758826,0.633607300818794,False
O43598,5,2-deoxynucleoside 5-phosphate N-hydrolase 1,DNPH1,21.712310070141132,21.845539784945426,21.315832978326416,22.928290107399118,21.692490265197613,22.691000092294356,23.30687466685612,23.520985212744915,23.42676450207911,22.629630633480875,21.802984807256184,20.642788441075606,21.19957747884742,21.782713586946258,22.30293765641742,23.529821502441735,23.030946486353532,22.08735959705202,22.01644977954319,23.536049319216044,1,0.851673533346076,0.305336160886622,0.613761111131612,-1.05114752228263,False
O43678,3,NADH dehydrogenase [ubiquinone] 1 alpha subcomplex subunit 2,NDUFA2,21.285692638279258,21.183028398263524,20.84972451580932,22.19272397163152,21.25760535599438,19.47834905022188,21.87503452546713,21.660751142753597,20.86475568724457,21.69137584659733,22.6522959179642,22.508220840281776,19.918940203157092,22.78872285493098,20.054211130983788,19.71696543932308,22.084974550896497,21.58547401463229,21.470481100872362,21.964479123027875,8,1.3669270929379,0.596332218946505,0.747184243702463,0.537994086436425,False
O43681,8,ATPase ASNA1,ASNA1,22.439475393667166,21.209916568821374,22.957137627969423,22.69149579706368,22.07273348789381,24.30893033562261,24.11111274304415,23.921073978640074,24.267174683432216,24.819899707390054,23.295895212360854,24.45589811905877,20.350114378647856,25.254742221854517,22.427729415045956,24.25353077834032,24.41036196436336,24.197319809504396,24.86711852896642,24.33552116602555,1,1.4664849313756,0.255491058792749,0.587851806731667,1.16958311283451,False
O43684,3,Mitotic checkpoint protein BUB3,BUB3,19.539872656847248,20.994974857364824,20.236369266513915,21.489312601074587,21.35190906590178,20.53953955703504,20.16906206814136,21.038946558873814,21.19018098062714,21.4017966238983,21.089204305637402,21.363577670005068,20.19207790974235,20.325168278702265,21.12924926287009,20.538723067481925,19.023026479322347,20.071969818279143,21.22556134425841,20.080760724438317,7,0.833994838509589,0.375168070454751,0.651005541947793,-0.906421069619634,False
O43707,56,Alpha-actinin-4,ACTN4,28.85792363300368,29.130511107484892,28.772879934310346,28.1901803427754,28.485190937323413,29.42655197244162,29.5934029764369,29.015648643574217,29.554527559226706,29.825856660673427,28.829319014350467,28.79264648950875,28.71962621899468,30.01009488838831,29.10407936906688,29.353068722934566,29.27205067636764,29.39923787794838,29.39375538300818,29.573568182428172,0,1.09276660645908,0.330080254762878,0.620838122156971,0.997472149658073,False
O43708,3,Maleylacetoacetate isomerase,GSTZ1,22.615765091652467,21.524182609967745,22.769490631056104,21.82900559942002,23.36989921616202,23.294290324204304,23.164461949695486,23.300940825173598,23.33037879385089,22.26962744141318,21.61861863193434,23.06381811155892,21.035661457186574,22.587537920654796,22.403837697527205,22.55954092381052,22.387983263138924,22.72051567955038,22.092166491852467,22.731250798772138,0,0.729369265234327,0.16184616355073,0.521118528909864,-1.4508370753291,False
O43747,3,AP-1 complex subunit gamma-1,AP1G1,20.56839250230403,20.287885635654163,16.492460052320197,20.44027820054572,19.82965457097351,20.641963801556862,21.310352957093276,20.882534906338194,22.569424499670195,21.326124607544557,21.264165100938648,20.3499369547223,20.23369796912485,20.869807772820735,20.629421134319742,20.77650158862038,21.022309292080838,21.26504615983945,20.67389848273515,21.22640294845255,6,0.945520862533863,0.356642561572812,0.639615314520275,0.942880673303661,False
O43765,5,Small glutamine-rich tetratricopeptide repeat-containing protein alpha,SGTA,18.46523426055633,18.133187160083263,19.94158664931897,19.5861370763856,19.955098315550572,20.195748211215424,20.809577132106742,18.143735629244176,19.599212272423625,19.986967461047772,19.731217096896003,19.536007529061646,20.93320560347146,18.59788219383375,20.473570069826614,17.960199475945025,19.34473580911316,18.51736287853624,19.67534082095392,21.185336340619138,8,1.16027336113631,0.792172526530134,0.81186965806444,0.266927243717532,False
O43768,4,Alpha-endosulfine,ENSA,21.68342139932232,19.154862134085306,20.271544670304987,20.642059778988394,20.05905329228877,20.17435030250753,19.840113545576227,22.34811119091601,21.26562611541874,20.042648726513356,22.20432010773207,21.76837234338505,19.405003591214605,21.557766517561262,19.476146056101314,20.256046718102784,22.45844673283473,21.905904210530153,19.397594139320073,19.462649433495713,3,1.32960845518723,0.637676188755055,0.7585186811081,0.477992724935112,False
O43776,7,"Asparagine--tRNA ligase, cytoplasmic",NARS,22.93026201982463,23.583412488604058,20.36548794274701,19.152735780172506,22.67700591833003,22.988635615137778,23.296691167158368,22.420824548658917,23.700127425158016,23.90951265315828,20.910354403315317,23.236023565972307,22.950254142952815,22.584630355029628,21.065296630080873,21.67525687406013,22.54961708735415,22.668554428083407,21.549685496366365,22.968381680165727,1,0.674524382176393,0.567392736112786,0.732675882289056,-0.58120427978359,False
O43809,4,Cleavage and polyadenylation specificity factor subunit 5,NUDT21,21.14853627152227,21.995463748408874,21.732975049387576,18.283435101868015,23.187137441499292,18.627105068005612,22.232306657505735,22.35024436087379,21.96114594115841,22.44309582686044,22.360463320731775,21.88690512091014,21.231728432271407,22.50841705919524,20.27689232162912,22.058992353534492,22.18043951872387,22.230109744622062,22.076207677171073,22.429043272159877,9,1.06815673684432,0.345616760006775,0.630751551271728,0.965190876529513,False
O43813,5,LanC-like protein 1,LANCL1,21.16895908790891,23.008098572463414,22.255966124376805,21.75078448281383,20.36320331460733,23.247786772405533,23.9304084187571,22.059640637130965,23.177009771725587,23.444782104933182,21.524030065703855,21.565987224372062,22.15675600503119,22.758314231320917,22.55762487545838,22.312807696233453,22.486304266076615,22.74841637095188,23.41472164987633,23.614196849638088,2,0.920978981033148,0.829149136289343,0.818226127002315,0.218545813363107,False
O43837,3,"Isocitrate dehydrogenase [NAD] subunit beta, mitochondrial",IDH3B,22.92379458207367,22.94681410514345,22.458383526075085,22.987636197815178,21.419694513445595,24.266227070159786,21.580669930746545,20.617050460102025,21.34083688264364,22.6240089838074,22.65619351427979,20.48898994346377,22.759901590601032,22.901007318784533,22.435066886951738,21.687928806030815,20.793387058617277,22.835525810449518,21.43283737731916,22.657047526550766,2,0.758739834702734,0.57302801529263,0.735939313452343,-0.572704441651159,False
O43852,6,Calumenin,CALU,23.823361971306696,21.75908176802213,23.392393957033505,16.79710603587191,24.38174254604033,20.81718081792965,23.15872788666075,23.958457531519958,20.66141449822192,24.05451147884634,25.12809064580913,22.613951687823878,23.044715342026887,19.58638260224006,24.033561368595223,24.144635678257785,22.067964789465456,20.680740740446822,18.9521814885918,21.569324123982657,7,0.999718591871563,0.914454195516501,0.826745231285015,-0.108745315381854,False
O43865,8,Putative adenosylhomocysteinase 2,AHCYL1,22.829389664917077,23.00341333945112,24.46445335635753,23.635588945222988,23.47505576409901,23.742765877312806,24.091030657065083,23.731923161585602,23.6694984765425,24.005355659255333,24.028790405398382,22.467719193478356,22.95479071167885,23.9649723531051,22.331709112229657,23.16282123413278,23.965677127943238,24.13362136941276,23.89813779537263,22.73097571152926,0,0.855062591894976,0.292458125331686,0.605169374727376,-1.0803134438201,False
O43866,10,CD5 antigen-like,CD5L,24.60262452354634,25.392789595940773,23.118962518596746,25.023998006839868,24.654775097486166,24.2082696150908,25.14640321146299,24.222422092563868,23.108349976638767,23.438025134366494,25.02111909322094,22.817796216055932,23.397665132761865,23.005546986464932,20.458812937771388,24.452016500885286,22.435643563049318,23.645552438410213,25.41360365148978,23.885473301919006,0,0.697123347873882,0.0898079809418577,0.421730243491225,-1.77992996242748,False
O60234,5,Glia maturation factor gamma,GMFG,21.84455305637947,21.473344478467034,21.666179583899016,21.634703217361086,21.133454891401936,20.17407535095715,22.196425282476344,20.3271568512599,20.963013699704945,21.303366773533334,21.866242432045574,22.55318938934256,22.781352237828912,22.240496313452944,21.227481099874158,22.113531251518253,21.82003543539769,22.805905988752887,22.31204402913227,22.788171332544685,9,1.91355581292568,0.00282045760025618,0.124769845734801,3.38852748500791,False
O60240,32,Perilipin-1,PLIN1,31.5981268383632,31.59224452584159,31.56642149556797,31.60998664508552,31.191395981420147,31.767868022528866,31.843647106837814,31.09575082108168,31.3583538668576,30.319779695201927,31.062551812208284,31.606061166162362,31.475722883136033,31.175331922811594,30.729420794156006,31.469923455334136,31.121994725645177,31.302855546904805,30.583580178675085,31.025407197976197,0,0.834841156449961,0.18109820907222,0.531816779575184,-1.38412101584567,False
O60271,5,C-Jun-amino-terminal kinase-interacting protein 4,SPAG9,20.174167352279323,19.753022672985978,21.936617366471577,19.368393122206975,21.736745759384416,20.902149613955153,21.178168105363294,19.344956671310207,21.749418541794757,21.525833547179477,21.61879644353556,20.784342698945764,20.788929187603685,22.30874673607136,20.05795950398973,19.822300363638544,21.547844371537142,20.3125990187069,21.95932125785337,21.747443200659966,5,1.19374653695624,0.45455986743383,0.689731901520803,0.762197716669216,False
O60313,4,"Dynamin-like 120 kDa protein, mitochondrial;Dynamin-like 120 kDa protein, form S1",OPA1,19.217487289359894,21.13457982909894,20.726156278418294,20.36986695202831,20.155642260778524,19.89121407580233,21.650243447428867,21.011724542533855,21.374283555749077,20.26073284567888,21.141969944163172,19.324662560545114,22.367418619481757,22.025188181609522,21.752759287003094,21.842633353007404,20.835643675120107,19.704844727805785,20.666663495210155,19.39228834672916,8,1.42807442845778,0.433125561023603,0.679014768252282,0.799456358416997,False
O60437,44,Periplakin,PPL,24.21363760062744,24.615602551172746,22.52141137726076,20.808390802764468,19.36507404366247,23.683491572653537,20.944129958368027,25.171404924840797,25.546350695181516,25.298325122843984,23.765098625482217,23.027993346823138,21.42145292108924,24.764270981992787,24.389314211238656,24.64395485425565,25.139478387488147,23.706243817982564,24.60571669432036,24.863493577700194,1,1.0596858890677,0.230132040830498,0.573231801003012,1.23655333802675,False
O60493,7,Sorting nexin-3,SNX3,24.260483267608056,22.604681013836316,22.438175893247298,23.37664098917733,23.088005206211637,23.719680065457197,24.564016032812496,24.35880322112868,23.883253848972483,25.0890932520644,22.724766457402787,24.062727260454885,23.6204486886414,24.59647779611015,22.94642943846007,24.442293964391347,25.3684418703756,24.952764685122716,22.401820312425816,24.455049836398107,1,1.21233390619362,0.541381643325426,0.729692264899217,0.62101888410282,False
O60504,6,Vinexin,SORBS3,22.41889618880995,19.548290184430464,19.903958465475824,19.60858749040511,21.943942691903267,23.05678200294347,22.89545349494231,21.996409164724657,22.683789052747724,23.183112140979258,23.6123341011679,22.737862563273662,20.896568952771318,23.55917697745951,20.78410886198882,22.101303591039745,21.373091406955336,21.79337969328702,22.032909163100474,23.017026770088027,4,1.21162981458369,0.31391202265729,0.614100587609382,1.03220859908145,False
O60506,14,Heterogeneous nuclear ribonucleoprotein Q,SYNCRIP,24.62171714714596,23.620913652846735,24.17811354367635,23.544591920162336,22.882788980011565,24.9911740248786,25.256118859560456,24.80148658569455,24.689243822033834,25.77132052821976,24.561777866177973,24.989757794851812,23.970823423057585,25.341394627636102,24.898848475709134,25.21547935125995,24.65220067468856,25.08312027606071,24.904829198454173,25.126172400363362,0,1.19862768350609,0.064488826343202,0.371466283993823,1.95312286074116,False
O60573,1,Eukaryotic translation initiation factor 4E type 2,EIF4E2,19.689145385809432,19.469820866975425,19.479653911849834,18.774285953179024,19.43857825878647,19.376847024736534,18.925889511985773,19.360665344012588,19.63679802596969,19.634204676985846,19.021698517338596,19.475598748512102,18.976714614969758,18.486446602630505,19.216897955580155,18.680896825105112,19.220627411422786,19.14241745047825,18.703576086466516,18.627237541432258,12,0.748365691557545,0.0412586740192372,0.314522477872934,-2.17671211822605,False
O60613,5,15 kDa selenoprotein,2020-09-15 00:00:00,21.58571385067185,21.7416012287478,22.83057453922959,22.160354244908493,22.0180422342058,22.03347905859859,16.230239273160926,22.911747255724467,21.860976544018722,22.095247681422013,22.380710205064684,22.512530177894405,22.355722688443386,20.450985964284325,22.578452930024405,18.465607370604012,22.593855254191432,21.385435810604214,22.09578878952648,22.332713925001244,1,1.00244658248482,0.808254690708678,0.813589620325639,0.245811469605223,False
O60664,10,Perilipin-3,PLIN3,23.597073712836394,24.423088523676075,24.341001381533953,24.42181588627257,23.766480986745467,24.67580097870571,25.2066057386194,25.150967517620195,25.050236013057745,25.111640208925035,23.558665137176174,23.497944961532614,23.863981565949132,25.324879668852525,23.38456099449539,24.938454029630787,25.318970413539063,25.142791072152608,25.581760508422217,24.683609241246838,0,1.05138402045702,0.845477523862381,0.819386444260236,-0.197357255484929,False
O60684,3,Importin subunit alpha-7,KPNA6,16.545099470089376,20.611670748645565,19.490092385802424,22.1207656987659,22.34591207941299,19.921780004232033,22.93259232631549,20.41523171506439,22.5451489170149,20.243552657387088,18.976117395398717,21.77311945442391,21.399789750603606,21.949166699292462,21.822490927310845,21.5194148007087,22.216594866571956,22.12260740617967,21.352926644360622,22.031953850270522,6,1.13138278029572,0.216647700161946,0.55792310220854,1.27448135999949,False
O60701,14,UDP-glucose 6-dehydrogenase,UGDH,23.416299133313974,23.591084425837312,21.313153396580837,23.155105015178773,23.9335792638668,25.60272453475961,24.68624645442766,24.464043487629336,25.342785092890715,25.192426542195896,23.90529121238374,23.71908975342486,23.314342990826727,26.127597682054564,24.48824867614857,25.189248066392228,25.28539055895573,24.671954953085898,25.707819331206696,25.02262849245385,0,1.41825073286877,0.0626937506089157,0.364927681492155,1.96756902074174,False
O60716,3,Catenin delta-1,CTNND1,19.667491812472207,21.56269985920922,19.17286197580055,21.20669563027609,20.150323599906503,19.749451946628323,20.86212826171345,21.632908199658992,18.485898953202888,19.928293650034483,20.367032843645564,20.638553873310357,19.769128411403557,20.454137045454804,20.603605913940104,20.346558422790668,19.624328052701618,20.369179667788647,18.49235318005487,20.602500614142176,9,0.797236700328877,0.774402557265807,0.80799837307198,-0.290405044039896,False
O60749,12,Sorting nexin-2,SNX2,23.503762890166147,21.98262226161804,23.4081744026621,23.797715251833264,23.15431812990472,23.160350347214003,24.636049321733154,23.25626197470992,23.97535994580046,24.12723963218467,22.727186410512914,22.657544213172667,22.74613034126677,23.60510334759336,23.10001848508124,23.957584265650805,23.444222863692904,24.44044579959251,24.699765979799814,23.295155728974766,0,0.99229455958412,0.906041859258059,0.826708499711055,-0.119490106672024,False
O60763,15,General vesicular transport factor p115,USO1,22.63110918302587,22.479292981248644,22.7037270372892,22.343034524901253,20.19589665515836,22.632989271538882,23.526975460013855,22.34783271867833,23.10580282123317,23.53896548374402,21.81735100316753,21.282508468334793,19.146105883686317,22.07827928292373,22.24394991813342,22.819049877233297,23.82708251615667,24.25047725097781,23.153038592399188,23.86994159733848,1,1.17334920757051,0.800873471148407,0.812593916944395,-0.255488148524662,False
O60784,10,Target of Myb protein 1,TOM1,22.829997400884054,24.484858129788144,22.540013133727417,23.28228632452397,22.650563109253653,24.46267256396777,24.926360954952752,22.810869767692935,22.872315954828714,23.27621523148255,23.270524684752385,23.828183402255256,23.918046338714003,24.38704752602454,22.88248908534111,24.451826491331047,24.885774342548252,24.004492492562086,22.520193811117075,24.756641114658294,0,1.31080981786066,0.199567280667158,0.544755748559004,1.32524090825536,False
Q99880,7,Histone H2B type 1-L;Histone H2B type 1-M;Histone H2B type 1-N;Histone H2B type 1-H;Histone H2B type 2-F;Histone H2B type 1-C/E/F/G/I;Histone H2B type 1-D;Histone H2B type F-S;Histone H2B type 1-K;Histone H2B type 2-E;Histone H2B type 1-B;Histone H2B type 1-O;Histone H2B type 1-J;Histone H2B type 3-B;Histone H2B type 1-A,HIST1H2BL;HIST1H2BM;HIST1H2BN;HIST1H2BH;HIST2H2BF;HIST1H2BC;HIST1H2BD;H2BFS;HIST1H2BK;HIST2H2BE;HIST1H2BB;HIST1H2BO;HIST1H2BJ;HIST3H2BB;HIST1H2BA,22.839454369803526,27.469864890688065,23.163047654115196,25.23677303707917,22.363665720396725,25.395542603060942,24.111508906444595,25.226561641578137,24.614965146148332,26.354058225561705,26.157875362108214,25.803507230368577,26.817418916968663,24.603719799138357,25.674777267217834,23.89892754901418,25.603736364306375,24.416428401560637,24.63198050279343,25.18220568816196,0,1.05021442157446,0.249601271143393,0.583149616570681,1.18467476730942,False
O60884,8,DnaJ homolog subfamily A member 2,DNAJA2,22.48007415428626,22.10184169927601,21.80757476462722,22.144893890911362,21.781370168245157,21.3928260792325,20.814257412094328,19.47016505395318,22.158784822520843,22.36113876491577,17.820536449860146,21.797140421430157,20.331445206679607,20.458736013457955,21.757101634256585,22.065514314063858,22.15493555910432,21.770996057446006,18.329053194020787,19.58324582617016,6,0.635549623105066,0.0732928545090219,0.399711771208085,-1.88703946390693,False
O60888,3,Protein CutA,CUTA,23.994182867179003,24.013683663993728,24.462406910956567,24.84142545663518,22.63664625603668,25.175467764617892,25.215570720262114,26.008692795353117,25.24648045873306,24.869017202106892,24.002126846980573,23.907454096487648,23.44335334672432,24.01683109318444,24.424935806140603,23.55524920910287,24.72006691988438,24.617657215441557,22.558160081925596,24.496745094418284,0,0.580842833347469,0.033822194686625,0.279147114906974,-2.27319312603661,False
O60925,5,Prefoldin subunit 1,PFDN1,19.859503779452695,21.71166439416199,20.06755567299532,22.11056166033075,21.422022124019392,21.963891896444228,21.993511997128696,22.0750878623806,21.867702259304064,21.049788906336047,21.52714427731128,22.02152267237482,22.46373469881583,21.146950331061696,21.69971914795582,21.882540836603912,22.353967964547532,22.403615906787504,22.33000785167498,22.078902945136655,4,1.37343264592461,0.0695770805538049,0.387121936640409,1.91402695473099,False
O60936,7,Nucleolar protein 3,NOL3,24.163702283555242,24.55422593834801,23.705870396829017,24.460899751335223,23.597632780665254,24.726313793206423,24.259161451284076,23.942056469732794,24.006022729102536,21.70097487748257,23.670876242927186,24.236951515573168,24.224201556949563,23.813874453117513,23.015547763538287,23.636826714471383,22.83182511338647,24.31749923533519,22.796734778852908,23.651883797497153,0,0.778257309860072,0.378451915996793,0.651919973400683,-0.900084347855428,False
O75083,19,WD repeat-containing protein 1,WDR1,25.660179749261584,25.55091958606397,25.851181443068647,25.320100414569325,25.275757334504867,25.952679716526482,26.029085579946855,25.547776432536832,25.915762301497796,26.570219941801017,25.467082774374067,25.109023257009657,24.751406796435578,25.879837506596658,25.649760055822647,25.654147985866462,25.674131738102894,25.675461954936065,26.398328769207133,26.335905604291607,0,0.945230076303678,0.547495739909269,0.730613623538725,-0.611571022595426,False
O75116,10,Rho-associated protein kinase 2,ROCK2,14.966821171598866,22.019582804419315,22.510150592693247,22.42191457953128,19.867468290069645,22.75852015362274,22.45770399785668,21.561855884279623,22.820260965356134,23.62336036214512,22.087812116772373,21.836103222671618,20.72539040540718,21.620680128363944,20.47865816265455,21.078002688920915,22.72484720421999,21.054612700365293,23.34617376615799,20.611614169766927,9,0.719414970121735,0.93963977700657,0.83402584273531,0.0766499360859036,False
O75131,9,Copine-3,CPNE3,23.02439704798286,22.308687217077203,22.45853998362224,22.73013351018136,22.147077447126613,23.427434292490357,24.2032643031901,23.954074213792865,24.480893983402513,23.895153696654372,22.585640907653204,21.886519399977765,23.228993272377448,23.870124282668527,24.554496576022263,22.71649099863668,23.848842513915258,22.54901211674629,22.87302683846665,23.175625798453797,0,0.900073214343683,0.653739186152649,0.761003945946475,-0.455165609044993,False
O75150,2,E3 ubiquitin-protein ligase BRE1B,RNF40,23.257930914135915,24.597929721567734,24.775428674049834,19.47845812271953,21.554162659864755,24.768838981991493,24.55365465194135,19.66239430357005,25.601705423349642,23.16531231387539,25.038280223583396,24.545654425013222,23.38803245487775,25.37445123717102,24.221842864097283,25.625057253510466,19.157152021425194,25.559053424742434,19.4906825803127,25.10724765493956,5,1.48990564695094,0.524514519365783,0.722158764334251,0.647385334715845,False
O75223,5,Gamma-glutamylcyclotransferase,GGCT,21.84737276210378,22.1058775319204,20.620085315354434,20.9943329336597,22.112121711535305,21.892793677497092,22.69136136408854,20.69632948366841,22.98486088152785,22.9053546752534,22.538688860740294,21.877685051741434,22.470771361365628,23.060033573995717,22.04423361682501,22.182078209632543,22.078469540752863,23.014054402048874,23.23386589639907,22.063123752306627,3,1.34832371070983,0.0946061802527675,0.42417512839099,1.75202935749361,False
O75323,4,Protein NipSnap homolog 2,GBAS,21.84455305637947,22.251222758920022,23.295635635322807,21.98493374774578,21.092462386698305,23.29791325075197,22.94610072196054,22.79589189109917,23.09583923211892,22.501929448066896,20.436568465137285,22.684048597386116,20.630012083084765,21.635819796209727,21.62555883938164,23.12375713223201,22.02728578167593,21.808122617076148,20.921914218806435,22.956900976948198,1,0.65872047446126,0.0512329925439713,0.343437740628752,-2.06958760814797,False
O75340,5,Programmed cell death protein 6,PDCD6,20.992033126255773,22.546258674452286,21.147677228483282,20.116375914173773,21.571994056879547,22.362415463051306,21.09801792844881,22.314779732638666,23.08185544134908,22.416857938684128,20.328727300385612,19.824531432876476,20.459855178412074,21.26884329572885,22.290551152269305,21.033443895652628,22.096396501930965,20.875046666526057,20.98923761672226,21.578330543795314,2,0.596184517331259,0.0700070246989499,0.387121936640409,-1.91084027228009,False
O75347,5,Tubulin-specific chaperone A,TBCA,23.320862406462613,22.89795579978884,23.786198363915666,22.293599249333724,22.844611672137873,23.424972630187305,23.029539856525474,23.173567051376832,22.579508570852582,22.15475107907423,22.67499359296195,23.81250822318106,23.452783592563616,22.832288386974305,21.12067696623056,23.445112615466332,23.71353983303751,23.53654290362244,23.35846953695677,23.563344363871472,0,1.20427938386924,0.508993643982988,0.718013241235623,0.672062444466745,False
O75348,3,V-type proton ATPase subunit G 1,ATP6V1G1,21.427601799732017,21.36178090303922,21.198584336918103,21.46795951590782,21.717427106746886,22.48202530834005,19.47758717693794,21.92035627423472,21.426485195235472,21.93132801400136,21.53862741774084,22.228800220763155,22.54533320576002,22.925301799495838,21.650290812274243,21.14520865749331,21.74152379840347,20.24287154761308,21.614040306005908,23.1313927528566,3,1.4157746586036,0.263606763018919,0.587927183588789,1.14920735877281,False
O75351,4,Vacuolar protein sorting-associated protein 4B,VPS4B,22.295293460592383,21.369575086679117,20.651067719995,21.947098135087696,20.67355835384884,20.79189539375378,22.62359501290468,21.42556036984512,22.64879780468362,22.834187454022192,22.6099386587289,21.5986726430321,21.524511047057587,22.72893343107451,22.642348710429197,22.9131441412527,23.09050838544065,22.66604946076876,20.7535073354025,22.389415983381937,2,1.40806228985617,0.136767036617513,0.486433579823015,1.54818387428843,False
O75352,2,Mannose-P-dolichol utilization defect 1 protein,MPDU1,20.684404073571248,19.837368273576136,19.69475640354573,21.632162712105636,19.819309951811157,21.607919364908337,20.915617744171143,19.253152652929263,19.950356414905436,20.354282542601865,21.148333771382912,21.025412524848154,20.98781120723209,19.51894415082246,20.780060731186634,19.70305028398044,21.801167665149425,19.6197013043506,20.840296556715064,20.776949617560554,7,1.14425348590029,0.516199010844779,0.721090302628091,0.660555074445674,False
O75367,3,Core histone macro-H2A.1,H2AFY,23.547624197522794,21.702056985102672,20.72133969677202,21.854274102082936,20.898890893010602,24.11813868402874,20.898027766664384,22.903954969261186,22.388516199050837,24.44225194812739,23.892842390430296,20.843508630078926,20.82818475647488,22.455748352409092,21.182184217416584,23.6465721584039,23.83636200289142,23.20266737468776,24.32868912811594,22.048031582345992,0,1.14067163855565,0.585667976239375,0.743447109981051,0.553792256387978,False
O75368,6,SH3 domain-binding glutamic acid-rich-like protein,SH3BGRL,25.759288166979605,25.304038106559478,25.448935356347107,25.152439770171927,24.875415358298635,24.86145880315978,26.266221150899998,25.885463717435563,25.74968047952436,26.14215262385728,24.873674166523678,24.595073862401428,25.159326890845264,26.146502031418162,25.519629998755594,25.668936140025867,25.552351026499107,25.140006457698156,25.512868329962053,25.656526190894972,0,0.884609941214757,0.442844246390066,0.683685726064029,-0.782425658046531,False
O75369,98,Filamin-B,FLNB,28.383393415924804,28.19323021442818,28.15108151279061,26.828686402313497,27.713691277517917,28.34589205488363,27.832625929333574,27.423546792337017,27.82845790404405,28.272344752349298,27.624589103783922,28.24633315163832,26.640633638300155,28.207505373102286,28.637446511412506,27.17425364712841,27.81714079594206,27.19700087614599,28.089428419436366,27.41487768343946,0,0.903189957698177,0.428749188342936,0.67803988047098,-0.807202763916216,False
O75390,12,"Citrate synthase, mitochondrial",CS,22.973069111386945,25.36290674761839,24.933792561216496,25.312037099434217,22.677469168355636,24.51013579263192,25.343507925165426,25.55470515126649,26.1591630952607,25.21030693777408,22.08333022073819,22.759578652461837,23.436785947030653,23.85827990363035,23.416578254853572,23.93702934653748,24.307105005393705,25.535281960789625,23.882691821737684,24.84260679943474,0,0.499022932423665,0.0128031471475116,0.199618756214225,-2.72510430497808,False
O75396,7,Vesicle-trafficking protein SEC22b,SEC22B,24.29097058511072,23.98755047852753,24.311205417083325,24.06358072424625,24.664972448475236,24.485744353310743,24.42659452189895,24.683412104117703,24.39499835304849,24.718436802419177,24.141095103465098,24.11864251348734,24.517822114384654,24.88376155961915,24.712513511817782,24.08219476809204,24.837226202654225,24.759957680669594,24.28504163819732,23.767646014897043,0,1.02355824798053,0.964998479185526,0.839800241506769,0.0444172775290034,False
O75410,5,Transforming acidic coiled-coil-containing protein 1,TACC1,19.535128253556106,19.118141502076156,18.815944715332513,19.014142907748568,18.96711257580773,19.921510251569178,19.988861934476514,20.123106258485816,19.452962250980335,19.984187165253996,20.06457839137662,19.677506862605096,19.928019884300923,19.836446819878773,19.951138357378735,20.021868209271673,19.951220667309737,19.789114435752975,19.787493235936992,18.80072558642403,10,1.18883779524156,0.168093011186025,0.521118528909864,1.42852035946354,False
O75431,1,Metaxin-2,MTX2,21.360170773621537,20.506495231475075,21.052439075374867,20.941784433710147,20.291972336279233,20.975960205806558,20.9770838240638,20.149962964165194,20.60200035475928,20.82051031147686,19.982315454407953,21.224682126577246,20.669373847326664,20.887085079090998,20.705883459808348,20.2270282860597,20.6690539362662,20.781584817783187,20.410694740508475,20.704656332889687,10,0.902972714073418,0.548064301528652,0.730613623538725,-0.610695310696545,False
O75436,9,Vacuolar protein sorting-associated protein 26A,VPS26A,25.049873734887235,24.273081748903213,24.36769730900416,24.073331096484896,24.264452384973335,24.011967012388844,23.842772481142095,24.104162709380784,25.337795382052914,24.24867803310103,23.961869260957872,24.896250092150897,24.35339421160741,24.371939046274456,24.457346995660174,24.102732349747082,24.47414383874667,24.29460869175424,24.642819103348867,24.212250215856695,0,0.975667097228636,0.924382938930894,0.827954854844858,0.0960804719286113,False
O75477,4,Erlin-1,ERLIN1,20.585264958283105,19.908863274554378,19.46875117520125,20.584642886791478,19.9942924706248,19.494462737352784,19.870890861568014,20.31622751878634,20.257193927623195,20.766464126063326,20.524976564951455,20.744411335312087,20.775170269908195,20.994239922889232,20.73407701375414,20.65070032864494,20.712127226402675,20.86722777468471,20.729832104949555,20.70790274793062,10,1.47583243573816,0.0113570615499248,0.192250429940061,2.77908563155793,False
O75489,6,"NADH dehydrogenase [ubiquinone] iron-sulfur protein 3, mitochondrial",NDUFS3,21.881192289171416,23.660758185187248,22.294168001332153,23.436382062771326,22.425242839276525,23.342565887577333,22.843917338449913,22.514693556839884,22.710823680037556,22.087669262945266,21.318646534271927,23.122536429591836,22.84950973508982,21.546216861049178,22.681877074615834,22.266110055643345,22.43210141078264,22.62798132135301,21.97336289713567,22.48195334697731,2,0.752790928309508,0.204167945757978,0.544755748559004,-1.31124537187853,False
O75531,2,"Barrier-to-autointegration factor;Barrier-to-autointegration factor, N-terminally processed",BANF1,21.137429230855624,24.161826057023074,22.865566602611153,24.847171912587857,25.32282530698686,21.51713444880406,21.489771670523105,25.51285762258839,22.600458434133376,24.125243040287813,20.540210280050808,16.447277215331514,24.399797039034897,22.48147581955023,24.574084205789237,22.827276243305075,24.060124557841625,21.154283556872674,24.121655029660026,22.470069114052126,5,0.590528600179193,0.239155841559864,0.580032472190133,-1.21211089144118,False
O75533,5,Splicing factor 3B subunit 1,SF3B1,20.334331734071743,20.861843003542308,21.991608420076314,21.398313571455805,22.064993226119824,20.188912295079064,19.549087561892087,21.919888013714683,22.09435226591094,21.753841378126378,22.417147161996812,21.349542689967812,22.943327357228945,20.22937555056006,18.698873426498988,20.451804294871398,21.406035062405003,19.988099220714208,22.545070905084586,22.00144193237707,7,1.17796284426795,0.980576821984129,0.843797505224354,-0.0246423259877268,False
O75569,2,Interferon-inducible double-stranded RNA-dependent protein kinase activator A,PRKRA,20.210984070860256,22.685550253041196,21.624776099960364,20.855127868510426,22.726722639938952,20.50914236649358,22.79419469765633,20.905863640590127,20.519309865843102,20.821912423284,19.685013459153378,21.46548412106082,21.631787153112406,20.468726435320924,21.21823297485529,20.57337090845944,21.587254020569716,21.658415695776366,21.466169503083524,21.283779318973178,8,0.713700719158802,0.506569472509841,0.715810942831439,-0.675954523945056,False
O75608,6,Acyl-protein thioesterase 1,LYPLA1,23.942483814864,23.23303953364469,23.49952850463124,22.799297060695366,22.272507063703,23.378297727528405,24.323897983780718,24.55450405776637,23.145113581075304,24.487252175797117,20.7335556513446,22.88243708259345,20.13091900636118,22.27630933731646,23.073140281022592,24.233553246246228,23.319156004977007,22.375526519120733,25.017024443976556,23.59543104081738,0,0.765266770847797,0.0604326754897267,0.363237063220638,-1.98629726638095,False
O75643,6,U5 small nuclear ribonucleoprotein 200 kDa helicase,SNRNP200,18.44916490581053,20.15310357545923,20.563952573096227,19.55116336913604,21.187137546780008,21.34527942026335,20.750908595640663,20.3717011468762,21.271762600436826,21.219679435425775,20.53882918842984,20.137136949328717,19.910457665389973,20.559159132151045,20.189328515416275,21.845442266269487,20.13898785365045,20.363731239389157,21.259905244428875,21.45234086220341,6,1.06274101400697,0.639538471603694,0.7585186811081,0.475333193366468,False
O75781,18,Paralemmin-1,PALM,24.74315298951701,25.078615899628122,24.280670469821843,25.286735286724532,24.55527155379675,25.052674980331556,24.716641342450078,24.958336690370885,24.4821349669915,24.488438081451722,25.164021227812643,25.110586044312452,24.810589615148878,25.07287100647235,24.965677789355126,24.408669953538467,24.792166425216983,24.593337774542686,24.959702429889322,24.90876582110526,0,1.07084269387566,0.477274867032061,0.699438532860795,0.723855481751758,False
O75821,3,Eukaryotic translation initiation factor 3 subunit G,EIF3G,21.528915499268308,18.57009295296242,21.67833963873799,22.196951583968506,19.94493953315947,21.25785698051643,22.154192341462057,20.720120047003167,21.486624605174097,22.302027776286756,22.238982811733678,22.20712268677263,22.3022166076911,22.062478030225066,22.356504421687315,22.433650881568102,20.487119404052702,21.81582020788009,21.685187319132115,22.273276267472347,6,1.48583850701554,0.0582405005861114,0.359803391382992,2.00505978277882,False
O75828,12,Carbonyl reductase [NADPH] 3,CBR3,24.581749981427414,23.64906336848821,24.2451737567606,23.707589882636945,23.443324259830504,24.850177597115017,23.957105156621093,23.88402406154849,24.963561709510806,24.840286024915706,23.564649369250905,22.199501741215244,22.713741842530105,24.65575922391699,23.78211513135535,24.508192574215055,23.9063849184477,23.647514462859142,23.713613963708084,24.432769199088447,0,0.740725513024019,0.0902238013581364,0.421730243491225,-1.77746179317762,False
O75832,4,26S proteasome non-ATPase regulatory subunit 10,PSMD10,21.948308535464598,23.103098584827464,23.069011501370948,20.173930002441622,19.595056497013417,22.98377607407562,21.486843082781327,22.868383542312102,22.485428733782197,23.03224229355416,20.810672690754178,21.09697081388175,21.85749766349615,19.210011438047513,21.745066473233656,22.43374709394974,21.40775807277791,23.83431231783986,23.40443618091533,22.12541911127679,1,0.893544768606589,0.564781317606829,0.732675882289056,-0.585157848179857,False
O75874,25,Isocitrate dehydrogenase [NADP] cytoplasmic,IDH1,28.212472800046726,27.985794867876944,28.75283633827391,28.41969813018019,28.10683740897323,27.973319357021847,28.25158783950161,27.77198613648282,28.257680116169126,27.774190328350503,27.117860243846536,27.858310360734,27.815938375458806,27.81622828811662,27.985055844202435,28.139614627324274,28.007333580108686,28.24757745323716,28.015146958018633,27.998448086406917,0,0.839081331179485,0.0699726300109929,0.387121936640409,-1.91109456515512,False
O75882,6,Attractin,ATRN,20.44112870197416,20.252922380213267,19.728960704586502,19.186007228909002,22.058092173770092,21.21053854686828,22.560634978907643,22.379282732639066,22.609631057428455,21.692398249078597,21.68316166140651,20.128191672764626,20.213123586229194,22.50708557958495,21.2960693985505,21.82876958016293,21.658531518377366,20.491813481043813,20.63039461302163,22.012529678968697,3,0.884614757650524,0.93342786418762,0.830734542298933,0.0845570997617958,False
O75891,43,Cytosolic 10-formyltetrahydrofolate dehydrogenase,ALDH1L1,27.643804558020427,27.542053353910752,28.288131192346302,27.365537613840438,26.72950083635273,27.444683406986474,27.907207096339093,25.473381006851877,26.53326533029289,26.19545960067516,26.55282424940009,27.945438252682685,27.346125459442856,26.65942628240612,27.43338330631804,27.46652557040123,26.62253108354431,27.871419957262905,26.687634869361425,27.158187057799736,0,0.961075394017073,0.828623675917598,0.818226127002315,0.219229332009457,False
O75915,5,PRA1 family protein 3,ARL6IP5,25.816903803199757,24.252462263787457,25.400438100627202,25.389292694814586,25.79336187911669,25.244103003111768,25.253189528521784,24.583965102362434,25.620352512507235,24.683370429062094,25.495515655604564,25.482503408926632,25.911256467818983,25.10470281556984,25.06146596919662,24.982231575748596,25.59813909233528,25.321396314882115,24.734860531246916,24.767109497582975,0,1.00448878653415,0.84381636078242,0.819283344390874,0.199508468810454,False
O75935,7,Dynactin subunit 3,DCTN3,20.39448378037604,20.397187171039462,19.791477361018103,20.473968071543013,20.34406701557731,20.553338301445795,21.299406075754426,20.481463709696865,20.454278070732087,20.49530531335181,21.371330916292504,21.64524022756785,20.708814919711106,21.950255751819892,20.429532211472207,21.719051126775877,20.564472625823566,21.670007524843957,21.210215241189573,20.48833100945462,5,1.6992294447693,0.0140773594644087,0.204853677638634,2.68213927468033,False
O75937,2,DnaJ homolog subfamily C member 8,DNAJC8,21.262871982900002,22.53466352846903,21.254169581333837,23.215429053865513,19.736016721403768,23.509142366493588,21.53183768572075,21.019544395204637,21.44098046747984,23.319595900687272,20.70973672650441,23.35833589778713,23.458976994067395,23.263092319272193,23.339858409094177,23.12447257734506,22.47775064758918,23.088460470848965,23.52821818059177,23.082206408065332,6,1.71850151067017,0.0315657884872626,0.27325797600272,2.30633421376812,False
O75947,8,"ATP synthase subunit d, mitochondrial",ATP5H,24.374418068793137,25.695674958440243,25.088704697504067,24.827927371514594,24.872033625080185,24.110869091269546,24.689434340666587,24.8875805998399,29.33301046182306,24.704463096667304,23.50089048121288,25.0475031491658,24.335715099563703,24.747415375538168,24.372608983922344,22.810213192863397,24.93621460979924,24.385693307770044,23.926020186267518,23.166805668486468,0,0.214625013863371,0.0314762985196899,0.27325797600272,-2.30769303335929,False
O75955,4,Flotillin-1,FLOT1,21.44784488721694,21.9488931328604,17.63238533039279,21.097719917691894,21.079652579647,21.6731424753468,19.815165705984672,21.773563846211193,21.64366831531968,22.473300036532624,22.734846381449472,21.76640458444272,19.979678093528328,22.386648722021885,21.533952667481476,19.33199691066133,21.841074242996214,21.52325280308371,23.107087314441664,21.668742409282142,7,1.39889627693021,0.34688327096912,0.630980493438796,0.962603708383896,False
O76003,8,Glutaredoxin-3,GLRX3,23.139712439430212,23.08399674151958,22.500326634127976,23.20822218467063,23.167966652139004,24.14561942045085,24.23063282365974,23.058308050501847,23.941026136872612,23.629230269979168,23.39524973976099,23.386222360317365,22.858310935566017,23.967260422965715,22.99581113894761,23.536646164932275,23.812215550809185,24.29359478833728,21.96912490534092,23.60101119794277,0,0.995094366761488,0.914476083711083,0.826745231285015,-0.108717376048753,False
O76024,4,Wolframin,WFS1,21.00519254672558,20.640131506931496,20.579024782911073,21.169507085264538,21.00713858543653,20.18771107018337,19.581371764258144,18.96791770585878,21.742392918869367,20.65019559257874,21.162901409635943,18.73849124664576,19.941240193897972,19.91563304485671,19.691823113605512,20.78080425485972,19.44205668519999,20.53525168461504,16.616567564885475,21.53851927049102,7,0.735361290163522,0.164318449896605,0.521118528909864,-1.44192300126692,False
O76062,1,Delta(14)-sterol reductase,TM7SF2,21.3620105848424,20.84309713934706,21.01588735592774,20.79944660151342,21.16725475824921,21.0748166100442,20.61139644637881,20.27805595877358,21.33304566126444,20.318673206018623,20.086309249980573,20.219001777770483,20.536627249527573,20.036332857218934,20.179125205805068,20.211489359169047,20.15671951716891,20.618543406417352,19.748543690837018,20.377361207380577,10,0.620499946617111,0.00608108287783803,0.174374622303767,-3.05589326465058,False
O76070,12,Gamma-synuclein,SNCG,25.821818290951956,26.32996164657962,26.546274284471806,27.02632718150445,26.509864246343913,26.170231667145664,26.66703715763728,25.878070248573664,25.500699290144734,26.202329292651818,26.76214179595993,26.524000096795948,27.441002130041657,26.396891208598035,26.261477814301543,26.359556107050963,26.396137468491087,26.564700763432462,26.310198944328736,26.198164645473927,0,1.18146748785842,0.16859196389241,0.521118528909864,1.42676690897414,False
O94760,5,"N(G),N(G)-dimethylarginine dimethylaminohydrolase 1",DDAH1,20.524985419294634,21.874328860494295,21.4029926052445,21.62605682045569,21.40873021378905,20.90525812107684,21.655604943431523,22.55088965403017,20.911500636942037,22.065569229405288,20.277040303536523,21.577653752930537,21.551727420101624,21.21227373421002,20.76572000082166,21.344840392824462,21.31675384468078,20.710345721901998,22.04140796064807,21.547638679107656,9,0.816396324111536,0.385572388450144,0.65469462881483,-0.886467892775197,False
O94788,15,Retinal dehydrogenase 2,ALDH1A2,25.170962363348114,24.411111437992243,23.636741689965127,23.379787544494196,23.703034557162336,25.046227355253375,23.881769794175792,25.71319604288155,25.72294227455749,25.395846353117516,24.041680415703254,22.925960708146977,24.28705011584565,24.50758502845429,25.631701466229686,23.638664223600678,25.363951220222916,24.49288435051622,24.974164634229393,24.69982919639719,1,0.865280360083569,0.656576637010994,0.762380788992729,-0.451159112247002,False
O94804,3,Serine/threonine-protein kinase 10,STK10,24.868926875330082,24.643934613302584,25.90688523300579,25.693778884087113,24.531460957081276,26.41378722229792,24.920385759759363,25.622466460362414,25.844176609792182,24.839613238168486,24.130042707050226,24.23177487055316,25.09830060119062,24.07127647084815,21.12957273545684,25.035521867778385,24.76426652184923,25.181544083122006,25.345670812925434,22.286982749023927,8,0.52582701795628,0.0133176893952043,0.200846196860595,-2.70728667244101,False
O94826,14,Mitochondrial import receptor subunit TOM70,TOMM70A,22.651378393594186,23.145524367887475,22.026479878114948,22.849309338398253,21.980059463678415,22.017251201926324,23.1747347985431,22.42975454098622,23.70163749614495,22.448619464949658,20.975856926278606,22.54493716189291,22.119554186603445,22.25936272235096,21.95086057671201,21.048500526052454,21.413471172113884,22.3853238409781,21.50859406779368,22.079745722908196,1,0.562187390133361,0.0106108079054049,0.187261291641828,-2.8095599688844,False
O94875,9,Sorbin and SH3 domain-containing protein 2,SORBS2,22.956415706184693,22.550123012730886,22.658556406037683,22.53033637353755,22.3814085311299,22.49719991155796,21.316047511202335,23.138175541124106,23.01683806838074,22.838170494915918,21.278554629866992,20.66325436727467,20.906137792913395,22.05328354939966,22.624043284724063,22.49415393675385,22.729788552144395,21.558000775795122,22.72926914086404,21.190987452834488,4,0.639015642673356,0.0247627570381773,0.259572233750645,-2.42145084721341,False
O94903,3,Proline synthase co-transcribed bacterial homolog protein,PROSC,22.573482365443816,20.92764033257344,22.94928186375995,19.914718730434767,20.910164783650206,22.638656175667343,22.443990263665516,23.73378923285428,23.91805654270361,20.10641334587618,21.916361627076405,21.81459929691228,21.752542329781008,22.81084993410434,22.210521340102797,21.789641941458243,22.621637841335207,23.668830445119585,22.17101698082986,22.189126233380186,1,0.901534834389096,0.544856926673134,0.730613623538725,0.61564172949494,False
O94905,9,Erlin-2,ERLIN2,23.70486162233038,24.18642930536309,23.55795831560352,23.08881338880368,22.638831054597926,22.859787948334215,23.11289462228094,22.710351223230973,23.810118204985457,23.27251686244141,22.688269562089808,22.999772740894308,24.000953124496633,24.273625576181484,23.87274659446803,22.15294355219719,21.17896774234686,22.710343581419618,23.570427034687487,21.885114854547712,0,0.897688420987749,0.253459278091538,0.584799131712123,-1.17475954225721,False
O94911,4,ATP-binding cassette sub-family A member 8,ABCA8,21.327730736806394,22.080224808897572,21.243494964360927,22.043753799278306,21.20499357391207,20.086828836277864,20.686069142924833,21.994157083112434,21.93929533907795,20.423782943028044,19.25601081402743,21.77441119690942,22.48181108053903,22.202892540219562,22.058723542159786,22.15557567366709,21.735788605835317,20.127863913240578,20.81342140578666,21.70605654559048,4,1.17929308146768,0.754905909190089,0.802778333272415,0.316358442968571,False
O94919,3,Endonuclease domain-containing 1 protein,ENDOD1,20.240400295413064,18.784353964039898,21.796358238952966,21.468805152020728,18.386761095089497,20.97374829819417,19.998147119942956,22.016579644259252,20.90402094010769,21.361799392719035,20.20981212856134,22.00050323148313,20.413799708807417,20.98018026630651,20.361637221126724,21.926743557262483,20.453247582839417,19.772298221652928,21.773132880097055,20.587992538731978,9,1.05417991873276,0.573066979703221,0.735939313452343,0.572645819718262,False
O94973,11,AP-2 complex subunit alpha-2,AP2A2,21.22057107045756,22.99215102588804,20.274502927434654,21.245737323546336,20.19086803645827,22.437879219678337,22.61984972545267,21.47629260227178,23.134103590015364,23.564550431403337,21.779050374447024,22.915714059460235,22.97215779076692,21.849025857397837,22.44408605177857,23.63331223029515,22.124420318061308,22.624095897150692,21.68601868742172,23.237064244444397,2,1.26982170421673,0.119533507090344,0.468473175942793,1.62403985351885,False
O94979,10,Protein transport protein Sec31A,SEC31A,21.615629531864638,21.69213841762916,20.41536174322896,19.140375581667687,20.995344360289653,19.363465552438612,22.13382126314549,19.858562129462527,23.51660747138981,22.92348824403776,21.249129902537344,21.907404492917323,20.50026138891606,22.188059269914465,20.40900734872138,22.824563789622964,22.95772016570021,22.323600970009664,21.091430026315475,22.266250494913347,0,1.14464869983947,0.243854902973674,0.58311339070537,1.19965869820621,False
O95168,2,NADH dehydrogenase [ubiquinone] 1 beta subcomplex subunit 4,NDUFB4,21.812291269580243,21.64138805422851,21.667839926645048,20.699965857431597,20.2818145747994,22.24987390841037,21.097271385073352,20.574287491602163,22.395448490197666,20.41445040831727,21.31448863325339,20.828916878342252,20.61242188821425,20.55207498186311,21.86337522774124,20.50146116046962,20.503413297426686,20.788443004944824,21.484446913532334,21.115442871493048,7,0.739178253768742,0.321567790918373,0.618143294404304,-1.01560811015333,False
O95169,2,"NADH dehydrogenase [ubiquinone] 1 beta subcomplex subunit 8, mitochondrial",NDUFB8,21.344813851998314,21.117943801905568,20.034482517802118,21.29923017197062,21.18280675101089,20.84533103007894,20.776383012798366,20.46229734365616,21.0466966660938,20.076879062757627,21.862793435758654,20.155873047001013,21.56256179241911,20.875145282313785,21.636283336111955,19.69169912769744,20.0360438743835,20.47457057571735,20.94788413065603,20.127740490486456,10,1.02264725556329,0.771685333470645,0.807678264279843,-0.294009500913399,False
O95197,3,Reticulon-3,RTN3,22.67061144807559,25.320818919676313,24.05883099588432,25.412921485082787,23.20609904034631,22.826729826246243,24.43257850976191,24.22911528009135,24.408387349882965,25.455736944264412,22.979109415161005,23.898747401136742,24.597480434646766,24.82103609582564,23.628842448835975,22.917691538527297,24.16200248944805,24.016832600851835,26.45111123101127,22.267275244143637,1,0.974496082362454,0.639323815164789,0.7585186811081,-0.475639566764117,False
O95202,6,"LETM1 and EF-hand domain-containing protein 1, mitochondrial",LETM1,21.767528148637396,22.570995121757754,20.837659223343554,23.77345139298048,21.41470927399463,22.099693325800306,22.6414821725681,22.50530388009285,22.088850703019048,21.15925664375918,20.25135545328933,17.36005346333421,19.387363304320555,22.781199700899332,20.857587970598185,21.375732929600904,19.69765811130186,20.391736872265085,20.06614087335374,20.492426530401534,7,0.356070111334166,0.00200058047495735,0.110627267935027,-3.53532021131494,False
O95210,7,Starch-binding domain-containing protein 1,STBD1,22.203138427783614,22.75008384873831,22.29021769451406,23.02410769941586,21.475259548976947,22.467646496165035,24.613943227294513,20.141633539607476,21.44802567833838,24.281556364280465,19.927403864207108,20.6372890681454,21.843515416552332,20.07218963630166,22.421802755623936,22.285525344231385,21.604743323172276,22.140975052281522,21.71478338608151,19.254106990920288,2,0.356939719549307,0.0275261250494015,0.272440420479985,-2.37153438687793,False
O95292,6,Vesicle-associated membrane protein-associated protein B/C,VAPB,23.619961139669996,22.879783244979325,23.889017249493392,23.34323968839639,23.497953357948685,22.916385013663373,23.60304361336382,23.100103912272573,22.720389981982436,23.448737117292094,23.27652930002965,22.497747295971354,22.945613002408887,22.795752665923136,23.787022262075755,23.316402210174406,24.310220574869742,23.51613209665215,23.608865122402516,23.28451055222008,0,1.05185730959516,0.88674187832172,0.825812662811676,0.144198204327519,False
O95295,3,SNARE-associated protein Snapin,SNAPIN,20.580493156754862,20.360998748410502,20.87071945843867,20.095092355805814,20.27944381390429,20.58616596312209,20.72656335118793,20.87561222055534,19.697358294391865,20.25436230419705,20.40968438113859,18.288906257106767,19.079131189557366,20.753541852030857,21.055090751720375,20.149770831144657,19.39839180035529,19.821039078113163,20.034499410531186,19.890519183534984,8,0.758308025254086,0.0968961930450018,0.427872205634169,-1.73914069282442,False
O95299,3,"NADH dehydrogenase [ubiquinone] 1 alpha subcomplex subunit 10, mitochondrial",NDUFA10,22.168626478099736,21.405251005864564,21.783172111652505,21.3572098767958,21.76596050769655,21.72617590120719,22.261684839286843,21.234836650269077,22.123989750272173,21.191914554833495,21.100891438129686,21.24539404947082,21.113701460358005,21.20331195377502,21.22288706767471,21.176521428792714,20.841698662945017,20.857573694729993,20.867972095123374,20.607484229061175,7,0.610087024417112,0.00602362561081768,0.174374622303767,-3.06004938008342,False
O95336,11,6-phosphogluconolactonase,PGLS,25.858797251541173,25.70318410921668,25.714362998606298,25.970216336113236,25.725544582881227,26.174533237558318,26.957564306569562,25.65761835480624,25.91564749361088,25.773083362548743,25.183654862257733,25.49378002747908,25.4128763233385,27.26292798137129,25.755007595499105,26.930140525224324,25.754921576039614,26.017320403721776,25.771486290763225,25.737015547353568,0,1.06246051448107,0.956790365823955,0.838745919712787,-0.0548433674676465,False
O95340,3,Bifunctional 3-phosphoadenosine 5-phosphosulfate synthase 2;Sulfate adenylyltransferase;Adenylyl-sulfate kinase,PAPSS2,20.28144859804587,20.78567863526546,20.717162870331297,20.67501933088119,20.996695682548697,21.315452766924043,20.419967347471548,21.418859580245535,21.229086688629465,22.108499981037916,21.051549717020126,19.809618085945647,21.567259549869764,21.697499525505755,20.428106349732165,21.76425075126111,21.507762173454086,21.214715636567583,22.032681841735332,21.388474447119375,6,1.20814885458564,0.379666746326223,0.65200788821375,0.897749353495111,False
O95359,10,Transforming acidic coiled-coil-containing protein 2,TACC2,18.86667305415864,19.438315971963416,22.01865924642256,22.44153807669377,22.431457900736124,18.737921049248467,21.568448075728824,19.165510127779168,21.814617107893095,19.477184530862896,20.956117328367238,16.111561592273762,15.115662659563107,18.333388785507232,18.02389144271035,18.748223240255733,20.428094677644513,20.911295605273217,19.06612725895988,18.617745337692487,12,0.296401874850835,0.00877989205431193,0.181482743058785,-2.89399490276455,False
O95372,2,Acyl-protein thioesterase 2,LYPLA2,20.89814373611166,21.148287039372985,22.433180820519322,21.62634587011924,21.203149245403054,21.77258277103816,22.03096465785516,21.839079694255958,21.548819748939852,21.81835255330775,21.43895446141736,20.980427536122047,21.816101021451626,21.54938248165849,21.421876989334155,23.004199075876773,23.375687189457633,21.910704470690657,21.34406844341013,22.817467237156233,4,1.40605781562758,0.248609129104597,0.583149616570681,1.18724316699449,False
O95373,9,Importin-7,IPO7,20.826300280760677,22.18066115492901,22.074381245054095,20.293295888094327,20.769886527780805,19.89018673735039,21.46720702519446,20.484084563432233,22.352554728285092,22.763656590200085,21.991456115491125,23.069228196551276,21.79010011490945,21.177449637347685,20.806002163613172,22.57535384951807,20.375615808370885,22.974572304580377,22.291433075653305,22.204048290385852,4,1.46065999867922,0.169166548158054,0.521118528909864,1.42475284196696,False
O95379,2,Tumor necrosis factor alpha-induced protein 8,TNFAIP8,19.34303484538661,21.825937140248318,19.764554599522505,21.204547775133694,22.379793777691077,21.946857365887638,21.295831541928408,21.30861634291161,22.075730615722478,19.649025808163,21.9517162259089,21.644591992849737,21.34727293935062,21.50141304182381,20.842944606701092,20.6454593457938,20.844551074493918,21.82397273411249,19.714925069856818,20.5309231320171,9,0.88622130356544,0.989536011694569,0.843797505224354,0.0132747376333624,False
O95394,5,Phosphoacetylglucosamine mutase,PGM3,22.459160914284432,23.08399674151958,22.770341657726274,22.713474315327247,22.59275738092383,22.461430538717398,22.79043879257621,18.41452277399809,23.10915340809125,23.011797418041155,22.866593709145164,22.224403418017236,21.906731387713197,20.953164932911683,23.082773750638662,21.88285095112629,23.22073337896045,22.08518290030828,22.84898883337816,22.61194285975209,0,0.902148738428246,0.954233987024771,0.838236223008712,0.0580917457528851,False
O95445,4,Apolipoprotein M,APOM,21.0164714262611,21.114914658655422,21.78747559528454,20.55707846962993,22.788520390133016,22.745789054517825,20.236056686962687,21.890809846046523,22.117456058807857,20.40450265362491,22.961815510379996,22.510085317238012,21.82063342936236,19.31301149312744,21.724181840620872,23.044322664737606,22.381907554238605,23.14946548568448,21.115563886980524,23.086835783087782,7,1.62098455360248,0.179568487255704,0.530055352527977,1.38920832421417,False
O95479,12,GDH/6PGL endoplasmic bifunctional protein;Glucose 1-dehydrogenase;6-phosphogluconolactonase,H6PD,22.87834758198298,21.364430695430258,20.746289034366153,22.416045515550966,21.875009968605013,23.63375398728252,22.021017606214173,21.1203254239038,25.0569140415164,24.823825145773814,22.9013249791189,21.62068405450848,20.617805762201243,23.957477115000035,23.5317015303929,23.066954129593434,21.39565356160742,21.807755038688114,23.605907703858687,23.784643796729746,0,0.789670953243233,0.948236720118575,0.837319346889102,0.0657150302898839,False
O95571,4,"Persulfide dioxygenase ETHE1, mitochondrial",ETHE1,22.284586278260097,22.3604372454546,22.771940487663294,21.771013304393165,21.728685105309747,22.429265080981487,22.205344327982026,22.680899443098806,22.463333880649255,22.414553670634294,21.332784036824197,20.384530634109563,17.816763270191103,20.745821544989514,20.26670391912972,21.09216488776096,21.832463068057436,21.17225478773295,22.676828996439312,21.866827609408038,8,0.490206890844735,0.000874213677132952,0.073258090536328,-3.88622485958218,False
O95573,5,Long-chain-fatty-acid--CoA ligase 3,ACSL3,21.426922113853127,21.385006598955595,19.567974052272262,21.238507329998782,20.135577128326968,21.0054821635603,20.68266052931111,20.10134340023655,22.07392100902548,21.57448927183672,13.619859739521461,20.415240640369337,20.34421031158313,20.63270279852545,19.616243578968273,19.53463803868119,18.62683169839109,20.288897690354073,19.981237836131637,20.38614465411521,7,0.447177844122909,0.0282699611228,0.272440420479985,-2.35889225395524,False
O95747,8,Serine/threonine-protein kinase OSR1,OXSR1,21.852305530474,15.945585011443141,21.442097715864975,20.657947640878543,20.53254826434272,21.870657740006244,22.294692330430642,20.234836650269074,20.69911390324479,21.484459404891062,22.38009521931817,16.98405587895946,19.8683163854586,20.85057232648859,20.190417174245166,20.633647312178173,21.97717025774839,22.055992098052812,20.915702456076396,21.378849561255063,1,0.989232695032236,0.973920477254459,0.84324817206139,0.0330900979873019,False
O95782,13,AP-2 complex subunit alpha-1,AP2A1,23.03199496813913,20.90042787213861,22.421538664801435,21.911725856447926,22.031824054556385,23.045332331705165,23.401813522576283,22.698551564868577,23.80904725358544,24.61091020522553,22.61231354765361,22.35642681534748,22.933193483026997,23.4846550341932,23.906030709793054,24.509471194915495,23.019266400880884,23.61818137264679,23.155520031093314,24.167771412908415,0,1.32270286071708,0.0774772012421792,0.408028770028777,1.85805066364076,False
O95793,2,Double-stranded RNA-binding protein Staufen homolog 1,STAU1,23.848625199646968,23.006162768424094,22.72391271069986,23.04247280688021,22.98239122298297,20.837033553069023,23.235741016105614,20.862011297136835,23.17752055064432,20.16372770371733,22.81122026083426,18.40969497644689,23.174668105186186,20.692366876907702,23.500971077129087,22.98146556186898,19.62503933160947,23.735555736215307,18.78752508500968,24.16415866779477,9,1.01880628283345,0.422216141371146,0.673310065329544,-0.818859113488884,False
O95810,20,Serum deprivation-response protein,SDPR,28.41109290758857,28.168077895579795,28.033093756961527,28.256942702441545,27.878885462294882,27.965601276923856,28.115061258209682,27.858625248433164,28.32431560560266,27.136881488815433,27.334409256942212,28.096119660725158,27.37939625446075,27.512973154534272,27.69011369522843,27.59392640176823,27.834069366780355,28.18892435370151,27.677844640484423,28.15049403366495,0,0.826897582570902,0.0878376823278814,0.419883675208394,-1.79176105787102,False
O95817,14,BAG family molecular chaperone regulator 3,BAG3,21.97767532685707,24.387695233820725,21.335559809629117,23.3816436519828,23.034765188781442,23.313086053391192,23.813527118461472,23.911684456131855,23.782851246791868,23.373533021501466,22.31629104335196,23.284706024039036,20.90026289261818,24.467833166858394,23.1631490173676,23.37689800382448,24.27869428644656,23.78779931519312,23.80845058988634,22.46597565703964,0,1.01496002647769,0.911241023131566,0.826708499711055,-0.112847768149604,False
O95825,3,Quinone oxidoreductase-like protein 1,CRYZL1,20.682438055280485,20.597634912916497,20.70164658399417,21.846644813859776,21.374284184117286,19.071549389824757,22.44877899751963,22.152861625234824,21.75097369296229,22.056355617195166,22.2298471070326,21.691379096115675,20.826597600723318,22.523385313113835,22.151042040300258,21.587553943430713,20.778418905111863,20.923808001692283,22.42183469780098,21.627307422603433,7,1.209745572615,0.308604922874014,0.613979024606205,1.04388480371663,False
O95831,13,"Apoptosis-inducing factor 1, mitochondrial",AIFM1,23.497420330719276,24.48556105075188,23.555126186886806,24.691277075218956,23.155780987056925,24.663035586612946,22.3610567768368,22.036241594805368,23.59660595586049,22.712499633688605,22.62458477688221,23.71880712142456,22.27963980514394,23.407362237698507,23.416559628498213,21.550589835189708,23.5651613278387,23.94905741418355,22.94541080524782,20.34707280784801,0,0.634543588534923,0.122619011600179,0.470870497200125,-1.60981405352122,False
O95865,13,"N(G),N(G)-dimethylarginine dimethylaminohydrolase 2",DDAH2,27.39355904422863,26.908807363306256,27.258461218852663,27.149069841666588,27.306432579849602,27.75449289326161,27.45791889304348,27.106153533430884,27.27105380412931,26.99115961899983,26.84540134329312,27.085403403878068,26.604822409987936,27.404050073353236,27.170164783451053,27.35740216859306,27.467768290892437,27.156486473452834,27.32676382628008,27.108161419436225,0,0.929709347851555,0.416875106263548,0.670306432105353,-0.828473251078882,False
O95881,2,Thioredoxin domain-containing protein 12,TXNDC12,21.180808956921144,21.350563162560356,21.49766448356734,21.24805581239474,21.13209208353177,21.892842819796027,21.983780785471506,21.538904579571458,22.077045269101774,22.356398378559785,21.8534923446636,20.20992436117721,21.20163490619302,22.478968898434736,21.50313031447468,20.953295314024107,19.906686270194797,20.788917118950458,21.98783119551411,21.779053312423276,4,0.855455052791796,0.250283258600967,0.583149616570681,-1.18291371749423,False
O96000,3,NADH dehydrogenase [ubiquinone] 1 beta subcomplex subunit 10,NDUFB10,20.928530584045205,17.251713966329707,18.556530155896365,22.24661502783955,18.988079230437787,21.760933951383223,22.288609081828962,21.782921415915933,22.023757345752177,21.577997084737948,19.98885102195839,20.118368259673808,19.03860787027069,21.831226724390106,21.660015747824104,21.22821249164639,22.16019410767317,22.13722158752416,21.67411711153979,21.914191478028005,7,1.03981371555475,0.39381850470528,0.659915516841869,0.870903414296599,False
P00167,6,Cytochrome b5,CYB5A,24.408933571682393,26.70521157836156,26.011095229223066,24.40892246055771,25.18172142196855,24.611485640228768,24.905266225101478,24.956853863833498,25.127906380200827,24.895955176794278,23.327817637810575,25.82043296181574,24.991977914248647,25.65243833686334,25.411540385520105,23.391237443096998,25.577988137854362,24.579946702576308,25.27336419723634,24.14678676002552,0,0.82900366621776,0.395090392471748,0.660046657917471,-0.868521703386244,False
P00325,25,Alcohol dehydrogenase 1B;Alcohol dehydrogenase 1A,ADH1B;ADH1A,31.847833401634098,30.173073436069526,30.96294550101335,30.919923067148197,30.83067286405582,31.491120401998682,31.4006439360391,31.401687227041712,30.93169858879502,30.42877019251514,30.26973845549431,30.709809091000196,30.018173219274495,30.412609514797406,30.696839558416745,30.40281798588823,30.344537524586723,31.24632574057269,30.617206766404756,31.140358556071604,0,0.714873479787386,0.0279320306646669,0.272440420479985,-2.36459704912875,False
P00326,15,Alcohol dehydrogenase 1C,ADH1C,21.871799742143,20.762400140634476,20.910949891074466,21.41685516556085,20.388266576886153,21.496520958195468,21.39934970410169,22.415364602739228,23.7789856822774,21.081395631294573,19.272929530697773,21.818359312489626,20.60818935101971,21.576401432303705,21.309933822328517,21.064296797401656,22.161215970986245,21.45873755946574,22.462083637498807,22.21049517215861,4,0.807550292154593,0.684791732299552,0.77472505509616,-0.411712798068497,False
P00338,25,L-lactate dehydrogenase A chain,LDHA,29.72572883975556,29.17723616279364,29.704208540010747,29.521912302319826,29.584832009401616,29.609524631748013,29.804239486580624,29.373928669816195,29.72693893450781,28.969889306261592,29.21979155401948,29.422217142225527,29.171088040400345,29.777757923945412,29.488165594726844,29.44739872149023,29.635164357242616,29.77887671397693,29.328591477294694,29.365032165187912,0,0.956844872890129,0.653441642377539,0.761003945946475,-0.455586181095998,False
P00352,31,Retinal dehydrogenase 1,ALDH1A1,30.611730978565742,30.36443956675678,30.24730841628766,29.913537918570242,30.121050260780255,30.45061607613097,29.674932537266923,30.003753037630027,29.707590187673972,30.071089209601876,29.586917254965567,30.070667141978607,29.848880957689737,29.941693059940313,30.436199667723333,29.790450800552772,29.84927631132822,29.935002746044315,29.722735958808197,30.22417318047939,0,0.879242659495178,0.190521882391265,0.534791872968984,-1.35351357571735,False
P00367,21,"Glutamate dehydrogenase 1, mitochondrial;Glutamate dehydrogenase 2, mitochondrial",GLUD1;GLUD2,24.03591067883227,26.749987734955578,25.945107599687955,26.765299242530066,25.100741389338165,25.00368574428114,25.22396135439901,26.06248598099484,25.577308695283346,26.26880898820727,24.887371085314477,25.783072637578595,25.29011025519956,24.40478262962088,25.87600140699552,25.606335698112776,25.922008337869542,25.32601228853485,25.387814259383994,25.284721416029992,0,0.735756824729704,0.339394439370852,0.626458497370308,-0.977996840082963,False
P00387,13,NADH-cytochrome b5 reductase 3;NADH-cytochrome b5 reductase 3 membrane-bound form;NADH-cytochrome b5 reductase 3 soluble form,CYB5R3,27.553721998585644,27.832272857230933,27.270625313646327,27.47750048243829,27.22388830676833,27.676800223319567,26.564667182763017,27.362684720765046,27.545744985637377,27.187298473855137,27.383689172605642,27.943625347005028,27.05391897676364,28.260632141738526,27.247854727214563,27.351430372059628,27.909911374425565,27.478627787027527,26.990898649989195,26.95074234131193,0,1.08465886422083,0.632280266973488,0.7585186811081,0.485718579970737,False
P00390,8,"Glutathione reductase, mitochondrial",GSR,23.56948469997817,22.72388926345297,22.71993726447046,22.909451387994977,21.756014593968263,24.308746177460385,24.738906992414464,23.71528887876908,23.838898868937722,24.363538788759232,22.91704011668331,22.751725994412645,22.197880921028826,24.759774669252213,23.777075194148267,24.7499876513249,24.541283288378597,24.866956163347282,23.78923553605731,24.508067360193788,0,1.34574635235678,0.171552301480406,0.521118528909864,1.41644860155304,False
P00395,1,Cytochrome c oxidase subunit 1,MT-CO1,22.248458481573863,23.087043617078443,23.027791048305016,22.425976223354173,23.042123072611624,21.814109976957614,22.86088781444497,22.12556020170025,22.631528689676305,21.80541654457888,23.113579001712928,22.57345095992848,22.166382439485666,22.905646439600368,22.41159753897614,22.304055731540252,22.280639724984773,22.143837227885335,21.442538079699162,22.65667102525318,9,0.921448449878415,0.661212892203782,0.764926272027872,-0.444628799973304,False
P00403,4,Cytochrome c oxidase subunit 2,MT-CO2,24.380813358440605,25.67341698036875,25.384726717186112,25.84993344742285,24.938760831923286,23.8288889341078,25.35233417481976,24.617945656164885,25.193328804267043,24.57509759617157,23.40515756524729,24.69981512641693,24.10834912181718,24.718504744452453,24.909806966963927,24.884675048142668,23.331107174474916,24.610155232107875,23.960337492903893,24.87290551669859,0,0.640614899644329,0.0309821105510537,0.27325797600272,-2.31526147571514,False
P00441,9,Superoxide dismutase [Cu-Zn],SOD1,29.177859044965388,28.809771276378395,29.017414825674336,29.4365795234645,29.098645086411462,29.325812919850623,29.38137785826111,29.64642577132944,29.185874798684747,28.601477945300754,28.614112521468275,28.72846465236885,28.111550838682138,28.984223179167365,28.684275258525748,29.090304545735428,29.40583992985376,28.50321423146105,29.066992234724893,28.88961139448317,0,0.785118128669649,0.0234787987938519,0.251287908601313,-2.44643019521214,False
P00450,46,Ceruloplasmin,CP,29.39861512276749,29.24142054847478,28.902884546575958,29.292263033695555,29.46837384892323,29.36026345286665,29.217565618791063,29.85643483130571,29.051351166650996,28.61492711395837,29.5812433684454,29.936977451040267,28.960678728733708,29.206686802509598,29.168299273931094,30.121810220366445,30.16075170367229,29.48402973544332,29.98613727589547,30.267641557682072,0,1.39317035974405,0.00978264093651893,0.181482743058785,2.84587172527859,False
P00488,20,Coagulation factor XIII A chain,F13A1,25.0411185135028,26.071794633772107,25.50179821500241,24.340540922969378,25.137500458549017,25.756907898430047,26.136980295403585,23.823475660671246,25.700505091111236,25.723846252025034,26.452019569643397,26.018058211121158,26.5902091700154,25.360541337921624,26.513003100041644,25.903398328530372,25.212431126455503,26.685341044243035,26.13609364805952,25.220430271120684,0,1.54938707687081,0.0278039985093166,0.272440420479985,2.36677512080459,False
P00491,12,Purine nucleoside phosphorylase,PNP,24.29071589448584,25.566379737094984,25.26610721378667,23.587904269314656,25.3028489547746,24.77378407150707,25.62348853633356,24.665647092226756,24.524257839799105,24.746258135017484,25.269229978917895,24.130059085238784,21.929273237526054,24.913833851275967,24.253366338079353,25.438055635344732,25.17220967204162,25.54879218000577,24.73118788073685,24.601124086350936,0,0.926584755881216,0.50378550651852,0.715497513978022,-0.680437263348552,False
P00492,11,Hypoxanthine-guanine phosphoribosyltransferase,HPRT1,22.47884974982581,24.2711611428407,22.195818441989374,21.832809592894343,21.355496792532104,23.845361004031552,24.697945060039846,23.64071534926252,23.51943075025734,24.48405765302509,22.985673331686844,22.229015084562032,21.33202538451101,23.517813356644663,22.079577578653733,24.840980199804903,24.42290847461178,24.119150752211805,24.404985130749164,24.35153528139285,0,1.14449729647547,0.563103452031886,0.732675882289056,0.587703042670255,False
P00505,9,"Aspartate aminotransferase, mitochondrial",GOT2,23.552306203534933,21.982736070243583,22.088249756088338,21.282698983803584,20.550221606658162,23.290098687774925,22.340136923869682,23.11395301345331,23.450310097553267,23.783315522313675,22.589866637334044,21.873323695301387,24.187595262376373,23.56202938749025,24.163104610354523,23.207510810413208,23.28320420086889,22.029555318688573,23.67662896435436,23.571279534022533,1,1.46262926998353,0.0901650730866869,0.421730243491225,1.77780978755566,False
P00558,29,Phosphoglycerate kinase 1,PGK1,29.397802413118235,29.424552203158303,29.61342533675738,29.438059617827903,29.476150769522093,29.667203026024936,29.804367119176,29.39296228205187,29.965711932090514,29.646638517517975,29.235990380379352,29.29187255070828,29.311007657530368,29.852584993610268,29.252133931319978,29.969516812849054,29.430494579095022,29.919983923745622,29.763706638990342,29.761005159011834,0,1.00849980938096,0.971918007457374,0.842393701872033,-0.0356319497139486,False
P00568,11,Adenylate kinase isoenzyme 1,AK1,25.381730355222675,25.67315254871243,25.636249017903673,25.210786433491233,25.88364326767123,26.335138858711034,26.345024836637545,26.118262238289834,26.20804414014978,25.57079918232307,25.814630287523713,24.85832639860874,23.922524657689312,25.41186548277426,24.913507373073134,26.112306576909784,26.003681672246522,26.615224540679396,25.95113919313067,25.74343938127435,0,0.879121004804988,0.149443388591303,0.502808000359564,-1.49730347431691,False
P00734,28,Prothrombin;Activation peptide fragment 1;Activation peptide fragment 2;Thrombin light chain;Thrombin heavy chain,F2,26.92174561806182,27.07889872718428,26.976977645811033,26.755972918314406,26.715687079694906,27.214623482764516,27.029557325845275,27.55783106183702,26.947179964001318,26.70182128116827,26.786789183178072,27.08499228203983,26.235505242994495,27.040273037053325,27.20401255393472,27.393774295193907,27.71446904462745,26.76398963553898,26.570671704414334,27.6142900680687,0,1.06801019717084,0.766210189083742,0.807231985594737,0.301284586509418,False
P00736,15,Complement C1r subcomponent;Complement C1r subcomponent heavy chain;Complement C1r subcomponent light chain,C1R,24.777064246145798,24.259348649372697,24.175260487293215,24.06802088237647,24.591911886638513,24.47823115033697,25.18157439459386,25.14793842778828,24.95058329797246,25.212461526550676,24.51305838125693,24.73420032555409,24.061826033744147,24.71093467856203,24.51746059736505,25.223598900728668,25.633417892065534,25.577596557416594,25.584428573313406,24.821833016812786,0,1.21941439349203,0.143629642386634,0.497006182878051,1.52017868203081,False
P00738,30,Haptoglobin;Haptoglobin alpha chain;Haptoglobin beta chain,HP,30.40838100512048,30.611275713196022,30.44877231614776,32.24220421259182,31.675697562663746,31.245002571187296,29.636020637357,31.342908161271676,30.70136002811046,30.895138279210265,31.788636803022847,32.118890207717655,30.44140226734581,31.17687734297797,31.895813977014317,31.677807897836995,32.84090203941137,30.94233501354824,32.31786854581319,32.124492981505185,0,1.72509050818144,0.0122300862320552,0.198938501065838,2.74576679306273,False
P00739,20,Haptoglobin-related protein,HPR,24.101855081567535,23.153887106277942,24.1380143593701,24.43087663712109,24.936172374151838,24.906695419954314,22.41992469888561,24.66252492922462,24.226287576871496,23.529540988347225,23.905718572063257,22.517933414514772,21.517609611826877,22.80978535279064,24.148150799533088,25.017387716616497,25.285105569646785,22.228612655202813,23.69317391726024,24.99871947239326,1,0.906289004639538,0.316820516660763,0.615712669870206,-1.02586870121398,False
P00746,9,Complement factor D,CFD,21.81534060936873,22.618736634663446,20.634129474549532,20.490363719652073,20.77438165775706,23.5580872292879,24.21523284897283,24.580957072373344,24.98195429723487,23.508813519591946,20.10459156404163,23.188011287983922,23.838347113607387,23.120056763754135,20.70115065125285,23.854770798658432,22.910677212973553,22.835935543612425,24.344858299518833,24.452048822894533,0,0.951148030029851,0.637333924490262,0.7585186811081,0.478481894566389,False
P00747,27,"Plasminogen;Plasmin heavy chain A;Activation peptide;Angiostatin;Plasmin heavy chain A, short form;Plasmin light chain B",PLG,26.362874998983802,26.111157169877668,25.679761355566797,25.854438614887826,25.601278548600014,26.41136646666279,26.303858935527053,26.675481895053313,26.10563508744999,26.094608713738083,26.8954089052655,26.417245090628075,25.23439732405545,26.814547369372768,26.17237263855955,26.861259343492335,27.393775052174192,26.984858692639836,27.244731909966674,27.433857638780225,0,1.63129472740291,0.00293890665023531,0.125011106872925,3.37087921624209,False
P00748,4,Coagulation factor XII;Coagulation factor XIIa heavy chain;Beta-factor XIIa part 1;Coagulation factor XIIa light chain,F12,23.73724628491056,23.155023733059544,20.42520974850799,22.290593159131706,22.930312727103665,23.817672714925504,23.934743083868973,24.54860963789692,22.631025310146057,23.155780987056925,20.93590942162661,23.838496336568095,22.995154600133944,23.46944824823579,22.041144126163747,24.265418281455602,25.075586886038174,24.911178953157453,24.67653803151006,25.3966531084685,1,1.82805929831851,0.101997452884492,0.437355574810954,1.71134361476694,False
P00751,29,Complement factor B;Complement factor B Ba fragment;Complement factor B Bb fragment,CFB,27.49459612591072,27.04276735203933,26.785641168043583,27.418655469300635,27.583459117676806,27.797208612365786,27.377642834277026,27.814277257624223,27.32931616196329,27.2054410988729,28.20083548005387,27.87940567883574,26.975439555197323,27.37968990647368,27.74204100086777,27.956119749190773,28.510618495605154,27.8755611192906,28.453103262037324,28.70682695794508,0,1.55323832496912,0.00226377555141684,0.113801199931822,3.48260203895737,False
P00813,5,Adenosine deaminase,ADA,20.717928107710783,22.168100460104288,21.427571680637612,21.339924192085192,22.56318205886723,22.114603283944707,23.306297980978467,23.097897745288684,22.736217307312348,22.60107630742845,19.256547005651765,19.55455755464767,22.67152410240705,20.816459727935722,23.305348383166027,22.604593271323537,22.90928074104099,22.635796221748066,22.56316595474554,21.239019443959087,5,0.898531943352819,0.331063605227784,0.621344828365596,-0.995398192480231,False
P00846,1,ATP synthase subunit a,MT-ATP6,22.69905979873604,23.1471754121745,20.251535410921797,20.85706827164849,20.30060220743848,18.8937663836013,20.458596366390882,20.601328007177848,20.910148993418435,21.497749838915144,20.26040254594983,20.55743784206058,20.756170041994885,20.775880876335158,19.547053108821267,20.59782571354971,20.812840091621748,21.169500510752563,19.88486581308195,20.53798473518942,7,0.531583972056704,0.251845768637451,0.583149616570681,-1.1788924757644,False
P00915,17,Carbonic anhydrase 1,CA1,29.945297987716536,31.086210091588512,30.82955041449039,29.354107263637143,31.0530563971774,30.79688039144732,30.87278600054089,30.62466592470379,29.75968751684752,30.43189542900203,31.24046188405196,31.280442222950548,29.190142101857457,31.43739580733298,28.644620643396344,30.93525713057242,30.958551397461495,31.73472189739349,30.901137202934414,30.79182825362088,0,1.29301466076169,0.484483678252535,0.70563943339286,0.71191374166582,False
P00918,14,Carbonic anhydrase 2,CA2,27.118974919715743,28.920295760486297,28.605085160756925,26.171629467180477,28.62046491621089,28.67982941182146,28.312083217575353,27.694599082466603,27.491896256392042,27.681717882822774,28.686365949109277,28.432567998234816,26.288865632829268,28.22251293476579,26.135135947265933,28.377985919596618,28.263456801145853,28.948209646202212,28.60180140099726,28.003617061455625,0,1.06601123371012,0.858426628831379,0.821714813561017,0.180619990793217,False
P00966,16,Argininosuccinate synthase,ASS1,25.16606466218219,24.804705580877968,25.70968757493161,25.784123825685466,25.65229894686274,25.889589675607716,26.129876571969266,25.353900504627315,25.156882256309345,25.419107066533677,25.176884259543588,24.57912547469297,24.842933997264147,24.723808116614556,24.75002711899457,26.232447520926044,25.29510975126434,25.88179530639944,25.34414286859733,25.14570367494976,0,0.832624129068382,0.111408369411808,0.451878757376586,-1.66303799155011,False
P01008,17,Antithrombin-III,SERPINC1,27.06017088824085,26.656550938472332,27.205551705173097,27.48191634665613,27.19603034976678,27.660385908887545,26.131960921119962,28.183045352647408,27.044717271666595,25.653185196390506,27.15353363470636,27.42690179261972,25.98425430773259,26.840751131576397,27.267867211351156,26.538861719564107,28.07387395541128,26.53346426477092,26.669930082472824,27.779640268265943,0,0.979604017027439,0.998820044820061,0.843898074451799,-0.00149685940102473,False
P01009,27,Alpha-1-antitrypsin;Short peptide from AAT,SERPINA1,32.16092531053951,31.172294022198116,32.081625426023365,32.23086352031643,32.415604255785354,31.809595492429562,31.77913283066091,30.80288134685033,31.861291519832406,31.102767473732325,32.27464106502016,32.08442679814943,31.516646317166114,31.736958459423892,32.00813603067175,32.24055661307559,32.250585803648434,31.7498513199162,32.34824551602649,32.78881154543843,0,1.24529763247154,0.0578816625351913,0.359631025519553,2.00819079016436,False
P01011,12,Alpha-1-antichymotrypsin;Alpha-1-antichymotrypsin His-Pro-less,SERPINA3,25.779214200848113,25.05306714007923,25.564196760441465,26.32898861462681,26.341927284201137,26.357790062255738,25.51616907722943,26.57658178271533,24.144721810525468,19.19527629426858,26.75314563757559,26.90897238051656,25.246995754537874,23.61663877127186,22.376367802287465,24.892326572474424,26.53841668949574,25.61663217616779,26.0287014707527,26.71430416810083,0,1.16169412594527,0.611506757497623,0.752555933614109,0.515750035799704,False
P01019,11,Angiotensinogen;Angiotensin-1;Angiotensin-2;Angiotensin-3;Angiotensin-4;Angiotensin 1-9;Angiotensin 1-7;Angiotensin 1-5;Angiotensin 1-4,AGT,25.39078919552092,25.810748228390285,25.862754222767943,26.304436591561604,25.341717737364842,26.64861095933668,27.49394327285533,26.985945049366432,26.307649603288244,26.492866378038826,25.838441587444102,26.666899677774857,26.497431729889247,26.69315582822005,26.060155024044278,26.720577928194416,27.061770699501867,25.70480883585169,26.45893073547057,27.087493992856167,0,1.09627957008109,0.30222015112529,0.611114865961753,1.05812259411993,False
P01023,64,Alpha-2-macroglobulin,A2M,30.854804368680885,30.13657752909355,30.07774153698716,30.503016542913677,30.575654623246127,30.19065079744754,31.251775044464036,31.265117890565524,30.385679361368513,30.815965595017087,30.935114152419928,30.22927368134969,29.329716672841734,31.257447904214967,29.742110676645503,31.317606757764672,30.482464036196145,30.359481825063114,31.770046112586755,31.128047375333036,0,1.11629393934659,0.837636643054719,0.819283344390874,0.207519805637321,False
P01024,103,Complement C3;Complement C3 beta chain;C3-beta-c;Complement C3 alpha chain;C3a anaphylatoxin;Acylation stimulating protein;Complement C3b alpha chain;Complement C3c alpha chain fragment 1;Complement C3dg fragment;Complement C3g fragment;Complement C3d fragment;Complement C3f fragment;Complement C3c alpha chain fragment 2,C3,30.69267607499308,31.035199743233264,30.52747980006046,30.813792958434345,31.012494404642638,31.02576473210093,31.136418717339968,31.639406422311172,30.69969409831693,30.927392724030025,31.27214005377207,31.22935118934342,29.78430152164438,30.98057382485281,30.925926632327204,30.94520423667722,31.820101279391366,31.46804371268416,31.971213804145123,31.97466532710757,0,1.29407557681174,0.13125608972148,0.480671835578707,1.57152855138775,False
P01031,27,Complement C5;Complement C5 beta chain;Complement C5 alpha chain;C5a anaphylatoxin;Complement C5 alpha chain,C5,24.20627460503795,23.974447279340644,23.90459023146254,24.144683439242645,24.940514644211113,25.291049859972407,25.489136631187165,25.86180815501384,24.267474601326334,24.47669977932813,25.178240924440686,24.232503783016718,24.244594912383484,25.06754901977249,25.002502790226846,25.792492068261314,26.093636274977623,25.33128212078508,25.959851881632744,26.370864818031933,0,1.59452303376884,0.00746153730340836,0.175323277667773,2.96599223660897,False
P01034,1,Cystatin-C,CST3,21.792161037291876,21.847628291970967,21.106835618270814,20.711454957156583,21.21173601106832,21.583245526819383,23.216829362056078,22.326910345988257,22.023586898370954,20.101439959327895,20.554030670916678,21.466675993491975,22.453831034489102,22.728425685685117,22.412922151726836,22.423241377192316,22.271271345230144,22.824988009698412,22.172140584462174,22.46876641011652,7,1.37518053827155,0.115176484043527,0.461520388620022,1.64466363270101,False
P01040,1,"Cystatin-A;Cystatin-A, N-terminally processed",CSTA,21.73230340630449,21.21049979010983,20.944072695893443,21.808727770821946,22.403402327072982,20.203661593948407,21.234396642017337,22.19077155461933,22.418641723423256,20.60753430007135,21.495846847383877,21.522733753162342,20.973256205505358,20.75209862946033,19.002144516240946,20.42933397093115,19.552972754949963,21.665506748740036,20.450898585268256,19.38059452410562,8,0.546804635288558,0.0247821115240655,0.259572233750645,-2.4210836048331,False
P01042,22,Kininogen-1;Kininogen-1 heavy chain;T-kinin;Bradykinin;Lysyl-bradykinin;Kininogen-1 light chain;Low molecular weight growth-promoting factor,KNG1,27.82554448136809,27.708978548790807,27.667060695999268,26.588661593620078,27.30078433238845,26.811316934180326,27.028596198992062,28.17227344076822,26.522876729607056,27.021844268982814,27.156993103262305,27.79361129250874,27.17228180039096,27.330745461863422,27.44518666769799,27.562152966405126,27.66336625827277,27.75994688492265,27.35849787816513,28.045560251979413,0,1.14235299902609,0.186158673208304,0.53240815837221,1.36753195257598,False
P01116,5,"GTPase KRas;GTPase KRas, N-terminally processed;GTPase HRas;GTPase HRas, N-terminally processed;GTPase NRas",KRAS;HRAS;NRAS,23.607199850683074,23.10375277929788,22.010188259694644,21.900735730387613,23.34607575047729,23.82734704399928,21.949487696142363,22.84208149590645,23.16727045395056,23.685939280342847,21.711693277196524,23.038494812899387,20.897932340994974,22.995954825988022,22.7550296926169,22.5383830898579,22.980631706301892,22.924948533059048,22.379000699503987,22.703899652586315,1,0.712132405506455,0.188785627501193,0.53240815837221,-1.35906115003715,False
P01591,6,Immunoglobulin J chain,IGJ,23.368493168894815,26.468595694652226,23.845098286111416,27.305320682348587,25.873290622950098,25.035416862840083,25.293464928074737,25.406990957634214,23.579218669306165,24.85335891403793,25.83245994615828,24.911478698469224,25.11546779654056,23.842163497548935,22.908575800752743,25.649640400199146,23.419738791620308,26.25661142851246,25.757884534991742,23.805760153378564,0,0.719179084342594,0.496135781745682,0.709261894965122,-0.692827801208896,False
P01594,2,Ig kappa chain V-I region AU;Ig kappa chain V-I region AG,,24.383761619195074,23.944157341864265,22.81082608256192,24.912081535877977,25.151116935208044,25.637270868161714,23.20413134466597,24.097621737053505,25.465552381555497,23.67821896341487,24.43500784442134,24.580603845276553,22.75702411262715,24.412112506907338,23.203974783023142,25.06534044600669,24.678574666691652,23.61092155310903,25.02946709543369,23.629109517616932,1,0.822918968121733,0.623507875250601,0.7570989037989,-0.49834356065646,False
P04432,4,Ig kappa chain V-I region Daudi;Ig kappa chain V-I region DEE,,23.396715079718764,20.439858721942866,21.901972301709755,22.017694978016767,22.315290580511117,22.69741846705545,23.3679484511592,22.916824965768125,23.134629784984593,22.069924621087083,21.084236657667585,22.59281818571002,23.82942264113575,21.00450232869847,23.10665975225221,23.064097921564294,23.332211043210425,20.094938582682083,24.045540083171407,21.552752855021332,8,1.16038415281594,0.911650710357303,0.826708499711055,-0.11232458634047,False
P01599,2,Ig kappa chain V-I region Gal,,23.2626988546473,21.65487798976233,21.658577862102284,22.3293992273071,21.659333592298488,22.630486406801666,23.939882934810658,23.695727840365308,22.43392165984885,22.840862449658367,23.33011194658154,22.001400304006896,21.629832333200135,24.198625816128246,21.338685426511756,24.948219243610346,23.632422518049996,23.19144011926451,24.80720520520259,24.93998287821212,1,2.09614486561847,0.051076687399726,0.343437740628752,2.07111516852785,False
P01602,2,Ig kappa chain V-I region HK102,IGKV1-5,23.957536664623767,24.081873374320505,24.00199977328765,25.39838307427437,24.55924211102126,24.027045625235765,24.765498860704298,22.958853420404644,22.839947896336994,24.052733250720802,24.446473883485293,23.643109584238125,23.57857113839979,24.594433055122188,22.94208817122457,25.314313466446457,24.59448918564363,24.106708402415514,25.57998715581615,22.580881864403132,0,1.1257600075752,0.83956732391852,0.819283344390874,0.205015414513338,False
P01619,5,Ig kappa chain V-III region B6,,26.468524854877135,25.766297764394775,25.4772024202472,26.542535379320096,26.429653043132443,26.5535636855086,25.91643798024097,26.021643974497415,26.57856617775667,26.134989600589094,26.533089847861643,26.103918947774993,25.715066266602637,26.472270297279657,25.56646572014831,27.373729625009553,26.40560690118638,26.47980812029349,27.005179723786647,27.26612946952209,0,1.29286034485345,0.127307502631532,0.476445128823285,1.5887617754618,False
P01624,2,Ig kappa chain V-III region POM,IGKV3D-7,25.55651411862153,25.238887902108903,23.967646651878788,25.643494470237865,24.614984312643557,24.51069629577682,24.354790301619186,24.7518799664823,25.39197550475506,24.08812250286939,24.75045167636936,24.918264090424017,24.53982795375689,26.86468361111457,24.551191819557104,26.66480251642296,24.524426939224654,25.37890467015117,26.325865438354462,26.35655918098234,0,1.80381520731049,0.0532903582315517,0.349426255643834,2.04986172771216,False
P01700,3,Ig lambda chain V-I region HA,,20.71762498867597,23.13864588653603,23.01076877479701,24.03791698110831,23.682309726797765,21.31464595201449,21.462659714787776,23.81182913514682,23.30792664506363,23.30091099513883,23.537292838382875,22.26573543961533,24.248928149409284,23.689125211975057,24.64124436427384,24.591578296346125,23.149045412096747,24.067398855321137,25.121153983693187,22.4591162400828,3,1.88127029602617,0.0441201833945978,0.322432542423785,2.14377241752099,False
P01705,1,Ig lambda chain V-II region NEI,,21.0300432920069,19.873060665793776,17.192148031723978,20.35540923051202,18.61801448699471,20.664405145394532,17.046462426151468,17.278465120654612,16.35223986488605,16.85533312674271,18.86934242460956,19.437088360598967,18.101211354475552,18.31953257974548,16.468588248339877,19.606318625707864,17.340041389902435,19.063194178862013,17.915270945175823,17.07454723738266,2,0.529074685952412,0.591093143153235,0.744753316101235,-0.545737739050497,False
P01714,2,Ig lambda chain V-III region SH,,10.290920336783973,19.133760115985474,19.39928120056122,20.601598817209833,21.684316333751912,21.176063525293323,20.049435057996305,19.471920873093254,18.845625212713923,18.68186123801756,20.92639329831234,20.32517454308785,22.564445163641683,20.944173773076248,15.249574425613503,21.28598592766878,19.635982789967183,21.828589147650064,19.771328766438554,18.64500596353275,6,1.76659111985677,0.29817196731809,0.608461038679821,1.06726149074386,False
P01742,4,Ig heavy chain V-I region EU,IGHV1-69-2,23.377331441035004,22.578224893201508,23.686347658998635,24.1348126180237,21.139125160585905,23.48951882938549,21.74615394666377,23.683733923888834,23.1846525321788,23.50170265252456,22.531839940555088,23.99174763863771,23.4656966159216,24.35836376195527,20.168569715011927,23.402980776165133,23.3394266736813,23.28107115919764,23.661638840474243,22.168228645251997,1,1.05247177237672,0.974704312503745,0.843288256353484,-0.0320951921668802,False
P0DP03,3,Ig heavy chain V-III region CAM;Ig heavy chain V-III region 23,IGHV3-23,23.44913873642003,24.846853344656306,22.34070432550401,23.63522993189754,24.008921435684723,23.405367797510014,24.091900899790655,24.215952028335522,23.312352093444428,23.24112869256926,23.679582454202876,23.476990645746323,23.09681251942204,25.4148023303841,21.55013948839437,24.075242303963382,23.78327011662037,23.83480439733103,24.386536234922332,24.78692819264543,0,1.23467010739905,0.685981153441344,0.77472505509616,0.410064897979045,False
P01780,4,Ig heavy chain V-III region JON;Ig heavy chain V-III region WEA;Ig heavy chain V-III region TRO,IGHV3-21,25.052980616690082,25.10175655805654,24.882530797426348,26.023014971983578,25.531093438281456,24.948075743500972,24.33570155701843,24.132124241126736,25.107646606899632,24.288850680582335,25.766736557640055,22.946455503150414,24.617590492923643,25.646655564386965,23.55585018666834,26.18150537061732,25.044083075250008,24.768654346761256,26.027133343183902,25.927628006999253,0,1.23132815649758,0.741750899471412,0.798823546685696,0.333995383202703,False
P0DP04,3,Ig heavy chain V-III region DOB,,22.870188802270864,20.966714861279375,23.13935691227353,24.280435548458442,23.174319237841992,22.44146274653837,20.90621034745323,20.85751924875143,22.364985619107145,21.449308435088334,21.92408880783787,22.47854402324943,22.40775820366747,22.018298705286178,20.68602444270231,22.796137571698303,21.264771031110758,22.312926542803726,21.59110617313116,23.08726566838324,1,0.726556771462117,0.635986348728607,0.7585186811081,-0.480409027561548,False
P01834,8,Ig kappa chain C region,IGKC,32.12956074086282,31.25794424489296,31.5222267325118,31.996785856312744,31.584094057957962,32.032706761671164,31.748151109609456,32.03105355103257,32.205744469587515,31.688216645652414,32.0188780370487,31.19491844112874,30.954208998168948,32.10516314581785,31.024125858315305,32.86366607406282,31.926711534387312,32.09915232863531,32.52524677640269,32.81401377558901,0,1.1879615648572,0.454852116112779,0.689731901520803,0.761697202298654,False
P01857,16,Ig gamma-1 chain C region,IGHG1,33.20056449544739,33.00807395700138,31.9917891666919,33.398590211455776,32.6255662112943,33.442065414996854,32.429189086280644,33.21460839254057,33.17087228981261,32.361491155987906,32.70893703805805,32.47665036016377,32.105125130746266,33.17599120152692,32.08229352847479,33.04767212901275,32.87057072192227,33.2044722748877,33.40793729769523,33.13350488503054,0,0.951750859601429,0.742493095009477,0.798823546685696,-0.332997484872178,False
P01859,16,Ig gamma-2 chain C region,IGHG2,31.043529611364946,31.21279658794847,30.79898572196171,31.309229107381785,30.86616322800834,31.256759565553043,30.669827874597683,30.788725762214803,31.05929776649727,30.16686697303615,31.73947541258878,30.188267131980357,31.023010185780613,31.273766611474542,30.76231339589403,32.35763593142373,31.274036602183074,31.175702799892523,32.26979818916342,32.20133675760498,0,1.54383050151492,0.0181483425904312,0.228081706496062,2.56600614648688,False
P01860,15,Ig gamma-3 chain C region,IGHG3,26.43184644654777,25.5399642150525,26.314450589871488,28.34272306026239,26.677922969606662,28.00605870366957,26.906731634105974,27.140220514627444,28.42497761639612,25.748990512805623,26.863425465136654,26.607989201316833,25.137564006260813,27.26313340082263,25.926155613367424,28.593845681771885,26.75533311485694,27.145785160247193,27.246417570092564,27.40741966022245,0,0.913922747422246,0.87549326975696,0.825812662811676,-0.158640455058438,False
P01861,12,Ig gamma-4 chain C region,IGHG4,25.227497990439307,28.15720764609487,28.109029983385486,27.01349295511872,25.081042467436298,25.26513600604069,27.282482482081523,25.601225793838786,25.494845111979068,26.888648342520998,26.851329677046422,26.216152193097315,26.061826033744147,25.67560791132019,26.112317946944394,27.638173754137533,25.145875073618516,21.752849578658232,27.09713461893982,28.040158060737003,0,0.868773074163134,0.580421112340951,0.741815536043608,-0.561617515824062,False
P01871,21,Ig mu chain C region,IGHM,29.396274264878812,30.572146664535364,28.037437129106152,30.060180325458052,29.809614908365255,29.18833783395569,30.05234836928188,29.364173449951505,28.07081402645858,27.996918026249208,29.909372665893557,27.711474700237606,28.607231735805602,29.432365945765948,26.814229760156252,30.0874407287938,28.456388163482206,29.714879558652015,30.304392052335242,29.565515462913094,0,0.919192583876905,0.623869445158917,0.7570989037989,-0.49782158422088,False
P01876,16,Ig alpha-1 chain C region,IGHA1,25.023702482092094,30.202383405157857,30.518083767604683,31.12187394364618,30.730761615701194,30.54768929988021,30.550188314474664,31.08605536260536,31.05403749720932,30.65996999648202,30.50722665284474,31.301901681721514,28.82695964063477,30.024000735001724,29.788570314846556,31.2532616343895,30.03174508510613,30.309739727109275,30.45462862526768,31.05089924447635,0,0.943454241532272,0.711178896202023,0.788733295532262,0.37541667738068,False
P01877,12,Ig alpha-2 chain C region,IGHA2,23.885044013205647,27.009378331173195,25.296948668442692,25.9711174721544,25.740616341675292,25.860422598560938,26.082770737835894,25.36038583364837,26.16332723258603,26.745574231216633,24.77747893818045,26.678282234045167,25.36651702332899,25.774932312141097,24.878437706545885,26.2238492937516,24.053000489874133,25.80963788875386,26.36429610159263,26.09171818603396,0,0.857723661579371,0.564171496610299,0.732675882289056,-0.586082447231435,False
P01880,7,Ig delta chain C region,IGHD,24.33768048666964,23.192899767880128,22.840243245142695,24.875717763834537,22.012295833576395,23.37518799646536,23.286435274254824,24.574723836494748,27.337838224412593,26.024313369432978,23.618306325775084,22.2900236147769,22.438807404966628,20.002505426966383,24.290072414955134,25.773403002556943,24.863052748414205,21.434381173269532,22.59023756226837,23.457254933716182,5,0.430428477372658,0.098251871340926,0.430059986382201,-1.73163341503359,False
P01892,12,"HLA class I histocompatibility antigen, A-2 alpha chain",HLA-A,20.67641989980651,23.69102439423199,23.97684332993304,25.516797435021353,23.475717959733615,22.806212072051395,23.393801537029717,24.30584734532537,22.800251918293405,23.558177131880402,23.95155786926937,21.611154328809747,23.601582221646233,22.27841373575222,20.605960053773128,22.140712773533952,23.009792444267035,22.39665577524655,23.89626487462593,23.327628891898843,2,0.556567045052968,0.157280127377707,0.515644929219471,-1.46759484163599,False
P01903,6,"HLA class II histocompatibility antigen, DR alpha chain",HLA-DRA,23.746809227697916,23.379182462493535,19.85323719328735,24.780881691564968,21.315196368634755,22.513591427906828,23.642140419790895,23.887780145482743,22.665844448250528,24.8217502115386,22.909473888521678,23.07514524709776,23.859509127619415,24.755147464696215,23.428117502074855,21.95870800584073,21.77243126302485,22.314856129177475,23.031601575836195,22.213707841837792,0,0.762811762118161,0.796844356837273,0.812593916944395,-0.260780770631453,False
P02042,15,Hemoglobin subunit delta,HBD,30.653699823306432,31.959602039554323,31.893726978883393,30.124607394713507,32.103365217066425,31.55849969427474,31.189666248802794,31.564032982106752,30.676449164054112,31.29833532401168,31.748189620881497,31.587375713594632,29.258497660793104,31.695478998920812,29.313062807340938,31.765703731998105,31.72667537741347,31.86536773727747,31.490834433078344,31.141410083115883,0,0.977085513474172,0.672382107079519,0.768734109029445,-0.428976459080611,False
P02452,15,Collagen alpha-1(I) chain,COL1A1,22.222174599622186,24.736615843179038,22.76794489185473,24.771329182070886,24.273283694928733,22.566984201270923,15.969704840717407,24.675019492792654,21.870548062043323,23.566720247633633,25.87727404259718,22.26228748999852,22.64569856311121,23.426759282871735,23.402220726726554,19.76069625677491,24.331291211261497,22.923576702953397,25.500490313171028,24.22817443425685,0,1.39383387229341,0.443446639618264,0.683685726064029,0.78137765924994,False
P02462,6,Collagen alpha-1(IV) chain;Arresten,COL4A1,19.6624191283181,22.624017991199768,20.931385006683257,21.909114857800116,22.562223886699087,22.582727749525702,20.975459689880335,22.16910821395884,21.875971491386572,23.850753795773688,25.92664600615678,21.131015251212737,23.757158325679914,24.66685677293777,19.137282742906603,25.1833690682418,22.901369311318845,22.203810707232783,22.33752695076285,23.107856895572148,4,3.35348964433395,0.121625999351766,0.469229580064874,1.61435923002649,False
P02511,13,Alpha-crystallin B chain,CRYAB,29.92258486727082,29.674909008826017,29.64561442023609,29.400351878518467,30.223262832172214,29.992328327232315,30.35104862426531,28.693600707164908,30.177919470884905,29.090171096747248,29.555232452446344,29.88333186522352,30.38034088261581,30.103204292779782,29.51505417214655,30.05497147262314,30.403526180894445,30.244012029353,29.6918586306712,29.56948734514899,0,1.13221157659632,0.275497462121188,0.592304662705395,1.12017628228403,False
P02545,46,Prelamin-A/C;Lamin-A/C,LMNA,29.968538371453416,29.537505907573085,29.675208929933614,28.518063654827735,30.075702727157736,30.00935588858578,29.08213080492606,29.677705135427008,29.766202024253893,30.26669527980092,29.81678113875623,29.755066875310828,29.027364626060344,29.707164895803306,29.82647858336503,29.131666892566777,29.61407853524973,29.229778491496326,30.424487660443717,29.157547536959044,0,0.931695497836351,0.676043703921728,0.770266151119016,-0.423869030488798,False
P02549,55,"Spectrin alpha chain, erythrocytic 1",SPTA1,23.74829386383705,26.30770521842001,22.330567854102615,20.282576726692298,23.38776327624389,23.88122333915883,25.308315373841257,25.54633612525398,23.789465860870695,25.49711860773768,21.343086632409566,25.4838762355228,21.077336249742142,25.27910729747023,22.19087899420379,26.056682692633476,25.901641987982682,25.751903233118913,26.21951987282836,26.491172293497417,0,1.62369503120619,0.384957703613104,0.65469462881483,0.887636794445598,False
P02647,26,Apolipoprotein A-I;Proapolipoprotein A-I;Truncated apolipoprotein A-I,APOA1,31.40880889594776,31.023956998608035,31.26607578856986,31.231884131031585,30.692741532859497,31.355897418877834,31.19896786426802,31.996571776684483,31.164948074401984,30.583579659578962,31.01465375288966,31.459737747233923,30.883195644477453,31.51477144340282,30.628126808332734,31.30562257525244,31.127579822374177,31.599979447676446,31.55383836029742,31.82854986874689,0,1.06551269240181,0.546550544691587,0.730613623538725,0.613027904362107,False
P02649,15,Apolipoprotein E,APOE,24.87193775776673,25.45209647971291,25.398553589352808,24.268447601225915,24.68007934086544,25.209157882973688,25.396973756568926,26.46465895474692,24.47196889120253,25.356837294728237,25.462635975632328,24.67446158338179,24.173616676573516,25.36932070117953,24.462047215476147,26.60678377649984,25.644050320474204,24.99200915533666,26.098815142124423,25.672013242468484,0,1.15124968917002,0.547795107315326,0.730613623538725,0.611109869760527,False
P02652,8,Apolipoprotein A-II;Proapolipoprotein A-II;Truncated apolipoprotein A-II,APOA2,29.151773585778837,28.918600398245093,29.266616905039715,29.471794033396204,29.286684135343595,28.44468340698647,29.134623039538997,29.818732045596654,28.67681614351138,28.088655147539104,29.023828380478925,29.753149013675593,28.63871574020518,28.30553641723234,28.9731136214304,28.915876021225206,29.17338213220944,29.819455802655526,28.660794448677574,29.536664252536333,0,1.03893040108634,0.799337942370676,0.812593916944395,0.257504320227024,False
P02654,4,Apolipoprotein C-I;Truncated apolipoprotein C-I,APOC1,26.25780372117552,25.130643519493695,25.49456831473037,25.677162949978747,24.085053902678034,24.750922094499977,24.074395518384588,25.68258423777466,24.449728759909647,24.30625440225854,24.594574910506655,25.18188301302705,23.641163226222858,24.586925367023767,23.834778744269006,24.955273836873218,24.2388972823954,24.727643174648957,24.912262195303484,24.316625832034124,0,0.6573835908474,0.0840744145309086,0.418710352294526,-1.81501212825575,False
P02655,4,Apolipoprotein C-II;Proapolipoprotein C-II,APOC2,24.145132361691253,24.764230273297333,25.070074250764623,24.13650473062782,23.51078405504614,24.136413448461262,22.325002986609977,24.778339421933264,20.999638825373665,22.09636385332388,23.977267238496154,24.726278224853793,23.910551442769847,24.299012791497034,23.804494065349218,24.640290970620725,21.82763923228769,24.19693708101272,24.272702645003907,23.86171080832461,1,1.04791140523731,0.412149065657916,0.668891502267805,0.837045625208316,False
P02656,4,Apolipoprotein C-III,APOC3,25.49258599194894,25.870610400633105,25.54760783537192,25.951786105136254,24.809261325208325,24.556087135895854,24.49448760726495,26.72858487616038,24.705184381867284,24.638837925757933,25.42641045447775,25.145545089147944,25.239744401067288,25.91893618013216,24.788606296316818,25.82581068543739,25.74258969459279,25.89876003009018,26.14625821293842,24.744495888798685,0,1.06436225767295,0.447874644901913,0.685569866640652,0.773700780237623,False
P02671,35,Fibrinogen alpha chain;Fibrinopeptide A;Fibrinogen alpha chain,FGA,29.698307734442157,29.8044239105998,29.034242334251218,29.78665505061598,30.1792803956326,29.62687075844076,29.092473801901836,30.296551226047264,28.911162844761826,28.94921056905053,30.469632286564156,30.297945693004745,28.908089823628295,29.28700146880366,29.250240887467267,29.21701748035644,30.103089040659977,29.740272971781767,30.857434533499376,28.548347247523385,0,1.16649620865086,0.637475173687629,0.7585186811081,0.478280004544317,False
P02675,33,Fibrinogen beta chain;Fibrinopeptide B;Fibrinogen beta chain,FGB,30.475745282458067,30.27106286128057,29.770272727491587,30.135225253428786,30.65613446879283,30.268998455343482,30.01665997531622,30.759513992782978,29.73183773392065,29.811224327474264,30.947706604430973,30.70457769484853,29.795104451217302,30.316910293360667,29.896241904546574,29.89536886920511,30.75403236575123,30.71265016660569,31.42088743314561,29.573328452444088,0,1.21613037912153,0.339022620129994,0.626458497370308,0.978767162830333,False
P02679,25,Fibrinogen gamma chain,FGG,29.878318626320663,30.15543396164661,29.237850181578562,29.82922598735194,29.965073500033014,29.844741920387385,29.744164660427817,30.50667976948517,29.32879533018119,29.562984005552128,30.47709515322202,30.163413127497552,29.25798664064222,30.065422568322273,29.34561838571092,29.926149546952733,30.304283509756115,30.387703423857182,31.06678626629263,29.38306178694679,0,1.22438972367219,0.277113470995777,0.593267493743694,1.11630232220086,False
P02724,2,Glycophorin-A,GYPA,23.71020848814021,23.943426604351362,23.27123779297665,23.778776007149037,24.333521579469362,23.885428007949393,23.829267967464638,23.97511152447034,23.722773703452898,24.084221005825498,23.56146480667511,23.973739463459978,22.511707766134847,23.959249333969126,20.44780067730535,23.52277619493729,24.187708203640526,23.815404721012346,24.091348173599734,24.722075907571234,8,0.935155971658664,0.292773981216174,0.605169374727376,-1.07958717375517,False
P02730,22,Band 3 anion transport protein,SLC4A1,26.848221061722466,28.195456833081227,26.293280124889026,25.010681716308305,26.771773990216893,26.258786744106615,27.704120205900733,27.78976723615789,26.835706751565183,27.39011432479221,25.022827357882825,27.184034454688266,24.43657722262799,27.82659723111931,25.01221128238026,27.705665066574834,27.91344971866715,27.891367425735893,28.038021525271592,28.097731372791397,0,1.18795292916921,0.994036032026322,0.843797505224354,0.00756580205521216,False
P02743,7,Serum amyloid P-component;Serum amyloid P-component(1-203),APCS,25.163377733386394,25.380775690747143,25.076013772591658,24.782179419660466,25.66608865359156,25.524678208468124,24.482592168499906,25.161734072101833,24.169390505824936,24.298534960917447,24.730567539883577,25.944909723811865,25.13548825681165,25.035069803356173,24.73986542455267,24.512207286466477,25.080047438388693,25.449336844378394,25.035222960638404,25.036496634286248,0,1.05242718558943,0.640304463321785,0.7585186811081,0.474240290667985,False
P02747,3,Complement C1q subcomponent subunit C,C1QC,22.877963342472405,24.497757277285046,22.694955620370635,22.904315719367375,23.075323635555474,22.359822443973947,23.32475244161128,22.225039921124065,23.479082300031806,22.472605900772752,22.91310609604664,22.38139123713389,22.69587624730158,22.154742108695107,22.592535874111796,22.869569267077576,23.615395233690016,22.099477857011756,23.785951802602256,22.049510420765625,0,0.804494109105269,0.367846414723913,0.645446865644454,-0.920683311831225,False
P02748,15,Complement component C9;Complement component C9a;Complement component C9b,C9,24.616307203463784,25.578031878239255,24.567328565727298,24.3933674566432,24.448912330300065,24.37004312282688,24.09136542793116,26.20662417463355,25.074709563708076,24.914328244752284,25.8412742023643,25.303251319628604,23.566178130866138,25.568293774906536,24.2016634808919,26.57627621789908,26.76637783309573,25.654012103551675,26.398604434640454,26.8707533806625,0,2.00623002036034,0.0109311752741646,0.1888961215003,2.79623473987208,False
P02749,13,Beta-2-glycoprotein 1,APOH,26.14743155255739,26.854841817586024,26.061505189903176,27.50485998113823,25.58761806069918,26.14130820265127,26.672081747014246,27.671025109572867,25.90244120699083,26.907496307559786,26.548269493242255,27.00404988242084,24.7557891487189,25.99830949424472,26.605592472547087,26.632578967234437,27.476600222752737,26.745462036680618,27.006717633679582,26.904228801122887,0,1.00375746273676,0.937817867643867,0.832868896373937,0.078968506683037,False
P02750,11,Leucine-rich alpha-2-glycoprotein,LRG1,25.192025984369685,24.216198076178436,25.788191596161074,26.29281796475255,25.718406631804907,25.760346098519264,26.009096218004853,27.264215143727366,25.727658466859317,25.102535482368182,26.872690821175315,26.685965608114497,24.963509279561727,25.05098843439271,24.97784715453647,26.2775035019529,25.725678161032768,26.017212017336806,26.532871836735556,26.075694808864935,0,1.11674195060444,0.510574355305384,0.718858449781335,0.669530183405623,False
P02751,25,Fibronectin;Anastellin;Ugl-Y1;Ugl-Y2;Ugl-Y3,FN1,23.116620311325487,23.953768548572825,22.50036462928319,22.374577703370704,20.114452462160497,23.1980647454833,23.691114000513586,23.942287048840004,23.538245297408515,24.547544312626236,22.491108305907588,23.24437333944802,20.579228730090545,24.166187414891677,24.844780136426508,23.193828370597068,24.196220899274245,23.614747064242515,25.10954795774059,24.46082586009006,0,1.46971629895975,0.324986623881597,0.619186017833498,1.00828439911623,False
P02753,9,Retinol-binding protein 4;Plasma retinol-binding protein(1-182);Plasma retinol-binding protein(1-181);Plasma retinol-binding protein(1-179);Plasma retinol-binding protein(1-176),RBP4,24.36267307942674,24.723480698179713,24.60323996402815,24.595982470000642,23.98832913121631,24.46482287800167,24.90770141089479,25.52041905639189,24.588562768940317,24.846582175249495,24.411691748988382,23.902609707193065,23.289167996995346,25.12005676375414,24.16886609118018,24.4153603004899,25.472197969497316,24.943136321252865,25.069907326808305,24.715764561846257,0,0.973125937285639,0.621348641720231,0.756189145336418,-0.501463651058253,False
P02760,13,Protein AMBP;Alpha-1-microglobulin;Inter-alpha-trypsin inhibitor light chain;Trypstatin,AMBP,26.53547612885074,26.32449980376086,26.996555254127077,26.932898309029287,26.612988823499578,26.686046020570164,26.537775196452127,27.308860761907198,26.783501492097873,26.658971560162332,27.02787461617822,27.10891541614842,26.043123829917665,26.12451067143174,26.570991431551523,26.010518225207104,26.535624246957614,26.54190220665771,27.314544304432527,27.020210315901178,0,0.956189669983603,0.563906675353918,0.732675882289056,-0.586484125128499,False
P02763,10,Alpha-1-acid glycoprotein 1,ORM1,29.078114318147186,29.066388977774402,28.947983491567186,29.89296036441946,29.477264021551782,29.282951867575168,29.157624472403988,30.031222917880985,29.156542248161713,28.558926677417524,29.51929141799921,29.035283730588553,28.916101408343053,29.437092385481947,29.43194426631913,30.042407441303,29.490159713474497,29.378767586802173,29.48239823571777,30.113364790617148,0,1.15035727322108,0.215849083156639,0.55792310220854,1.27678409104473,False
P02765,11,Alpha-2-HS-glycoprotein;Alpha-2-HS-glycoprotein chain A;Alpha-2-HS-glycoprotein chain B,AHSG,27.94148369835205,28.447104539406187,27.927024297621404,28.376811006983502,27.942565744126718,28.280488929341132,28.648274171706646,29.01818010826531,28.59233859676397,28.39911160168049,28.19239481317973,27.87187862609761,27.777012092956475,28.999859336118455,27.972678210344036,28.892330948195838,29.01365447927323,28.999540458280737,28.845755581779787,28.928085542297804,0,1.17488093600438,0.203364857522668,0.544755748559004,1.31367051846424,False
P02766,7,Transthyretin,TTR,28.243180212046706,28.505977607336273,28.597834448199432,28.6422146276329,28.19879034433214,29.043061896983424,28.73685418593891,29.43137076064263,28.053917969415217,28.881234263733507,28.124255090774945,28.315312370162186,27.900601092325537,28.35548945752189,27.746493480577666,28.331559108307765,29.108691746889356,28.66732320918428,28.627636270293166,28.600639544527194,0,0.833882363999729,0.108309142243474,0.448072365279072,-1.67854952572341,False
P02774,29,Vitamin D-binding protein,GC,28.69253550352263,29.201638768636872,28.865255001227496,29.216417388927315,29.008457278168027,29.585568477299546,29.477196806735748,29.868112525168186,28.99729271265052,29.326226384528816,29.133444869428963,29.0820768101663,28.9390936199526,29.5447226960033,28.90645354560152,29.811081895196548,29.173595982029862,29.27592013158379,29.761297015090097,29.50785161808991,0,1.05944803893352,0.500212844250696,0.712901083529544,0.686210591930301,False
P02775,2,Platelet basic protein;Connective tissue-activating peptide III;TC-2;Connective tissue-activating peptide III(1-81);Beta-thromboglobulin;Neutrophil-activating peptide 2(74);Neutrophil-activating peptide 2(73);Neutrophil-activating peptide 2;TC-1;Neutrophil-activating peptide 2(1-66);Neutrophil-activating peptide 2(1-63),PPBP,19.926975115446382,21.48603281986883,18.371565962874406,21.35213771567761,21.573136936559766,21.04696726400813,20.73967604241449,21.149440282184887,21.44731698169849,19.28947017320227,22.60225255214453,23.401447339762658,20.769186470580063,22.38984966632889,20.227005361023938,21.877937673514527,21.448935527769912,21.885275511747025,22.894092364335876,21.950795494586636,6,2.44253250462684,0.0104842449295778,0.187017232351442,2.81493019995301,False
P02776,2,"Platelet factor 4;Platelet factor 4, short form;Platelet factor 4 variant;Platelet factor 4 variant(4-74);Platelet factor 4 variant(5-74);Platelet factor 4 variant(6-74)",PF4;PF4V1,21.427015170235304,22.068370192419305,20.625598683457035,21.50876328276869,20.608403212992027,21.924051631912437,20.754295205272985,20.136483734037984,18.533472839966482,20.46843405807611,21.578582314954446,21.319959636649134,19.844941842559095,20.720979419081498,21.96663923778987,21.24932777057587,21.08796923338796,21.285349802718905,22.333610838041007,20.60093593409629,5,1.20422163503288,0.319245419790057,0.617357741330602,1.02061420207468,False
P02787,56,Serotransferrin,TF,32.70875111597661,32.1176738109269,32.577578411650826,32.3530104012735,32.62879011216859,32.554895113001436,32.613489502999016,32.843488886578605,32.207210896426965,32.74756626617554,32.43893508464407,32.84019955575714,32.43768422108466,32.59090368833606,32.42777735406527,33.502430449594364,33.009904786335106,33.26966391070815,32.89788065665688,33.21307908270374,0,1.28163471560702,0.00847375942638742,0.179922858472445,2.90973962396521,False
P02790,23,Hemopexin,HPX,31.017873610104928,31.06510892303636,31.056862459325103,31.079070106179692,31.008374770087542,31.03952884933237,31.191375227271838,31.41624225371022,30.913128990312906,30.819016228839352,31.2339178350097,31.396673089841432,30.840903248738474,31.061687815125868,30.92868425350619,31.38388014343785,31.45664300924496,31.2519019378633,31.38820473394823,31.42558129583134,0,1.13487312130461,0.0819600569653742,0.417224105855535,1.82847506688443,False
P02792,10,Ferritin light chain,FTL,27.88959200577558,28.545217523562997,28.034078307755575,28.831953524142946,28.27667106880667,28.594778686411907,28.826882579212516,28.44530040868149,28.126848879665378,27.62785781132827,28.276174023917,27.236926843786843,27.404896908191194,29.29588044646705,27.845800680766654,28.337292148184844,27.27434572156294,26.934859306101117,28.017527087651164,27.255171485466946,0,0.756793995036332,0.0416746349805431,0.314522477872934,-2.17179741253924,False
P02794,11,"Ferritin heavy chain;Ferritin heavy chain, N-terminally processed",FTH1,27.100930470682677,27.674826464553295,26.21498823468181,28.07539458832673,26.695303059824678,27.96260487268183,27.468137971745605,27.708956069411446,27.391246325420457,26.75910637841897,26.903455688253416,26.191335636050614,26.333052210694206,27.479360302740343,27.306198713445372,26.529889009053036,27.026592681750977,25.781878316062556,27.36238950254839,25.725393879517277,0,0.649768033568344,0.0249252761683674,0.259572233750645,-2.41837537031815,False
P02795,3,Metallothionein-2;Metallothionein-1G,MT2A;MT1G,20.248111089103947,20.79795452378945,20.739943524937715,20.48514787454147,20.64390297184288,20.219274583305168,20.497835175431824,20.791478960171208,20.00350424538703,19.837657171643865,20.765788412426947,21.035025513374425,21.478340968738227,20.566989826126868,20.953250732981402,20.68071523492827,21.000873031503424,19.269848116543674,21.701947094952303,20.958875597334583,8,1.406619043588,0.144367451173034,0.497801806304702,1.51723394126313,False
P03950,2,Angiogenin,ANG,21.79858241930761,21.708703819445233,22.129662529155702,21.924397036129,21.203764283584725,22.252275356680276,21.696387781728433,22.281097541268373,19.989609803728648,22.278505359282345,22.59692424482873,21.28977197304122,22.607723682077946,18.517960263120106,22.564063006090155,19.255193315164856,22.027225196057405,21.84997620434434,21.99455787678763,21.282803764422013,5,0.989559449859134,0.519762691543846,0.721310207615658,-0.65489679412651,False
P03952,13,Plasma kallikrein;Plasma kallikrein heavy chain;Plasma kallikrein light chain,KLKB1,22.17625716990092,21.431419818390026,21.535459296879694,21.825778982969886,21.702882290389695,21.703717589391143,22.000287977414985,21.54709436095803,21.011032216515773,22.310061684281717,20.7196226927965,21.85435640071093,22.150582784604474,23.17498634146845,21.7193851589201,22.78651120920717,22.384842219288156,23.338413713325,22.44375677987212,23.414299590541187,1,1.77178072413169,0.0302075516131571,0.27325797600272,2.32735052368977,False
P04003,16,C4b-binding protein alpha chain,C4BPA,23.078355341596488,25.638627915821903,24.674256723658033,24.932338308584463,24.265866676442755,24.328318985512784,25.71283874165753,26.02222577968877,23.933939305427277,25.059765353325208,24.951212883725052,24.355136268422193,22.77694551207994,26.141936889904155,24.244894330675276,25.20596250685574,26.047111474115486,26.14543809833602,26.11331505112148,25.713207901832,0,1.38659511003815,0.294367804618629,0.606452439173249,1.07593097040173,False
P04040,29,Catalase,CAT,30.709048957571632,30.157404587606457,29.885761307264815,29.35721713291887,29.789237835307375,29.60735040145613,29.99255432701104,29.612326451643895,29.367607425663287,29.31748057911234,29.610839989633202,29.64576763463405,28.696010395336533,29.746142250822516,28.728553627924654,29.98200954485925,30.01573145055866,30.10866808479543,29.254093021375787,29.688040111320785,0,0.856688527791782,0.21654708702133,0.55792310220854,-1.27477110617962,False
P04075,24,Fructose-bisphosphate aldolase A,ALDOA,27.448343537124764,28.756346674221497,28.179537958839838,27.999439774633554,27.52395421926427,28.009957786028586,28.260062556232715,28.044842466550183,28.11473159759577,29.046364505631225,27.686314129097386,27.199815679888655,27.525443885815825,28.3163659952772,26.776284296603414,28.72023286249355,28.368890167559037,29.201419791272762,29.213049457070245,28.163484167924167,0,1.07254466276921,0.922097128321764,0.827857818900173,-0.098994683741581,False
P04080,5,Cystatin-B,CSTB,26.78863912919505,27.353324797581717,27.719308989367573,27.17451485822405,27.76603338606828,27.183449674412522,27.502086802486456,27.64091661727641,27.376584804832742,27.651598083007617,26.974452024343165,26.29120739680236,26.29215266380956,27.521870734963233,27.222508897552117,27.69937641152128,28.086058296948064,27.480594472987864,27.734085243911736,27.827746138898306,0,0.984721609811129,0.551303152787601,0.730786710248407,-0.605715914715045,False
P04083,24,Annexin A1,ANXA1,29.23064920820909,29.948292728675966,29.5034815708151,29.59958685357858,30.258701775071586,28.956299441415947,29.979840301297852,29.864188199818837,29.7707050694401,29.34877670960188,29.462357595092264,29.544199603011894,30.28524234224002,30.263920571206192,30.280379432604963,29.70035145044714,30.390798186772567,29.792794133615537,29.69564947184836,29.639859502289905,0,1.19109016633389,0.143805538574143,0.497006182878051,1.51947551704704,False
P04114,115,Apolipoprotein B-100;Apolipoprotein B-48,APOB,26.52949843689518,28.37932430414153,25.998809491872517,27.557675341700897,25.942128113613876,26.619043225432957,27.9296129395778,28.10568181921252,26.334048900076013,27.541351424189667,28.040383611084803,26.19115737621567,23.58208838422978,28.438169244336333,26.937250251864178,28.465025902554906,28.949713081031504,28.603390387350483,28.28755934023096,28.023969394853353,0,1.61803417837543,0.343332264248252,0.62953495777516,0.969873997831942,False
P04179,9,"Superoxide dismutase [Mn], mitochondrial",SOD2,26.417823720606545,27.405659586352716,26.26014513505304,27.267984531075612,26.10424562968354,26.593758753502062,27.149991306506724,27.559397744267205,26.435625849091938,27.013488595541386,26.33615419691264,26.001336398665217,26.02775105212157,27.123183486613254,25.595755597884516,27.081197027101,26.723903628163416,26.03828384352368,26.667301285077595,26.944453499410574,0,0.776120742605648,0.112216438411231,0.452941459078393,-1.65905381568412,False
P04180,2,Phosphatidylcholine-sterol acyltransferase,LCAT,20.517602499693417,19.145480438114102,20.43013744234637,19.46886239611665,20.2252018166754,20.05675568495618,19.911376836869113,20.0632918492713,20.53861973756246,20.74795281876392,20.21201423019344,20.391118204687206,20.78622090872639,20.1945991915943,21.187974060671444,20.248931158990892,20.230975411141788,20.989337408495167,20.50400992172782,21.064303370684783,10,1.36326895055356,0.0746445427096483,0.401100882140137,1.87751990351133,False
P04196,13,Histidine-rich glycoprotein,HRG,25.72177470821471,25.9758951851761,25.4572291273614,25.728075628971045,25.236622962296675,26.11131791623625,26.086218119820018,26.5174559811939,26.25799710740622,26.435610297814296,24.399200804805183,26.161256690520354,25.7821864797956,26.2018013228097,25.81382320535906,26.068349131192072,26.910065396066702,26.219707246898334,27.42245569526149,27.59524214457608,0,1.4083936943291,0.201047464990528,0.544755748559004,1.32071076982035,False
P04216,4,Thy-1 membrane glycoprotein,THY1,23.408902281530345,25.173182520417306,23.86345598557992,22.527257421197984,23.93196547973349,24.5473722696038,24.28145591377531,24.31963949130506,25.00310808363485,24.549896533322674,23.319630418490892,20.789304125178308,23.986131494981137,23.867172291785735,25.207865383035806,23.43899057454536,24.288458542594434,23.408406387671977,24.954236818599252,24.62078187653631,0,0.876075252704845,0.387969542233416,0.657189567517688,-0.881921037162157,False
P04217,15,Alpha-1B-glycoprotein,A1BG,27.58339714116389,27.887975561420188,26.98468783249551,27.837880765542913,27.108193151711056,27.785097169714994,27.572362215808816,28.377645422629005,27.281486022806586,26.967233538537155,27.773776970347726,28.03833060614742,26.66786976253817,27.63026082622024,27.529524383665233,27.9652590810075,27.922893979585854,27.5585694009209,28.261045782017554,28.846179112156378,0,1.24052556961457,0.194274646952373,0.539227987617833,1.34165811695234,False
P04233,3,HLA class II histocompatibility antigen gamma chain,CD74,19.557774809147652,20.818249179717323,20.042279900140443,22.817659634468924,22.079498554361784,22.735329812459344,21.247048554026197,21.382843460438274,22.24502352139602,22.182162221611193,21.698138752279988,20.756663763630353,20.332467268213186,22.629935908534858,22.47249538323192,20.90358937601008,21.4414748506786,21.055682552131703,21.76808932078415,21.38857909260891,5,0.857191589629848,0.872771975038646,0.825812662811676,-0.162139456175831,False
P04264,19,"Keratin, type II cytoskeletal 1",KRT1,22.77286411625848,21.165940144921144,19.610555592938095,20.815590951489455,22.872613914036545,19.22333537071895,19.73803490653834,22.23684318055204,22.453561266470874,23.397936963372338,23.318560947403874,25.8429770620577,23.723566552911507,23.637747606263687,22.689327607173414,22.076869598458515,21.804070188169597,21.304045484382154,21.919733923420083,21.48219853509278,0,2.82992929973119,0.0211949459214443,0.244466286728116,2.49418746516698,False
P04271,3,Protein S100-B,S100B,25.06335509764525,27.272427284043175,25.61135442839618,26.652953827245316,27.00384057957994,27.823146680660813,27.720931662941116,27.15264575608469,26.654601799014404,26.640144789860248,24.489398613776764,25.756125993215402,23.91905804635777,25.832875275260808,26.065658945398663,26.634568386265567,26.883224265893116,26.268392328695622,26.87145471288333,28.01163678594497,0,0.710421161585938,0.0482446436876565,0.332092812787646,-2.0995471675517,False
P04275,61,von Willebrand factor;von Willebrand antigen 2,VWF,25.990763693078488,25.598738985807763,25.026216010708474,26.547297620739737,24.951359262405703,26.854978162976458,26.689876546046563,26.503330221862424,25.1991575011716,27.043359125123526,25.003059121675946,25.545694262510388,24.58034536717484,26.855539706818185,25.814671537638347,26.430578334729166,25.657201015899087,26.549541826705354,26.939250337416777,26.1548584494314,0,0.935372961235881,0.768120399284439,0.807231985594737,-0.298744528413586,False
P04406,16,Glyceraldehyde-3-phosphate dehydrogenase,GAPDH,28.214488206717984,29.590743213914035,29.1261364747668,29.47286178919475,29.527413091793505,29.102334701191857,28.72907625700596,30.097315478621525,29.30877202260847,29.073322233428616,28.95284221492938,28.90155949843815,28.526651193642984,28.55940560094434,29.07195521388193,28.867816755366327,29.86167262160605,29.06601548159176,29.475636443195565,29.768144629428114,0,0.91415962506955,0.547638105770524,0.730613623538725,-0.611351702064118,False
P04424,2,Argininosuccinate lyase,ASL,19.90173591821936,22.967491408373153,22.313822704783217,22.21888624264185,17.67242125425036,17.85776525965801,18.766622840455444,19.19648188772661,18.352066117728636,22.578926652097667,19.487624219289156,22.758066551871792,21.49586654221551,22.10780495689195,18.45719705698365,18.600790212859817,20.164432280249457,18.828038376935204,22.331827526874775,20.252497994452035,10,0.8853672541335,0.727624764069628,0.795870457583298,0.353055893772611,False
P04430,1,Ig kappa chain V-I region BAN,,21.494061593019474,21.539891537774952,20.697940576346625,21.76323618933713,21.051638203477406,19.946516509157313,20.782234120624878,21.626838507263464,20.753364036690368,20.479203200731387,21.30237973328912,21.182590269250447,21.376494834524564,21.535517597918385,20.23167101416503,22.62295340938796,20.144025397223846,21.894022111083515,21.45493350447699,21.485072300441526,1,1.28905561202405,0.331436094728729,0.621344828365596,0.994613702848655,False
P04632,11,Calpain small subunit 1,CAPNS1,26.020966932776993,26.366672722511414,25.704955736687523,25.83346695936596,25.994296025597553,26.820097385876768,26.85492981747204,26.8580652256489,26.823622021779116,26.807911499520344,25.50968869040611,25.877887585001286,25.849943838681067,26.937451789226774,26.33818893792691,27.040631816413153,27.16999909118906,26.73572404068976,26.576896803720004,26.492694284398034,0,1.048083456546,0.786226543068279,0.811510678024041,0.274765352207285,False
P04792,18,Heat shock protein beta-1,HSPB1,29.455390868629674,29.382073950295503,29.498110498587813,29.562561029816457,29.43651302174021,30.061452687887133,29.916187611996683,29.851967291665662,29.527673542589454,29.923004402315804,29.271932879145194,29.55086379271956,29.247842426724986,30.134137601099233,29.512387754029213,29.994191169712405,30.047582920968676,29.812576232539147,29.26587018915214,29.910258545325934,0,1.02148528970083,0.91693854237011,0.827540449847929,0.105574716333015,False
P04843,8,Dolichyl-diphosphooligosaccharide--protein glycosyltransferase subunit 1,RPN1,22.15234608613664,23.111449954260387,22.652299330728376,22.7826873785305,20.64851348630378,23.093998006456292,23.283039456268344,24.057314898543837,23.95725443041626,24.249594811197632,22.63956438044092,21.06752972649775,23.779960761649377,23.69847201967193,24.33486642721628,23.15712186307289,22.176757258738956,23.641526614923826,22.121294294105258,23.623340800586003,0,1.0053742762294,0.950100199127832,0.837319346889102,0.0633459058663989,False
P04844,6,Dolichyl-diphosphooligosaccharide--protein glycosyltransferase subunit 2,RPN2,20.968872701469376,21.910423593760505,21.180391933370213,21.667703538550224,21.4614390543901,21.59235233045108,21.53516896716428,23.284787486678173,21.30603587149474,22.191773977492733,21.25692222125195,22.178130991562448,21.311298849451187,21.459998163731306,22.26768652438982,22.312682144413152,22.23677680735299,20.748538248870695,21.574492949368608,22.567540804159776,1,1.01685285081581,0.792628553234638,0.81186965806444,0.26632681381808,False
P04899,15,Guanine nucleotide-binding protein G(i) subunit alpha-2,GNAI2,25.437973528055938,25.50634255766681,25.763788427775104,25.86476017963474,24.250694062626632,25.530651781892036,25.41259711214325,25.186926339345597,25.23434958144315,26.302795062159447,24.944226453408945,26.06077725817183,25.927343393745872,26.16936198456504,25.8996149538104,25.688481274603763,25.649251181278327,25.411653532972906,25.08111418761891,26.00023258437197,0,1.15134849735643,0.300680635353991,0.611114865961753,1.06158771206946,False
Q99878,5,Histone H2A type 1-J;Histone H2A type 1-H;Histone H2A.J;Histone H2A type 1-C;Histone H2A type 3;Histone H2A type 1-D;Histone H2A type 1;Histone H2A type 1-B/E,HIST1H2AJ;HIST1H2AH;H2AFJ;HIST1H2AC;HIST3H2A;HIST1H2AD;HIST1H2AG;HIST1H2AB,27.2295146767441,27.69835200570774,27.11462544627901,27.327341290279488,25.587912566393733,27.382717982067707,25.890010204265547,27.406726407731895,26.235131841750814,27.904320965500318,27.62512986432884,27.201207326898807,28.22408528090349,26.398388168567248,27.17581566210407,25.757348257966527,27.482066949116856,26.16753227110137,26.432654326303712,27.11647782892112,0,0.990540096593217,0.950766301496499,0.837319346889102,-0.0624991511910564,False
P05023,14,Sodium/potassium-transporting ATPase subunit alpha-1;Sodium/potassium-transporting ATPase subunit alpha-3;Sodium/potassium-transporting ATPase subunit alpha-2,ATP1A1;ATP1A3;ATP1A2,23.728748056701274,22.76896458346747,21.22705797996863,21.977098112939814,23.04718997863819,22.57805937256042,22.360167993651157,24.792135791123584,24.179498112638093,24.709486792363528,18.1459459322796,22.40824650940847,21.431155879070573,23.645836561219465,24.863689500199264,22.697272083148558,23.446603268543186,22.193820445686043,22.59081669428068,24.65297319952799,0,0.875520521341823,0.41586684646805,0.670306432105353,-0.83029689590637,False
P05090,6,Apolipoprotein D,APOD,26.815222563708073,24.862515745471445,26.177905698912593,26.447279158387893,25.321174797401817,24.463665414869528,25.247132689151467,26.06753290414917,24.876270078644044,24.61158594062003,25.66749492159976,25.49790378344066,25.231161025538842,24.64499607471687,25.00702505762144,26.401604158655257,25.07316803947387,25.14017235908412,24.5598667889226,24.456048788602736,0,0.746276110053439,0.275635426903003,0.592304662705395,-1.11984489891498,False
P05091,26,"Aldehyde dehydrogenase, mitochondrial",ALDH2,29.721365312415458,30.930426307882446,30.401888007166786,30.487769409706434,29.796582573367562,30.136166976950413,29.99098520546322,30.11233586459472,30.38723268791742,29.13606632395162,28.765706954161963,30.342740198595404,29.880542275921613,28.99899623439313,29.777259251445408,29.017046623125783,29.71846136650043,29.738767384106602,29.049082792294293,30.008040520818753,0,0.674365606187232,0.0154396312316708,0.211679581794544,-2.6401006209276,False
P05109,4,"Protein S100-A8;Protein S100-A8, N-terminally processed",S100A8,20.791489145773383,23.38597517991696,24.151181802548177,22.251932514442903,23.260674148808814,22.69664113580936,22.742526494066464,24.081452446631975,22.774957853005457,24.927775243567964,23.49718976031528,22.166556266491533,21.98681150968568,23.89005339850185,22.02813454032987,22.262539535341695,23.32101060741892,23.073388329215486,25.828088648849114,25.123214528317813,1,1.37458454376726,0.674835940111394,0.76968146506879,0.425552419889061,False
P05141,11,"ADP/ATP translocase 2;ADP/ATP translocase 2, N-terminally processed",SLC25A5,24.495093616494707,26.36148513066596,24.904518453804336,25.359935609398537,25.198481795960987,22.760702932112252,26.070614144529227,24.62724968541721,26.318241304073563,25.88197349881331,23.04977203104457,24.658856015497808,22.520642396296445,26.075758567089945,24.931412171410933,24.75079877260937,25.25560759497663,24.594064634096675,24.990203736594587,25.44531555073057,0,0.670867210660322,0.218617515093303,0.558274600234128,-1.26882950231256,False
P05155,15,Plasma protease C1 inhibitor,SERPING1,27.350322604013993,27.314361752775696,27.549537002195002,27.36932019867274,26.73679673867403,27.373062674632337,27.500323116397748,27.958232182019206,26.615554265777938,27.117321447512634,27.744909298639413,27.867980845378945,25.39298923469018,27.242653648286396,27.354396006411587,28.170866614581826,28.45389005055291,27.913325785034953,27.839220547332886,28.59155371576872,0,1.42487232945934,0.157194010200452,0.515644929219471,1.46791467787422,False
P05156,14,Complement factor I;Complement factor I heavy chain;Complement factor I light chain,CFI,24.28527175579571,24.165965202803378,24.110524230065817,24.00328184092795,23.531338461216972,24.987842164180854,25.04931879809274,25.29505496238217,24.73429175917867,24.33994609066835,24.388130829724687,25.411310579641896,22.81257065911397,24.692342469472134,23.775725327719798,25.252440264632632,24.635555623525722,24.816443213909935,26.104301389428425,25.71824731291896,0,1.3830860629744,0.267975013907103,0.587927183588789,1.13843220982894,False
P05161,3,Ubiquitin-like protein ISG15,ISG15,22.215475894905193,23.339560428749316,24.22636579806556,22.281608285416386,23.193117950358413,23.289799964167155,23.55239070769287,20.371335861384733,20.897616892394993,20.36251324480727,22.4525571778413,20.307342216485438,21.4894950325115,22.310148393350584,22.297336917203587,21.90038488250259,22.786029815827195,21.23672819406263,21.86150593212733,21.920935936426858,11,0.541905201499709,0.2615680748488,0.587927183588789,-1.15428147395514,False
P05165,6,"Propionyl-CoA carboxylase alpha chain, mitochondrial",PCCA,21.38681507780494,21.214866450705273,22.395584313663342,22.947984915343053,19.999062465658742,20.837339998719106,21.64699484964118,22.01089703782647,21.786254443867104,20.008836641008365,20.760905063887712,20.80408684403594,21.171778992549655,20.01889571298517,21.156985593874825,21.01942953582041,20.862007261244536,20.48230233579833,19.858776110800157,21.169792300322804,7,0.536375361968616,0.0678881297405334,0.381767755252692,-1.92671568041839,False
P05166,10,"Propionyl-CoA carboxylase beta chain, mitochondrial",PCCB,23.101327465874146,23.51049277913967,23.053377054414625,24.665431522056785,20.437646487489012,21.306183941693746,21.923611203382322,21.277568709945655,23.905855277909613,20.297032780327903,19.41739347530407,23.382515783734547,23.28906128746675,23.530821744845433,22.407216200155702,22.508876709221532,21.189330660114777,20.624551317275767,19.830456777331673,21.089928101944412,3,0.628951961446749,0.304483121974553,0.613004169071843,-1.05305195173964,False
P05204,2,Non-histone chromosomal protein HMG-17,HMGN2,19.359551849370217,19.90139143540094,17.866409985607486,19.98024501389933,19.868958068442733,19.37730026820733,19.503174023547587,20.74880731941879,17.178888547063462,17.96885527363674,19.451669380936117,19.30876592148326,19.254924907859028,19.892137511454496,19.923448696893807,20.048544698512696,19.60576712515632,19.3799011750688,20.559659724032176,20.281687546404175,6,1.25025858415952,0.130941990247343,0.480582462943449,1.57288347215202,False
P05230,2,Fibroblast growth factor 1,FGF1,20.081723485933175,19.03358737943555,20.10994663818415,20.063420623440685,21.13925377168837,19.87278051419287,19.025156063670327,13.819696894337811,20.280871125951442,20.524827853033937,19.639667149917575,20.501429052521328,18.991121045998373,19.861206704588557,22.083712455233485,19.0051627965937,20.378658266418736,19.221916655709503,20.172229969459952,21.122193532580802,5,1.35426853619687,0.297218597262247,0.608461038679821,1.06942667367668,False
P05362,5,Intercellular adhesion molecule 1,ICAM1,21.520888796525604,22.035256326805065,20.854930335161754,22.276389231310887,22.36521985117127,22.56084250320968,20.244644223856437,20.015703424954523,20.28296130023207,21.47382867779937,20.42571156327635,21.78558465601471,21.900469851219572,21.696818389332428,22.206433224471596,20.191326652393172,20.354716544705887,19.447610201000547,22.303731332471592,21.874992204260597,5,0.910069593892237,0.72885244354713,0.795870457583298,-0.351394164792817,False
P05386,4,60S acidic ribosomal protein P1,RPLP1,25.08584141739096,25.171623389326115,25.630966000984714,26.244345224337298,25.521813253300426,25.579517955588013,25.119113925126285,25.532415097349855,25.257906545588234,25.54503104282473,25.37651284564926,25.380104966766055,25.692989043361298,24.470966674941824,25.68052816004224,24.94845495333525,24.696210807620357,25.230701913605564,25.082556127478068,24.879063446589626,0,0.804274509874613,0.0860664236399559,0.419883675208394,-1.80259474451747,False
P05387,5,60S acidic ribosomal protein P2,RPLP2,25.570184392043334,26.61287071686483,25.463625382879883,26.878703296806215,26.074121645286617,25.165027362895152,25.37153635412977,26.448246170962836,25.57595325650753,25.672221566718274,25.55978794166816,26.099176578965526,25.821082886794468,25.626955145774804,26.267170151199554,24.997998534096716,25.497401172847386,24.68242770331623,25.18189733767265,25.561779146989835,0,0.76041819855746,0.103873190798132,0.437355574810954,-1.70142113356341,False
P05388,6,60S acidic ribosomal protein P0;60S acidic ribosomal protein P0-like,RPLP0;RPLP0P6,24.09340567087488,24.695154145568225,24.320488784208237,24.79214375273457,23.987329268273275,24.497345360002623,24.472706622467225,24.206064181209328,24.495510975180544,24.9160007938103,24.683243062925317,24.911231354584363,24.884373354780315,24.574840030920207,24.26251445661164,24.58448929638323,23.966072246133987,24.403162526413666,23.278406072206213,24.936497782114003,0,1.03115329027385,0.996615546337343,0.843797505224354,0.00429343902456773,False
P05413,2,"Fatty acid-binding protein, heart",FABP3,22.868301187010307,20.290368049091267,21.99856068932088,21.59193052400023,21.142208667056856,21.869359678837483,22.977402635685806,21.733291849807284,21.760302466612508,23.792019090139842,21.191597677127827,21.329986903339904,22.001561068718143,22.504604271642112,21.749864502673486,21.361524779455376,20.92856344004357,22.08372074188412,21.84133526083473,21.68981484833124,0,0.669429548098601,0.346832924837644,0.630980493438796,-0.962706429657417,False
P05452,7,Tetranectin,CLEC3B,23.933919871301494,23.946274389995494,23.45517240145326,24.620372468764547,23.711168303538958,24.45187265430747,23.316757752623516,23.623084678839152,23.472229122275383,24.027748962690314,22.956571536407644,23.89575011119254,23.927651885303565,24.70783915348247,24.98282468576423,24.08231751930805,23.24945315788861,22.816634215202132,24.427746370067656,24.410997884023704,0,1.13893817103775,0.751667052057041,0.801904289788762,0.320691047256411,False
P05455,11,Lupus La protein,SSB,23.264048704361198,22.821609341221592,22.73461139711137,22.413507596518745,22.581301186387268,23.52582737164598,22.703290347851688,22.874679441950573,23.930382792287784,23.67218557896516,22.80668132485722,23.722054051308277,23.206343829315692,23.21949565760146,23.80363972558429,24.082133388567225,23.490770851818755,22.94672224412581,23.7374345527475,24.000574955541772,0,1.34010436367831,0.0630521732950943,0.365730721989237,1.96465550311544,False
P05534,12,"HLA class I histocompatibility antigen, A-24 alpha chain",HLA-A,23.566261738515337,24.644079960973954,20.96150499505959,23.23793997269676,21.892816506803612,22.18668523345392,23.331683299398385,23.823308749692764,23.757773789886574,23.849417642913675,21.642678468933035,20.656659178459375,22.3624997351073,22.430295421609138,22.581812174430098,21.108216281336233,22.379607720247602,20.33869130593225,23.484217687411267,20.992725682901586,1,0.395937130631736,0.00956996101222015,0.181482743058785,-2.85567083852159,False
P05543,5,Thyroxine-binding globulin,SERPINA7,22.71815540519951,22.295553890872462,22.387483511030087,22.496885967678093,21.807016577462036,22.31991875194195,23.832235404178782,23.672844214741616,22.94123670098312,20.7089676682361,20.298566287490786,22.691730205687215,20.991435873068014,20.86686955136765,22.67519770323547,22.811072636735645,23.0451979662268,23.001325149395306,23.586680457976325,23.573659269378282,1,0.969019190168258,0.675066576037029,0.76968146506879,-0.425230861287451,False
P05546,13,Heparin cofactor 2,SERPIND1,23.2930743072172,24.337295532962358,23.867025992308726,24.028196932415792,22.887084088037252,24.040970823506278,24.35322779571683,24.729787548972023,24.56083642292658,24.30421230502844,23.475935462977432,24.76682842597523,22.643029170554,24.095349866283346,24.08368899506094,24.71933530522457,25.34496672685358,24.251521902953815,24.985770364641994,25.178074703467715,0,1.32811707168332,0.228001617998647,0.571901342084076,1.24243023627789,False
P05556,15,Integrin beta-1,ITGB1,25.139061810117642,26.48174107070915,25.075822556301084,25.38267775255442,25.670934121831166,25.465070785045995,25.088919812428358,25.232293127712435,25.640638341214462,24.588927224762333,25.024140032593184,25.817796216055935,25.472432567914076,23.826309951506932,26.044179366459442,24.0277186553827,24.51116688024828,23.57111384820412,24.529024211783007,24.610238836069403,0,0.707945145858963,0.0250351847786193,0.259572233750645,-2.41630602747736,False
P05783,25,"Keratin, type I cytoskeletal 18",KRT18,27.68686106071437,25.856919356276013,25.4017100269354,24.81509444850677,26.32513727584992,27.076099808873085,27.720011835591894,28.17206864921665,28.372198969545526,28.21698928440561,26.85841167035,25.3625276281695,25.88596174020812,27.185203159080142,27.552167086275816,27.359176233864705,27.910065396066702,26.937534502969974,27.553072391191055,27.520316608763498,0,0.863204812092518,0.881360079589761,0.825812662811676,0.151103849596534,False
P05976,1,"Myosin light chain 1/3, skeletal muscle isoform;Myosin light chain 3",MYL1;MYL3,20.67704363308077,23.625749863514955,22.95973752771339,23.674078837191157,23.288801629676556,22.871954634297605,22.931994324196737,19.318389371454515,22.66489761871209,22.888973533669944,23.49363654209473,24.286328155609457,23.01998136417995,23.48822095324254,23.150095903521137,22.8461219540065,22.431770438442115,22.996597708754035,23.040955953112174,24.372719246801978,4,1.47449529643256,0.0892439072584363,0.421730243491225,1.78329394668441,False
P06132,6,Uroporphyrinogen decarboxylase,UROD,20.922633494504947,22.528691188121417,22.583774233863096,21.723664014851803,22.534202142118275,22.99329550913557,21.620258100166215,23.58115451250516,22.85626257876828,22.326216092800546,20.77319157977735,21.176922487438528,21.445256966496178,21.18301899941639,22.05781620177547,22.756410039739396,20.624574873474746,22.100242112008154,22.40656494023227,21.837230491977664,1,0.596178035799867,0.0379121276180537,0.300084413217238,-2.21798033022049,False
P06312,5,Ig kappa chain V-IV region,IGKV4-1,25.211845209987036,25.25964220823848,25.118776911240847,25.54812423434301,24.559722648969206,23.91488550652036,25.10057457690505,24.77868379192825,24.27184631708869,24.274035289147438,25.97455387482086,24.14054221764615,24.79614511120086,24.93076040933792,24.804138151929163,26.000436480445284,25.280252118104112,24.362673790944665,25.06668435524719,25.75518772184831,0,1.27608147908055,0.219822075436978,0.560167271859698,1.26539267136444,False
P06331,3,Ig heavy chain V-II region ARH-77;Ig heavy chain V-II region NEWM;Ig heavy chain V-II region WAH,IGHV4-61,20.779341280952718,25.23076540484785,22.895339004957904,23.453045013790017,21.553873242957653,22.573007860577,22.49732999826533,23.69955220461674,22.07578541687119,21.604248561034584,22.18897833643003,23.27158581597528,20.79968492905605,23.0165061984548,23.243617459118234,24.630712703522043,22.36450882060556,22.085293191770283,23.218958039223196,23.347593244424974,2,0.943087187308011,0.720793602425854,0.791883678738125,0.362320964522909,False
P06396,37,Gelsolin,GSN,29.474834777510903,29.06048287463315,28.876231008419037,28.546701211090397,28.817233741126795,29.518301579569787,28.88070011110733,29.16022332305039,29.157493260011407,29.15993819589994,28.863590458756143,28.945664705796172,28.477553017899904,28.954321367258217,29.060937265342503,28.877508909744314,29.360179515391803,28.699623170108246,29.249229003184297,29.000892289584797,0,0.917457475663833,0.382633373015426,0.653718886424789,-0.892067923725877,False
P06454,5,"Prothymosin alpha;Prothymosin alpha, N-terminally processed;Thymosin alpha-1",PTMA,23.727619530689356,22.78041779938689,24.17061220316183,23.88867762397976,22.36712904774349,23.547543962340157,22.504205412326737,24.319402809319314,24.917865495223904,23.93846726174898,23.891692259793682,22.892947011209685,24.363969537139184,24.197365119714235,23.85718515731729,22.76755225425753,21.581942950254298,23.89510778476312,24.803046141433995,23.935931030894036,0,1.01853317818064,0.99491419918071,0.843797505224354,0.00645175451396512,False
P06681,8,Complement C2;Complement C2b fragment;Complement C2a fragment,C2,22.552334533056314,19.45690122090914,20.789591440523825,16.482515601264694,20.653420494299667,17.516459691298024,19.005236880799313,18.981097048068797,19.74654678539851,19.456514467883817,22.083984926753004,23.151724652583784,21.82176555168619,18.86165861010334,20.279385383256965,19.58817646557236,19.358381391355703,21.517992175100268,21.24236867205302,21.67072300982245,5,2.22596131039838,0.0300097820331806,0.27325797600272,2.33048302180917,False
P06702,5,Protein S100-A9,S100A9,24.340569533229058,23.451274255545382,22.226097550589433,23.01016495866702,22.95071820705595,22.97149695558475,23.197802363969632,24.355401928573542,22.227484337654257,24.863102188201328,24.83933669840248,21.267668880952293,23.11963419631097,23.272374346406394,20.520912748825392,23.04948031915408,23.935811227987337,24.221354741346314,26.363731445992116,24.33144434602859,2,1.59057651324995,0.797687061893327,0.812593916944395,0.259673171597527,False
P06703,4,Protein S100-A6,S100A6,28.475441844652572,28.102411361218078,28.05629721904775,27.56915406579618,28.76973752167357,27.89122023944506,27.952828048695427,29.14143439357233,28.125939470423507,28.295425068133692,27.74012456669459,27.821107852969835,28.17416087444997,28.45051823977277,28.668426649780137,28.6301408082336,29.55578086935509,28.773218451115298,28.176280921432927,29.354188963904626,0,1.26804671327295,0.164282951180086,0.521118528909864,1.44205022488505,False
P06727,22,Apolipoprotein A-IV,APOA4,25.38983830758983,26.591923988459573,26.070618126758053,26.431307505865487,24.950992979943344,26.130981324518096,26.60906495533249,26.68021299280861,26.65288095863596,25.51060590022409,25.783033523905218,27.12739973878829,24.904132605413412,25.96752936923874,26.14368490003687,24.873511301840033,25.602821931797422,27.11074363109518,26.75743322603224,24.873528724570605,0,0.962704941618713,0.569565854456906,0.734163542789052,-0.577921409395044,False
P06730,2,Eukaryotic translation initiation factor 4E,EIF4E,20.748701515131387,21.556387738207768,21.3463299316739,21.09652926258557,21.62888170894592,20.145206927226912,18.088411408153124,21.585747234725776,22.000360772124964,20.868489612033038,21.474342141301598,21.49133705023433,22.031381064691082,21.043261298519276,21.85406303140875,21.798156802136635,19.47922185402684,22.81390797674346,22.059428900765273,19.810874385482087,7,1.39878900867389,0.318190369577359,0.617192968220571,1.02289691694799,False
P06733,26,Alpha-enolase,ENO1,30.16750739926653,30.18239370562675,30.275663571700395,30.109879057562953,30.224731320626816,30.4336946965035,30.304884125586693,30.03651969896824,30.372059518089138,29.912569978863484,30.06394851590444,30.122233263415577,29.867573976763953,30.266228268377876,30.16182037895979,30.09734441681122,30.302231242120715,30.158760547859718,30.0366052090053,29.935378980165044,0,0.931272981987255,0.295543406380717,0.606788483851314,-1.07324328359023,False
P06737,46,"Glycogen phosphorylase, liver form",PYGL,28.425760886832304,28.972380156292022,28.78949427298441,28.136282753964235,28.4023009040391,28.773508861820503,28.777573441165664,28.01015997406307,28.474952225368156,28.298896277181463,27.855225387136667,28.26472176482878,27.925714150161213,28.53196453751671,28.15007053505018,28.328457648766726,28.610513012310268,28.374772393551222,28.245996339669798,28.437839817710813,0,0.843197737765989,0.0974637332511968,0.427872205634169,-1.73598695328633,False
P06744,25,Glucose-6-phosphate isomerase,GPI,29.301858901253453,29.53712756720742,29.06511392865941,28.815642440689555,29.014275932822628,28.99472718042592,29.022179587192824,27.951088698218165,28.669175032215808,28.395764627141066,28.740274330016675,28.878140711599162,28.669271117714775,28.38366314618533,28.54999303471393,28.743438549098162,28.54060696601191,28.899990089169055,28.691155528634333,28.47046669910636,0,0.82892749982982,0.126108672158579,0.476445128823285,-1.59408222273194,False
P06748,9,Nucleophosmin,NPM1,26.044068012066926,25.39663863824108,25.693327877373303,25.195161643359132,25.475705228068122,26.561352734719627,26.23554810731872,26.55223982234337,26.695297924803572,26.722908444641664,25.730527334913575,25.608599526823788,25.7190322593162,26.641313178115542,25.71091958316118,25.97600175781044,26.035185517227898,25.633464678531464,26.79812297477137,26.195301042726594,0,0.937810255749578,0.761783301904743,0.805958734729428,-0.30717897840175,False
P06753,16,Tropomyosin alpha-3 chain,TPM3,25.349120451464575,26.434288554094906,25.122978158815194,24.777144207719008,25.186552226467892,25.899131486299922,25.795128037788835,25.00735269157766,25.32476960848646,26.21646496522899,25.20377808523774,25.728561165153614,24.878711556820978,26.274386663341062,25.024729322226687,25.592203394871312,25.145944826315954,25.103819170390327,25.537760845767163,25.634469244664345,0,0.909152775536757,0.664621708586184,0.76714524248479,-0.439839920250573,False
P06756,8,Integrin alpha-V;Integrin alpha-V heavy chain;Integrin alpha-V light chain,ITGAV,20.46070127110511,22.343734164176404,20.387480115689254,20.69914169571773,20.03947923982106,19.450753829406366,20.518297001533504,21.998413098887486,22.520276657664095,21.112215425287914,22.78092383298202,22.279253432235716,21.915882583480425,21.748324401197113,22.87962729062061,21.875755158168317,20.559141432095362,19.961908806848538,22.714440019800474,20.009334791479226,9,1.6340832036481,0.113748114030239,0.456900432304926,1.65156808009304,False
P06865,6,Beta-hexosaminidase subunit alpha,HEXA,22.76845327786049,19.99981895567745,20.4361196125291,21.414899476156954,21.93279604405814,21.362557411695185,21.352658176355906,22.088789249974024,21.285996158129304,23.08315066906948,21.43418762197361,21.769345989820913,21.404396068757755,20.82267797193178,19.549759102491144,20.483876111258837,20.952050664700874,20.152642239470133,21.692184753669288,20.64511108175502,8,0.570316135206773,0.0912029134150058,0.423185026411948,-1.77168869235863,False
P07099,21,Epoxide hydrolase 1,EPHX1,27.314441538241244,28.129326884157823,26.883787460841702,27.29957382409524,25.744954163708083,27.213640218087917,27.926004384101343,26.92512387020727,27.15208234930888,27.133356668846126,26.724059872446475,27.915692482002267,27.119549185849394,27.80672405626179,27.18377197326215,28.02710502575159,27.81039037031084,27.764366381555423,27.195129508270206,27.465928134479668,0,1.2029062216468,0.1787783288888,0.528663623258471,1.39184966658719,False
P07108,7,Acyl-CoA-binding protein,DBI,28.122079802220597,28.071602370843145,28.26923234738876,28.463413025728062,27.90322928127463,28.203151434046188,28.35840408240942,28.48541034871749,26.882079175241515,27.749758062575037,26.49191495677618,27.79788222565752,27.645365159025253,27.634871857443166,26.88194955839358,27.28725373468433,27.824622566116027,28.26483619577419,27.922286228806374,27.50953154681001,0,0.703843850190266,0.0195657802413154,0.236659049950114,-2.5312898556497,False
P07195,19,L-lactate dehydrogenase B chain,LDHB,29.510107770225936,30.410691016888688,30.253432870273123,29.791580047936137,29.95414911245623,30.229049330849925,30.20497466178012,29.75110693405107,29.546687433852156,29.063803632903632,29.63259862828935,29.527302326468334,29.537312649317474,28.972860115644316,29.582109057942088,29.386461021743926,29.79067264037612,29.976939029343605,29.34859780127474,29.288660655303847,0,0.760071791597152,0.0333838706412189,0.278298604360059,-2.27946873553088,False
P07203,13,Glutathione peroxidase 1,GPX1,27.108657056734174,27.490521956251357,27.555834740458465,27.691176336900774,27.440962323142053,27.329817134910257,27.41910613487053,26.364693246404936,27.030827345566923,26.68185194359886,26.897720242271838,27.286995562374575,27.270381625991867,27.05086152596187,27.294970476222563,26.84778367069072,27.124441557747144,27.231044637218268,27.0810798381459,26.779598707011612,0,0.89267668059493,0.381032369661369,0.652327234436603,-0.895130406310483,False
P07225,6,Vitamin K-dependent protein S,PROS1,25.464343062376727,20.716260679179335,25.364465487277087,25.169076367784015,25.754560497018954,25.655452130474867,24.109989688945486,24.309248170594067,24.30996636693724,25.315177793242917,25.212613237683158,19.850770168727497,23.844001814542185,24.422008012379266,24.570720303095523,20.998538488011267,24.801849574835146,24.599287240336874,20.778328360432944,22.04453815816454,5,0.486007352314497,0.0524769503550203,0.347692777049084,-2.05757753741868,False
P07237,34,Protein disulfide-isomerase,P4HB,27.812667460568655,27.874046510224492,27.600606197449483,27.69706489626323,28.107248374662063,28.340666216580814,27.83217531400193,27.763366209236487,28.04572304549575,28.007510863739803,27.863590458756143,27.584603406135766,27.77328200242575,28.725120977745853,28.22170962050071,27.971195678908483,27.849410173081125,28.142186538355897,28.504882082288187,28.202325402839477,0,1.14808530495152,0.229039547628536,0.572381325329629,1.23956182679017,False
P07305,5,"Histone H1.0;Histone H1.0, N-terminally processed",H1F0,21.374818606023528,23.635102421001005,21.973105333977607,22.363859068026482,20.534563980854422,19.14842125096478,22.4432560623624,23.056321062428538,23.072136599347296,23.067693851850052,22.664391907355128,21.978115032739943,22.400334990349062,22.4138700971245,22.9024972628448,22.42558475128976,23.757206418683875,22.817298370649365,24.5677819542532,23.52688781556846,1,1.58087798095771,0.0784206362332338,0.409944313545591,1.85170448553023,False
P07311,2,Acylphosphatase-1,ACYP1,20.21581670227156,19.94281249867853,19.910546762005655,20.246552294775164,20.206980055177564,20.46018739930632,20.194415520503654,20.34881605382019,19.61160303539477,20.423440901953665,20.01566613105087,20.070756703219228,20.105452734226443,20.05498034626943,20.353346913180477,19.90481148115803,20.10712697244498,20.137894525676806,20.253969620941696,20.034252112945374,10,0.954149152667532,0.78458362527541,0.811450985241191,-0.276934169259559,False
P07339,14,Cathepsin D;Cathepsin D light chain;Cathepsin D heavy chain,CTSD,28.083637894626058,27.640466340409507,28.452720089047585,27.679254065273064,28.005428892144906,27.826044791198022,27.98236952344298,27.420791453377095,28.12366343618309,28.96028715440578,28.025385968252852,27.873307823283074,27.83171407728381,27.5035567681047,27.989132142400397,27.87070681497084,28.175519205304024,27.88954294573497,28.355448006733177,27.42165830655328,0,0.891704764615866,0.48025735074995,0.702568027834159,-0.718902142942987,False
P07355,30,Annexin A2;Putative annexin A2-like protein,ANXA2;ANXA2P2,31.263276589168193,31.02611551038662,30.602681520330812,30.829650972864783,30.63999961560566,29.92331882725755,31.411325630622994,31.690451301472304,31.5281664279656,31.64815447941618,30.56923821382407,31.077124172554285,30.970155934343023,31.920550839840086,31.637084368787416,31.17304747814134,31.44813852858059,31.01791638332991,31.41566173384367,31.38770463348957,0,1.11724108072468,0.327673603006384,0.620532834330873,1.00256614647298,False
P07357,14,Complement component C8 alpha chain,C8A,23.750641417626728,24.370673520627225,20.446758327546096,22.553029649065046,20.90063691838331,23.603385343226105,22.63525053554602,23.36586837131572,22.738746103262827,23.37211583568919,23.716605553235592,24.370960904950206,22.742134312950782,23.729092064868816,23.22703509929856,24.199724334644525,23.489781914244865,23.009673672315255,24.072328478939976,24.62226586364572,0,1.59938311205233,0.0346935593702198,0.283517738738349,2.2609360776658,False
P07358,10,Complement component C8 beta chain,C8B,22.745323062188287,20.071129127715064,21.961615389905333,21.329487993063303,21.849061096088544,23.43555340620931,21.654409144542328,24.172519152263472,22.287582174774908,22.51744478624395,24.060610144238108,22.896649952198047,21.225190919452988,23.01585618941434,20.264080446575438,23.630125064790217,22.63544632807045,23.42962769970592,21.74915572759428,24.04788803224861,0,1.4084182954665,0.313479776862519,0.613979024606205,1.03315433774769,False
P07384,21,Calpain-1 catalytic subunit,CAPN1,25.29723876271566,25.60006103789791,25.26174303697843,25.130446271071847,25.56679205453633,26.156303055449605,25.85916276286879,26.00949992828196,25.68095935152071,25.617672045767886,24.781365511223054,25.303345570300934,24.458551464786073,25.43473262092345,25.569275008770926,25.62655211077731,25.330432171997753,25.558780405628998,25.953317611788364,25.207833887132562,0,0.826159674586781,0.0827442596744318,0.417224105855535,-1.82344687335585,False
P07437,20,Tubulin beta chain,TUBB,26.872675317431675,26.846169348213806,26.681186612289824,26.44432779668891,26.63064953199983,27.063739402924252,27.806458684283996,27.170306240816732,27.552652272143476,27.364062426740613,25.432355022339923,26.85217081328351,26.39476720051595,27.041550959998773,27.02329281626781,27.39599810301902,27.46846568300777,27.836064585461514,27.397363525177223,27.209562553085064,0,1.0146254627154,0.833516804941502,0.819265653095417,-0.212868449964557,False
P07451,11,Carbonic anhydrase 3,CA3,27.41689049107206,27.00719461289702,27.161585833717474,23.308506436082197,21.926219127883382,29.385121745945487,23.652159808158117,24.325602879407867,27.376723819579514,26.450899370626512,24.640317853321488,25.757089717393452,22.467883207738478,25.191735867708097,23.24035550162852,22.08412075800781,21.574540786761983,23.991531106889504,21.60497151538842,27.087762563628278,0,0.207422315941009,0.0299398689079484,0.27325797600272,-2.33159494128158,False
P07585,13,Decorin,DCN,25.812445706495073,26.890536811795627,25.207502139154396,26.402010282854032,25.341787589692107,26.734049073308416,25.08529402073527,27.704714924639642,26.039423229317904,26.000003699128772,25.324348007407576,25.34514554994126,24.704836699534837,26.41955277856529,26.168285446337716,25.793598307324316,25.782058842201717,25.289651690276468,26.606790794164656,26.23087631627618,0,0.719002760773791,0.26085434774471,0.587927183588789,-1.15606481188609,False
P07602,9,Prosaposin;Saposin-A;Saposin-B-Val;Saposin-B;Saposin-C;Saposin-D,PSAP,26.035176025198968,25.251665561489684,25.42371398787548,26.246266361045443,25.774959120342228,25.46308633488319,26.090779527926806,25.539595613091148,26.00632824585759,26.019512383169157,25.466117244261138,25.79582370691831,26.56751315146406,25.359798769574294,25.601665767621604,25.62434085753561,25.906858355026806,25.425631575557773,25.22733161771299,25.085652937611034,0,0.898705460126089,0.338275224286522,0.626458497370308,-0.980317355869655,False
P07686,10,Beta-hexosaminidase subunit beta;Beta-hexosaminidase subunit beta chain B;Beta-hexosaminidase subunit beta chain A,HEXB,22.462873096449275,22.178762854759533,22.390632149258554,22.428281811519764,21.01706276030307,22.451455654263842,23.87470782645771,23.32212231067291,22.469603842455147,24.887176323180185,22.195284750555672,21.410943234631954,22.505965324024,22.665547800139304,22.838342743557764,23.203227806364886,22.817199928308103,22.91809178071562,23.423309469246437,22.03434129205472,0,0.739593862563917,0.656714729110419,0.762380788992729,-0.45096431767222,False
P07737,9,Profilin-1,PFN1,28.646295112858468,28.10804673637128,28.59032401648737,28.859333275569778,28.746709387792812,28.851039400881287,29.01293165153853,28.713212932739143,28.857287105507528,29.59275858070088,28.621773876902672,28.10567643621157,28.119699200931244,29.032441047294917,29.020070762456786,29.316017325363486,28.867447754070653,28.962118088467914,29.024532376704723,29.137207477921834,0,1.0190298232609,0.881059920296151,0.825812662811676,0.151489217527464,False
P07738,12,Bisphosphoglycerate mutase,BPGM,23.83724708139317,25.33353564761845,25.254327298477683,23.57198608651353,25.62259384620468,24.480031348568364,24.662019943692883,24.088483714880812,20.0154387935805,24.31273282048746,24.83500517468219,25.8281178951814,22.135864090003512,24.49215200483245,21.393238057557497,24.42361928576579,24.28542222095968,24.759482591364783,24.953448962909764,24.647372188224967,0,0.997898771248409,0.922494179191105,0.827857818900173,0.0984884155501165,False
P07741,9,Adenine phosphoribosyltransferase,APRT,25.72095580040835,25.547413292393777,25.738804343396446,25.707931335450866,25.882923395873004,26.077911000501764,26.25896775194289,26.417616294357508,26.31469034728293,26.060507926065746,25.881915152564517,25.606462256987918,25.187938012962796,25.88028395960935,25.764551449112417,25.764403765530847,26.226500168059996,26.117601314228573,25.99513403441808,25.280944633170744,0,0.87282684911697,0.167334801264473,0.521118528909864,-1.43119295767638,False
P07814,20,Bifunctional glutamate/proline--tRNA ligase;Glutamate--tRNA ligase;Proline--tRNA ligase,EPRS,23.083853498697486,23.87502401734747,23.29434331972353,22.53400056255633,22.933245525566925,24.38426996057971,24.446148748009435,23.53654444161712,24.85519342518025,24.9951209917615,23.34213967140354,23.770991853938373,21.999301697634568,24.91233280738726,23.469140798455285,23.24735851943702,24.44813145739531,25.360112237396738,24.594931483058204,24.435515138561307,0,1.15891756725979,0.617105815693934,0.755192054657026,0.50760932890777,False
P07858,8,Cathepsin B;Cathepsin B light chain;Cathepsin B heavy chain,CTSB,24.223634042786323,24.445092591981197,23.257028343106384,24.55696475170881,23.8893224414979,24.161615350230115,24.41834581423114,24.080335431301346,24.088049466042357,26.13237602190168,23.876932621876595,24.456592195897322,25.242043077569154,24.011623977075047,24.48807142999798,23.998226250148157,24.89069452115595,23.85830965931919,24.905294884397822,24.16716154428023,0,0.954304225780887,0.819053311561829,0.817186231250049,0.231697575498374,False
P07900,35,Heat shock protein HSP 90-alpha,HSP90AA1,28.578710808108656,28.782067887329664,28.90140165608863,28.50154009449554,28.861146316585838,28.857663610143216,29.106495202212137,28.620259281048124,29.324261548122465,29.2152922681751,28.649947693315667,28.57580334506968,28.260143051048566,29.027673000273698,28.790503047801966,29.135165593352216,29.091116211873913,29.075805794956384,29.037689700875795,29.131943051212843,0,1.00339220760123,0.981525313190204,0.843797505224354,0.023438731364247,False
P07910,11,Heterogeneous nuclear ribonucleoproteins C1/C2;Heterogeneous nuclear ribonucleoprotein C-like 4;Heterogeneous nuclear ribonucleoprotein C-like 1;Heterogeneous nuclear ribonucleoprotein C-like 3;Heterogeneous nuclear ribonucleoprotein C-like 2,HNRNPC;HNRNPCL4;HNRNPCL1;HNRNPCL3;HNRNPCL2,22.967980982530047,23.417258383784475,21.855056788538437,24.037398805806312,23.622219062837868,24.8778755858536,23.539984342841763,23.50213160218466,24.467746594968407,25.136190258699045,23.141724118803207,23.736505676084555,22.221184651067297,25.10964606483551,24.289615829249765,24.298233726778594,22.50671963815094,22.43651739462418,25.509656164595707,24.682400477465176,2,1.13947734328969,0.907562885578043,0.826708499711055,0.117546318604138,False
P07919,4,"Cytochrome b-c1 complex subunit 6, mitochondrial",UQCRH,21.059124536302924,22.95817408169362,23.014770615944645,23.367736322526852,23.24826647347679,22.628835084755465,23.595699721424843,23.10533007733496,23.66194389075588,22.15837309896734,21.28314941803571,20.364218231875626,21.4101091978008,21.574283869849722,21.761582701165583,21.592388716859276,22.963383306018315,21.92214182249201,19.786642849419056,22.060914836621983,3,0.396098027040692,0.00142364518819537,0.0984051751793808,-3.67992380506311,False
P07942,44,Laminin subunit beta-1,LAMB1,26.920511549140112,26.857656454435983,26.15699865986532,25.912427251275492,26.068434355489554,27.809137857202604,26.29891046411328,26.394349885821406,26.46207137081506,25.767502070151384,26.29452518312717,25.74270483389744,26.319228164335335,27.11470903813234,26.858591209383754,25.495597146029535,26.361159981040185,26.20419161681675,26.19733368228404,26.22270653002347,0,0.844730253475457,0.442858336218571,0.683685726064029,-0.782401135621925,False
P07947,5,Tyrosine-protein kinase Yes;Tyrosine-protein kinase Fyn,YES1;FYN,20.772450726136316,19.75333973913377,21.02212690395889,20.398806131324726,22.137902782944636,19.76834621802641,18.16764039345938,22.1971776530026,20.772091043787437,20.79567088166102,21.055549726306367,21.023629398627126,22.050407506344683,22.421801933414873,22.409426710694575,20.523253780615075,20.95520469730269,22.451033607046778,18.605437774972145,20.0338953413724,6,1.49886245654744,0.25774395845658,0.587927183588789,1.16387912751548,False
P07954,16,"Fumarate hydratase, mitochondrial",FH,25.518737395759157,26.062604287291933,25.85397184864415,25.314954053437134,22.99949467651873,26.258333857207674,26.00561915877401,25.498555889223578,26.464558663820515,26.210158226767813,23.819121636290955,25.248060189559435,25.02225140301032,25.715665619185028,24.9543033353753,25.231091851458782,25.725561482501003,25.13242101292602,24.333829960278255,25.42732526023504,0,0.629828332354299,0.100482432190579,0.437355574810954,-1.71947240474466,False
P07996,14,Thrombospondin-1,THBS1,21.89768723769586,24.086447995364537,21.65776047112241,20.557987890452758,22.0687551250908,22.094574960542054,23.098710801563026,21.430916210673153,18.14234801893748,21.836501526050675,23.302401371821368,24.092265516952008,23.166934749306613,22.462824432253807,22.329138696209256,22.95181803714848,22.075718706558856,22.923515017026315,24.365819568738676,22.548981345599064,1,1.88992530304078,0.0196901935655734,0.236659049950114,2.52835632665018,False
P07998,4,Ribonuclease pancreatic,RNASE1,20.940060716631088,22.162829589656646,20.852975363315757,22.76881113221767,22.016992772429045,20.456385216848517,20.519889644010078,20.66894829572022,21.514425732086153,15.315371000037135,21.15047466444068,19.412593803605805,20.631381940021356,21.415783237552724,22.594677667136132,22.252843850783467,21.737159724865684,21.276683206527053,21.884479969092116,20.56471880784035,2,1.0940899162088,0.357517822708967,0.640114833773659,0.941129800863892,False
P08123,11,Collagen alpha-2(I) chain,COL1A2,23.507362204224986,26.7029466658597,23.49768351635791,26.314692516272313,26.098676088443053,23.353908583046092,23.390975918720578,27.22763408973173,23.553378082180682,25.125873841554586,26.055997206524204,24.196317989876864,22.254065072111263,24.901887086011975,24.186560001908216,22.624960350155547,25.55495372251261,24.759525787767046,26.075694041128493,25.753986723427438,0,0.689563211376036,0.695741573944832,0.780381916844314,-0.396585341379374,False
P08133,44,Annexin A6,ANXA6,28.257749430433197,28.60990921812754,28.309702052341045,28.615277075803558,28.404810521465787,27.605500897227394,28.693822749041544,27.89580887356821,28.154516730404332,28.034917596169926,28.0439470226752,28.3814224863786,28.31532571596354,27.966419642569583,28.504714770238397,28.09247725093836,28.155997461667713,28.22909626018215,27.933554356966933,27.74693822886894,0,0.906801719911765,0.363329838750513,0.643263472980514,-0.92957621175803,False
P08134,8,Rho-related GTP-binding protein RhoC,RHOC,22.594434736376982,21.58035105565401,20.364553154716454,20.90391838122807,20.351927711330706,21.312222796521848,23.755732110550106,22.533078628363356,21.92907906534504,23.658299495832694,20.415634110394972,21.668766438924973,22.4060535876517,22.712002500073886,22.245460681593137,21.84016743019839,22.0802518543775,23.46830472064002,24.39816334466044,23.6763771362822,0,1.42914308129883,0.186803011957591,0.53240815837221,1.36544550682954,False
P08185,7,Corticosteroid-binding globulin,SERPINA6,24.25990862605855,24.11053887431796,23.558633550950308,22.917957299062685,24.285682319201964,23.93076854812702,25.168656018310116,24.938670402045215,24.097122198002396,24.512315647975218,24.111514112915387,24.23458109804933,23.245218415734833,24.768521820910355,23.54973192823133,25.38585197760219,24.99241803144733,25.21793212469808,24.921269685797267,25.610051868864538,0,1.39302709204596,0.0876857972969007,0.419883675208394,1.79268258883013,False
P08236,4,Beta-glucuronidase,GUSB,20.020857300510553,21.528554771351157,21.739235942870284,20.047823768389666,20.802954737885006,21.114198190606885,20.058347395304324,19.19096575181101,20.70401487331363,22.14385089910211,22.162093456977203,22.303766253199097,21.575643923564822,19.877671141757467,21.38716769656497,19.929354426771617,20.265284829699077,20.376213018064234,22.434150356567194,21.742994010881077,10,1.41781629336025,0.2893491043516,0.603321843609166,1.08749263212528,False
P08237,9,"ATP-dependent 6-phosphofructokinase, muscle type",PFKM,20.88227451341987,20.7709264584433,20.923359023366313,19.496701532045144,24.55665336412699,23.12095238855313,23.56488416745361,23.983202264566764,24.365434009177857,23.428511891501085,19.896728791810755,20.731863274250014,21.149391989624917,23.512201361078866,23.8027848795939,24.751609438116247,23.436601876385684,23.46162924418025,23.964216509828468,24.621635355629078,1,1.22349398124206,0.454772788207856,0.689731901520803,0.761833042543458,False
P08238,35,Heat shock protein HSP 90-beta,HSP90AB1,26.858854519524705,27.012865419802754,27.35341230586613,26.92618837115906,26.930772530984083,27.168177575196168,27.78188363958766,27.546816387468592,27.872006335474435,27.8015508523125,27.201212700746936,26.92925327401215,26.800425042460994,28.071808178564382,27.19399567816909,27.61587524960343,27.88280579017129,27.97972281224474,27.754528578236698,28.184040682580896,0,1.19675914742168,0.135271139054874,0.486433579823015,1.55444222536385,False
P08294,9,Extracellular superoxide dismutase [Cu-Zn],SOD3,24.6076088744653,27.26907759689931,24.406026207705235,25.129426968695515,25.07121760947894,27.270181186218778,26.538757456943443,27.29771558341556,26.19027905868706,26.246141797392077,24.64646789478066,27.25969125210091,25.482266502400638,26.859892552031308,26.386606797161757,26.929373066189882,25.049835336295782,24.854755624612192,26.184665398079126,26.92143326937181,0,0.974043788377212,0.889973369831879,0.826708499711055,0.140055201857308,False
P08311,6,Cathepsin G,CTSG,21.647220503160916,22.884557279178953,21.461353321899175,23.3665833194358,21.51217508343025,21.614513426831156,23.88571253687491,21.65032586223988,22.311002606000102,23.9493776260588,22.237135556817226,21.131864644843915,23.10778456091517,23.10485563857782,25.373472844456323,23.230621219347242,22.566079086075145,22.08203604396606,24.420651622569206,24.466496236491693,0,1.89666307606081,0.150940859120255,0.503822832020456,1.4915298445105,False
P08397,4,Porphobilinogen deaminase,HMBS,20.981551729415905,22.62835287332253,20.996945792274285,20.382128701789995,22.23593157728463,21.5900507047245,23.12759336168823,22.687058255598252,21.54447587970367,21.64257498425742,21.743216520331863,20.86256696589461,21.204602882185977,20.694967968463985,20.32951861524523,22.234161034135564,22.290643267845503,22.088928087957363,22.478929728875077,21.645811674237347,1,0.814472693289771,0.494716377008635,0.709261894965122,-0.695138842175515,False
P08559,12,"Pyruvate dehydrogenase E1 component subunit alpha, somatic form, mitochondrial",PDHA1,24.406114736513068,24.975877318651754,24.83428703204739,23.693290365808288,22.916684507130007,24.101650561240174,24.904008974441616,24.09927699495481,24.914077536143658,24.75147930001872,22.368277715447338,23.9335068784547,23.290092482437903,24.344607758231287,23.279205108858083,24.11676288562912,23.796660736614346,24.19099176900734,24.536959682319733,24.26815708420765,0,0.682641345182469,0.0620886514317218,0.364062657639799,-1.97252142139611,False
P08571,6,"Monocyte differentiation antigen CD14;Monocyte differentiation antigen CD14, urinary form;Monocyte differentiation antigen CD14, membrane-bound form",CD14,23.42512867828831,22.83241692710955,22.58384595264621,23.61898116125235,22.786552474902322,23.012034881031163,24.12543730593068,24.029804138642636,23.806159965179646,24.431789149209653,23.763227008051082,21.58117922205139,23.182682287511298,23.966520562092615,24.134966148520263,23.692085270816367,24.455297970095593,23.853137255447148,24.289983500952086,24.165177688861412,0,1.20915992035786,0.413483874040987,0.668891502267805,0.834618169019388,False
P08572,9,Collagen alpha-2(IV) chain;Canstatin,COL4A2,19.29324043839822,20.16949401428363,19.885830024870327,21.01405454611971,21.035954745170212,21.592715409612655,22.063270713838023,23.448489688914027,20.241451039588355,23.838427088076383,25.886505295105923,22.039332542605564,22.206117790139217,24.652960995652847,19.552067045777925,19.33868781601512,23.802247944309133,23.012967713389255,21.76093683229146,23.560405768754183,1,3.26342423759763,0.0763826485232551,0.406132304211379,1.8654986034806,False
P08574,4,"Cytochrome c1, heme protein, mitochondrial",CYC1,22.516699047340296,23.629116502267223,21.63855534719026,21.838725529908718,22.98997234890325,21.884781172934964,20.723594770800496,21.35987383267546,21.941251740100814,21.54821900810555,21.99135992199319,21.546307621093934,20.465782527963636,20.6963965723931,21.233922091780986,21.322086719797394,20.75285295948745,22.22888723792115,21.65594489172696,21.891627159198755,6,0.590326131000696,0.0557799704676386,0.35525066816155,-2.02688460157958,False
P08603,49,Complement factor H,CFH,27.50853443087051,28.05004092392852,26.428713802413128,27.713454475838326,27.244023288126257,27.693382597872915,27.610058285425602,28.40296176211411,27.742664764405003,27.405890558993292,27.806662255588748,28.067618510462875,26.711719752025385,27.80512607488294,27.57007067810727,28.214604683143232,28.60326016969955,27.89102243076333,28.34167907329825,28.574885985754158,0,1.30722240552714,0.0741350129513585,0.400601349748072,1.88109047948918,False
P08621,5,U1 small nuclear ribonucleoprotein 70 kDa,SNRNP70,20.57040822185387,21.83957389829826,19.917588962447113,21.156580527998887,21.70476302281831,21.460900282333267,20.420509570594586,21.162103675752224,21.615860512940433,21.689101243669146,21.90517722841901,22.20379723147106,20.579065814948265,21.353597506061053,21.664163593192985,18.420738869989147,19.317308925638855,19.64925563760762,21.393236034792725,19.31989441685268,6,0.852699875398904,0.125773674958737,0.476445128823285,-1.59557650756763,False
P08670,49,Vimentin,VIM,33.30469300872675,33.832275941069085,33.34771934262718,32.96975220934615,33.33943257529995,33.81114528869364,33.636791331738955,33.3054011381799,33.72280968188823,33.76329079925754,32.877727934386634,33.77564122520616,33.61189949455973,33.434662710611136,33.68791499256203,33.76630075043861,33.483434712819914,33.86309237820972,33.320280547168906,33.604823932008614,0,1.02655603816945,0.765479302784336,0.807231985594737,0.302257001798045,False
P08697,15,Alpha-2-antiplasmin,SERPINF2,24.26915975111939,24.814249795688152,23.438096554540667,24.323186871699868,24.01011743778648,24.138280075427815,25.79457304043775,25.576977835094226,24.539388262383664,24.378570462212004,24.439505514013817,24.804872614787207,24.40107574144888,24.730241638524163,25.005230237193654,25.19237903977313,25.229021052209053,24.519247904391758,25.170190532277726,25.44847699234939,0,1.1805794637817,0.125317020768432,0.476445128823285,1.5976188255973,False
P08708,5,40S ribosomal protein S17,RPS17,23.289560732721217,23.6555920185029,23.732866123091274,22.700972527233603,22.63751146780375,24.200846036701694,23.947373618603322,23.45496838421546,23.907472692373588,23.77817507504614,23.41743743194875,23.537472435394562,23.79649548035574,23.294088912857745,24.18273191684266,23.63096447543872,23.537140814956793,23.867477317518475,23.607911778654813,24.147199150078244,0,1.08822413237039,0.405129538719133,0.666605052619602,0.849894488482544,False
P08727,31,"Keratin, type I cytoskeletal 19",KRT19,28.974496920315463,28.261732087947,26.964241674697202,26.492509148783128,27.877199648684112,27.68817127758237,28.360558292446377,29.329170585568136,29.544585393374,29.40872824977458,27.899706107447383,26.928443822227866,27.439260240221795,28.714819799814308,29.086333192647583,28.54708429105608,29.49810488154779,28.61888987339609,28.340101181473077,28.731121858157966,0,0.967038837385551,0.786442774710113,0.811510678024041,0.274480005389058,False
P08754,8,Guanine nucleotide-binding protein G(k) subunit alpha,GNAI3,21.007324507170818,21.5512681527404,21.4461206609951,21.30724499763986,21.53387207443001,20.656972014020695,21.138182999243362,21.863018459494736,21.01418114437856,21.778094819056747,19.795267739966835,20.497629898992667,20.666812034572658,19.581752054438567,22.541727248578173,21.291730079610563,20.920300671050672,21.148331032148132,20.034499410531186,21.05092162835227,5,0.775712775266123,0.0940918747210866,0.42417512839099,-1.75496082005225,False
P08758,26,Annexin A5,ANXA5,28.99906266654429,30.49873686730987,29.749743208500114,29.0748155636769,30.11677047294627,30.170222164196087,29.334793476049864,29.689485821615623,29.34865084078711,29.625768798757008,29.5185930722285,29.543750903038756,29.72436089298443,29.995435623395963,30.190851087701503,29.110551036494595,29.899011194822883,29.263313803356354,29.416938041061076,28.625918310842952,0,0.90407482526088,0.505131884737728,0.715497513978022,-0.678267581055832,False
P08865,10,40S ribosomal protein SA,RPSA,26.3018799638786,25.8638293939658,25.399165051958317,24.533204351958187,24.467341755133493,25.965177773079997,25.743067784681863,24.583570963770114,25.94588758726273,25.484426613013685,25.458078306446303,25.451370648317177,26.419106342228215,26.05825117379939,26.244579595181705,25.83489145116934,24.880292383540997,26.102389411148312,25.753709917826566,25.817920599162445,0,1.23422125713272,0.157031714360366,0.515644929219471,1.46851782683577,False
P08962,1,CD63 antigen,CD63,22.89992279819624,22.315796668882452,22.638467158057757,22.969331039080092,22.88013650700067,22.740853100546712,22.990729501133277,22.855627103841183,22.802455784137138,22.865244461879247,22.4852094140066,21.684772296945255,22.385572616189947,23.536424326023706,22.072643912519197,22.619675592409624,22.934358118875846,23.073110299721293,23.170836235659085,22.536427165295457,5,0.955208663477217,0.529802279501658,0.725766796154639,-0.639070568505164,False
P09104,10,Gamma-enolase,ENO2,21.96274695994642,19.748210566099633,20.256277060090543,22.33170536381727,23.603026436258045,24.833184676131914,21.27758946689258,23.96667292486394,23.136075832346968,23.61754123060337,19.799064104944357,22.79075264281849,24.3900003439771,23.156252957304332,24.55821595359057,23.325349507440546,22.149462959263104,22.840924940845063,23.194526341704186,24.458418531576964,3,1.25617577939858,0.334556541070908,0.622901300065341,0.98806572073914,False
P09110,7,"3-ketoacyl-CoA thiolase, peroxisomal",ACAA1,20.03106825117195,22.22611022994355,22.42129787450781,21.900138200921134,21.037769329802018,23.842437866358786,24.083847878373764,21.383823612959137,23.523655336119063,22.720317624785658,22.45699009591695,22.641619381402563,20.454586152351535,23.30668615249436,20.937266480976348,22.439584784999024,23.967888397324298,23.344531483597144,21.92852704187809,22.26670602887997,1,0.940671776341081,0.898765148191779,0.826708499711055,0.128796028032994,False
P09211,13,Glutathione S-transferase P,GSTP1,29.45910236338765,29.52302819451193,29.39959801455758,29.243216834776078,29.422008909561562,29.8254616119119,29.66639129841187,29.785918051226332,29.87193237197485,29.65451556638991,29.25644899800476,29.374178018223304,29.117635124953253,29.925345065852845,29.629583847798575,29.862354317360207,29.510483059895144,29.744507557624367,29.311711063338514,29.963823767460138,0,0.999314927635505,0.892458533777429,0.826708499711055,-0.136870760371752,False
P09382,10,Galectin-1,LGALS1,28.59890921387024,29.21206678848181,28.799709542550964,29.397113158268077,29.11916668047378,28.269530804229944,28.13545521334884,28.04072073392358,28.175244596576942,27.71550619627906,28.4367111789612,28.824190228494405,29.791185466271692,28.264365303683814,29.181238946938777,27.975869618678555,28.381423293458685,28.295063225883773,28.086565377229633,28.078366498425343,0,1.00152430336289,0.92931863703387,0.830111878942504,-0.0897907626521393,False
P09417,10,Dihydropteridine reductase,QDPR,26.18500843938047,26.081823570400907,26.437645232652226,26.15429927700265,26.52369254496978,26.455349907613833,25.70005394252891,25.857127974046445,26.158160617326754,26.02501805124296,25.514133153714702,26.349693289918125,26.180622560191026,26.042556528211456,25.894876267652258,26.35143037205963,26.263167445510803,26.530935881647633,25.76005314600007,26.250800858258305,0,0.974942814033365,0.76427389919075,0.807182980574439,-0.303861396036862,False
P09429,4,High mobility group protein B1;Putative high mobility group protein B1-like 1,HMGB1;HMGB1P1,24.033984584615332,25.851359606197306,24.20854904549891,25.337049981800575,25.27246309094035,25.135946414111263,25.117273962174714,25.391622593486517,25.16153715808211,25.86967641849528,25.584422381343035,24.61518223508519,23.987403519513574,24.905084915786375,24.781825956160777,25.152920175654167,25.17924722278155,23.959022694276342,25.533323824603215,24.67269373366879,0,0.807329000977788,0.25967759821408,0.587927183588789,-1.15901300083701,False
P09455,3,Retinol-binding protein 1,RBP1,20.81961369067616,22.177111415975787,19.758111170155388,20.51443884623252,21.152560125247298,20.746169906641782,17.339328557455197,21.046287658602935,21.56710685420324,22.246552728652155,20.71431584704358,21.073982333721528,20.752942357676016,20.313705548215093,20.945035455274905,19.77218605179656,20.616704440127393,21.271233330518374,21.50564878938206,20.850561078824388,10,0.805713195157455,0.925313654452665,0.827954854844858,0.0948941361276958,False
P09467,8,"Fructose-1,6-bisphosphatase 1",FBP1,23.948308535464598,23.478062331164665,22.99675726981611,23.901571856088445,23.740033445285306,23.839636268611958,23.521818367691743,23.81014561194873,24.10338557122747,24.333862017592413,22.63740452861644,23.724590039337834,24.024838315477187,23.21689630818962,24.880734884542132,23.91452365468817,23.00181370673136,23.41872786664906,23.79971023604367,23.607619087681318,0,0.959477098087531,0.567357755512256,0.732675882289056,-0.581257176801585,False
P09486,8,SPARC,SPARC,22.03912860989168,22.986508612866626,22.576908609344883,24.36874444488244,21.414815522478747,24.002092109073143,23.77403257232763,22.03782490206985,24.53346485937707,23.761087230587957,23.840633623618416,22.340312457652356,24.365994396299246,24.11575590410796,23.962874459476478,22.952086745482443,24.000039790497045,23.52835235782355,24.889141213351166,24.015502945355493,1,1.37701087979238,0.105319963067189,0.441207542502756,1.69387173390973,False
P09488,13,Glutathione S-transferase Mu 1,GSTM1,25.48396048495438,23.549239549726618,25.757562982919975,25.44548858978914,24.229618660537447,23.30078653691096,25.608363369142182,25.76868520679708,25.859556809194757,25.565996214999714,21.514348012158155,24.962025881974785,20.998988582571894,24.902449855618407,25.154474860307182,24.78446051250995,20.11033347171263,24.71535842830367,25.222450343266626,23.535813115153914,1,0.524632534772934,0.0364523560399644,0.293552510629563,-2.23703211624427,False
P09493,15,Tropomyosin alpha-1 chain,TPM1,22.52039650302741,23.221753413017762,23.602142776735498,22.629449501968917,22.042727996271566,23.85346391981369,23.156421075376972,21.210793285467155,20.14811362609113,24.051682388830066,23.235028522736872,22.66756613250773,19.477267376975508,24.072964747825036,22.79635733796471,23.637160981164467,20.45378862730137,20.752710704418256,20.79912565872756,23.620373512331234,0,0.862553938260951,0.433855189261416,0.679014768252282,-0.798169622272032,False
P09496,6,Clathrin light chain A,CLTA,23.091379413461894,23.39037871928786,23.226736508503922,24.168696949303857,24.098609949970278,23.28310419706717,22.995745581925878,23.342880870839696,20.609515001431163,24.115324307940462,23.551891695441913,21.860826126296992,22.41331697296951,23.31177914608704,24.339982372438598,22.171962865540486,23.19978668266279,22.669235174606687,23.590932492791094,22.915862399278332,0,0.821413543830695,0.560108274131785,0.732675882289056,-0.592256292692535,False
P09497,8,Clathrin light chain B,CLTB,23.98161484541732,23.421357698523483,23.686330959303163,24.577041719034145,23.52832178327899,23.18938850403936,23.09056184730833,24.011314328046613,24.16804174241635,24.044082378152634,23.8180322731049,23.531868544374277,22.99490316735005,23.50989504118224,24.521276564831723,23.685231982802485,23.539903785089972,23.63494882375548,23.94229793256419,21.896124181031233,0,0.86701774048579,0.354895065135673,0.638552273289027,-0.946385085280355,False
P09525,14,Annexin A4,ANXA4,25.057079468915465,25.014588415007797,24.9055230161931,23.38776612717271,22.61267044680531,24.004481902233174,24.64916129116943,25.277861078989297,25.386463137354536,25.65282049726173,23.674793019005016,24.95873853814959,25.318618421516526,25.261859328477822,26.842771535022543,24.697183918696485,25.05767962536024,24.22022523362318,25.01745529213293,24.152754908929058,0,1.28404250258796,0.388230204249419,0.657189567517688,0.881427730827022,False
P09543,4,"2,3-cyclic-nucleotide 3-phosphodiesterase",CNP,22.056929715957086,22.96177256560779,22.786073695416295,22.695978040358305,23.51475486892256,21.05892968625555,21.773515294911647,21.467846598018326,22.980656336295294,22.71081305177723,22.40570153372262,23.394863669258942,22.61945886578252,22.127084016455697,22.672953960630835,22.399970179639602,24.571770731754505,23.400117872165108,24.184008176657446,21.289880309831023,5,1.56296657653214,0.195310926111874,0.539227987617833,1.33841622540284,False
P09601,6,Heme oxygenase 1,HMOX1,22.859269567709045,21.225437106870203,19.110046239490455,22.61042934417592,18.330483496522838,19.556270205438203,23.94426340326685,20.466749581143727,18.83434532821126,22.304295902100094,23.461734292964053,23.719200918975382,20.359115191160967,22.850893084146726,23.9283421135013,23.260870263599408,23.344054994371284,23.653849437701698,21.684102205225805,21.08257299300972,5,2.16893751956947,0.0179917032190289,0.227839174740662,2.56999758405288,False
P09619,4,Platelet-derived growth factor receptor beta,PDGFRB,20.451759002529563,20.426947192488633,20.560352798194103,20.456417303151945,20.49213455225298,20.322037070644797,20.569409291582712,20.455679267760136,20.397269562584995,20.571497823068412,21.312673768426084,22.644118302558027,22.8885347406088,21.219924664886577,18.964674313569798,20.377138166137975,20.668354824373775,19.74714474442459,21.213628479953073,20.732460559892708,7,1.92199175724497,0.187577555167688,0.53240815837221,1.36294498461855,False
P09651,8,"Heterogeneous nuclear ribonucleoprotein A1;Heterogeneous nuclear ribonucleoprotein A1, N-terminally processed;Heterogeneous nuclear ribonucleoprotein A1-like 2",HNRNPA1;HNRNPA1L2,23.57549099095574,24.08021231645298,23.33216972151715,23.974621804519966,22.777822318997377,23.90590428520218,23.163825419775215,22.70492557954616,23.927956309990325,24.979035268684093,23.06556540632317,23.15638636766913,23.608468743627128,24.258703556161812,23.87057263279708,24.505677693865728,23.654261738058846,23.827405523419763,23.817138310303903,24.61751172178381,0,1.09142924126574,0.485804201232721,0.706942075937127,0.709737494684669,False
P09661,2,U2 small nuclear ribonucleoprotein A,SNRPA1,19.42926346794814,21.009985185553123,21.235753671444268,20.505775539748548,20.735143347503996,20.551471701313638,19.879228364199957,19.89205177808571,19.87323062001432,21.61402346450045,19.86580907246063,17.64017750875815,19.994675590746564,20.650299736346426,19.97986039724469,20.224539040855948,21.798756257789584,21.24445269173013,20.15562441914306,20.662813083488473,7,0.932225963675523,0.512445448721012,0.720432089510316,-0.66653841878038,False
P09669,2,Cytochrome c oxidase subunit 6C,COX6C,21.275488879755812,21.596100296475264,21.744557838580363,22.843395289557847,20.4743370338497,18.7109267485217,20.54458811949668,19.815576331631494,21.887131307254478,21.926941667732994,16.36181219273563,21.262714087640095,21.682127204236725,20.032019197826116,21.256574782168876,21.758699526016823,19.838110549339095,18.702469091571942,21.46973605423429,18.730579493728204,8,0.614605994743031,0.140129257697066,0.488948402836312,-1.53432166226047,False
P09871,13,Complement C1s subcomponent;Complement C1s subcomponent heavy chain;Complement C1s subcomponent light chain,C1S,24.279978082783185,24.458913141254886,23.740429861042433,24.362757401546382,23.473577462247647,24.38453210195245,24.848646137639246,24.317981901416317,24.649525157483446,24.362780848302812,24.682910663859072,24.320816531994748,24.382625264103993,24.782881698487817,24.51884939000309,24.30213875250035,25.06297175208518,24.730334482559336,25.621933724649935,24.36427301676964,0,1.3208382755301,0.0561913465818405,0.35525066816155,2.02317659669135,False
P09874,8,Poly [ADP-ribose] polymerase 1,PARP1,22.220678282640705,20.42632157571891,18.725974321799114,22.748167294224487,23.0119407157227,20.907996805318678,22.522334907275095,19.62453374144309,22.863311889402507,23.73224193808201,19.2580227604212,21.42430252662513,19.544463311929867,21.399649398618198,21.4771164862773,23.53986766617608,21.50236761361123,23.106640486913985,22.112797658684176,21.784126822882087,7,0.802993928476749,0.783412324002885,0.811450985241191,-0.278481235614457,False
P09936,9,Ubiquitin carboxyl-terminal hydrolase isozyme L1,UCHL1,26.066383519669355,26.725012221721514,25.63135639336726,25.77396786930236,27.176854809863748,27.752209277594773,26.86837315368975,26.307116134275027,27.100156258092024,26.379849115011456,27.105806526306043,26.20082791991677,26.60496529705972,27.67849608775998,27.18254024569428,27.01433507270493,26.913859400635218,26.72470347651382,27.54381774483513,26.501389508246778,0,1.22555203640797,0.135866725213525,0.486433579823015,1.5519436449936,False
P09960,23,Leukotriene A-4 hydrolase,LTA4H,26.529354523576437,26.899983512919242,25.69892591352842,25.9682698594642,25.833606536417673,26.784666870176824,26.991231894755064,26.58472843960394,26.918056542703614,27.2054410988729,26.17458090805259,25.40802739803085,26.255167099569043,26.77725461224474,26.508247773245216,26.795957947700696,26.672534738917655,26.574923514054955,26.832196652152,26.934707282298838,0,0.950446521476182,0.789291240546228,0.81176501731488,-0.270723239189004,False
P09972,20,Fructose-bisphosphate aldolase C,ALDOC,25.707821454802193,25.84614980069243,26.226690578160852,25.603709897723256,25.068687600575057,24.25001362808429,26.252860354472176,23.745111483807037,24.85415542886951,25.995840074187235,21.720205927183684,24.40754523583001,24.568304777832413,23.464216433762633,23.797072925024118,24.77290874010909,25.890486379098416,27.270151953596937,25.48961055848316,23.985836772096505,0,0.80070196591133,0.0637547178873121,0.368517271980055,-1.95898708651164,False
P0C0L4,69,Complement C4-A;Complement C4 beta chain;Complement C4-A alpha chain;C4a anaphylatoxin;C4b-A;C4d-A;Complement C4 gamma chain,C4A,28.773597895890063,28.49545339813975,28.248104122579353,28.12987300210172,28.763884531600944,29.535125625142825,28.268228706345166,29.53818207027021,28.241283089948265,28.268273411433405,29.174366627574212,28.603910564460932,26.622186305463003,28.795240442572634,28.515026988670343,27.82614056578506,28.640527253910506,28.918364588029693,29.470335238554902,29.536787207753598,0,1.05101074766812,0.957091850900299,0.838745919712787,-0.0544603125099992,False
P0C0L5,68,Complement C4-B;Complement C4 beta chain;Complement C4-B alpha chain;C4a anaphylatoxin;C4b-B;C4d-B;Complement C4 gamma chain,C4B,24.822758080931212,24.624382768708887,26.556131772293273,25.06335835721782,25.326973305028858,26.561642558614707,22.15862081293621,26.03256811343332,23.240473603886414,26.124901241072937,25.228529475996393,25.8584867675511,22.82425286329148,24.262654043263392,24.416578254853572,22.32740163185422,23.542131558308014,25.711456025761123,25.97385016642467,25.96978122275654,0,0.727460277065795,0.464503949141581,0.69086707470759,-0.745274851094794,False
P62987,4,Ubiquitin-60S ribosomal protein L40;Ubiquitin;60S ribosomal protein L40;Ubiquitin-40S ribosomal protein S27a;Ubiquitin;40S ribosomal protein S27a;Polyubiquitin-B;Ubiquitin;Polyubiquitin-C;Ubiquitin,UBA52;RPS27A;UBB;UBC,25.58292919228688,26.239274966997492,25.963104894123603,25.809112436831125,26.59050162744421,25.57163477474233,26.158866795928965,25.573607919171437,25.274445095545058,25.473357866106827,25.90607460845136,25.677409834084564,25.276629111826473,25.31230863375801,25.75890617724066,25.84702529833171,26.067913251100595,26.208944520373922,26.00226224040435,25.540667204925516,0,0.940476050408955,0.694321020626366,0.780138355209777,-0.398542470722334,False
P0DJI8,3,Serum amyloid A-1 protein;Amyloid protein A;Serum amyloid protein A(2-104);Serum amyloid protein A(3-104);Serum amyloid protein A(2-103);Serum amyloid protein A(2-102);Serum amyloid protein A(4-101),SAA1,22.635207466721216,22.373464779919246,22.341224448824995,23.672680086132996,22.122047053761253,22.781581507032374,22.933881726054878,22.6210504702425,22.37215521094715,23.371804064990748,24.041032159102414,21.655301069858503,21.58753624085578,22.255711552930716,22.032953994763627,20.461400270471266,23.21901044131306,24.284677598141485,20.61536915661846,22.75843576961214,6,1.00281440700445,0.341934603089829,0.628874421956,-0.972749691201433,False
P0DMN0,13,Sulfotransferase 1A4;Sulfotransferase 1A3,SULT1A4;SULT1A3,25.064249391727746,24.600385567207766,24.24596710021798,23.41451214225334,25.008798261516485,26.081876859718758,24.178268961390522,24.150668220543853,25.970283784533798,27.134597865498424,24.797268667676626,24.59622829555968,25.214682478869573,25.31883183694694,25.13547548481537,24.689670178950177,26.162278378924608,24.660156716796248,26.125090853413937,25.3072690697326,0,0.929477798459821,0.540674025556393,0.729692264899217,0.622116013413849,False
P0DMV9,32,Heat shock 70 kDa protein 1B;Heat shock 70 kDa protein 1A,HSPA1B;HSPA1A,29.46562747515386,29.616657169616914,29.192640205215064,28.834724772291146,29.031971253757643,29.413605271271145,29.27697446408681,29.410047166165857,29.525418205418163,29.827675311431523,29.042773688636302,29.325151413237183,29.04320291998178,29.62150178385156,29.177671483894745,29.58921016664012,29.52858596399253,29.360852709037115,29.336148885162736,29.553290699207544,0,0.991264448931347,0.988629063424177,0.843797505224354,-0.0144253831272104,False
P0DN76,1,Splicing factor U2AF 26 kDa subunit;Splicing factor U2AF 35 kDa subunit,U2AF1L4;U2AF1,20.780599374980557,20.569253056396303,20.731086356197423,20.03864470893441,20.742363619119786,21.465665588204654,19.535767340998746,20.693775330067158,20.310327388619434,20.229064830333293,21.02021157651617,20.73499713592798,20.91062080477572,20.87486361661547,20.901512733236196,20.684213307326267,21.256060042967,21.00323806384285,20.915024309558355,21.012552312496947,0,1.27187194658313,0.0923445878311921,0.423185026411948,1.76502424268595,False
P0DOY3,7,,,28.171561881809968,27.943252999787493,27.276322455331268,28.61539083955719,27.915483543472078,27.898198499985924,27.710835633266708,28.42852747086946,28.331684471727787,27.593685144254778,28.246818271115743,27.333193889725887,27.311894186823125,28.403801664753612,27.19168464674958,29.245129614806935,28.157165863612406,28.46567927530314,28.70172210098318,28.478426203584206,0,1.18874841016617,0.419259123218104,0.671351838088109,0.824172344658296,False
P0DP25,12,,,28.489981565167092,28.14998102547225,28.29108549424579,28.93881977585,28.757156841346397,28.81664504192393,28.064420485106798,28.279504551778633,28.408448544268737,28.44916772707203,28.020461529380526,28.081767767920937,28.960190140940934,28.43187874424473,28.737621332172562,28.060356125264548,28.606621913896735,28.14797303245405,28.845502836550278,28.039845777816293,0,0.962653102920111,0.654375042200995,0.761003945946475,-0.454267119430862,False
P10155,6,60 kDa SS-A/Ro ribonucleoprotein,TROVE2,22.230802993068515,20.486113105633116,21.936280366927676,19.951338292933315,22.466715047748576,21.383972809431047,22.319229414650614,22.11236916456202,23.196167328097275,23.016113806707292,22.15534507170505,21.87950682831632,21.758106413963237,22.555746624410506,22.5837045385525,21.87436930816128,22.80703746189344,21.964009630020673,21.588750058462296,22.992220770615376,4,1.07295384410758,0.391073718754885,0.65797460515182,0.876060348768256,False
P10253,6,Lysosomal alpha-glucosidase;76 kDa lysosomal alpha-glucosidase;70 kDa lysosomal alpha-glucosidase,GAA,22.32617412764213,21.111970313162647,20.40121982395513,22.502670533356532,21.288308792092867,21.594589864339664,23.21633831540706,23.213088337717487,23.248639249148265,24.85431083197395,21.925044775041492,24.09094045828094,21.450749837103096,23.585349033812676,23.39185550350738,22.72960699942699,24.107241613077633,22.46857955392458,23.929305725741077,21.51010478215284,2,1.22097506745761,0.243550244844075,0.58311339070537,1.20046050044349,False
P10301,13,Ras-related protein R-Ras,RRAS,25.979720163200163,26.49962259027285,26.28811743726294,25.923520135472895,25.492288112263726,27.058135635121225,26.10305033734507,26.05610800844589,26.29132724267956,25.804500755061063,25.8900733357222,26.554392280955007,26.12795095891495,27.15939058106651,25.589779819671374,26.006869100942158,26.226978321153084,26.5219241646759,26.15923420479085,25.856796006879566,0,1.04683508452326,0.769915751585453,0.807535787260068,0.296359033153746,False
P10412,14,Histone H1.4,HIST1H1E,28.62001182368135,28.63144920204824,28.711893884128685,28.38381796949511,28.246301306757935,28.77505102662891,27.698032991717866,29.06688537988849,28.52224851490482,28.469811520539913,29.141972020652595,28.52285719975584,27.968265467214025,28.91370300842863,28.645812871305985,28.34117636035361,28.464276264593227,28.047184603585237,29.470499147646503,28.821239561853687,0,1.111564164127,0.53419510197139,0.727049936758826,0.632197452062785,False
P10599,8,Thioredoxin,TXN,25.37833854687352,26.62898016959666,25.021060926512156,26.01319365751168,25.93153854527928,26.245715208460712,26.05792608196382,26.199713066652482,26.441086825623636,26.27213700592502,25.82949733979024,25.85440786212601,25.26265856993564,26.55658710049511,26.023323395121782,26.267956764296923,25.98946686030795,25.822017512411232,26.46051596962793,26.215965238521473,0,0.989706745017278,0.961374117723519,0.839800241506769,0.0490203107829906,False
P10606,3,"Cytochrome c oxidase subunit 5B, mitochondrial",COX5B,22.67191582688573,22.664311662539404,23.04888990545017,23.94991082010228,22.52507734029042,22.35661914286812,22.347218725766155,22.270142195096977,22.85886035012271,22.013502798720708,21.997563337186847,22.749652381727934,21.86228510672529,22.658535377818342,21.75717886068574,22.950070211993502,22.798844983876222,22.850414301668184,22.28340650447191,23.347054858410182,1,0.890081357885227,0.557295043646514,0.731996907067397,-0.596544504785768,False
P10619,2,Lysosomal protective protein;Lysosomal protective protein 32 kDa chain;Lysosomal protective protein 20 kDa chain,CTSA,21.32945098791886,20.836563126338177,20.637636255838956,19.53751917006089,21.800871755174178,19.182333354241084,21.992279181665154,21.030295899115284,21.573408371316166,22.48037107524037,22.331469817245868,21.49942659062022,21.789622743794776,21.580592091498904,20.095115740710845,21.73212833177653,21.363525380189795,21.321050984192,22.462400131355526,21.010151180282044,2,1.24143274467051,0.249786965787811,0.583149616570681,1.18419490341023,False
P10620,4,Microsomal glutathione S-transferase 1,MGST1,26.444685306082768,25.03129354620788,25.909748860466213,26.086171554082224,25.534153238030513,25.105048137237034,25.476479315714677,24.774071026516626,25.56776941863062,23.84833508826487,25.74377436082746,25.314844949117795,25.556251527419796,25.29869218072326,25.733561934337274,25.133030358488753,25.470750765739126,25.122479778338402,23.931364921296126,24.639552683765665,0,0.838057700149263,0.451791297661196,0.688246675152697,-0.766948958633874,False
P10636,8,Microtubule-associated protein tau,MAPT,21.0040969075688,23.46355868404991,21.30438846245829,23.41465160719047,21.58432729141052,23.66720751515071,22.955193522916517,21.373526188284533,22.060469980577352,21.455778757270078,21.064366465975645,20.70220463064348,22.65268230932205,22.701741273135173,22.22561122268889,22.19580393448337,21.3718991166436,21.213051075560962,21.57062277378838,21.42783875715387,0,0.614503987301694,0.217638888398433,0.558032681431233,-1.27163247354729,False
P10643,14,Complement component C7,C7,24.984347223205457,21.063993300287073,23.639262918653927,23.20873700771631,24.241857705126122,25.913281486233934,25.586514470420322,26.20302041826536,24.43388999479103,26.094608713738083,23.612069150298463,22.313385621359313,24.290990147929907,25.577353322325266,23.80207212080223,25.76331318457311,25.708329882458862,25.958514772610602,24.771677851224226,25.97176158688478,1,1.03182469680349,0.580080577665929,0.741815536043608,0.56212661902034,False
P10644,5,"cAMP-dependent protein kinase type I-alpha regulatory subunit;cAMP-dependent protein kinase type I-alpha regulatory subunit, N-terminally processed",PRKAR1A,21.78566900685325,22.517992121504193,22.454152745797067,21.983881426310504,22.200871321593013,23.063433807314304,22.81511706187739,22.649987090980925,23.105936994220095,22.924817972687745,22.599443997660256,22.645044549556662,22.566207485259362,22.584630355029628,22.0675759196723,23.2538032780183,22.565203056790228,22.175780893390947,22.08842571925516,22.94307368946873,0,0.987909253725055,0.995330230904035,0.843797505224354,-0.00592397746765481,False
P10768,11,S-formylglutathione hydrolase,ESD,26.625677194889345,25.943609323431726,26.52116796816975,26.6033428620087,26.479202209893074,27.02516939472899,26.22296866202605,26.60744274642009,26.86731447953819,26.561891836145715,26.24548240972851,26.818076599213757,26.53229702020996,26.244180677098655,26.678684931171485,26.83972819892364,26.252323096652745,26.365117255567927,26.652120934146176,26.466496236491693,0,0.967918028372652,0.798833694520491,0.812593916944395,-0.258166643268332,False
P10909,13,Clusterin;Clusterin beta chain;Clusterin alpha chain,CLU,26.14174729714719,27.16839062414351,26.584903390779072,26.277256159494446,25.82962723437507,26.46043614806972,26.59697345778946,26.85582295809053,25.849174646988534,26.61995006439956,26.85064545766035,26.801823698417493,25.04148833043668,26.71514517364412,26.819046658628654,27.161020805314042,27.387593956141803,26.921504926414705,27.41675091997827,26.99451440391388,0,1.33994593008067,0.109702316553662,0.449353564697873,1.67153075390429,False
P11021,29,78 kDa glucose-regulated protein,HSPA5,28.054494049198407,28.24792699299897,27.701448289025695,27.67562171771528,27.91677360131114,28.410068726909987,27.887824426279874,28.01975148558735,28.509119242961184,28.624653420645807,27.744909298639413,27.416156017547827,27.660034739701956,28.38551987656502,28.543131277460322,27.8448924972965,28.127138226092523,27.94861227970471,28.346938187403683,28.032121323140974,0,0.93588530719142,0.519667779980659,0.721310207615658,-0.655047211601951,False
P11047,55,Laminin subunit gamma-1,LAMC1,28.310259507511145,28.164711775234625,27.66642589324296,27.681936126917922,27.001410609407593,28.668078141444138,27.434822717168302,26.86071069300017,27.5606895912089,27.13231062173209,27.758577663657412,27.603097279883986,28.07797461494597,27.77643935416813,27.988505768770285,26.30379782498737,27.368964870214892,27.28613264621277,27.46756235448469,27.19822683462586,0,0.867288214673127,0.447747522313005,0.685569866640652,-0.773920525414293,False
P11142,31,Heat shock cognate 71 kDa protein,HSPA8,28.44762976744438,28.561709067021003,28.669755495877602,28.187173081095,28.58881043763049,28.786544351139273,28.90163435563151,28.38688680371905,28.952785572818613,29.067160252589435,28.435231807715084,28.285565026768133,28.323814742658502,28.81185849975276,28.851926050883424,28.75294025762788,28.93782701012454,28.720132853915576,28.88617571450651,28.75585967550535,0,1.01020847507856,0.855248024172477,0.821068367518388,0.184723381439887,False
P11166,5,"Solute carrier family 2, facilitated glucose transporter member 1",SLC2A1,20.167657777219123,23.111840241031572,20.398743170478994,22.72208787090609,21.436724580475186,21.723802093613326,22.363742017460766,22.498184760477084,20.37321377009228,22.693618503225682,23.38293406546757,22.36476025203487,22.547219784597356,21.989400833837855,19.603841500861815,23.078691960700482,23.620022484336534,21.66230231867821,23.07640067431977,24.17208395074977,4,1.81107697082948,0.121980590114229,0.469505707210639,1.61273264853925,False
P11171,10,Protein 4.1,EPB41,21.13939187614906,23.122725623081212,20.543682753350925,21.546288735050485,19.891060985282316,22.419269227781797,22.264063806238354,21.88330369451264,20.397883382091976,21.025699855536494,19.808992178745722,22.039060899780267,22.9282881930254,22.68075121459615,23.231849877494323,22.334468413442895,22.335493125633032,22.630817699745563,20.9257753816106,23.345797842487215,3,1.69856165979443,0.103844531785948,0.437355574810954,1.7015715824442,False
P11177,13,"Pyruvate dehydrogenase E1 component subunit beta, mitochondrial",PDHB,24.478119229790945,23.156537843788925,25.936006496822788,25.272723968587954,24.150766124024102,23.770578378031697,25.39119347056309,23.123338419468084,25.79711015142428,24.400328735777357,24.03378071882531,24.578035178793712,24.349220754317688,24.065446125539783,25.379027572001615,23.541475723233766,24.212830728075886,24.0893543126758,24.321961101741145,25.02400448027611,1,0.754576748240266,0.606096849681647,0.752218059563864,-0.523649473117892,False
P11216,26,"Glycogen phosphorylase, brain form",PYGB,25.103639485403818,24.368443151348462,25.49232539987073,24.910104428482228,24.83698033473561,25.518202031869844,26.353283628648622,25.789254604481094,25.040195756801367,25.475854717883216,24.37625588687382,24.499591122186906,24.970069269856463,25.639985030439398,24.962236578650376,25.895543519049873,26.009175245238175,25.933845257146952,24.80990218123018,26.014288377199446,0,1.03467539141359,0.919179903460418,0.827824567025987,0.102715177995645,False
P11217,11,"Glycogen phosphorylase, muscle form",PYGM,22.254329341979993,20.414289465795218,21.12508652426871,21.71933484418878,22.517082635675575,25.296771617356402,19.100446852029716,22.347252395486905,21.825827158358255,24.272184493459495,22.401061146830713,21.285641357819756,23.691779004873602,22.303089017798957,21.882812704687662,19.75540962707821,23.86807843552652,24.664546235415724,24.608865122402516,20.198925656350863,3,1.12359777944081,0.612448832644347,0.752600100252505,0.514377849943363,False
P11233,4,Ras-related protein Ral-A,RALA,24.50112354490963,25.830525111213692,23.4617826547699,22.776710249213437,22.98142310359671,25.51305602648913,25.122393747942688,25.140990818313412,24.07302908006916,24.457074359734573,23.79992266949988,25.05513528636627,22.50271745869701,25.320569897041405,23.33717084786205,25.07150614983303,24.583921447234836,25.47608022405674,23.678083110921612,24.9548706487937,0,0.957464630870421,0.984708299462277,0.843797505224354,-0.0193999080899817,False
P11277,52,"Spectrin beta chain, erythrocytic",SPTB,23.610740876822426,26.233218917548044,23.238560725359473,20.047823768389666,23.190513862936843,24.24106620593388,25.15712484467405,25.222548666966553,23.923928449646645,25.377003670505953,20.62921578182833,24.827003819598765,19.625849626963696,25.03092583283185,21.674792841107337,25.65522111262714,25.36706622307845,25.24462552428275,26.400532619230333,26.27623916572186,0,1.40062032641641,0.943546969428709,0.836151735667812,0.0716790632455427,False
P11279,4,Lysosome-associated membrane glycoprotein 1,LAMP1,23.3033115014655,24.57697218984289,24.18533976870286,24.338704638526156,24.31684610585385,24.31233302829245,23.772446780274358,24.5203675766138,24.12698110963118,24.644535272780317,23.892123666238227,24.349031445611526,24.350312129072663,23.685778174305952,24.8178836069503,23.516165424852446,23.690100920072677,24.023898640965772,24.28522055492613,23.318503655651245,0,0.872947365854838,0.314412284128731,0.614238736937273,-1.03111519230883,False
P11310,13,"Medium-chain specific acyl-CoA dehydrogenase, mitochondrial",ACADM,24.549612359130126,25.85200221037664,25.6710535431687,25.93348242565891,24.55032316590477,22.862876882714637,25.06729941983682,24.321176978480256,24.9102027761559,24.18961338895628,23.311976959678802,25.257333608875484,24.283055062061322,23.96658783785288,24.65990560461867,23.535391413621745,24.24229401230491,24.993442350981475,24.069491863870688,23.839069491641446,0,0.620154405473123,0.0770071024562608,0.406844594708366,-1.86123812339468,False
P11413,20,Glucose-6-phosphate 1-dehydrogenase,G6PD,24.950083630722162,25.56217324504492,25.641857252802716,24.447534772584238,24.243518649975975,24.248670247170967,25.5844944047177,24.368272959027326,24.507190302398897,24.91347601980883,25.07512122781418,23.66741968533404,23.95054653022835,25.175937561139484,24.761071587352784,24.916005161899406,25.316803414164568,24.864909815516736,24.275767287724317,25.18983197819846,0,0.905698181503499,0.621207695487124,0.756189145336418,-0.501667493814173,False
P11498,22,"Pyruvate carboxylase, mitochondrial",PC,25.381730355222675,25.519321593241422,26.303005950136683,26.33209305355438,24.36245434324454,24.732230715683908,25.30756638576383,24.334648387270743,24.60151511301848,23.085422545048594,24.03388204514285,25.222520725600127,24.07931220627892,24.84885798036886,24.667673649331604,24.703023178053307,24.192376138491568,24.969442557746504,24.552849487432393,25.448748845828355,0,0.69202774780244,0.274489134043246,0.592304662705395,-1.12260192815535,False
P11532,14,Dystrophin,DMD,20.25272630860458,22.01993011275736,22.678737130738895,21.950872809229665,21.641311450138737,22.489193832190786,21.68194938667292,21.33335044001769,20.711855492370933,20.513545412920195,18.655501783261847,19.45655397557883,22.198391155751732,20.693277792491674,19.296814366427146,21.735847465793896,18.93723063201487,22.63590917054957,19.268618366717828,21.461665064767505,8,0.644060644200385,0.0465598296080319,0.328848068756351,-2.11718376999333,False
P11586,35,"C-1-tetrahydrofolate synthase, cytoplasmic;Methylenetetrahydrofolate dehydrogenase;Methenyltetrahydrofolate cyclohydrolase;Formyltetrahydrofolate synthetase;C-1-tetrahydrofolate synthase, cytoplasmic, N-terminally processed",MTHFD1,27.247560979220204,26.859207010147422,27.56187757042302,27.273666146229264,26.1441245065208,27.022785585497797,27.012158307673676,25.718658036255093,26.432152049389586,26.281603542783742,26.28502978488587,27.475180438787692,26.550327909814694,25.57008810307365,26.236108449867828,26.50835246378855,26.740743487778083,27.43554713764957,26.322048302626115,26.546247858440477,0,0.878002547527589,0.439272074341644,0.682962080558899,-0.788658337821796,False
P11766,15,Alcohol dehydrogenase class-3,ADH5,27.351645850695927,26.39179894539635,26.94194622574634,26.865500082139853,26.72039592596968,27.568677053931932,27.251662724401626,27.04125901949946,26.97774471785235,26.718907237936026,26.646702273198535,26.956777510289974,26.85709975064356,26.969360232728437,27.13833009690227,27.150961044699766,26.96110565266811,26.6761028373877,26.985128045325535,27.23288119884882,0,0.96531095026076,0.856244920235194,0.821068367518388,-0.183436100533225,False
P11940,13,Polyadenylate-binding protein 1,PABPC1,22.349120451464575,23.702385280710157,23.127573144834134,23.380073254969606,22.920431087885948,24.01411463732235,23.744196595769782,24.729832073161237,24.3936800707949,24.64658814880424,24.03687640491836,23.486368941967193,20.894420086852474,25.468783433682955,22.900953647135786,24.885976563988258,25.32428125651597,23.96622717886568,24.980513299927413,24.726084164239005,0,1.52751546959469,0.360749400413333,0.642121366920642,0.934690322020497,False
P12004,2,Proliferating cell nuclear antigen,PCNA,20.45260676447671,21.346235488985084,21.141971222488216,20.788741157615455,21.59985796006755,22.19774770560439,20.128715848002507,21.442829460146015,20.518906844626166,21.964785172324714,18.480073466812854,19.71226371133665,20.368066191208523,21.36229637623445,20.86235584640412,21.002053067567793,20.07231681400517,18.97515867705487,20.10686700178832,20.399178631717838,12,0.51960851215239,0.0125843990306623,0.199618756214225,-2.73288589272318,False
P12109,22,Collagen alpha-1(VI) chain,COL6A1,25.66591898762247,26.894417443735314,23.893855790234493,25.454571908739275,25.43660295996909,25.23768447271543,24.530633736758194,25.820112855364446,25.24669344082378,26.04627773272349,25.815995075996852,26.354886205069985,25.7281784718236,26.345047710800245,27.06901049937909,23.717597784299624,25.00877258183143,24.38485347362919,24.737260187864422,26.1524211389529,0,1.1574449824653,0.747288230889961,0.798823546685696,0.326558594481054,False
P12110,12,Collagen alpha-2(VI) chain,COL6A2,24.292073725212784,25.46630832425005,20.25314174458546,24.503221485742475,23.75463011007141,23.510183844292243,22.331955309273976,23.28890324978088,22.295509738734975,23.184323895826914,24.290385452766248,24.805405097391965,23.730629527643732,24.4965383760299,26.22761381152102,22.15768116462869,23.21462756693186,22.255741962544068,22.642902878413448,22.985663838917887,0,1.35108547084125,0.422651193624732,0.673310065329544,0.818079383135484,False
P12111,65,Collagen alpha-3(VI) chain,COL6A3,27.283416912170587,28.31669135650893,25.452916427512896,26.673641873147528,26.148883043198097,27.23898979479245,26.71909142140891,27.147071804120994,26.980674420680977,28.171441218340732,26.781869997544323,27.513772923418784,26.852262873012627,27.99064686389161,27.920354475975078,26.771995810477513,27.014514278349637,25.946726038050933,27.868870484079157,27.00550179871001,0,1.04202741539684,0.626847291762733,0.758178549609215,0.493527971387019,False
P12235,8,ADP/ATP translocase 1,SLC25A4,20.05130816988168,21.61297670249295,21.567582443206646,21.018612828082013,21.584580446583864,20.354301216259785,20.952114884580308,20.40839365368625,20.672255589207925,19.778977389483842,17.834873658900076,20.81439299772946,18.1537337208216,19.730392204458,19.927883059203854,21.608058971187326,20.22517700169592,19.612923560682844,18.73196691393231,20.565265459435736,8,0.572303986180114,0.0135984592089223,0.203132242222724,-2.69783762649019,False
P12236,11,"ADP/ATP translocase 3;ADP/ATP translocase 3, N-terminally processed",SLC25A6,22.796520721441105,22.750267700743652,22.526730579901212,22.376125444300076,22.136099494412683,20.285460676229732,22.230000510661803,21.785425470136236,22.54467386444933,22.28429958835115,22.119641993798783,21.902684359597462,22.250854379278394,22.778519747554267,20.975598489732587,22.21184846185687,22.003092657629193,22.149597341009787,21.57218773127432,21.379621919547212,1,0.821492115977993,0.435095977945932,0.679014768252282,-0.795984509428305,False
P12268,8,Inosine-5-monophosphate dehydrogenase 2,IMPDH2,21.587666427990694,20.86857174466972,21.495235484092948,20.238759417198597,20.31498222448522,21.963096417264932,20.5710233454981,20.580525482376213,21.552137833104506,22.37200949061198,20.071236284316353,21.15519624049924,20.53894575891865,20.366626221052304,21.668616437791,21.800635839823247,22.16757899412743,21.913316078055008,22.390488887386024,22.707958656591558,6,1.3054602222705,0.308671227965343,0.613979024606205,1.0437380504462,False
P12277,15,Creatine kinase B-type,CKB,27.644136880519078,26.68939096947258,26.61850485859166,27.050873214349032,26.7108546494931,27.411194931671698,27.639658997659666,27.081068570153864,27.34154640410851,27.496732558882456,26.350718500285748,26.570712779620216,26.278242764560165,27.15755007990998,26.955730056071143,27.670937302595064,26.234672888318666,27.077084501407594,27.129714613396786,26.93776470967922,0,0.805782489399788,0.0788211630961297,0.409944313545591,-1.8490304269889,False
P12429,12,Annexin A3,ANXA3,25.891720701182116,26.158018872388237,25.538200725766778,23.989865658620335,25.792391072620926,25.52919034478433,23.209569420307126,25.36147826179625,24.883527801942673,24.17906559168616,24.840827316958286,25.59441927332781,25.165830994163006,25.819435272830397,25.901845419745424,23.710547287954583,24.55332430085229,24.600927489013483,23.885369459461963,22.946868697107785,0,0.795597612421439,0.285181044590689,0.601901638218269,-1.09720540068024,False
P12532,4,"Creatine kinase U-type, mitochondrial",CKMT1A,23.491464853400924,24.430721295356264,21.752619038052668,22.401201114121232,20.051774854677216,22.967404464460124,21.588280303623844,23.56547289027289,22.98572150840088,21.037235911325123,21.35506970544608,21.899003347242143,21.55934789396831,21.891967492593785,21.478717451052372,20.596382434204003,20.547506464276932,21.695157461374496,22.52298820214949,21.10499387849173,4,0.397157913648998,0.0504565632209068,0.343048287307889,-2.07721730558374,False
P12694,8,"2-oxoisovalerate dehydrogenase subunit alpha, mitochondrial",BCKDHA,19.667847488463522,22.144100412992984,19.484479316407555,21.483838437240376,19.35438932718188,20.584268301223208,20.567562444681187,21.784923086274553,21.134287780086222,21.944121509811996,20.410743154415186,20.760650077753944,19.86208520927062,20.6525094295843,20.182096566209594,20.55333937704626,21.233340787105323,20.444707444937197,20.409303562913742,20.721425243603523,7,0.67804489641471,0.413182134845478,0.668891502267805,-0.835166469318499,False
P12814,48,Alpha-actinin-1,ACTN1,27.237134854280995,26.98375283633873,27.74639316045836,26.797875649303087,27.447355044865905,28.221732180553122,28.27811451299375,27.42567856642148,27.781560375911557,28.285461057820523,27.734121249726854,27.377399165042156,27.137292351810647,28.5505128218088,27.879130623365093,28.086523105436306,28.052079588011733,28.09311269622958,27.983383164258772,28.030340929049455,0,1.17420404107904,0.126623225182676,0.476445128823285,1.59179346461658,False
P12955,12,Xaa-Pro dipeptidase,PEPD,23.46765765998232,24.45404738608307,24.597834448199432,24.44268743830765,23.713437558952837,23.77271629827606,24.847179963880894,24.570205247083695,24.841318551465392,24.453644747365328,24.35700862983025,24.661578984985873,21.653124582483358,23.48709582544842,24.42132014338029,24.34855000254855,24.840979459516173,24.77977146145053,24.484113780533704,24.32147569307527,0,0.959853640675573,0.564517123654624,0.732675882289056,-0.585558350665672,False
P12956,13,X-ray repair cross-complementing protein 6,XRCC6,20.644033868731277,23.409342196964673,23.49701721924404,19.45241478344075,21.597492374666132,24.72617590120719,25.45590536160583,23.57996946620055,24.91058688026916,25.00278232774325,23.85557566994356,20.4553203891908,22.57072094828644,24.339109992218976,23.784007797031876,25.170404785906474,25.36043878375415,25.530961187425355,23.694521684655832,25.30535346160925,0,1.34942598883938,0.152552641380494,0.506147554975687,1.48536760933611,False
P13010,8,X-ray repair cross-complementing protein 5,XRCC5,23.163201518428963,22.08030538626124,23.31131370719715,24.40131273825055,20.257549637826955,24.13890174810659,24.316585952082562,22.01216392865977,24.259234216178864,24.739679236863815,23.62137930638957,20.41332057396651,22.732906455227848,21.966897265949363,24.037200251575918,24.014656707984578,24.094937563437064,23.922990580128456,22.866823672864477,23.63146951412053,1,0.818167539603005,0.787092957849013,0.811510678024041,-0.27362214155081,False
P13073,8,"Cytochrome c oxidase subunit 4 isoform 1, mitochondrial",COX4I1,23.95817829018066,25.16593388038258,24.432850529493628,24.64483262570353,23.62309972419873,23.28023301183188,24.71446965514079,24.188482295142006,24.913771003678704,24.17429634753829,22.739449440348032,23.811580828384788,24.03636938482966,24.35856885045386,24.045535013973346,23.168151251590466,23.98880590289822,24.60193965295239,24.358866263218275,23.928333000924958,0,0.747474215215245,0.147938143672758,0.499834338442571,-1.50315504622524,False
P13284,4,Gamma-interferon-inducible lysosomal thiol reductase,IFI30,21.93311506902944,19.95782676514718,24.285419982964218,22.02969099038331,21.350839714341827,23.057812413316526,23.49038104541744,24.26967676613477,22.917353363187473,26.730272906987977,22.74903929970336,22.82871243449403,22.116751047717795,22.149394230257396,23.459048073776064,19.70119395323734,24.011416600628063,22.284101173398824,23.59613382919071,23.816300794531667,2,0.444611317936646,0.58362621238334,0.743117501783968,-0.556833187824703,False
P13473,4,Lysosome-associated membrane glycoprotein 2,LAMP2,20.171395886254043,23.79586716694311,21.153100900438304,22.631634876359456,21.22694354574273,21.259077470234125,20.658740219761352,23.242646267330322,21.601010669195997,23.78731289519294,20.193777719254566,20.4775420356822,22.06588946317268,22.141573437368645,22.77306544542104,21.760861683459744,21.551901014674677,21.86499833167361,22.022214773709965,18.013313684903192,9,0.575314481516328,0.268317232174668,0.587927183588789,-1.13759355742047,False
P13489,23,Ribonuclease inhibitor,RNH1,28.25655451692089,27.2821409744163,27.84459331432039,27.531790637939245,27.728058595230568,28.450016078184753,28.60818791927178,28.249965520526246,28.58303104824457,28.629411003372354,27.806662255588748,28.035425588508126,28.06114923761707,28.474726200829064,28.45666781398852,28.76235585538013,28.439556942961687,28.336916394968274,28.16206228650846,28.755437099663986,0,1.12756750336135,0.130766194047128,0.480582462943449,1.57364298006415,False
P13611,5,Versican core protein,VCAN,19.991749037414802,22.99497485736482,21.751929267467894,21.932988220376725,21.285355796094127,21.302773922759734,20.663911884880047,20.87097125601669,20.987047910174688,20.61156342120536,21.24360179096215,21.13829827869855,20.05279123843977,21.365932686301292,21.30430739295298,21.001397523924478,20.916380479224472,20.07508314982607,21.64128236440499,20.584424306148925,8,0.722462361571196,0.358657872418322,0.640460086745567,-0.938853585242327,False
P13639,38,Elongation factor 2,EEF2,27.017841553420798,27.259642208238482,27.023690338361135,27.20184408022748,26.79586252733129,27.58292955248162,27.881063214637244,27.741395114059777,27.92420429865033,28.007796079979727,27.097537752399166,26.785537427206172,26.56571572037168,27.71248998278553,27.280331454452746,27.583557357811795,27.804381773678397,27.86791814712925,27.884995676236738,27.76724364561793,0,0.998547272647193,0.948627096796458,0.837319346889102,-0.0652186953659874,False
P13667,20,Protein disulfide-isomerase A4,PDIA4,25.81781733966094,26.060971412709453,25.084845784085662,25.69788164994707,25.247476253822498,26.13866865224374,26.22483130747907,25.769378487303406,26.08485367508449,26.54312353514921,24.969248092368886,25.389679771054155,25.485452032772425,26.07421405084811,26.677888704323756,25.827331172774173,26.228461236274452,26.071806321757933,26.45826970680339,26.129124220465176,0,1.06058482133515,0.746333465064658,0.798823546685696,0.327839516203136,False
P13671,16,Complement component C6,C6,21.803297534954027,20.60540183923542,20.509930296729706,21.262694999061942,21.235871441187378,23.2446325826632,22.8453471336786,24.120963835639138,21.82302226138764,22.418729595301567,22.66698241742324,24.03994355202003,20.3026704497792,21.86614848504805,22.339668068351763,23.918654298016403,23.829429705135382,24.01676031973051,24.355859761111162,23.671511622431826,0,2.05919284800437,0.00772241580588483,0.176846314359072,2.95082360749755,False
P13693,4,Translationally-controlled tumor protein;TPT1-like protein,TPT1,21.120408772781488,20.483541742509033,21.37819753070313,24.032020090165634,21.82279709240803,23.90065966795764,24.337113776478567,23.117905045035844,24.935374559925673,24.635113317037334,21.884222892166097,23.91820254856453,25.684765848093463,24.815705545459302,24.646547587701846,23.932951053953392,24.03450750591712,24.797466710490507,24.974571490840766,24.432684625706187,0,1.88252759188627,0.00691767504538196,0.175323277667773,2.99932777795053,False
P13716,15,Delta-aminolevulinic acid dehydratase,ALAD,26.174647763163996,27.338185330255776,27.009761253130897,27.22071097874954,27.11654594326677,27.14773159910935,27.131228485319824,26.510604766564935,26.88872304874544,27.094273008084237,25.932599894075683,27.01233282369216,25.758810366073682,27.188451579398293,25.60861202996304,27.56099729142358,27.359371351294172,27.493962214603354,26.8000024358996,27.225455277678037,0,0.964203599296307,0.427723199949611,0.67770945006368,-0.809025945616421,False
P13796,33,Plastin-2,LCP1,26.56090341931835,26.612755820592643,26.478987008894354,27.30738771564908,26.513589575598132,27.345723774585508,27.800328459950972,27.126842265115023,27.224465855532102,28.15624420588925,27.335731374924123,26.322003236368577,26.338175407611022,27.880881990123974,26.85586359141399,27.521991847258633,27.6820662733353,27.37283240995147,27.86737747448623,27.795922934547963,0,1.1295714624549,0.35602415608349,0.639433780302603,0.944119485274643,False
P13797,31,Plastin-3,PLS3,26.434557864445388,26.13805522979198,26.48019156356138,26.091633583537778,25.843950964273958,27.047000385376446,26.944467253586705,26.631116670915844,26.7562989969355,26.811755308201107,26.38177043972422,26.105460245443417,25.64404467788786,26.91470583379927,26.296919602614974,26.685959168019522,26.8154424439785,26.653733236578773,26.519752896616403,26.6779299279621,0,0.963184586849038,0.74085114825252,0.798823546685696,-0.335205583992784,False
P13798,11,Acylamino-acid-releasing enzyme,APEH,24.078040527407953,24.546306801986887,24.21435139824017,23.644654276671773,24.637693551550043,24.592549009672766,24.259459399497867,23.20823893805609,24.502866207464997,23.87221629240164,24.027743741679032,24.240401407999133,23.64158118467437,24.54771060444974,23.767803932502257,23.85203760352677,24.17477586295093,24.859478959873297,24.78367406239261,24.176686659396204,0,1.03120616031829,0.815038433743008,0.815002833453775,0.236939266047225,False
P13804,13,"Electron transfer flavoprotein subunit alpha, mitochondrial",ETFA,26.178759677104093,26.764954232256304,27.165709343233562,27.364003743612756,25.832264748680227,27.031739501226813,26.821217192996194,26.68240020294443,26.845985128082916,25.968655440215134,25.53246733566865,26.5603591460644,25.43554921583057,26.375262323847252,25.923438210324317,26.188221906637583,26.696306069599384,26.51682224072782,26.599974616925756,26.65663481802674,0,0.741257762804365,0.0563458765240056,0.35525066816155,-2.02178998255173,False
P13807,4,"Glycogen [starch] synthase, muscle",GYS1,21.629648737266105,21.408897603547768,21.32949895352702,21.46629200220574,21.472734417578238,21.608421560925443,21.99207839103175,21.603273546541235,21.748800008278803,21.619349166171958,21.957252519370204,21.838603519702673,21.654564038055504,22.530631500817716,21.3849087783273,21.93869811981678,21.990966499013744,22.44391203269504,21.47230288399807,21.594902069002735,7,1.25553931627253,0.194185018125827,0.539227987617833,1.3419391509871,False
P13861,18,cAMP-dependent protein kinase type II-alpha regulatory subunit,PRKAR2A,27.709981796594096,25.981173974359123,26.781152380847715,25.674282708461316,25.59337944219493,27.794662944956983,28.002178209637304,27.41103669874336,27.622722221675318,27.608946900812636,25.486354149358352,25.77170729905142,25.80978403835963,26.245567483935123,26.157710104176555,25.879563165931348,27.59309570342455,27.598478490475795,28.337874855209648,27.03156300461973,0,0.789973583248536,0.138920297482498,0.487227709966479,-1.53927413193612,False
P13928,12,Annexin A8,ANXA8,22.0564504020046,20.00934690907441,22.750103827907587,21.10058146148266,21.538945012378722,23.233099425629277,23.316605303221635,21.938938875218252,19.891246863805005,23.30741339832088,22.833613341311246,22.857822850629432,22.042080235932676,22.74385945431286,23.66676561452858,22.02182799800592,22.909274949634757,21.343632758909788,23.074469540025078,21.457896506329817,12,1.23945590087384,0.203930014729534,0.544755748559004,1.31196309200143,False
P13987,4,CD59 glycoprotein,CD59,23.871256598622402,20.268222910212884,22.123557958195555,23.99126901307185,22.307663291970464,20.81178484370957,22.376500523072508,24.082429126097345,23.17278893123546,24.318354674892415,22.954342330422268,23.44293388599878,24.35692794043763,23.300401282111824,25.253731293551233,21.638497273992098,23.54425005360922,23.64011961077386,21.92249711970382,24.205236998259384,0,1.4546834551284,0.201805926779309,0.544755748559004,1.31839959857176,False
P14174,4,Macrophage migration inhibitory factor,MIF,26.106801624125,26.484632118153673,26.723282095476055,27.16977152095989,26.70040570026206,27.081095342058017,26.241457610173008,26.78248791057276,27.42752963324041,26.440795096163296,26.841627888498298,25.800739197332426,26.17831985089484,26.32275267110989,26.874832553841756,26.47858370764,26.774296047489102,26.22519159437735,27.24932453388185,26.96126092824127,0,0.906793736488527,0.459996582080864,0.69086707470759,-0.752918230640382,False
P14207,4,Folate receptor beta,FOLR2,21.414695022530083,23.482998759779203,17.891320089765873,23.34149486799696,22.7106635056236,20.560656919729684,21.94540459424458,22.58257528436355,21.56468786095092,22.16679609366314,20.56412967162107,21.57519654721768,19.361912489597437,23.570375873955893,20.449273967444476,21.831926847166002,22.955795670748486,21.95941386017263,22.462906377153267,22.64655568116112,3,0.915227198473281,0.963232895468022,0.839800241506769,-0.0466594851666453,False
P14209,5,CD99 antigen,CD99,23.0785128213435,22.44236424627203,22.81458967688775,22.547138602272685,22.59444688443405,21.37956078746978,18.734225754242686,22.627087140618826,21.92354788169464,22.59995680155738,22.817684108664217,23.100402959089404,23.139695951594543,22.75638543196225,22.968018216659715,22.135138229052917,22.263768597251694,21.668867243401486,19.41855443692711,18.035446655272068,1,1.00901086570224,0.6460368755399,0.760737113067147,-0.466079897618618,False
P14314,12,Glucosidase 2 subunit beta,PRKCSH,26.652519272402674,26.293869389507435,26.009193939574555,26.684121579366828,25.982561473103672,26.745421709012984,25.324553113377466,26.11282674779519,26.84156029666229,26.034287735849556,25.930746316686125,26.054435485694366,26.61861698207194,26.483715167683815,26.58411090699517,26.267417035506156,26.17991162350646,25.92997384297594,26.567978052532812,26.489445427197587,0,1.00007577632978,0.820656084945823,0.817197073956267,0.229606914186017,False
P14317,7,Hematopoietic lineage cell-specific protein,HCLS1,21.499596386104738,20.386061231334534,18.88994275238738,23.57897191272608,22.096905839207157,21.407897498591883,22.090508259348997,22.740416459282457,21.2896862802654,22.78498056767183,22.565947794875353,22.014263004950738,22.63935067241669,23.253860446265367,23.007532153885638,22.904839244247082,22.26728689761319,21.591310324976753,22.51554476554151,21.870303834027002,0,1.33606687006911,0.0871382348422235,0.419883675208394,1.79601632662756,False
P14324,4,Farnesyl pyrophosphate synthase,FDPS,21.391330467948528,20.900849510255558,23.369716127094588,21.566745804146397,23.09166045633995,21.863353446012116,22.486008160332798,21.53115865676568,21.27849224627633,20.453368350552033,22.009721439620947,21.271361485654285,20.18370052631964,22.025937304826844,21.618127080704713,22.20733072958529,20.337131371099346,22.13072547574319,20.279005123429734,21.8659008701421,5,0.706390993793529,0.329902242141216,0.620838122156971,-0.997848050080637,False
P14384,3,Carboxypeptidase M,CPM,21.572923917251934,20.85190875846469,20.972005963858493,22.015158677687843,21.269561399744642,21.09226314439744,21.21087644392869,21.35922925852807,20.67840380630293,21.028221420544508,20.821973854388702,20.73806649086016,20.97544664088456,20.97735181783854,20.559931200495186,20.809916714154376,20.805589912143944,20.74805067540625,20.447833006174047,20.261820526625744,7,0.695626969918361,0.0356994016315259,0.290307452882934,-2.24713342482428,False
P14406,2,"Cytochrome c oxidase subunit 7A2, mitochondrial",COX7A2,23.558807387330265,23.160064601363697,24.246306971052533,23.42465781654878,22.74705490211392,23.454177796954774,23.319389468937253,24.076385268066456,23.942604619113006,23.71095896605519,23.317606995781617,22.81528683603234,22.13870933150159,21.477553297872852,23.167472150752953,20.59995363334872,23.43226156659999,23.404986239527343,22.886753581102276,23.880397307952112,3,0.633587549215438,0.0270742034192499,0.272206918603792,-2.37937047721028,False
P14543,27,Nidogen-1,NID1,27.069479831629398,26.890347245401443,26.0267766712716,25.772254632197715,26.10160793483032,26.79239269367156,26.284138116815285,25.422830910285892,25.53191778669764,25.415499897627626,26.175673981987337,26.012880450900617,26.373159780699687,26.480185204971207,26.23969239438367,24.894250609258886,25.46584173758612,25.74587635670971,25.90655536282924,26.110740672757693,0,0.841481625129371,0.389656622448441,0.657591150148177,-0.878732043830854,False
P14550,17,Alcohol dehydrogenase [NADP(+)],AKR1A1,26.219559039228393,26.652197230166184,26.58821407021827,25.772118573816805,26.572488225341328,26.769926350247676,26.077001097161023,26.573979987527053,27.11589795040934,27.018592725623044,25.743973537313757,26.653542487421483,26.781712537858745,26.75444625739354,27.009095608979656,26.658332790836905,26.53761940014641,26.291624586439934,26.656737931576973,26.384702145328045,0,0.99620617300081,0.949667062068325,0.837319346889102,0.063896538677066,False
P14618,35,Pyruvate kinase PKM,PKM,28.521932554491414,28.461786464333503,28.612024915115324,28.538645451596377,28.50731306081458,29.146250822223184,29.444354603432743,29.176301918351275,29.290866279451574,29.45076825824937,28.67976986993149,28.6161025602519,28.360034033760183,29.058436614490912,28.986272099968893,28.906222384168412,29.320693948308215,29.113788006285375,29.44074156047978,29.11702068713642,0,1.01587189379659,0.678666257690287,0.771664251330227,0.420217983777921,False
P14621,2,Acylphosphatase-2,ACYP2,19.645239694939562,21.056551708111492,20.427527364566284,20.353500034413173,21.03016052593057,21.473901487543035,21.51418783624707,18.078789731887465,20.804722417102443,18.577314652735303,20.353700465035512,21.894849708585873,20.952187297501364,21.782377305083596,20.754941302114936,18.566409304651383,20.44954500519596,20.869447982870494,20.290363858202085,18.242142262103403,3,1.10264734559498,0.80152766702484,0.812760585426339,0.254629509891481,False
P14625,40,Endoplasmin,HSP90B1,28.151539846859635,28.233166599546884,27.733823861219985,27.623859957886314,27.58137514154555,28.128231483769525,27.8985290618632,27.914488147934723,28.44208355208077,28.405917610962447,27.871178074914866,27.917540807722514,28.158791667303277,28.466781204463718,28.512850649381644,28.13895091237273,28.155780987056925,28.299786366538296,28.478393866855345,28.54812768708554,0,1.1748206097613,0.078531012825057,0.409944313545591,1.85096638386783,False
P14854,3,Cytochrome c oxidase subunit 6B1,COX6B1,22.38165861127584,23.692068816363182,23.46946946998377,24.436725455304046,23.736892352099503,22.2610585665137,23.656329187945175,23.561775847939924,23.513980898921215,21.61177358874028,20.30480123374641,22.522571839978454,23.0941683947401,23.0086866939955,23.40534023109796,21.921785696272956,22.74914767209821,22.1956605855827,22.57529305349885,22.062839625997654,0,0.550504757405907,0.0383042287769083,0.301156113110532,-2.21297712692121,False
P14866,12,Heterogeneous nuclear ribonucleoprotein L,HNRNPL,25.293048877286957,24.14157962044477,22.817276317460983,21.788639846556837,23.803287843400728,26.28813374471792,24.063925888708905,23.80550576774547,25.7265026795783,26.219915800732547,25.292238905935974,24.55573796790315,23.401717418227815,25.391539366051923,24.102452044906325,25.93809799073225,24.624484767295527,24.653105588734,25.952885945312218,25.89010039340346,0,1.14844133869859,0.187247827280901,0.53240815837221,1.36400846995482,False
P14868,7,"Aspartate--tRNA ligase, cytoplasmic",DARS,23.78624726066007,23.93249454293487,22.295263391906765,22.45087064255568,22.57727230234059,23.47544459993989,23.3279379536022,22.06017899318637,23.985823582613026,23.410762544360544,20.380070614434683,22.150132458778074,21.94299295871757,23.849770120202297,22.84967217866751,23.478980030017514,23.574001717283807,23.990648139529323,24.57643389779146,24.0929495885521,0,1.14263702920478,0.911960601995968,0.826708499711055,-0.111928867636091,False
P14927,3,Cytochrome b-c1 complex subunit 7,UQCRB,21.89430452310501,21.768585089701844,23.201765584162782,23.574609737018694,22.184637423249292,22.37467785280895,21.85671901382284,22.687021564473103,22.220784522577173,21.577628242660584,19.041877427988627,23.12793200038477,21.92361321578495,22.329736359308797,21.3926321695583,21.764158934908778,21.898507230532527,21.928579891947813,22.18430409163106,22.079400027480933,1,0.725687175230419,0.169575669749401,0.521118528909864,-1.42332212021208,False
P15088,3,Mast cell carboxypeptidase A,CPA3,22.155258812010572,22.26812953491491,22.377204736737436,20.189923695998555,22.119832832616538,20.71704576500139,23.22929491137317,22.627048892122286,23.41976555730357,23.549191269716225,20.737146041709366,20.865123214199528,21.55204826430979,22.30483549325255,22.165301118388225,23.010663353386377,22.664873645691216,20.277166052356687,22.849682603548246,23.354038253775112,0,0.820899518807521,0.523755613707102,0.722158764334251,-0.648582449543601,False
P15090,12,"Fatty acid-binding protein, adipocyte",FABP4,32.74899312383449,31.923639996048585,32.99721590875058,32.46361840618835,32.8335165017683,32.665743319667655,32.55478549000059,31.92846182795693,32.47640428591576,31.524195082901358,32.31901690640218,32.203702601972815,32.59774970301615,32.013151446821645,32.0086187957147,32.24897497314464,32.34951487363299,32.529139619520706,31.699500301692776,31.8394812292123,0,0.829995989211068,0.181768104670597,0.531816779575184,-1.38190396375913,False
P15104,8,Glutamine synthetase,GLUL,23.039431818114753,20.72913923265197,22.74503893471575,21.46812078596379,23.013208376389038,22.69232772152883,22.986416078423716,22.770595255434678,20.689548250413765,23.32747799725914,22.363100302081413,23.218735809781407,20.579740629373358,23.70316318893245,22.07627998855316,22.991836574859054,22.9763232098708,19.31740299377383,21.753438364682236,23.418917860665964,1,1.05669647887849,0.842544258215922,0.819283344390874,-0.201156500001395,False
P15121,6,Aldose reductase,AKR1B1,21.901750419933638,23.96504530838107,21.452504085869673,22.709046185126724,22.224763515883993,22.714517863850702,22.05071043664495,22.486995733111534,23.03879085354409,22.661957549734495,21.765049584851855,22.30913893768402,21.53750916926458,16.57892571491445,23.5175300687576,21.89027377139876,21.927882089413934,22.566703900511094,23.01860359189777,22.146570208049596,3,0.760106562410673,0.197618744422603,0.543673593313794,-1.33124481178449,False
P15144,10,Aminopeptidase N,ANPEP,23.509537917929197,23.298619902136625,19.45523512596104,22.8735988442401,23.61603308048681,24.133921615285743,23.90724512654935,22.437823044955827,23.037103161745986,24.1276596154607,22.347341736692997,21.204314706244965,21.137224183211426,19.80921525397647,22.84599778749624,18.613131516347984,22.771310329944217,23.641526614923826,22.878381424968985,22.02422900677892,3,0.463714238410382,0.0444851868793563,0.323674129218553,-2.13971103271348,False
P15169,3,Carboxypeptidase N catalytic chain,CPN1,20.414695022530086,21.281618670546308,21.775594289444577,20.931724229303015,21.46069946028162,21.412155277957723,21.60814346858372,21.63667458258604,20.403170470268073,21.849629014317017,22.823877952320313,21.69199186057327,21.34309643261315,21.655492082607626,22.09446388559011,21.477837451452594,21.848734633029732,22.762417004400266,20.26446199475933,21.583824787341648,11,1.47070313320629,0.147459138175325,0.499834338442571,1.50502739971842,False
P15170,3,Eukaryotic peptide chain release factor GTP-binding subunit ERF3A;Eukaryotic peptide chain release factor GTP-binding subunit ERF3B,GSPT1;GSPT2,20.55781996462868,20.867737052714862,20.330967464329422,17.96089313566805,20.764073863999975,21.731968341013566,21.087679244112397,19.65149965376161,21.1046215605732,19.082141241507596,19.139758745608205,19.949040978826066,20.78052214783527,20.75289049759997,20.186986723304127,20.319404698335937,20.180984240286275,20.895624026568765,20.113577036257517,21.223694238621786,9,0.890200750713317,0.921094580197108,0.827857818900173,0.100273122789763,False
P15311,20,Ezrin,EZR,24.039755169996063,24.517334291395578,24.210292202955596,22.835624771257972,24.810876998412404,25.5173655598946,25.428344625458692,26.07431661139876,24.594790583868456,25.498479114087697,24.64433543357577,23.332981543362212,22.228993272377448,24.762993284115325,25.59130702721011,25.008501045107547,25.438852548910997,24.85887426756648,26.13465461663993,25.72039673461286,0,1.07537649006396,0.956669258133535,0.838745919712787,0.0549972444581989,False
P15374,7,Ubiquitin carboxyl-terminal hydrolase isozyme L3,UCHL3,22.19441508677695,23.449628400061766,23.301404063362995,19.151477736419555,23.455073056993086,22.421008174781868,22.385220652682065,21.85458209855966,23.58317562376697,23.23539193640615,22.45387639240514,22.874516771054,23.2505256098499,22.85560872929239,22.299911572551906,21.590801934979186,22.732986732925855,23.322829431557732,22.946632961521065,22.614092437844526,0,0.938025419719134,0.674200513816485,0.76968146506879,0.426438584483501,False
P15531,9,Nucleoside diphosphate kinase A,NME1,24.852340046498536,26.495266435780792,24.958272202957673,25.04730215740043,25.395873139758972,26.105472272192575,27.467944611228745,26.34055018367547,26.698193114958833,26.422726629776264,23.811068178880053,26.51091912798842,26.02727133529495,26.592777738911913,25.68285308809302,26.557855784735363,26.903169676304607,26.967947924055828,26.688198752519224,26.737084036757118,0,1.16890468913274,0.374492843177823,0.651005541947793,0.907728585496574,False
P15559,12,NAD(P)H dehydrogenase [quinone] 1,NQO1,25.251557760177995,26.05096556805836,26.7244820618157,25.532369142942343,27.706928209437653,28.326921581033538,27.700778159499926,26.569757583601397,25.993893709712946,26.343701756013022,27.841609275600163,26.24519290895836,25.402391693917654,27.549306120899917,26.64382527707979,26.045818395366933,26.35531995558126,27.29308756929527,26.84266906074301,26.43591603078079,0,0.924262916255205,0.901228315204076,0.826708499711055,0.125644707016783,False
P15586,4,N-acetylglucosamine-6-sulfatase,GNS,20.5776638507225,21.357820748308814,21.567406418743868,20.99664524427892,22.363555637222362,23.633812794784447,23.120393943105096,22.309307762698037,23.003504245387028,22.20667897518634,21.46779685087353,22.216897889627397,21.61139691572595,22.761357729075524,21.84167601557286,23.092652449455656,22.943520469660573,22.925764846325592,23.42742218107541,22.624081670032215,2,1.16492616181721,0.184394698805943,0.53240815837221,1.37327338965972,False
P15880,6,40S ribosomal protein S2,RPS2,21.47667200646123,23.488764307234113,22.367988859311495,21.31742510616548,22.85655778924042,22.559728644068137,22.95491391801969,22.33870627489387,23.84630640523398,23.73520768009729,22.30618312565368,22.06446332899603,22.04955286437323,21.830041980670945,22.38076620788153,21.80920760859736,22.091971807589243,22.45176094441969,22.3403537601648,20.92238224736592,3,0.560713606084545,0.0438462516486112,0.322432542423785,-2.14684049152446,False
P15924,3,Desmoplakin,DSP,21.47290541069224,20.569146894771663,21.44589054102917,19.73834026334541,22.554452018724,20.718599197744346,20.328687801021488,21.1719949171411,19.463857419495383,22.1868451208943,22.668897076019974,20.587756398912685,20.52861844883689,21.649227150420238,21.312258358553045,21.845933987304672,21.491956682778984,20.684895320190684,21.979098343806502,21.57106439677074,1,1.23927111995452,0.25098992230633,0.583149616570681,1.1810927398827,False
P16050,16,Arachidonate 15-lipoxygenase,ALOX15,25.712772739529576,22.54627792565879,22.714477643143226,24.848566245061008,25.677092737068996,24.723967834901448,24.180850994804548,25.649073894508394,26.93382593502599,25.907985377454168,24.522841928893122,21.90009415270321,21.675393746324392,24.598389398817005,24.099090333836756,24.713363696770593,24.8341992359573,22.939434699040913,25.498691281088576,24.410654415869626,0,0.474519102835895,0.0763762115747977,0.406132304211379,-1.86554267954003,False
P16070,6,CD44 antigen,CD44,21.989650060660512,17.165228319306866,22.237403308834708,21.84266987451644,21.69485469354584,22.313330229839366,22.698200047142407,22.68487350800913,22.39685289342085,23.61754123060337,21.03830629605219,22.050276551553626,21.28599891994602,23.37822398402013,22.862390975476867,23.077707185890308,22.868944453013818,23.371575319309038,23.02204301748441,23.25046502980506,3,1.37116713368539,0.153037761200679,0.50674362498173,1.48352329867123,False
P16083,7,Ribosyldihydronicotinamide dehydrogenase [quinone],NQO2,23.830838459035093,23.40021118521255,23.57584529292256,24.11022354062115,22.802151095786055,24.93662030541549,25.441193055583042,25.12154087971942,24.662628162183015,24.292265872160932,23.155780987056925,21.869763994769222,23.52904019260328,24.739814072421915,23.865123353265005,24.606634432499852,24.47852631989069,25.681060046915164,23.954424339889034,19.22681915464484,2,0.835586473630183,0.228218942796182,0.571901342084076,-1.24182881486668,False
P16152,13,Carbonyl reductase [NADPH] 1,CBR1,26.57738894196789,26.25593899404813,27.20901409346518,26.579842767345394,26.741199002651022,27.386649331216965,26.981692487886463,25.916132535040774,27.205886289278812,27.2264252262539,26.496036065698906,26.316690380569973,25.66728831338448,26.128364645094777,26.570300921565543,27.036757321360025,27.319573498440416,27.192208395686794,27.151305585897568,27.290543126455283,0,0.955498547411472,0.614793373969396,0.754362172394509,-0.510967233005694,False
P16157,37,Ankyrin-1,ANK1,23.481797885578654,26.307421279225846,22.980723849725944,20.788898093230912,23.406237382476963,24.04760747574136,25.44486557253475,25.418307141011944,23.991644429891643,25.248653899492673,21.364966312051973,25.017081612214923,21.875706507963113,25.157933097598438,21.52527249732014,25.572545361870255,25.329756853555253,25.869860200323505,26.196715584772186,26.19804025912726,0,1.38476901707536,0.611481623692049,0.752555933614109,0.5157866583707,False
P16219,15,"Short-chain specific acyl-CoA dehydrogenase, mitochondrial",ACADS,25.462036425938873,26.304151955600013,25.92720095776255,26.343986823066352,25.303064223488672,25.889835916574523,25.93190460249595,25.09789774528868,25.131634489565194,24.516971967221124,23.794425160749302,25.97225822650683,23.987337752639128,24.360925275076056,25.369003986858676,23.771653312873188,24.936658199562483,24.731391983094785,24.640536689215427,24.89915727464352,0,0.541408824345745,0.00278456704671994,0.124769845734801,-3.39401840727907,False
P16298,6,Serine/threonine-protein phosphatase 2B catalytic subunit beta isoform,PPP3CB,21.7800634695815,20.97423265113254,20.78710188849812,20.767566836728616,20.597045956796183,21.105472272192575,21.414797693610975,21.537236606268245,22.3293219080239,21.325429129946585,21.046044855966326,20.585650003065048,21.764219255571565,21.947367963365433,20.861351313533678,20.85372128877409,20.933744144204475,21.399253126512203,21.833102516513737,21.65865379323095,4,1.00466978762672,0.921903688249215,0.827857818900173,0.0992413432621863,False
P16401,8,Histone H1.5,HIST1H1B,24.134007093200555,25.29303787322828,23.09920421297795,24.412977137470556,24.783470011566973,24.7119715992838,23.869095736451207,25.00724249068077,25.474049426647486,26.097693546033256,24.867617779084853,23.922504151311028,24.186544722367394,24.189143630118746,24.543792276818145,24.265256098886617,25.306917857095055,23.493455848640256,25.384310883500245,24.53214699831525,0,0.796809534184242,0.488244575534229,0.709249011116845,-0.705724735053875,False
P16402,9,Histone H1.3,HIST1H1D,23.445192677391038,22.067252085433157,21.444208850891137,23.6218899907979,24.883519123862605,23.482286606967136,22.798515057005595,24.248202551261706,23.302785424607045,24.8994948546994,22.825089268152038,23.817604426940953,23.75942576080939,23.63063237440155,23.570372080291953,24.091799108327546,23.433290715406596,23.155912266463805,24.590160327098797,24.632095739811653,7,1.05978801828539,0.389522694178658,0.657591150148177,0.878984870786572,False
P16403,11,Histone H1.2,HIST1H1C,25.77144715446568,20.988573915023952,25.4184454669593,25.817390662387723,25.2156596786544,25.73576240665416,25.209322679235736,23.072421790934044,25.642674445085508,26.739833773618297,23.155780987056925,25.05323103392977,25.35679218771958,26.008441650251232,25.65781916351098,26.288451268104993,25.88182189415872,25.008308733094893,26.51569218135672,26.243105183849824,2,1.19189275881471,0.328645219446918,0.620838122156971,1.00050646687869,False
P16435,9,NADPH--cytochrome P450 reductase,POR,23.84328007306583,24.24132765177473,22.7243682095664,22.778141817185286,22.0683499305815,21.607463635810188,22.62827221922004,20.60015942296225,23.847510557746,22.88599762535379,22.022052319212754,22.972198945384193,22.12586132197628,23.133302533663304,22.6857153489591,22.125926222507218,23.043746193744475,21.008016554835542,22.237396318203913,22.654554998714325,0,0.684338488847513,0.418653165187455,0.67102924038312,-0.825264059600529,False
P16452,8,Erythrocyte membrane protein band 4.2,EPB42,22.99071665557722,23.551926669584475,20.225477487931165,21.477257080022362,20.750637040705552,22.54579486227119,23.106018966142905,23.124964449553868,21.78709143902935,23.3553587791612,22.533573838374725,23.43163056402149,19.703273299751398,22.607831963981035,19.705840678373924,22.03864051859406,23.304357727587877,23.546791215689318,23.833216729293337,23.58565156193316,1,1.22626148440356,0.791853165407875,0.81186965806444,0.267347792033473,False
P16615,8,Sarcoplasmic/endoplasmic reticulum calcium ATPase 2,ATP2A2,22.88400888757038,23.06329391610573,22.425065646322427,23.485140544640423,21.68007934086544,21.46817427924789,22.936831028676735,21.639597208670036,23.129755142977615,23.54730887948607,21.34544081797449,21.741133187187586,22.670759847410658,22.81339574386366,22.967102849395324,23.137408439889448,23.408618806906667,22.69391032296821,22.66732416484289,21.909337264936152,0,0.907937372932412,0.790798803274426,0.81186965806444,-0.268736572267162,False
P16671,12,Platelet glycoprotein 4,CD36,28.05086415346205,28.296124971547368,27.400488999215675,28.585389885504423,27.428189955151726,26.807721319153583,27.858228645513424,27.73031062143253,27.404056360564205,27.23369815304866,27.130088426822716,28.139328383106324,28.29366041396647,27.747317482744858,27.90251056269906,27.43124107494043,27.726937688253052,27.570436887737397,27.38329442545899,27.357060610069553,0,0.960698259294765,0.950921372531229,0.837319346889102,-0.0623020304112785,False
P16930,16,Fumarylacetoacetase,FAH,27.59908063676028,27.490709534431033,27.94257555944677,28.071972215565744,27.54553970997783,27.77688280911656,27.983948038580245,27.95180464039001,27.604913129707043,26.731913952800667,26.854284733595133,27.764553946737884,26.651742028433244,27.4054155566293,26.593780148653817,27.108499574597985,27.80978513220773,27.86551198389037,27.362036151976962,26.39819147486922,0,0.736516297078434,0.0298422953481613,0.27325797600272,-2.33315079130222,False
P16949,4,Stathmin,STMN1,22.028129714085306,21.597174152356317,22.591962955067174,23.17206676876355,21.982140291442505,22.90039082533665,19.10817510107162,22.06117017613252,21.667390813580518,23.53009707795991,22.54923174449494,21.161532270510364,21.397058739482134,22.388022364146153,22.292785338557174,22.024528121460634,22.455995788760443,21.969809567759288,22.53025254298051,19.75768800194262,2,0.772630109601071,0.660564242918571,0.764709149984281,-0.445541252682608,False
P16989,7,Y-box-binding protein 3,YBX3,21.595754828008275,22.057821650544557,22.014078867271863,22.400863239834656,19.94596919962373,20.693766959695733,21.396274840711726,23.480278535908084,20.05955583923958,22.185292567434633,22.575434043021204,21.212688915405355,22.26119058372387,24.051051884422012,22.124650265836202,23.315462649710792,23.174433967781212,22.320254652672027,22.462758740478318,23.3944618977323,0,1.92398017424058,0.0187183327562624,0.233476373224605,2.55174992510658,False
P17050,2,Alpha-N-acetylgalactosaminidase,NAGA,19.90263068404637,19.687407743093818,20.136192864948562,19.912183170943834,20.16642879553862,20.285055716964823,19.56245593652366,20.86194629476953,20.15030102738802,19.167833777497417,18.466793183183594,23.392077128319503,19.118865919888684,22.6714205928917,22.340081851731874,23.297194080550934,22.554417793341543,22.768126413349556,22.27898182994887,20.813061443894867,11,5.0200554330932,0.00285802365371896,0.124769845734801,3.38285302000859,False
P17066,9,Heat shock 70 kDa protein 6;Putative heat shock 70 kDa protein 7,HSPA6;HSPA7,26.256630586364942,26.417021529099603,25.813603830079614,25.315887727890107,25.943095329825137,26.029254766867624,27.373175537867233,27.535525948782098,26.66988424511802,28.399247493456688,25.678665848895825,25.83187972867999,25.887372171742562,26.49145081646342,26.2811244884252,27.024831525679748,27.724604362431652,27.455816074611047,28.269812316312183,27.045110841192063,0,1.09999109830433,0.443255973295572,0.683685726064029,0.781709271723061,False
P17174,14,"Aspartate aminotransferase, cytoplasmic",GOT1,24.30902348929275,23.247912196809658,24.842777696882703,25.082182149144966,24.1934586140024,24.53080968645531,24.89759138324995,24.523966732151763,24.516809317495902,23.830967295011764,24.53946089593262,23.83797593074015,21.583481283243017,24.110407405603222,24.796357337964707,24.23708588307337,24.310718442199637,25.145735585085568,24.752394780250807,24.74626635941774,0,0.956397933019353,0.569468493518389,0.734163542789052,-0.578068352215851,False
P17612,9,cAMP-dependent protein kinase catalytic subunit alpha,PRKACA,25.08530308920921,24.473767013591328,25.425715993457302,24.571423254396112,24.141582862961833,24.54651349929517,25.321074677008816,24.098518570819692,24.690765321954323,24.223653099949384,24.396263865376273,24.182549278355555,22.431413733412796,25.20231561185416,23.83003165478417,25.25715082081055,25.07544040466523,25.357403432061407,24.817756864446185,25.126224697502945,0,1.02323988008075,0.744921546982955,0.798823546685696,-0.329734786688809,False
P17655,27,Calpain-2 catalytic subunit,CAPN2,27.257152097388065,26.610571051054094,26.779470370821535,26.828424712662706,26.885848637364305,27.305911782515643,27.11238338209901,28.071438310807704,27.862011632002982,27.841662657699786,26.93223286503083,26.33846942138686,26.5572487438005,27.911520545467205,26.95667508258322,27.375483737915946,27.27522286103723,27.44242483314715,27.693376162653802,26.899034848944666,0,0.915642524553573,0.527347721624805,0.724198391136138,-0.642924568428796,False
P17661,26,Desmin,DES,22.118994047133413,27.51312019976662,21.63357528457215,23.878703296806222,26.318725386159745,24.322584425605786,25.795333538193844,21.49803837359113,27.561110592988648,29.074207667168523,17.880099646038403,22.555438141479822,21.02753146821544,23.158492709829755,22.500461517512974,24.422116755980973,22.7561791283997,22.727969928891742,23.191729434686174,22.742347980718556,5,0.0672683340833393,0.00722292108090652,0.175323277667773,-2.98031995029664,False
P17858,14,"ATP-dependent 6-phosphofructokinase, liver type",PFKL,24.252778609535937,24.21770979650127,25.10703524398594,25.433184591429175,24.09322604242286,24.953445618965358,25.148496010688625,24.630496741459076,25.334478380121123,24.834251783946215,24.35700862983025,24.475452323794357,23.834330733312786,25.000397485790916,24.946519742759747,25.340105233886682,24.43043015405206,24.17915631596413,25.085675395208312,25.040525773952407,0,0.912455389851458,0.557977694721592,0.732313735990589,-0.5955029022091,False
P17931,6,Galectin-3,LGALS3,24.468318427177522,25.61759650627084,25.16121038413698,25.604015689504827,25.692347837935262,23.68746320638244,24.74887280738062,25.33033828700047,25.140438047722725,25.42084302001331,25.141820866056523,24.430250242164462,23.155780987056925,25.96495551561549,25.972313947404125,24.569242822643194,25.621076627347502,25.05238599245849,25.033306889321853,24.4474518531718,0,0.962378579917497,0.65155448291866,0.760966574422578,-0.458255595038498,False
P17980,13,26S protease regulatory subunit 6A,PSMC3,24.557961066398157,24.408759963528055,24.72821793261985,24.61315943313695,24.622363843009158,24.91682006268136,25.657279207447953,25.04455611810665,24.91472870146144,24.605078237985943,24.701900285591563,23.720925513035503,24.318653270906378,25.44679147143258,24.234577290647604,25.070856739911374,25.607464293308098,25.3804784376886,24.52877237540747,25.33861637632388,0,1.07136564935858,0.892789589222248,0.826708499711055,0.136446662715263,False
P17987,11,T-complex protein 1 subunit alpha,TCP1,23.00502868718827,23.585006367934007,23.1698718635257,22.95066122665158,22.13132278163618,23.19106798623957,21.62263180841462,19.327192885736697,23.20821600394948,22.443078954122267,22.162519996536332,23.39036316157005,22.739012833876025,22.913066070447968,22.2892089778537,23.086423661190782,22.53159894937544,20.960466472271133,22.802762889243716,22.33526092771587,1,0.907446051773421,0.892083740759417,0.826708499711055,0.137350919052208,False
P18085,8,ADP-ribosylation factor 4,ARF4,24.11792252101861,24.661869164189067,24.040004217357,24.539421079063626,24.449171714522432,24.775917250035835,24.802855224159554,24.47502879901994,24.270230924459096,24.36638864562645,24.641515749753065,24.19986630876132,23.34693301097143,24.73265672155344,24.2307687512596,24.539912358638748,24.509812465833015,24.67323955093026,24.487072197821742,24.288254653564703,0,0.958056996392444,0.6433612143945,0.760177802140258,-0.469884802687039,False
P18124,7,60S ribosomal protein L7,RPL7,20.46275252522018,23.457122403320167,22.178493525252495,22.024107699415865,23.701099832662294,23.179592649176673,23.04980120108208,22.352790756940944,22.854922021332946,23.805272157596168,20.74917998057086,22.636361588177174,20.533190797247446,21.316875332504008,22.437455485866113,23.284322239180483,22.721668348489438,24.186629100019108,21.243695017247614,22.657727875804294,2,0.779142881424458,0.233281216003862,0.575032143951025,-1.2279417547628,False
P18206,65,Vinculin,VCL,29.549891724747884,29.660947111985692,29.637053844607234,29.36574050392645,29.149262250728437,29.88625358894852,29.936244099559588,29.4445375936728,29.769249739365772,29.79943125404499,29.18661802915021,29.364217102454372,29.112995826977233,29.81033648414951,29.100170702892154,29.449318396445584,29.706096342698377,29.526532250294366,29.83990583478723,29.65772063973446,0,0.908235678724856,0.217259835760138,0.55792310220854,-1.27272076599552,False
P18621,3,60S ribosomal protein L17,RPL17,19.832117795923402,21.13805842318126,19.972919146568625,21.420246962116344,19.80021656687372,20.286598200519727,21.858702662747316,20.869984336099566,21.43885165635005,22.190246826868812,19.887526872387834,22.989453223684908,20.242517068754324,21.396217069525623,22.314184130228416,20.42593302739,21.11621259556185,22.671121853391263,22.195694351410715,23.07420463121709,2,1.87954334447644,0.103803272015699,0.437355574810954,1.70178824271173,False
P18669,16,Phosphoglycerate mutase 1,PGAM1,27.912878042304744,28.036656491735215,28.136105173689458,27.95608045045629,27.79693290826889,28.06864190164525,28.592871074609235,28.32906037625286,28.394133366202727,28.119797497687728,27.33308592623038,27.908972380516552,28.029694936760645,28.074034530104193,27.89450853594864,28.077430096817483,28.498446363996102,28.23702915856185,28.47215358644022,27.8707533806625,0,0.946112037538757,0.446659039236414,0.685569866640652,-0.775803647919802,False
P18859,4,"ATP synthase-coupling factor 6, mitochondrial",ATP5J,23.479252123261304,23.56737608987186,23.689050460656762,23.736551810168944,23.65614640591571,22.618352402255113,23.285148146106692,23.782595226007107,22.284764016969003,22.979006175345095,21.713386810781355,23.543485605858038,23.570603893922005,22.553992565909397,22.666076379099625,22.578497055544588,23.6769343083104,23.274798562182113,22.448706508178482,23.24787172221926,0,0.790805424568827,0.169300567529165,0.521118528909864,-1.4242838619394,False
P19338,20,Nucleolin,NCL,24.447981937954253,24.14882456913856,23.872408530509098,22.281322993600615,23.61447558047557,25.75714411538365,25.17467160974512,25.157271562832452,25.672966685854533,25.837657171643865,24.385886183522263,24.432664939431202,24.210688194975027,25.16966883059279,25.51624430615894,25.64154106749366,24.412914791451033,24.796751265377463,24.799543238122325,25.62624653176142,0,1.04459988683169,0.262731305917944,0.587927183588789,1.15138271678046,False
P19367,4,Hexokinase-1,HK1,18.98790992247759,20.06973692662484,19.837232819737018,20.076313932797383,19.771198363187867,19.968282528053457,20.012908460363878,18.52872847848707,19.895258837263214,19.609229311222382,21.116350573618845,20.315316108919998,20.66762216225291,20.60614013889985,20.569702212127027,20.22142143235529,19.198544368504155,20.54586407806843,20.606319866899103,20.733284815780344,7,1.71593836752388,0.00729211768109996,0.175323277667773,2.97611870224154,False
P19404,4,"NADH dehydrogenase [ubiquinone] flavoprotein 2, mitochondrial",NDUFV2,21.488801561439804,23.436081868223816,22.534420639497977,23.801026514255124,22.73468099891411,21.39636609626453,22.43291668434599,22.31444724875999,22.37118345467935,21.099364646372898,21.409249612800682,22.739880207154954,22.770546067244812,21.063006697436123,22.764719734815724,20.219726190762735,21.220035454332024,22.174796525271425,20.93620388651155,22.11590645567727,3,0.651343245888528,0.103597105233735,0.437355574810954,-1.70287195253947,False
P19623,7,Spermidine synthase,SRM,21.83769423582039,22.92154179553041,21.127646939347798,20.964997664229735,19.69422455811722,21.91570800987765,23.323157044089108,22.672677462388105,23.33473600679207,22.854754845487808,20.03776570384469,20.67145618038746,20.878186716057588,22.206611328271716,22.59326114470199,22.986861759443762,22.879889831819675,23.044891455911564,23.047439986682374,22.639186247797912,2,0.991948982993241,0.93028991671759,0.830111878942504,0.088553478054934,False
P19652,9,Alpha-1-acid glycoprotein 2,ORM2,26.956279320710742,28.124821977949775,27.171238806740597,28.066268652407132,27.953463583794765,27.643143782803858,27.69814289877928,28.562307256118732,27.56301267368694,27.294519430669027,27.781268474394977,27.887522460546954,27.05896049309535,27.555301599744084,27.862818250777156,28.286255030275743,28.073736466406505,27.82851777640817,28.038154233663082,28.448806346731295,0,1.10804553458349,0.342962875481685,0.62953495777516,0.970633234236617,False
P19823,17,Inter-alpha-trypsin inhibitor heavy chain H2,ITIH2,26.768417001175802,26.85065825685974,26.267614819772106,26.167476753736487,26.074457967237237,26.659501600442926,26.67922602674988,27.014826673155504,26.212038582848916,26.610590997903262,26.40326719174785,26.67811869923133,24.58944391794537,26.61344134084203,26.075336433881926,26.618893053501317,27.13528595690107,26.84418326095952,27.021291343481014,27.46990015873352,0,1.0972210384811,0.948736656435172,0.837319346889102,0.0650794014623641,False
P19827,18,Inter-alpha-trypsin inhibitor heavy chain H1,ITIH1,26.33104947807062,26.410162218187306,26.01867542985107,25.869855256678715,25.753958366595253,26.564768952323405,26.173249129610593,27.25666376644815,25.32462549606479,26.249522455156683,25.40747304573041,26.35358972757383,25.109638717738363,26.842218496819815,26.444821411107053,26.771805544068943,27.0606611474065,27.1307521925654,26.92535070000894,27.4142353436956,0,1.32986844565303,0.146477588407876,0.499252044426215,1.50887976538892,False
P19838,3,Nuclear factor NF-kappa-B p105 subunit;Nuclear factor NF-kappa-B p50 subunit,NFKB1,21.322624081135576,20.635099182713503,21.740467932386768,20.769836323587178,22.13529461215295,21.050055319887406,22.024976621198554,20.92403463267656,22.12674308696599,22.3384773664458,22.059364719679742,21.314221925506317,17.222956385823757,20.110784881614233,20.173608499603766,21.451322844951033,19.520472463391517,21.405980021310008,21.165869804680508,21.870503649825647,7,0.678697033384544,0.0812269169160635,0.417224105855535,-1.833213882858,False
P19971,15,Thymidine phosphorylase,TYMP,22.440271667512143,24.75013399251794,23.146682291450226,25.84272170197467,25.535436421269154,24.433325201037043,25.625801474770274,25.20045225926248,25.480687048982407,25.92465182361648,25.028136329565044,23.999796004728427,24.45278359256361,25.213328713194528,24.80669877092568,24.816653954975465,25.737229172570306,25.83763060187801,25.575019897097444,25.019928869345293,0,0.98974134933606,0.56267139825759,0.732675882289056,0.588359070839715,False
P20036,1,"HLA class II histocompatibility antigen, DP alpha 1 chain",HLA-DPA1,20.20186759794399,20.43053998906039,19.656716877058628,19.8974101077201,18.22165496274725,19.85648648811325,20.226664122402244,18.685777183003747,19.525726893643885,20.47055459684879,21.55874668688648,20.5814931268081,21.4648532071365,18.602411480621807,21.345197670792672,19.80445060335052,19.6075495360093,19.88622215707093,20.23887504501439,19.433056711509117,11,1.59889379629051,0.165860495586283,0.521118528909864,1.43641780040338,False
P20042,5,Eukaryotic translation initiation factor 2 subunit 2,EIF2S2,20.918683187686856,19.467653045950463,21.70230737044867,22.53293732396758,20.06174273426688,19.468920175852247,21.24690431096655,22.95851908681104,22.81485380198157,21.62432793952973,22.021421471974243,22.677710563907045,22.532615027465305,22.79818915288485,21.67927113929018,22.28408746200949,20.247504184240256,22.258898926057086,21.676883545831164,21.045799419716676,5,1.26418455543578,0.173140043159676,0.523299809327203,1.41097335993577,False
P20073,14,Annexin A7,ANXA7,23.400743728568035,24.4800288521547,23.369487330925494,23.344528619867525,23.824957474725938,23.569046139775647,23.777781457176534,24.134682331086008,24.247423426523724,23.84406062219594,24.08446317794209,23.451140976019545,23.428477917273494,24.22619841273763,24.081693484739528,23.916865804435755,22.52537097099147,23.368519839788764,23.585712336183924,23.906757894489008,0,0.919914110740142,0.53233145774258,0.726830710757849,-0.635109585782601,False
Q15661,10,Tryptase alpha/beta-1;Tryptase beta-2,TPSAB1;TPSB2,26.026534824100313,26.636007215662758,23.734094498956516,22.785645115435827,24.387979771157678,26.461078437076942,24.378959762749016,26.658975172735886,26.394476677020062,26.534834996966573,24.75772964013776,25.468030324828124,25.05022462739841,25.69099942421528,25.42118089830264,26.213099012417917,26.006680759535513,23.05309101863725,25.981452153048615,24.042245150057635,0,0.717865097835209,0.634606606853682,0.7585186811081,-0.48238407905472,False
P20290,2,Transcription factor BTF3,BTF3,21.246156202106757,20.265044754762126,20.578724364199605,22.197368244540115,21.674144320814435,21.8980913973808,21.71895710012869,23.068061280007832,21.118946006607178,20.70018445244137,20.50380283699682,20.632209417044525,20.395660177038078,20.704680507105394,21.00433818568174,22.115839744920038,21.50434852135304,20.67957238887949,21.965169747279436,21.465430086539417,4,0.728871881187629,0.289746560110686,0.603321843609166,-1.0865717504895,False
P20292,1,Arachidonate 5-lipoxygenase-activating protein,ALOX5AP,20.2556522447911,20.55837450076027,20.074840580173145,19.904681173830024,20.41162465924739,20.60482200450344,19.940329014187842,19.605666849359753,20.689691488603007,20.823676109372705,20.62631450281765,20.514876235935652,20.713572228440512,20.8824713673471,20.992691041533305,20.672585155476547,20.045048366483734,20.405405919781646,20.759289136243822,20.172671486917896,1,1.20664144519264,0.20278914819867,0.544755748559004,1.31541364287938,False
P20339,5,Ras-related protein Rab-5A,RAB5A,20.742966831314526,22.67124720867302,21.20372697350827,21.89298851886988,22.05237938428679,21.61409617869115,20.79063671575579,19.74048717442797,21.279729753232978,21.007376792625887,20.740088621183837,17.254575687048494,19.687124361067806,19.989744457120818,21.43591253566131,21.213777108885427,21.611637905417755,21.04862945010018,19.975799087791955,21.566908223273185,6,0.626490311688812,0.0649808733588202,0.372185602375831,-1.94922529517975,False
P20340,6,Ras-related protein Rab-6A,RAB6A,24.163794998766278,25.208493978392426,24.403895120491956,24.061444584613508,24.074281407989144,24.250109536014584,23.700712336614096,24.15086775882695,23.962895183723536,23.89490699777537,24.283057392756078,24.386613845763936,24.434842036000685,21.96735455986444,24.43379748375172,23.43515106451899,24.178326777893847,24.001938726492245,21.363087468916035,23.531238885532208,0,0.772160070638793,0.111020448068774,0.451409015610861,-1.66495933696362,False
P20618,8,Proteasome subunit beta type-1,PSMB1,24.882060387630784,25.65139202997362,25.27712657909315,25.231478447413682,25.820332710259507,26.43745815466619,26.024640106395285,26.068078889204152,25.657556851457542,25.58606492296856,24.697628794563293,25.29479084974764,24.62437300903615,25.655780085828233,24.83010157820795,25.6004979794548,25.62748527801186,26.157437513589695,26.153120286597915,25.668480278348827,0,0.868127037072917,0.203013178634703,0.544755748559004,-1.31473486736343,False
P20674,4,"Cytochrome c oxidase subunit 5A, mitochondrial",COX5A,23.381562947129865,23.14106983420594,24.76852868188651,24.736551810168944,22.30837983040164,22.025387947103198,25.020356712847235,25.710378300247697,25.444326988156956,24.173279577434265,20.63031949808443,23.553823997395025,22.44539754832866,24.13246323463392,23.16933043885351,23.918585550784215,23.794615558550475,24.33221180468105,23.80362913265487,24.31598406376692,2,0.561275210586478,0.176092183236567,0.527299948844026,-1.40089925449604,False
P20700,20,Lamin-B1,LMNB1,25.016687038143967,24.67103534881055,21.197366121423578,23.748219219181653,22.972464135591494,24.077424635042213,22.918246898294974,23.96015961790527,24.19414939607371,25.872216292401635,23.89025330591328,22.535243120797734,22.88937965720155,24.346315059226626,24.09199347685869,23.372588306864483,22.92656714664502,22.544526781079398,25.632847781738004,23.537544380888296,0,0.758675478861066,0.56014976402705,0.732675882289056,-0.592193133704237,False
P20742,12,Pregnancy zone protein,PZP,20.090880205622614,23.553076762018367,22.616650603365926,22.16221573362903,20.426349948495997,23.29213082363667,22.330753545176428,21.122280516296808,19.991353944631253,19.559718630918617,23.88085046767267,21.285336009378828,21.01543914280185,23.19811020983395,24.555843953163592,22.883020076409693,24.099554884106713,24.310263242836914,23.021040698424073,23.23948365645011,3,2.61691609409828,0.00901525874852714,0.181482743058785,2.88224353552926,False
P20774,11,Mimecan,OGN,26.9074204780006,26.826587400882826,27.110819783013106,27.99868408690221,28.119726920731107,28.002576077301512,27.197880093289488,29.824997831953397,27.488491171995665,26.6251647426575,26.96737280165287,26.92179833931204,27.19217640445264,27.39357990917035,28.415844660365156,26.345178024503166,27.919939723774146,26.822637848542712,27.84661458450888,26.850162188346587,0,0.675353349637155,0.319298420540597,0.617357741330602,-1.02049966922914,False
P20810,22,Calpastatin,CAST,24.11782681033155,25.48636396985341,25.824987825737175,26.91661862664007,25.762489319303512,25.69466927856864,26.02763443140699,26.450139116930046,25.905392826241734,25.824489142605074,25.305254812949904,25.178803948704115,25.343665839558213,24.982943317359183,24.961853714733518,25.584034238802065,26.04759692198484,25.813783177933598,25.375178899614667,25.979511242398758,0,0.738358354999971,0.164321124403603,0.521118528909864,-1.44191341701926,False
P20962,3,Parathymosin,PTMS,23.327918087297043,21.255373859207364,21.154513038409302,20.253804604814448,21.23683331807334,22.071841256731055,23.4282334651069,21.205616584190267,23.005231679288347,22.673049037369516,19.997409667268897,20.383675112217976,20.89296036156009,18.208137134330855,21.284685196343528,17.612669257889458,19.51076393939872,22.250563309728363,22.598497123920257,20.158340500627688,7,0.39529383236745,0.00853076693066638,0.179922858472445,-2.90676677607113,False
P21266,20,Glutathione S-transferase Mu 3,GSTM3,27.677231999485084,25.920532488162003,27.006354020674273,26.299007320799653,27.480090998945276,26.90552377747456,27.025095784704437,26.76608243371036,27.925582753071645,26.87690798772636,26.573099711391446,25.43460239669121,25.85120922858609,26.670516417075348,25.478289203374693,26.694315637064502,26.928125465865868,27.18643632514308,27.702503807425888,27.348848697672548,0,0.791508386239791,0.110067296198751,0.449738099719175,-1.66970450839432,False
P21281,12,"V-type proton ATPase subunit B, brain isoform",ATP6V1B2,22.427694459364943,21.646353811647568,22.748658044840237,21.67633728688403,21.85220285482339,23.747257501899384,23.67440752077335,24.140454998422058,23.922786444488548,25.043609522975217,22.752179559483253,22.187133034291744,22.61464147101838,23.374577999526313,22.52174419349784,24.24878102594474,23.810632394475476,23.568552034181483,23.63277748124303,23.962359845425972,0,0.93344306411606,0.454114306328701,0.689731901520803,0.762961173726964,False
P21291,11,Cysteine and glycine-rich protein 1,CSRP1,25.85547181291544,24.93573143082574,25.26995685769049,25.386806758475235,26.402384628325514,28.275432612586766,26.90587540701315,27.25310556551943,25.725345965618175,28.17525526750772,27.385733012212064,24.21015762411011,24.285499779187983,27.37247230092254,25.804921045584432,26.286721178369355,26.538283838531893,26.196059611744793,27.087591597811773,26.86120166644302,0,0.784051760541745,0.600066205169875,0.749006456499085,-0.53249535659941,False
P21333,122,Filamin-A,FLNA,29.983749957603518,29.565706216219468,29.586610010537175,29.385820075404137,29.610316622122273,30.724735866230887,31.067210071882197,30.25171083364561,30.298572638532185,31.5681303306884,29.656443165867127,29.396880130676184,29.390711893979113,31.2098428589177,30.329973347688068,30.842505174502765,30.51835106644164,30.340115296672067,30.60075352906676,30.756102600578785,0,1.02600091343674,0.637851413004373,0.7585186811081,0.477742337502547,False
P21397,13,Amine oxidase [flavin-containing] A,MAOA,25.496640268803986,26.635781070189946,26.157119165632253,26.20686587289945,24.519283128962385,24.85333766111314,25.738736036727467,25.334443436123532,25.373258360336017,24.24727761605459,25.31118141703828,26.077682193807576,25.20858346958083,25.981262814339196,26.01765524697453,25.311855322078202,25.316679487261528,25.12442655431599,25.000737729828302,25.509772092870655,0,0.936215183273784,0.903445921119562,0.826708499711055,0.12280867009492,False
P21399,36,Cytoplasmic aconitate hydratase,ACO1,26.85354758740718,27.553591610432736,27.212816046004118,27.52897515144914,27.183612816428635,27.398812131489223,27.553654651941358,27.13106264912429,27.579291150154276,27.028887660607268,26.690453859458316,27.67214607999775,27.409976104405118,26.97822963047762,26.77139506330812,27.36807691626808,27.624347094209508,27.703866352551195,27.21827105644146,27.314321014544273,0,0.99446717569785,0.853707937840416,0.821068367518388,-0.186712708794647,False
P21589,7,5-nucleotidase,NT5E,22.449062659755604,23.522480914798923,22.769427572068796,23.041750619802226,21.932985897947834,22.022201653004448,23.247913709660335,23.79889993212502,23.293154894433663,24.246891054765907,21.07342308952022,23.32251758603819,22.767768795466043,23.322227003390143,24.051304840191026,22.57384243735685,24.09667079090595,22.752294001471856,22.800962104667807,22.836386833068968,2,0.97089459373584,0.841796805798252,0.819283344390874,-0.202125104123073,False
P21695,28,"Glycerol-3-phosphate dehydrogenase [NAD(+)], cytoplasmic",GPD1,31.33340835043702,30.93732421746544,31.246476876449428,30.954432597574808,30.993723784400682,30.938537112719995,30.674653296960063,30.164326724107813,30.721613062910187,29.53962644912957,30.0737868050416,30.76239157907112,30.919139210898415,30.25766269645573,30.2848822696401,30.1471521400642,30.455983833016575,30.759096466072787,29.756734493252846,30.15593148409663,0,0.742936226575847,0.0316261742911906,0.27325797600272,-2.30541931508557,False
P21796,7,Voltage-dependent anion-selective channel protein 1,VDAC1,23.829903919704677,26.359843060822495,24.174427281933134,24.523149788996733,23.407252368014056,23.03715199447042,25.49946569028892,23.21155870862114,24.700616150520304,24.434040606085393,22.522693342967777,24.440570608374706,24.057405510424545,24.35157943362124,24.04360659926231,23.571780545445094,23.406989957493927,24.938412414601057,23.278645722545782,24.949944807102373,0,0.676593058842758,0.376336097357912,0.651005541947793,-0.904162973742566,False
P21810,10,Biglycan,BGN,22.304337965429742,22.999059620277723,24.31643149941234,24.982169765185468,24.570373425943266,24.085294390254944,20.157546941522558,24.350429704939938,21.55552139497932,22.64179600314008,23.428087320556102,19.958896501915646,22.65046890747505,23.438448186521452,25.91423312460102,21.496311300189344,22.154602795859645,19.897543642005132,23.209813152268108,21.76439703298347,1,0.809580097141602,0.232472948100558,0.574247841406147,-1.23014351047278,False
P21912,5,"Succinate dehydrogenase [ubiquinone] iron-sulfur subunit, mitochondrial",SDHB,23.07257938887967,22.97222791328415,23.41552696600337,23.63833841665553,22.13622837551344,22.919668806303886,23.409995993996127,23.150468654658912,23.433515844953384,21.569922507975313,20.928525885605158,21.920047663333087,23.016591077553045,22.576560124262095,23.711314434329594,21.282528426470705,22.50075403133481,21.910486623194448,22.438232323457775,23.197492831760794,0,0.700586641758495,0.0955389352434854,0.427035242132537,-1.74674759691872,False
P21926,3,CD9 antigen,CD9,22.75569421369213,19.579904537088808,22.240495502808013,20.69519752269443,22.32517967210332,22.532741058478464,22.051756725820983,23.173697985264553,23.729597236674916,23.379011504996434,20.861256795856843,21.052805033572696,22.41259880820981,23.328836460289125,23.515983538866614,22.42182576293042,21.504414700371342,23.676903540305084,23.02118392950296,22.907123179980488,2,1.09475052773094,0.623460234017996,0.7570989037989,0.498412347885851,False
P21964,5,Catechol O-methyltransferase,COMT,23.641026672866065,23.550871612166194,19.417564126436183,22.761197601753242,21.71837435036881,24.411194931671698,24.586751939359164,23.41432332153857,23.77468780549941,24.113523190302175,22.764986775690094,24.166784214774456,23.729633878852738,24.33859025194356,24.719400258638462,23.968981652408438,24.275828573312904,23.551489087088356,23.560014674222398,23.935035706994743,1,1.2998256846227,0.0814260173265348,0.417224105855535,1.83192327944297,False
P21980,5,Protein-glutamine gamma-glutamyltransferase 2,TGM2,20.781663059833853,22.23229901720134,20.102316695083413,22.684873419817244,21.180706456668062,21.848024793055675,18.297958760316337,22.04894531940467,21.017665571764535,20.729422283729313,21.228553066780307,22.019383804263843,22.397911528294063,20.76248963773532,22.1554238732729,20.67250287587124,20.22517700169592,20.640926460980005,21.278142410845106,22.196815725176435,5,1.04422551801533,0.563951534632345,0.732675882289056,0.586416076216989,False
P22059,3,Oxysterol-binding protein 1,OSBP,20.244894676122264,20.9099524810991,19.67129954696497,20.866071333400885,22.02180328715302,20.261576250909986,21.72196982204628,20.07264649228811,20.699754105181583,21.497224245211395,20.220990647848836,20.05092015472439,20.0033833657851,20.460036393477335,19.776140582431083,21.895285029769116,20.87859755291229,20.845099484069593,21.24653055975988,21.294951037270625,5,0.892434177527657,0.674058142182491,0.76968146506879,-0.426637183467571,False
P22061,10,Protein-L-isoaspartate(D-aspartate) O-methyltransferase,PCMT1,25.30457344431724,25.54469365493687,25.500801501661606,24.687299768513824,24.867285841688954,26.26295139926731,26.333467428858658,26.216921213113515,25.91725397322216,26.253376388603737,25.036876404918356,25.491175996013695,24.202892877824375,25.920065654600215,24.856842009814088,25.938623541085807,26.256060042967,26.144098648328786,25.864746019053733,26.26012479602238,0,0.953476916310539,0.628415336438409,0.758178549609215,-0.491270872251705,False
P22102,7,Trifunctional purine biosynthetic protein adenosine-3;Phosphoribosylamine--glycine ligase;Phosphoribosylformylglycinamidine cyclo-ligase;Phosphoribosylglycinamide formyltransferase,GART,21.816237440877817,21.676392899279055,23.181198000986704,21.39462653191606,24.32464433084893,21.71915359003526,21.552351799534964,21.008968005039687,23.698437826186776,22.809270270119942,19.36508233961784,22.790595609075865,22.268220115795238,23.403590483809307,22.032613753693163,22.34057739721634,22.582231650110497,22.54711155653626,24.599638955903977,22.314323309726067,2,1.09728150165136,0.838377703189219,0.819283344390874,0.206558376099871,False
P22105,51,Tenascin-X,TNXB,25.908914724680926,25.873509557882887,22.998022591130727,22.331350813435783,19.739414257394284,23.641583664021724,24.277989519347905,26.139013995601747,26.019155307661123,26.981752907204935,20.969111789752606,25.077516876677365,24.09306863985959,24.897165252490137,25.88662997492666,25.4235708414804,25.572186060136485,24.64162036642926,26.39570731716115,23.058285978481987,0,0.820653341485423,0.780427325171052,0.81078497116161,0.282427011379649,False
P22234,10,Multifunctional protein ADE2;Phosphoribosylaminoimidazole-succinocarboxamide synthase;Phosphoribosylaminoimidazole carboxylase,PAICS,22.08218662915254,23.429625914286635,22.84417049829474,22.826324242974675,23.530014842716984,23.495437204070477,22.926736197507182,24.083405144814982,23.789465860870695,23.012479812239555,21.39067733202895,22.350820008807965,20.75375945455435,22.835238865620703,21.31865152268878,23.416090939316174,22.6024000814794,23.550990040059656,22.95819957958295,23.035633770051167,0,0.644037012659797,0.0129763868976839,0.199618756214225,-2.71903064625495,False
P22307,6,Non-specific lipid-transfer protein,SCP2,22.1319423248981,21.924118566875638,21.571927695347135,23.190901153774977,23.177015337488342,22.534625716485046,21.876309499343343,21.161681263849815,22.490062364216243,23.308432545230925,23.130871533935753,21.610037176952208,21.51688079390742,21.617015986792005,22.652538420393455,20.657570947191882,22.370395426550967,22.322922973348657,22.134912755496238,20.998496653965454,1,0.745660078913352,0.231127516383148,0.573518903263941,-1.23382149587904,False
P22314,38,Ubiquitin-like modifier-activating enzyme 1,UBA1,28.005414164404502,27.432271662911273,27.764500459560995,27.240908247152337,27.62118450076413,28.236269039765258,28.15388305682519,27.874772060891523,28.43542566477013,28.356775720155373,27.57630229256869,27.763697951079163,27.71878470392716,28.29633216439732,28.023476279670316,28.424448641794623,28.0529632931114,28.175510582861502,28.11456576939224,28.270720129222937,0,1.07520863610961,0.311711909483056,0.613979024606205,1.03703199529858,False
P22352,8,Glutathione peroxidase 3,GPX3,26.306800182594877,26.04722942192431,26.059991496046827,26.116967426821343,25.069868823553055,25.708974333475297,25.363298520672494,26.320083165399307,25.96906726911505,25.760004024499796,25.010297014999328,26.901458326859252,26.459413079674697,25.74294469579821,26.02573707876551,25.07702976306823,26.10817273067389,25.98668653679233,26.41763527863058,25.56627698559133,0,1.08640614776161,0.807933850340073,0.813589620325639,0.246231580356489,False
P22392,8,Nucleoside diphosphate kinase B;Putative nucleoside diphosphate kinase,NME2;NME2P1,22.560583046909443,24.70480200045835,24.631616596279116,23.846396700747345,23.96646043234755,25.883203533400756,24.466525841685254,24.183159170251578,25.6065735812692,25.076911684834553,24.278004549774582,23.974923359013765,22.076841837454616,24.655425392303343,24.21800051356298,23.338153355084525,23.700301403269645,25.728526123996197,24.770485506012015,23.561257030436376,0,0.738712547065874,0.237286432352814,0.577879893173472,-1.21711621146184,False
P22626,15,Heterogeneous nuclear ribonucleoproteins A2/B1,HNRNPA2B1,25.998607916330627,25.258555741938125,25.606420626806575,26.332462185041777,25.14320297664317,26.392265648183262,25.985335704662468,26.70726110735134,26.4296082033612,26.849879073660635,26.126472093367166,25.972524961418653,25.667493557492595,26.28143479292912,26.283041317818082,26.569286614324383,26.59839398545271,26.1063008614408,26.768780444456326,26.526570861639385,0,1.11228674692588,0.203247933872432,0.544755748559004,1.31402422567184,False
P22676,17,Calretinin,CALB2,27.27550175048491,27.197028751457182,27.07862452503879,26.865882641484706,26.99580609658449,27.534338288993457,27.37956295344747,27.239644515832072,27.39193424029182,27.42790456880599,26.95210967460823,26.311264158692648,26.404978972755544,27.284473823981024,27.183908766989166,26.752265357673302,27.287209996397177,26.878696494468674,27.16563010430023,26.966089915034985,0,0.813203205777723,0.0285348460880721,0.272440420479985,-2.35446449512249,False
P22695,11,"Cytochrome b-c1 complex subunit 2, mitochondrial",UQCRC2,24.933865506909935,25.48964626879449,25.81146168671138,25.720423996505794,24.77635525192209,24.802057571512236,24.608339977058893,24.57189516774099,25.806552150517987,24.82077655787016,24.928750185207733,24.580914888244582,24.807737090175692,24.57616336163204,24.87586593631221,24.08280841975628,25.154290760594908,24.935356503606975,23.569447940628272,24.79957569267298,0,0.69469644481724,0.0344628511673844,0.283026597888127,-2.26415361307508,False
P22792,8,Carboxypeptidase N subunit 2,CPN2,23.014827610164737,22.37161902639979,21.102536970683634,20.96644443318833,21.816779000416226,22.727829735978542,22.243534538909557,23.82272440915035,22.20659029099354,22.765411940272184,21.540782179770574,21.789250288251683,19.68859209403073,21.167544321818067,22.675571321307146,23.9378436234271,22.924015012510708,23.055485533777635,23.041238474417472,24.046175372072085,1,1.24184322019081,0.822819813975567,0.817624247495614,0.226786202994058,False
P22897,17,Macrophage mannose receptor 1,MRC1,19.881102067162015,23.25075028632995,20.543741745409687,22.675185058313197,21.113824315839093,21.4853533260578,22.63192209362531,20.267985260213415,23.49975502610288,23.956782914060398,19.791659281633898,21.91201034426767,20.290355496954344,22.949057748810723,22.61942231357969,22.41521412831116,22.304607696407853,20.334614584845703,21.858366782284104,22.288927561101513,1,0.691720927550739,0.65034425449475,0.760966574422578,-0.459969264495509,False
P23083,2,Ig heavy chain V-I region V35,IGHV1-18,23.365626363779906,23.302386285063676,22.252501230395062,23.86560210788445,23.99374490024482,23.638729435321395,22.313340808527077,23.002893862185648,23.392195561961227,22.66973630332868,23.932529990979955,23.865557326328243,22.886984440508485,22.681095636953177,22.390281947210987,23.910657688058134,22.715157921492118,22.747806826867446,22.971587678342004,22.67358862808686,0,0.935504576815612,0.726838634552226,0.795870457583298,-0.354120495102959,False
P23141,32,Liver carboxylesterase 1,CES1,29.26565433184221,29.8969672932587,30.004559485751223,29.066240910138998,30.14646574856207,30.309482669105954,30.605363165343466,28.46936661101712,29.57099264000157,29.02196782441824,29.730180520532823,28.607015961062128,29.129603110969683,30.033866387431345,28.900472593149257,28.13481425546986,29.865648816243027,29.87832359263378,29.01350552586156,29.462618369160335,0,0.768054139414766,0.21305089830334,0.556592128790545,-1.28490474782905,False
P23142,16,Fibulin-1,FBLN1,26.17731380331515,24.707515979896083,25.17079126052808,23.31533506559087,24.27023338153949,25.86393639489573,26.01141550735671,26.277708810839144,25.62253466381742,26.58654236780228,24.82870878689236,24.628935246077898,23.955821800576285,26.33557206038065,25.35891027212073,25.754712776163398,26.38298508044992,26.601674631025475,26.345544779586138,26.102391029537266,0,1.12875965473979,0.464290261880822,0.69086707470759,0.745636206437906,False
P23193,3,Transcription elongation factor A protein 1,TCEA1,19.64890821634468,19.589608526953054,19.31698958979746,19.279026756194995,19.588962252270328,19.19271757273576,19.49510301565066,19.813023245157268,19.83032930382564,19.490611073719275,18.435430873276566,18.371261478354345,19.173762979077097,20.315481485357708,18.596160442495083,18.780416934679295,19.548401745544993,19.620707539325373,19.25486639504568,16.948318379377298,12,0.756373391702652,0.0617095422842626,0.364062657639799,-1.97564610292648,False
P23229,3,Integrin alpha-6;Integrin alpha-6 heavy chain;Integrin alpha-6 light chain;Processed integrin alpha-6,ITGA6,20.119580157905755,18.244745875097795,20.5328517505158,21.186943352046395,20.917532085756097,20.620502048935716,18.79817712284949,20.948667136809625,18.633288816511655,20.457116133997037,20.08516264938159,20.83048735823995,21.025306369692284,20.632906286389755,21.187870153390012,19.188683768852787,20.106553632596835,20.618619612478213,19.69178889825704,20.819486839653877,6,1.1421948462449,0.350301275191024,0.632671454287809,0.955653624553778,False
P23246,9,"Splicing factor, proline- and glutamine-rich",SFPQ,21.720552474981936,23.32129712227772,20.031212829221424,22.11435093418384,21.56672425092366,23.822582482475678,21.06523534651688,21.537928438997408,23.966372539540323,24.134206024011007,21.476951965444552,24.223666571817464,23.306351559365286,21.439204697259456,22.710813258610703,21.8381044237362,23.031626172879324,21.053767519782497,23.873201413382844,23.289842958986608,2,1.0667970857911,0.57796641170399,0.740389494444104,0.565290697139557,False
P23284,10,Peptidyl-prolyl cis-trans isomerase B,PPIB,24.909633625189564,25.469103507061863,25.978597990475734,24.79766178204689,25.18810710622274,25.269306058659826,25.71963291262905,25.394462240873125,25.739381934709417,25.372315211582876,24.335493483087337,25.183778498856697,25.871187165719352,26.04747847692686,25.55225186092861,24.9445776901679,26.086821521912235,25.269651589042304,25.585930220236328,25.336131696603758,0,1.05595609678037,0.863656162283582,0.823889010533315,0.173875858349339,False
P23297,3,Protein S100-A1,S100A1,24.87250514481966,21.759978481091064,26.400794353042322,23.953754933863145,22.82803243521763,22.15380360446318,23.91611674517026,22.284229745305527,22.270685810510322,20.533777748222867,23.13184601516356,19.853944643293683,19.937048624837328,22.734396242256327,24.155945424480077,20.970958683432517,24.109460979134127,25.435560655459664,20.662410423583612,22.158790505464665,1,0.608083477469616,0.290581802133923,0.603321843609166,-1.08463951583247,False
P23368,5,"NAD-dependent malic enzyme, mitochondrial",ME2,20.561540432157614,19.89958422604413,20.754468034270225,20.265976174427294,21.295695793698467,21.563376421083284,21.838710455818866,21.095016852119,20.451662122525075,23.047415778528602,21.343371138702395,21.299902877643145,21.217914806676262,21.289643007826555,21.48761048806866,21.24147855705834,20.94546139802105,21.287604201545914,21.88552681290498,20.732460559892708,4,0.946497832386184,0.516720957978113,0.721090302628091,0.659724991914758,False
P23381,19,"Tryptophan--tRNA ligase, cytoplasmic;T1-TrpRS;T2-TrpRS",WARS,25.28901680697242,25.75309773494597,26.442003756440272,26.851015971354684,25.8354928667815,26.123278995374992,26.558505682204228,25.70839130328919,26.311101533726593,26.034147729537555,26.095307025491664,25.266741152476477,24.950074182863904,24.955648045842114,25.00175804528685,25.62237948457444,26.09524464089298,26.291520030873894,26.519752896616403,25.71085595098511,0,0.757939970837371,0.0465838889746506,0.328848068756351,-2.11692788977461,False
P23396,8,40S ribosomal protein S3,RPS3,23.84328007306583,24.350199323119448,23.8829097329668,22.983392587461225,20.394033865481017,23.933876517765746,23.106681512671607,22.035723043895494,24.234656400746513,24.206112368452622,24.20256118335776,23.925446426377523,23.91705693848291,24.339473699036176,24.97272571612159,23.736830339710114,23.87819452794248,23.533211625764782,23.692094796067337,24.476171191338274,0,1.41247144909773,0.0709455731836004,0.38971379111674,1.90394334534804,False
P23526,14,Adenosylhomocysteinase,AHCY,25.45928178603876,25.62134774879947,25.031615669818972,25.336387587371632,25.237223897446835,25.718190196891534,26.347549483474314,26.034750258290703,25.717530258291845,25.952151655330415,25.814440631416367,25.556331254517954,24.486336517275067,26.26251705470127,25.76422213768986,25.858789250512373,26.076758201911833,26.250400408469474,26.23863177540118,25.62912797006008,0,1.12603119174729,0.433971250415371,0.679014768252282,0.797965066479897,False
P23528,14,Cofilin-1,CFL1,28.302016863447182,28.458209902127685,28.38661651728088,28.630216861414908,28.575580374254017,28.427294345030223,28.508211438220407,28.428664625478326,28.656349218389003,29.02793880810113,28.42483351451867,28.320152948261395,28.324682594427443,28.710558143249727,28.554496576022267,28.609181829571696,28.763510920874893,28.642563402020787,28.739971356281906,28.607000882126595,0,1.01671797503318,0.774426480508112,0.80799837307198,0.290373326894975,False
P23588,3,Eukaryotic translation initiation factor 4B,EIF4B,21.97965696425263,21.78994466527642,22.451128761944382,22.41796690009502,21.773851596194792,21.898238278928535,20.42226850088242,19.735954402774993,21.17731626077696,20.92646030826505,21.703392324623305,22.234838081470894,21.19371307168078,20.341612517434164,22.953071052540704,20.905810615926754,21.233655877753247,21.074638799305617,22.331094314211352,20.65006629739423,1,1.0157118204695,0.988736139958052,0.843797505224354,0.0142895340908494,False
P23634,16,Plasma membrane calcium-transporting ATPase 4,ATP2B4,23.924320050353515,24.171217739094036,23.148477533375324,24.737388332955224,23.929978232212797,23.143844862200925,23.60407628921398,24.28351406558974,23.688706438724584,24.387541162547286,23.469956228041784,23.559877970313842,24.298545330626506,24.60155534492481,24.664304787024882,23.631971123955594,23.593568871236837,23.769212241779186,24.058368485398987,24.237306368308506,0,1.04758091812636,0.71912228773521,0.791353431452998,0.364592671032681,False
P23946,6,Chymase,CMA1,21.13659807648955,24.003062719710197,20.007827467013293,21.454022412703385,23.106703585097705,21.230586089258683,22.89928259022486,20.2233458304463,23.473165565665372,22.921915164785105,22.49245095379436,20.81396435446491,22.33894015952733,21.79767495788606,22.60321318356041,22.334427187695187,22.378183305084114,20.306885808913357,23.374366232061764,22.884051348730658,3,0.850276743589729,0.870734183960191,0.825812662811676,0.164760977502744,False
P24158,3,Myeloblastin,PRTN3,21.030603961218365,20.989604843176345,20.959441387324244,20.901161957110144,21.034982903120085,21.08092281215577,20.999860059995644,20.98326202700089,20.78434427721761,21.092668599531052,21.033444856118713,20.64103441884855,22.476668939352567,20.78808781489424,20.85766602616382,20.704004730862145,21.50585028287252,20.052696246424944,22.773575054200354,21.326682552054557,9,1.38952223484484,0.465173624627072,0.69086707470759,0.744143040884852,False
P24298,11,Alanine aminotransferase 1,GPT,25.00948255355463,23.81907800337101,25.142403530462133,24.39570082820826,22.624524426742482,23.730581921172003,24.23657758731687,22.665172213659638,21.49640172678563,21.772975975221968,22.597364297154435,23.131100213083194,22.41527378904068,22.28013767017267,22.62533321935267,22.748418189218437,22.797975232845573,23.771355983504556,21.009304857795605,20.638203740197646,1,0.404205439910066,0.0221271629407274,0.244466286728116,-2.47414012775899,False
P24310,1,"Cytochrome c oxidase subunit 7A1, mitochondrial",COX7A1,22.081205217269353,22.595965701488197,22.52171090131465,23.17358391977222,21.64708515581058,22.10542986430766,22.913741165861133,22.20537268947114,22.625195702887996,22.01815391316211,21.29821911024428,22.374123056297062,23.095511402110795,22.56551592147341,22.09129353585318,22.12473481834932,21.753658791150812,22.388321626690754,21.309489569689273,22.224104769947807,0,0.847670674388537,0.337899510378143,0.626458497370308,-0.981097525886616,False
P24534,4,Elongation factor 1-beta,EEF1B2,25.1856021504489,24.657241857700864,24.28221818878809,25.15998825176877,24.34513653025978,25.006981256421515,25.505281138897725,25.13646358152293,25.21211648930044,25.17223664385786,24.811934831352254,24.1969268932515,24.883784619803407,25.066733335171474,24.277052367785853,25.24291785174784,24.984755792689505,24.70521256886121,24.904751569513863,25.234543744471004,0,0.904160491604765,0.437547539770202,0.680919007569285,-0.791678466018937,False
P24539,6,"ATP synthase F(0) complex subunit B1, mitochondrial",ATP5F1,19.366399995959075,20.74197107727517,20.746417188489342,21.426678417552214,21.189969016131197,22.65111063338063,22.03887321285891,21.669468359854708,22.047982166844825,21.39577661390733,21.246842918258704,20.404068902862054,21.58614725322517,21.9901952402899,21.680884892300593,21.732003152163358,21.62036391021457,21.967783419777614,21.494178702137486,21.32548053377258,3,1.00705239540198,0.546598238141833,0.730613623538725,0.612954359724998,False
P24666,8,Low molecular weight phosphotyrosine protein phosphatase,ACP1,24.00488378321165,22.715370612685426,23.768875688326634,22.690206010705808,23.439987100520586,24.326500958631293,24.397975487155982,21.967005374414487,24.03625857490897,22.272288960533572,23.003964183450567,22.732339388123687,22.174194579071813,23.62816775383892,23.125949488089134,22.92057789168923,23.90325220798513,24.48913803460345,23.506794890025244,23.285541149104485,0,0.887620446875222,0.805293358687241,0.813589620325639,-0.249690793239426,False
P24752,15,"Acetyl-CoA acetyltransferase, mitochondrial",ACAT1,24.388767808987527,26.13768794286907,26.398451653717853,25.577571222709146,25.05767266744628,24.820646411899872,24.956994938886147,24.509360303957443,25.505233347290922,22.36287003843859,23.374260329683906,25.318766587136537,25.234120211327856,24.613205007801795,25.59155453021996,23.466243399058765,24.235033590773007,25.01013122460535,23.911257882669204,24.410912024650898,0,0.665174657992821,0.236638680307812,0.577879893173472,-1.21885753627855,False
P24844,8,Myosin regulatory light polypeptide 9,MYL9,25.637158676633675,26.017351350581603,24.829758321493195,26.171196160362115,25.551048381255608,25.21668615984918,24.69371802439188,24.806646021192524,25.02675818032829,24.83196631322933,24.84514142165637,25.895093623118317,25.657470987873772,25.293016277090203,26.90059744956217,25.040631816413153,24.90135278380393,24.362048053283306,25.110827181539957,24.762406440613933,0,1.068614098948,0.995176963075079,0.843797505224354,-0.00611841253206768,False
P25311,13,Zinc-alpha-2-glycoprotein,AZGP1,26.308667151843043,26.412012166285855,26.494711361187367,26.918463898740992,26.490556468709244,26.68276343658087,26.65474443058123,27.034696195408575,24.695231044088985,25.70767957421513,26.585289686302517,27.471620295350178,26.230975874737652,25.530156271091272,26.35777090357721,26.750528449515137,27.260077368941513,26.62994846972135,25.744652173563427,26.912970361084945,0,1.15111025744799,0.463601579312736,0.69086707470759,0.746801478590812,False
P25325,7,3-mercaptopyruvate sulfurtransferase,MPST,24.65098228380096,24.757344877651104,25.073781337350297,24.230844957073234,24.148180247862967,24.8791784131738,24.744239175126115,24.23853402246469,25.15048966556795,24.932530360133864,25.01578418799714,20.813329132450875,24.335818413644372,24.950555097197228,22.955149919670472,24.89847447958186,24.74196686388504,24.5840502670196,24.94033003597539,24.765398015843655,0,0.878303819041764,0.224863887212452,0.566919292350654,-1.25116285329144,False
P25398,6,40S ribosomal protein S12,RPS12,24.151224239236495,25.03122477111892,23.865566602611153,23.702572601118007,23.569657862545494,24.9753657230164,23.584423056578874,23.448814315588766,24.53396356139071,24.78979836054235,24.04258748586258,24.326578027093905,23.528076025629748,23.241347450785774,24.453993259565483,23.86486737793727,24.047186169035943,24.478942636999506,23.18458547081882,24.07431305968964,0,0.813743851970098,0.368453816379241,0.645446865644454,-0.919492958486889,False
P25685,4,DnaJ homolog subfamily B member 1,DNAJB1,21.408824053181007,20.827656988259793,20.431137469611343,21.343737821165206,20.80033043452763,20.015681515502987,20.424565989710523,21.105670326282734,18.842768415399373,20.548156259044323,19.70345787336549,20.967067837281046,21.049435273678004,20.662976106181606,19.837463699384887,18.847496343201456,20.630409765385576,21.340863935411626,18.7476468711429,20.774922910700308,2,0.848470195633589,0.395892252910549,0.660720884983972,-0.867022713958513,False
P25786,10,Proteasome subunit alpha type-1,PSMA1,24.420542197086213,24.592250353134844,24.32789411628093,24.436862789434652,23.433237086927665,24.943101132298363,25.15392312334025,24.903023378190092,24.987317414188077,25.127502136059352,24.039604968424424,23.595058463717038,23.602870585150363,24.968739007409848,22.89318392517399,25.2116969763106,25.35450529126104,25.26801281791576,25.11244142357794,25.130037277345362,0,1.01722633076673,0.597661261572387,0.747720003069955,-0.536034996597483,False
P25787,6,Proteasome subunit alpha type-2,PSMA2,24.336426716956293,24.634468726937154,23.904733776066504,24.29240060060773,24.82793270171091,25.375724332307616,25.595038822536537,25.58122854558887,25.51857426734573,24.98620341368153,24.128700948724827,25.483793071087504,24.08473217353127,25.093133082310892,25.53635458628726,25.39250023929343,25.500732213805406,26.06638654794015,25.280740966650693,24.92518035543281,0,1.18567096928007,0.26898738755353,0.587927183588789,1.1359535330258,False
P25788,8,Proteasome subunit alpha type-3,PSMA3,23.873412500221193,25.60344183131653,24.15053688262252,23.67314648718479,23.102523431612642,24.15127927486921,24.258923048401453,23.147938427788276,23.625345474631644,23.867823568135307,23.915937408977523,24.151996825618852,22.654837111499422,23.613376890215882,23.36772324747709,23.569593118879194,23.723763440457912,24.08873555809184,24.05620337733801,23.67272954010541,0,0.760825558631716,0.347311226536508,0.631066984984821,-0.961730961283154,False
P25789,10,Proteasome subunit alpha type-4,PSMA4,25.571268244561203,24.56647465748721,24.919869076633237,24.74583784835025,25.219466264084136,25.260525461997577,25.027686907992724,25.06950452078445,24.759074437751753,24.997966459997038,25.06009832337566,24.768399654482,24.542232558064075,25.112658622411278,25.375390684606998,25.287519939139536,25.0638949587724,25.53813012404633,24.59690280517847,25.229903248173603,0,1.03511233343097,0.798224277754847,0.812593916944395,0.258967262335447,False
P26038,37,Moesin,MSN,27.73804043327556,27.24726101420285,27.886352026356253,27.430945584768164,27.09553115766843,28.057450757329637,28.025577595576465,27.84486741278057,28.21641041292149,27.13231062173209,27.536152382476505,28.148210583344547,27.824906265437054,27.990233294618942,28.047280416083808,28.07619794553867,27.896292669557212,28.168248305337123,28.075357837997718,28.022214034923838,0,1.20626757569343,0.0412460481609457,0.314522477872934,2.17686199965951,False
P26196,2,Probable ATP-dependent RNA helicase DDX6,DDX6,20.916836841660828,21.87759888063689,22.10639431991226,20.79422486753723,21.69252244142939,21.57591846667768,21.59237327328137,22.115126124847205,22.605819498724507,21.486392807581584,21.832834526204753,21.975548613237784,21.74327822054463,21.6651001572351,21.416820375591946,21.521842513296733,22.130439857714382,22.283692733149707,22.168924114715306,22.01388706255746,6,1.0964947378611,0.428261955637431,0.677915601967955,0.808068236224779,False
P26368,6,Splicing factor U2AF 65 kDa subunit,U2AF2,23.055011503936242,21.89078700130209,22.285551196461956,22.023522575943858,21.753832379865354,19.608074386559824,17.872713872150836,23.96735285341673,22.43806319940535,23.903209859038842,23.4381274876709,22.58288844769207,22.7415105572037,23.153064157667597,23.64075502995332,24.198762217209136,23.18660577241523,23.3417381697596,22.64081636257889,23.753021817556522,3,1.66613092937671,0.0281438700627874,0.272440420479985,2.36101345562908,False
P26373,4,60S ribosomal protein L13,RPL13,21.684921001822467,23.25039583031714,22.06393022856397,22.916697406470856,21.890297048255785,22.74282040505644,22.582690592462615,23.386915038985197,23.11436483473659,23.53991244475006,23.402596143799087,22.296931923531872,22.44137026044522,23.123922637890182,22.655003593907505,23.424345754908938,23.103511121584518,23.56153304970555,22.81358680504633,24.055981791517777,0,1.26715886883934,0.168986326539849,0.521118528909864,1.42538397158212,False
P26440,8,"Isovaleryl-CoA dehydrogenase, mitochondrial",IVD,20.687502868435327,22.44742412913504,22.80126597390474,22.519964144250338,21.11839828827689,21.43872098120574,22.185512128612704,22.093585991856443,22.126663737350103,23.639353450166098,22.03116874034922,21.06495261187697,21.556547070807262,22.5735949922942,23.180035228342863,21.42453941824783,22.79852554442384,22.046846615503764,23.016306077661415,21.804767191582584,0,0.984042552388126,0.906418710823595,0.826708499711055,0.119008467294159,False
P26447,4,Protein S100-A4,S100A4,27.577667330244434,27.074984129226596,25.95491431925762,26.499166409474014,26.3990989929669,26.928837639952317,26.35565453311137,26.421894220517274,26.67769087184563,27.153991050596215,25.816676986380223,26.96701726686845,26.625253807530427,26.366621122748594,26.96753835694507,26.582906811412272,26.84377725789156,26.597210133964378,27.825138393111352,26.629589204451577,0,1.02205113471811,0.935947113853529,0.832501250367666,0.0813497001368466,False
P26583,2,High mobility group protein B2,HMGB2,19.242902022479353,21.971453912170656,18.670162131916484,19.37719070072734,19.716048186650617,22.883871235977942,22.960422440754407,23.405653787499812,22.883723450791056,23.81898981770441,22.407392569630602,19.900323473979196,20.24319287984297,22.908170595642403,20.60582936895571,22.53822201985782,22.5606265515735,22.448420726741865,23.543755432124144,22.688115393880214,0,0.964312515253516,0.262105253550792,0.587927183588789,1.15294164547496,False
P26599,17,Polypyrimidine tract-binding protein 1,PTBP1,23.991886911044862,23.278712408432195,24.14690075104749,24.542806564098512,22.123867981750237,25.12217904085482,25.11371882166173,24.378078716646918,25.37737700952138,25.450374849609688,24.290712705810837,24.650063347382833,24.583031639936817,24.960419079725202,24.668690595857736,24.957684635190933,24.765855968361926,25.046131447796434,24.963583152407548,24.994141936545464,0,1.13415229441825,0.0878505033297753,0.419883675208394,1.7916833322594,False
P26639,3,"Threonine--tRNA ligase, cytoplasmic",TARS,21.408949216503938,20.568555577246173,20.923266412482832,20.857560799121007,20.84180898029527,19.447291897505057,20.98936672709093,20.185214023844196,20.02296175229551,19.62578552286599,20.532142600496062,22.182426298682458,20.414556597953723,22.887568379730936,21.756524901659517,17.78562546877633,20.01725457117544,21.01417026720903,22.646708259510625,15.784964615744379,9,1.81610489161262,0.98054790850921,0.843797505224354,0.0246790165247434,False
P26640,15,Valine--tRNA ligase,VARS,23.26029021799715,23.276973313464243,23.653564058197635,22.617479463908126,22.08487028891802,24.017837141154637,24.23542694371397,23.640999484180405,24.32531710443896,24.504049880520558,22.560747066119948,22.39772675648475,23.295095746402573,24.38276854532519,22.42013148651683,24.10659984316719,23.690579187950718,23.816401688543568,23.575702691152724,24.24450307420747,0,0.923139516074293,0.677702789225128,0.771097269083542,-0.421558618681614,False
P26641,12,Elongation factor 1-gamma,EEF1G,25.117683232394405,24.220909414390523,24.430659043130127,24.222982406493205,23.79488319788294,25.27256734914788,24.53968998536649,25.092471409664714,25.31951461933884,25.254915083945434,24.54294500385753,23.588127796788566,23.664110147282678,24.650492382141415,25.10545934745145,24.289275657695587,24.12772993432377,24.29234133483965,24.981875357581124,24.414256759628696,0,0.770875980720606,0.116835879374258,0.464801576729209,-1.63673265474577,False
P26885,4,Peptidyl-prolyl cis-trans isomerase FKBP2,FKBP2,23.118458383557204,21.892393245487195,23.706199862002265,24.365212930342537,24.463494908020344,24.0665739894224,23.846823101606187,24.012778844506645,23.910702091564456,24.121926801024987,23.22982707866745,22.58114812647012,24.040199728816564,24.244180677098655,24.482832847917383,23.914316811746634,23.605690290364205,24.285757774171977,24.216458350404327,24.335340218447133,0,1.07306881391628,0.638562212060506,0.7585186811081,0.476726956430894,False
P27105,11,Erythrocyte band 7 integral membrane protein,STOM,23.25405068148545,25.40764777405433,23.166810947986075,22.26077235637395,22.76666831324588,24.702820913735728,24.443109177254087,25.03881718143195,22.86443849289796,23.737754726757334,23.775921372532924,22.85453650763333,23.393502175282773,24.156075986555116,21.81207548307206,24.09088425380352,23.655830098089247,24.106572568215153,23.673078329514187,23.75139525276819,0,0.723998297048924,0.532113924614926,0.726830710757849,-0.635449864221816,False
P27144,8,"Adenylate kinase 4, mitochondrial",AK4,22.46816759700811,24.73082569843513,24.063081607088215,23.426457119850216,23.198960017812635,21.400450602335606,19.17149597009508,22.172466737322562,23.159146931787554,21.784847434737593,22.064978815323077,24.25099508249718,19.574613444650957,22.112707258592412,21.986731656144254,21.1418203908433,22.295027979559624,22.510516895364727,20.236150253491832,21.632883661183104,2,0.555573435195514,0.159555155010362,0.521044173563398,-1.45919660164098,False
P27169,11,Serum paraoxonase/arylesterase 1,PON1,25.828881073674548,25.602122875094413,25.962312062470165,24.522308737131766,23.88207828805393,26.140221913755965,25.80862866413481,26.59307412538494,25.561839373238293,25.78458113200663,25.544866828231207,24.776773388677817,24.808853967386693,24.519144150389664,25.395942514632246,25.476390310474223,25.41742918568257,26.236889543663242,26.37259920283275,26.45206968480577,0,0.942140855809495,0.793047080741715,0.81186965806444,-0.265775845705768,False
P27338,11,Amine oxidase [flavin-containing] B,MAOB,24.471168270156177,25.146699343277653,25.20697840095741,25.674166214120383,24.029813715899603,24.680932593786327,24.56844768717406,24.912508483349082,25.12002260011247,24.557281060074533,24.011687309297717,25.470718394621386,24.477935344825706,23.989678925856747,24.617106265742667,25.154030143345814,24.338633497981732,24.505714369097408,24.35352967072356,24.243490944082314,0,0.80442140004802,0.174207568334485,0.523546616129746,-1.40731467420883,False
P27348,17,14-3-3 protein theta,YWHAQ,26.535404471515676,26.190946282279604,26.595324195737675,25.972444437005354,26.039915011671315,26.353712226360912,26.70548766353083,26.72568543396446,26.760033924605377,26.80183871279335,26.001193969456384,25.51952448515698,25.882429616909,26.377034987803153,26.612560550943257,26.25413020970552,26.581989352341946,26.42979057193304,26.56368230505414,26.361454580281094,0,0.869338904752297,0.162187444780587,0.521118528909864,-1.44960001938722,False
P27361,13,Mitogen-activated protein kinase 3,MAPK3,23.950352394120333,24.052491207145394,24.396666613227428,23.3099767216059,24.136695473012633,24.608271927046673,25.449260288030185,24.973721047369953,24.526164109819966,24.368344661758183,23.880154738900828,23.836674094303774,24.69587624730158,25.363354507190248,23.718176669118424,24.96226075286028,25.16850631953589,24.197638672372502,23.514344545400064,25.36524820010783,0,1.10529421328477,0.730804267543726,0.796028445773527,0.348754346222132,False
P27487,4,Dipeptidyl peptidase 4;Dipeptidyl peptidase 4 membrane form;Dipeptidyl peptidase 4 soluble form,DPP4,22.26280273409202,20.965966679930943,19.8042422365315,21.511278040613533,22.441640974913764,22.611354238666088,20.5970583335759,23.890969127861855,22.345526357043585,22.271852047888565,19.533323105464053,20.197093282127703,21.046189349319626,20.497022858307975,22.866214857036297,21.12246843626344,21.095732217844866,19.508957421539776,21.70011492259705,20.095281018639497,3,0.455292564456721,0.0297301268040946,0.27325797600272,-2.33494517351414,False
P27695,8,"DNA-(apurinic or apyrimidinic site) lyase;DNA-(apurinic or apyrimidinic site) lyase, mitochondrial",APEX1,22.44677849237993,23.204656940243495,22.990062241425225,23.100061240180263,21.337226124659324,22.99531089447774,23.208211821896516,21.608164700833377,24.540530322569634,24.118180292897204,23.558918750066987,21.69894132572106,23.042902354668893,21.16685509337433,23.4719577395787,21.33979721800659,22.135085678483055,24.0149521137423,23.372907887741672,23.051031820832055,0,0.82807620108084,0.541774645988162,0.729692264899217,-0.620409883486057,False
P27797,19,Calreticulin,CALR,28.293567982869376,28.555744797743078,27.96296704165196,27.750803815540227,28.044471528012856,28.46574198611497,28.35223640144431,28.219610862607247,28.6461211672937,28.529531056227327,27.909594636051835,28.130391159136185,28.09346077827364,28.616767378552694,28.332104154685815,28.43545139448258,28.220385643842658,28.34467545795392,28.730531065318775,28.243617499186456,0,1.01213806218666,0.850884452032361,0.820460501896426,0.190361817225716,False
P27816,46,Microtubule-associated protein 4,MAP4,27.709267335668383,27.919668940839564,27.90790605219185,28.656474100389214,28.249469608728244,27.95144162994394,27.90091834239487,28.137621894113256,27.788055474021068,27.536269161321055,27.417172672806636,27.889485685193172,28.27076444409241,27.917449138960894,28.081458537252498,27.73577723488473,28.141596278786214,28.116910267411775,28.179653394261432,28.100961449939984,0,0.997268208373865,0.94601886849504,0.837319346889102,0.0685351896496762,False
P27824,20,Calnexin,CANX,26.24974638453227,26.46325284472978,26.15383177807493,25.929144589328725,25.758151640993027,26.476940990949142,26.12213163633642,25.943996027958942,26.18612864625069,26.328939694487403,25.786170365929454,26.204491347846094,26.03014724647684,26.901922265544545,26.6399615176549,25.95170046151275,26.29515692513963,26.44370235779321,26.3618947875125,26.295783579151163,0,1.10744263555412,0.400197367932918,0.663898433530668,0.859008221699123,False
P28065,3,Proteasome subunit beta type-9,PSMB9,21.719190418615437,20.695510054705217,20.55822479757149,20.48612299043493,20.866287790185655,21.127607805213113,21.206581015675308,21.437299634002855,20.988212971241712,21.910367221855683,21.73669773125867,19.07403199506807,20.989580901689667,22.20053767912525,21.545649981602995,21.395511629150157,21.62965176451707,21.099368644669468,21.426449176777002,21.62259955048447,0,1.19704012233008,0.604465812421707,0.75169788669067,0.52603770619742,False
P28066,10,Proteasome subunit alpha type-5,PSMA5,25.76495270617304,26.235996519639926,25.976380217677253,25.654608023214625,25.597129595909532,26.053939080145394,26.072989258904315,25.636090296466204,25.85975573576295,26.261412371282965,25.84810916770858,25.75846535043297,25.708431954162457,25.95007883671582,25.574501640195344,25.882791047833734,25.685645418538726,25.90181609046898,26.22579439911957,25.93479686008539,0,0.950824446551172,0.625890050395628,0.757887765810089,-0.494907139607876,False
P28070,6,Proteasome subunit beta type-4,PSMB4,23.721585770743186,24.382582819015425,24.350306394998302,24.401693705657674,24.446965460712796,24.936143499647,24.393910104214992,24.668019143217638,24.541621882648517,24.614173331538538,23.583523392211777,24.048178199497492,24.130216285881886,24.23867579253914,24.04408894464991,24.68954931816563,24.409025732074525,24.567269419254696,25.072121110752256,24.1814257373871,0,0.917756426958966,0.375569386234703,0.651005541947793,-0.905644698092817,False
P28072,4,Proteasome subunit beta type-6,PSMB6,21.680624875645044,22.918849485864566,22.540641396707443,22.72084702047671,21.99548644873621,23.32982620986232,23.738821517103194,23.750212770129938,23.34124725085702,22.330855927390395,22.018104990698518,23.990109143241966,23.04921686552667,22.890833521192597,23.251863834935712,23.090945262157092,22.71778814328463,23.13155346725464,22.8421137984482,23.088769258973628,0,1.06956162516038,0.52181581043355,0.721310207615658,0.651646690205695,False
P28074,6,Proteasome subunit beta type-5,PSMB5,23.266399271844474,22.707731156569697,20.674829174928746,21.59276894178966,20.289838937391202,22.75784578906771,22.377620875281284,22.193101366019295,22.24608483712739,21.96734499587962,21.266892140893482,21.43012940114459,21.091910955272773,22.996086657215866,21.308890571801538,22.641482753728692,22.11296206086143,22.825657141823843,23.110322360268967,21.35119525737881,0,0.986263441971555,0.986993305482268,0.843797505224354,0.0165007213384847,False
P28161,16,Glutathione S-transferase Mu 2,GSTM2,27.04841821610157,25.81351017246178,26.245088729794855,26.13548970124199,26.161483079977728,27.235966416677517,26.929753350131936,25.941056867532563,27.063233119088693,26.092593307066824,25.752274612249334,25.54541537692659,25.52962741604178,26.071104405799513,26.376994916356182,26.88792663886597,26.355470768874262,26.223642420906064,26.45429716173012,26.389394195506878,0,0.789148771187949,0.130284832630015,0.480295769741133,-1.57572700923379,False
P28289,5,Tropomodulin-1,TMOD1,23.048819885218354,21.073962922276408,20.251571527958756,21.868516292382612,19.67832526627779,20.682553807345812,20.058676139760774,21.32493101690513,20.452515029469307,19.64116369039003,21.787853284287934,21.00474267125719,19.807751987560692,20.529584728447702,20.275414133523164,21.457427830093312,19.724226942529636,19.68706259920539,21.428351328011416,21.7148467726484,7,0.829230872222453,0.876547428686895,0.825812662811676,-0.157285581641769,False
P28331,15,"NADH-ubiquinone oxidoreductase 75 kDa subunit, mitochondrial",NDUFS1,22.540701094198575,24.863983862237678,24.023310279533057,24.15940579853329,23.364023432713562,22.875067407344254,24.378356319751084,23.328604755078754,24.788128639094143,23.501297571785997,21.860551551403713,22.61777661537002,22.69141543616316,24.134261135054643,24.084744325328504,22.886820163100623,23.45552310977159,23.284917707161075,23.699452754133326,24.370599957550027,0,0.719160742667874,0.194591879238997,0.539227987617833,-1.34066424502614,False
P28482,12,Mitogen-activated protein kinase 1,MAPK1,23.71464092102327,23.70065657037105,24.368946395697673,23.361282075642126,23.6440067291756,24.096005665539153,24.425851411854097,23.453998432707813,24.943468294770714,25.03255069651797,22.84105077696455,21.70671528666697,24.003188229732267,24.71786542907462,23.75314285301788,24.939843435966996,24.41898857517781,24.798055634296578,24.711263394099507,24.807196125577814,0,1.09712501216875,0.9885703486789,0.843797505224354,-0.0144998752119495,False
P28799,3,Granulins;Acrogranin;Paragranulin;Granulin-1;Granulin-2;Granulin-3;Granulin-4;Granulin-5;Granulin-6;Granulin-7,GRN,21.388021955399896,19.707610661586404,19.531628574365723,20.33313367649381,21.802394759973694,20.1328601897355,20.141807732956682,20.15866799376588,20.60981780236435,20.74828059226093,20.275683103197597,20.71733654180678,22.404740972657244,20.13399637639459,21.642603536013343,20.971497723808124,19.8724728790817,20.803940065003953,20.662410423583612,19.240179695240737,4,1.24238376879812,0.555086478930378,0.731412426372764,0.59991895990058,False
P28838,20,Cytosol aminopeptidase,LAP3,26.715937725641723,26.825893726020656,26.284591814727985,27.321774614404944,26.417475822782123,26.01577967095518,27.2080265958195,26.587310940047058,26.593475401624318,26.878234532195794,26.347051850300364,26.268938708180723,26.436593279423416,26.373360620894857,26.571618881237786,26.714750046700352,26.569172216929367,26.882172271502245,27.085624033337066,26.64764546905436,0,0.917636482191703,0.547114063240789,0.730613623538725,-0.612159160927292,False
P28906,4,Hematopoietic progenitor cell antigen CD34,CD34,25.32121158839769,25.93476914105401,24.87763943491173,25.370255308796047,20.676503535672115,25.484236685819226,24.652658955644494,25.89706831934081,25.36820532817794,25.656044886634007,23.967884486368607,21.412481960278356,24.50067614406151,24.918362416030554,23.544900370313382,24.12262361803013,25.247439173085485,24.557513914217264,25.959851881632744,24.6592032756679,1,0.631604427586582,0.252693719703096,0.58384480474924,-1.17671802430744,False
P29218,8,Inositol monophosphatase 1,IMPA1,20.12118819078113,21.415528595371054,21.32744444175861,22.58270045126131,21.734723556917654,21.522686349653902,21.293459108515027,20.814434719837564,20.99651585725737,21.08026781407296,19.966951037023858,20.01742866778079,22.330510869524844,21.455249806821875,22.06710136454125,21.887129359221664,21.588978995629812,22.51508858548992,19.61249730431617,21.48807628456475,4,1.11834916473549,0.992135508042298,0.843797505224354,0.00997685256391491,False
P29401,28,Transketolase,TKT,28.676866611199078,29.410955343573356,29.562531641099206,29.6238034100689,29.653164675824552,29.24125317767224,29.774319289380212,29.021639428220553,29.256774042946763,28.604616317647686,28.913982627239225,28.924067982048648,28.999578878218113,28.843249345118874,29.095306294492225,29.13227838855057,29.20270255402237,29.530271446176517,28.945938081422767,28.791374861083877,0,0.824640490232349,0.116617528013843,0.464801576729209,-1.63777080131429,False
P29466,3,Caspase-1;Caspase-1 subunit p20;Caspase-1 subunit p10,CASP1,20.31786149686473,19.087986386563742,20.086934674446834,20.12267291362717,19.717624931399403,20.290855946340997,20.116359795537065,19.284973828663617,18.987560652961292,20.706776872269707,19.964103801062258,19.99732328760952,19.87994571680766,20.17628664249157,20.179446987795647,20.182371994022123,19.967095153769034,20.17130911862611,20.180097249347654,20.0262930127255,11,1.07660072124601,0.413401878946866,0.668891502267805,0.83476713983888,False
P29536,7,Leiomodin-1,LMOD1,22.721619357714893,20.80890800220001,20.089078653003348,18.205432512309375,21.299285181794847,23.729344087513148,22.134029264160976,20.387411889241342,20.910947844915007,23.97923890563127,23.034846126136543,22.03387960659089,23.608055590608444,23.95279820991792,23.091293535853183,22.65129619636494,23.297215348181933,22.203073996742564,24.079361320919606,20.520901487558955,3,1.79501178979607,0.0220704578738003,0.244466286728116,2.47533683453175,False
P29590,15,Protein PML,PML,21.524821108675546,22.135245503232085,21.568380053130706,20.714358312724748,22.07978660306118,21.569353639199377,23.553751832571272,22.542518679234743,21.722824171989508,24.483565559546832,21.4916777533359,20.635972467444265,22.018995140547293,22.917944989676418,23.181329390907504,22.551299456236894,23.360378667703525,23.348901896023694,23.55369138765693,22.958429193471748,0,1.13754252840225,0.30000752531654,0.610663490526178,1.06310672602338,False
P29622,2,Kallistatin,SERPINA4,23.381754269078808,23.456856448786883,24.09676869078016,23.815358567109723,23.784637290759616,23.475559446560258,23.328669649720407,23.828141345165616,23.999881362387388,23.38253500177994,22.9545626522768,23.475268284162087,23.585220517981554,23.739523516176384,23.37249376342572,22.015299884001283,23.723210403448032,24.241969024795058,23.251188027327768,24.338277808236697,6,0.940202308006854,0.476208260685984,0.698492481486078,-0.725631323716636,False
P29692,9,Elongation factor 1-delta,EEF1D,24.662773432800932,24.82313554855453,24.437124301125657,25.001472353270305,24.291769587926698,24.099523005861393,24.589835483852433,25.009664968039722,25.720008720656296,25.566274926563967,23.962006249519995,24.97036002133564,22.50222657912749,25.481904199045367,25.341454760769384,25.16948068480381,25.432747645022534,25.462452101828706,25.31747769512017,25.641767638680648,0,1.16795892705761,0.729058493601539,0.795870457583298,0.351115364375257,False
P29966,9,Myristoylated alanine-rich C-kinase substrate,MARCKS,24.29275216164236,24.644439701658644,24.52752058238272,25.869168470998112,25.424847237142274,24.69304752008597,25.256387581797394,25.465113696528896,25.505233347290922,25.696735394440953,24.866666881109822,24.992566189037483,24.764514118639486,25.264953508351812,25.53219158064794,24.77560611276027,25.484882180141057,25.096724549655033,26.191713527667183,25.094206676052206,0,1.0318543988655,0.761333719352575,0.805958734729428,0.307778216674324,False
P29972,1,Aquaporin-1,AQP1,22.628800483894967,22.629589022471777,22.45077489520232,22.474717384510047,23.121624009434367,22.347002212834546,21.618140723092726,22.75142387262058,22.560288174916497,22.02064346518781,22.38369939900953,22.93737453285889,22.503146841352283,23.15990550090811,23.350023624481175,21.10778219225792,22.332529781441227,22.425103368155135,22.58303694416207,21.774495872538047,0,1.04755400071517,0.985369302463507,0.843797505224354,-0.01856121939301,False
P29992,4,Guanine nucleotide-binding protein subunit alpha-11;Guanine nucleotide-binding protein subunit alpha-14,GNA11;GNA14,23.311201521936308,20.95898416195284,22.705441979590265,22.526999423908205,20.32132443214068,21.667121321495145,22.972685736321438,23.51179637009956,23.451577658074893,23.13692060514648,22.949265619040418,22.701015611710243,21.869059007203816,22.465054800094965,22.914576080094967,22.513728132164047,22.098935290427793,23.144842940746482,21.719769358684342,22.905295826929482,2,0.896281018970758,0.846307144641483,0.819592659793939,0.196283251402439,False
P30038,18,"Delta-1-pyrroline-5-carboxylate dehydrogenase, mitochondrial",ALDH4A1,24.931416986574888,25.404651191146414,26.106941672871255,25.288334473790293,26.066871694392884,26.23816806305311,25.629217832885267,24.44805673969002,25.722723558471916,25.395519421430304,25.788219182264115,25.71480901854525,26.50430400453849,26.060679741513542,25.559228667319818,25.458603836323697,26.004239666854478,25.45516279181306,25.279035069462363,24.907883894493708,0,1.08928735415582,0.50472510397537,0.715497513978022,0.678922760766786,False
P30040,8,Endoplasmic reticulum resident protein 29,ERP29,25.01935385281418,25.80237007985515,24.825973506265942,25.723776580298036,25.19059143344206,24.79963512913269,24.8944102205197,24.29095673660098,25.248396166579724,25.23539193640615,25.008374879498692,24.96756749665255,25.18736559064042,25.67420799593336,24.768168922268387,25.159916205079668,24.97760143367503,24.806233605148062,25.430013655537756,24.483783079691285,0,0.944616474476506,0.764400153052418,0.807182980574439,-0.303693313724169,False
P30041,18,Peroxiredoxin-6,PRDX6,30.71172676854247,30.467468347200743,30.71091941935615,30.391743360535514,30.629451911203393,31.11552216363601,30.854966786428488,30.696052622175788,30.64995081099343,30.02902817828935,30.099951784013474,30.63455072358706,30.183609402174728,30.750910686588192,30.198589739358773,30.740646274406465,30.700719916012947,30.611654565261855,30.55982057165743,30.54903011083225,0,0.914056247660707,0.339488119213869,0.626458497370308,-0.97780284899136,False
P30042,10,"ES1 protein homolog, mitochondrial",C21orf33,23.344939765166785,25.385786924545005,23.478138398763345,23.83612467281187,23.532979042327423,24.01772447901402,24.365570001976455,24.437299634002855,23.89440464311873,23.979820567148202,24.33845112515007,24.745482319552718,25.106412563961516,24.877513721196458,23.574451554443424,25.014335072704927,22.883307946473217,25.286597352304845,22.9300382209383,24.177242037290686,0,1.27601829118472,0.430687699073342,0.678937927195674,0.803765451171811,False
P30043,13,Flavin reductase (NADPH),BLVRB,28.503643857054996,29.100753314393476,28.683468281636888,27.734695786925887,28.547388367342908,28.78856796940237,28.766924655994902,28.241636568431208,28.009200532086524,28.323565244732023,28.95223897346033,28.55274804841115,28.117447335165693,28.679779008008225,27.71313921658389,28.790849896061598,28.578989482309296,28.890800604708275,28.676623281219506,28.419099296164937,0,1.0412159539334,0.704765023336227,0.785121265036417,0.384189980073287,False
P30044,10,"Peroxiredoxin-5, mitochondrial",PRDX5,27.706405948499775,27.166826302991716,27.378047621243184,27.451397548896608,27.435441507992614,27.772632845200643,27.599799963263468,27.725462158402483,27.83114878962883,27.567900651263248,26.945491359873973,27.417571652301678,27.436994641240137,27.111061837476953,27.64063941964628,27.513368555906077,27.53522488500603,27.346617706812697,27.45906290486656,27.55710237730085,0,0.890904597190115,0.144815074887971,0.497801806304702,-1.51545341762267,False
P30046,7,D-dopachrome decarboxylase;D-dopachrome decarboxylase-like protein,DDT;DDTL,26.2635037247708,26.148238065847867,27.115586922516457,26.94489811011969,26.637437489716937,26.658598685791727,25.553265863947118,25.590649036156076,26.279792195399704,25.55124732564902,26.410914225368973,26.432298682950776,25.366769839423718,24.725995555240868,24.464751931380626,26.456853308405876,25.52303121554135,25.84940810233232,24.815074545695847,26.753174214025787,0,0.709396522577905,0.0507872631467591,0.343437740628752,-2.07395481962708,False
P30047,2,GTP cyclohydrolase 1 feedback regulatory protein,GCHFR,23.028190824947146,22.5472786345725,22.752842318551156,23.554372079829275,22.05559584264146,22.473310070951914,21.94199315959544,23.24072290930681,22.129761912742353,21.835242102715895,21.487208117546672,22.71744971655019,22.96751553186404,21.34699741430337,21.521189950294378,21.99092144952492,22.613176943422136,22.904748517676577,22.385512999578992,22.948383927755305,3,0.837662361139362,0.364606373652897,0.644379893917954,-0.927055301499679,False
P30048,8,"Thioredoxin-dependent peroxide reductase, mitochondrial",PRDX3,27.155100257182685,27.543259570310514,27.80457383582498,27.649861898154647,26.58094614884619,27.435962380583366,27.46167861445472,27.587863732074094,27.565941756918058,27.599563255332885,26.675056266605264,27.3516542172259,26.617342610219424,27.42818894610049,27.150700548178808,26.87700041641756,27.448668768724094,27.16352242782696,27.038109998888945,27.443490907290336,0,0.799742735457572,0.0556610413648563,0.35525066816155,-2.02796114369527,False
P30049,2,"ATP synthase subunit delta, mitochondrial",ATP5D,23.27566048003682,24.151800961868286,23.974911199760438,23.86335587311366,18.82226850653304,23.516640225009766,21.69120234951639,22.1727811984073,23.21631720252115,22.423560625554217,19.530724718277867,22.652721242494373,19.738627383187108,22.144240597426105,23.687846749058174,23.595078416004004,21.819020894182323,22.514576784600195,22.069131699187526,21.861006843112527,2,0.590171445250003,0.250314096307185,0.583149616570681,-1.18283417247744,False
P30050,5,60S ribosomal protein L12,RPL12,22.79474646517583,22.78776426113628,22.69512161338002,23.282805950277915,22.373265620156232,23.66078637640364,23.596831987048084,23.26427662526585,23.68287191979669,23.859756404341642,23.833298870434437,23.465581505520458,23.40128966542151,23.814921076159187,23.707756877364623,23.543438695328284,23.44954500519597,23.816318634224967,23.72403440533984,23.616655798989886,1,1.29096477004635,0.0199148273744101,0.236659049950114,2.52310342288885,False
P30085,7,UMP-CMP kinase,CMPK1,22.882995545503793,22.922873535325586,22.717062913554795,23.58245218159267,24.14291437670738,23.911008594436833,24.499137716176833,23.877125806800244,24.259415167539874,23.976618522805985,23.128481269415907,23.48086262439578,23.44021753884909,23.802160422885827,23.308007231736102,23.9142478575088,24.64343286057139,23.799862970015134,24.396728870143118,24.308767470846114,0,1.07998003872835,0.491791930518751,0.709261894965122,0.699912394593579,False
P30086,12,Phosphatidylethanolamine-binding protein 1;Hippocampal cholinergic neurostimulating peptide,PEBP1,29.18681165149125,29.38987259341,29.338180862471575,29.333762620808162,29.32274163094737,29.562704748378547,29.75146475671114,29.726076083069852,29.264664176263114,29.054204553398655,28.846255041967076,29.025318852759106,29.217909201266885,29.56124442303675,29.40544112649301,29.434715474989595,29.23683165827311,29.341937485222143,29.512113731539174,29.30513981754739,0,0.929272586105403,0.368431093591665,0.645446865644454,-0.919537465764485,False
P30101,25,Protein disulfide-isomerase A3,PDIA3,27.831757805312044,27.916740176156548,27.39794186747902,27.270202059893965,27.71261131486553,28.228806022806356,28.159202159706663,27.995374310489325,28.084453703001,28.246746067575106,27.672149524586242,27.59089093344719,27.65378083181001,28.427883581501852,28.095997022769023,28.09361946706544,28.049331995793008,28.004127945487273,28.320339658826956,28.109716136977447,0,1.07787192339713,0.357692809361841,0.640114833773659,0.940780105335328,False
P30153,22,Serine/threonine-protein phosphatase 2A 65 kDa regulatory subunit A alpha isoform,PPP2R1A,26.674908177439743,26.450322974330582,26.951166426345306,26.040449771347205,26.51163497722868,27.03215785559857,27.59248680129231,26.84712675912072,27.625649650626865,27.477503159157628,25.998291530744147,26.424824010123288,25.993233880032864,27.23576194616333,26.702064050555062,27.683078577962576,27.142383131841385,27.216799933122694,26.783842907268554,26.899876315892346,0,0.928707145069629,0.538404332179283,0.729121446691421,-0.625640286048975,False
P30480,9,"HLA class I histocompatibility antigen, B-42 alpha chain;HLA class I histocompatibility antigen, B-8 alpha chain;HLA class I histocompatibility antigen, B-14 alpha chain;HLA class I histocompatibility antigen, B-37 alpha chain;HLA class I histocompatibility antigen, B-59 alpha chain;HLA class I histocompatibility antigen, B-55 alpha chain",HLA-B,22.621717147145965,21.684210351678743,21.821266503588415,22.974640723746,22.652231355912324,21.644884592611767,21.499006505652417,23.71141586962187,20.81382120216582,22.781781981513454,22.18320215383055,24.12217315682676,20.42176442858452,22.052903395940515,22.17775116203761,22.309413956061842,22.556581305932774,21.738299510786195,22.037278132602587,21.96675077861669,4,0.989435038773883,0.876736883972031,0.825812662811676,-0.157042113547452,False
P30566,9,Adenylosuccinate lyase,ADSL,21.266261109132163,22.599662230496254,19.654213082247626,20.32450868072319,21.043827611447433,22.505033218961877,22.04789821846378,21.876047986154568,22.042608994745976,22.557491492151794,20.77805481153966,21.210875610149564,20.05198651856901,19.748409589921835,20.677469051911558,22.517709337101717,23.087388227765796,23.083775944587103,22.57478572186812,22.161650888570772,1,1.12717672758948,0.993786148763892,0.843797505224354,-0.00788280703226926,False
P30613,6,Pyruvate kinase PKLR,PKLR,21.896242297039304,22.04204394689386,20.758565718104204,21.03584361128734,20.646108014339752,19.688522352006977,21.92619671234738,20.05315031978975,20.290927380154237,19.95277100373615,19.52542487727273,21.662196457473083,21.730818713439824,19.659584422913657,21.258450750682385,20.425236391093073,22.13690399316257,21.876061245260942,22.457984048709047,21.380694052424932,10,1.3294721972544,0.335741387465719,0.624406538866139,0.985590505624901,False
P30626,8,Sorcin,SRI,23.42373568214229,24.63912440855913,23.473442744433715,22.871263416337243,24.11485472472087,23.10141668367148,23.467660968917365,22.090232722389644,23.270470356048865,22.822431378340273,23.38521210808225,23.16576853155489,23.496846651690458,23.914949894490462,24.108690985694295,22.55003963870186,23.212098040535043,23.404986239527343,23.890317867066905,23.876112164239895,0,1.05578390008412,0.516394493706271,0.721090302628091,0.660244132105624,False
P30711,10,Glutathione S-transferase theta-1,GSTT1,18.316605913899718,25.775100365936105,24.251734043436862,23.917898266169367,23.542221495258147,25.3913745925804,26.33205163380795,25.01394938821458,24.904698870675695,25.720660625319194,24.986656695058528,24.045363403581963,21.254108804941296,25.073901826499736,25.808108810606168,25.68118537675865,24.68388553155273,24.121591817619397,23.527898728858613,25.705948077672225,8,0.881935049784424,0.809649524225247,0.813589620325639,0.243985590266402,False
P30740,6,Leukocyte elastase inhibitor,SERPINB1,22.489393533480808,22.804459924543327,20.83741861376313,22.7369534016403,24.55285982631955,22.790155141825714,21.52576718093405,23.11980905460448,20.32534015234242,21.0990648477853,22.335620363615178,22.654030376384068,21.807215584763156,22.372954599632518,22.89154990192928,21.70658709270983,22.918031524950557,23.10364903523902,22.29304728006326,21.99771937676044,1,0.839541233977701,0.667998624575338,0.768339943129565,0.435106164509805,False
P30837,8,"Aldehyde dehydrogenase X, mitochondrial",ALDH1B1,22.018318483339147,20.6916163262686,23.181411296461683,22.314109491394348,19.599587683979145,22.313985494953286,22.495934790719556,21.10145352542579,22.73884993162134,22.265492358785536,22.61725516222588,20.50047926855156,21.730708102238633,21.021281276341224,22.824117870679988,21.10676880951732,22.258539522325663,20.920411898035457,20.769761101061405,22.77540317758969,1,0.835667088267032,0.625189163332114,0.757592051359005,-0.495917578029674,False
P31146,11,Coronin-1A,CORO1A,24.667946852848658,23.894209479517528,22.396319548977555,24.66079442026653,23.89538868282315,24.737097395576356,23.955634894031792,23.859490310825983,23.11329735778009,24.987360903346385,24.26462825380917,23.411030706213833,24.3969556362929,23.950010786667892,24.466102390190162,23.962660890164436,23.730942202121202,23.655521696935615,24.70944239803918,23.606719792005713,0,0.920647175199191,0.996397373593865,0.843797505224354,-0.00457020984040118,False
P31150,20,Rab GDP dissociation inhibitor alpha,GDI1,25.50138035992642,24.95981546775782,25.851777182635125,25.401306683610215,25.498379549217894,25.860925093736668,26.057566326862077,25.305249881846876,25.65311052264964,25.733484153453468,25.283715156463927,25.34143275504991,25.13538933706525,25.535154747051052,25.653755731212293,25.549134019935266,25.006162132680355,25.268741390462623,25.51248630413981,25.867972687472616,0,0.884555688650467,0.28860195039194,0.603321843609166,-1.08922622380079,False
P31153,6,S-adenosylmethionine synthase isoform type-2,MAT2A,20.648175122566258,19.67403379914658,21.74545575496804,21.855507491096155,22.55763114166577,21.727278668347367,21.77591656327645,21.70773137641588,21.884192899802482,23.286407663777176,22.132113882146918,21.977580321982227,20.475642987580752,22.590037941164276,22.69169997998696,22.657966332488535,22.838521532440065,22.91389061878291,21.843604822236376,22.523206861955646,1,1.35833195927808,0.134923501851672,0.486433579823015,1.55590483992429,False
P31323,17,cAMP-dependent protein kinase type II-beta regulatory subunit,PRKAR2B,28.138861376036118,27.583447666706952,28.146309013094573,27.73225000752967,27.762254478051613,27.963994224053906,28.234866429638732,27.254112033967324,28.14593758432744,26.477297206974427,27.395401904056055,28.103580723640075,28.028230609488467,27.4359843538648,27.36613760069064,27.584261785534533,27.61895500738004,27.974103332753444,27.15424719438564,27.781094158382828,0,0.90377235638174,0.62100861851487,0.756189145336418,-0.501955444641316,False
P31689,5,DnaJ homolog subfamily A member 1,DNAJA1,20.765515392554242,18.223560320581925,19.905244678960948,20.056143997513058,20.904142415823447,20.344848400479965,20.611113750434534,19.86517075869973,20.388383831587706,20.808877504100668,20.31710552824198,20.619553668057698,18.35920210841263,20.34765878388272,18.368022688903483,21.582577707989255,20.06643257776704,22.646692605955597,20.299179012516053,22.190507367960233,9,1.64950074887042,0.497598498688267,0.710395741296083,0.690450200279693,False
P31930,13,"Cytochrome b-c1 complex subunit 1, mitochondrial",UQCRC1,24.576953852714475,25.448933491234516,24.733480441760744,25.070324375316282,24.981172003597663,24.54072299236093,23.616411084567318,23.817454666368366,25.202047352641067,23.806649807968398,23.162114634600965,24.60359487312696,24.47770127914301,24.09516526432866,24.387794885049775,23.85290127731114,23.408153608985387,23.369652253536774,23.256307863010885,23.931329128935026,0,0.591979319866144,0.00536382462137189,0.174374622303767,-3.11073262397292,False
P31937,13,"3-hydroxyisobutyrate dehydrogenase, mitochondrial",HIBADH,25.968777186513293,26.012778345231048,26.251564756083194,26.79894451028244,25.497313834884554,26.292866533818668,26.122754073662897,26.308294362011985,26.196891833531566,25.89903364979765,24.9141684896543,26.047475015212836,25.444838874613485,25.69465933410944,25.0583654496479,25.193856774299206,26.018024579829195,25.665606955864387,25.782407095558842,26.203503138442784,0,0.702317622772511,0.00856812941504966,0.179922858472445,-2.90482870164072,False
P31939,26,Bifunctional purine biosynthesis protein PURH;Phosphoribosylaminoimidazolecarboxamide formyltransferase;IMP cyclohydrolase,ATIC,25.90938481555087,25.975555683372107,25.771207928417425,25.33844737209013,25.86140214489932,25.900384714694805,26.48906040767909,25.809218836114617,25.74436802635075,25.61845668776016,25.635473353290077,26.20057492648501,26.23725770977501,25.801406269684705,25.74691945589339,26.238380854979724,25.63314423266447,25.966189748558598,25.552973327105672,25.804322750474483,0,1.02401617865556,0.793308138601523,0.81186965806444,0.265432220294429,False
P31942,4,Heterogeneous nuclear ribonucleoprotein H3,HNRNPH3,22.81701581620181,23.00341333945112,21.78254735196801,20.12444753045041,22.191537457926177,23.244613328630532,21.57324931259053,21.990415605762742,23.469520421951724,23.530017649708682,22.960306671285945,22.85041415093008,23.093353842003623,23.00397456664618,23.59530312962273,23.412287570324267,22.879587844299547,22.995967189051573,23.450154078245482,22.73152583357249,0,1.37918169910446,0.0473358065402869,0.329870541840136,2.10899051485707,False
P31943,5,"Heterogeneous nuclear ribonucleoprotein H;Heterogeneous nuclear ribonucleoprotein H, N-terminally processed",HNRNPH1,24.46636528597512,24.124402950599364,23.30853891760481,23.54063565723213,24.39553669820037,23.66562647933123,25.106780868412898,23.290353073241867,25.39400975430659,25.6195022136984,24.021842067448492,24.646278594455538,24.65946732154247,25.174161757101643,25.124855483993006,25.279191131077337,24.69416115215333,24.634948823755487,25.02775723444434,24.705055531991878,0,1.24120265893195,0.088420572691216,0.420296053849352,1.78823724793383,False
P31946,15,"14-3-3 protein beta/alpha;14-3-3 protein beta/alpha, N-terminally processed",YWHAB,27.495609351519793,27.36039062512963,26.877895364797126,26.73922697751055,26.761758576503066,27.861866800715855,27.39706854465892,26.870234804690593,27.498363024087666,27.399818099181346,26.71997509176492,26.709964629250667,26.978062060609997,27.105497318493065,27.23616121948838,27.135221059934175,27.151965707648667,27.31360631047903,27.16635879951274,27.052422277491605,0,0.8688511716219,0.240432920810805,0.582278529800281,-1.20870854269626,False
P31948,27,Stress-induced-phosphoprotein 1,STIP1,25.933158583334922,26.46656265568145,25.993521619363346,25.90087511832705,26.142040208041237,25.867535427743757,26.31265759602064,26.190085118900853,25.990736469182927,26.277351286432687,25.812770581721875,25.861434378866765,25.557802455202765,26.199083978187083,25.842771535022536,26.406392071537567,26.199585081007818,26.331471011319,26.38155225033979,26.32865187838,0,0.998920657587104,0.901895677284287,0.826708499711055,-0.124791125214515,False
P31949,6,"Protein S100-A11;Protein S100-A11, N-terminally processed",S100A11,27.18863539516891,26.357376446359932,26.60350528725481,26.190526539897405,27.595870865665876,27.788980604202223,27.351118520587654,26.692715854559346,27.131799227794424,27.33571492783435,26.789416199295445,27.083758213118124,27.536273456091912,27.30410627737093,27.594356600815498,26.571037192474424,27.08514916903286,26.648727713603833,27.411160128796727,26.29775836231671,0,0.986966977957991,0.965888398345097,0.839800241506769,0.0432872118439034,False
P32119,14,Peroxiredoxin-2,PRDX2,29.714834725059376,30.61364602745551,30.394096741923477,29.678963813780104,30.636960809158502,30.40288864972233,31.012191459485944,30.505136041363517,30.082814361318512,29.920071421257273,30.424507357138264,30.35358972757383,29.479551312054845,30.510235455258112,29.35664276977213,30.87525248610336,30.383051659375578,30.85083807479308,30.275508396960657,30.45326873761262,0,1.00931173658934,0.999649409639976,0.84394195016687,0.000444749341254926,False
P32455,5,Interferon-induced guanylate-binding protein 1,GBP1,24.297154238882797,23.255767395430848,23.725186473305676,21.83742588968921,24.206537767750152,21.83626715404215,22.75747138600275,23.47433801852271,23.541125821356662,23.110392375007738,23.467816145333945,23.028198766532274,22.867201735607804,23.706309040537857,23.702572093555375,20.839267043704744,20.84819103725443,20.41675712104884,22.513591355221703,21.01377399602442,5,0.614374816512971,0.0101316846993744,0.183899398151153,-2.83022266633054,False
P32456,6,Interferon-induced guanylate-binding protein 2,GBP2,21.15283194901007,23.362754410754572,21.608695795956088,22.09704025180743,19.888094646781845,22.714740274587218,23.6560576388574,21.57222298186227,22.876553225282716,23.90406816819948,21.75683731851276,21.04100654409524,19.710473263368794,22.407797822344527,21.83734125833683,22.58011480711189,23.55742063112023,22.976892587423052,22.492692026137256,21.67653427626532,3,0.760255721559671,0.525318396527846,0.722607921400871,-0.646118319681013,False
P32969,3,60S ribosomal protein L9,RPL9,21.23662171883762,20.846686156248133,21.451954113621426,20.462033797017273,21.509773208623322,21.855406909746776,22.010515428089345,20.516129479473545,20.575657795476047,21.359476931003744,20.51737877542901,20.88490801267906,20.658223035050668,20.859120880069725,20.809410911456116,21.04501090121228,21.317150352870957,20.93044099821061,20.791658184314702,20.878250116719045,8,0.760940053565585,0.2229033910079,0.564550493478806,-1.25666665248235,False
P33121,36,Long-chain-fatty-acid--CoA ligase 1,ACSL1,27.938844930745976,27.69651003657317,29.127174896791665,28.342585628012614,27.316828338564136,28.03563943226985,28.150714280734274,27.081417552990807,28.02018795338861,27.212572883323368,26.311396471826022,27.301695293907866,27.425006114457762,25.543206682707062,26.049504247070217,27.17978548759119,28.05031055224462,28.589546115660717,25.63476800331341,27.80223760573376,0,0.614886121813252,0.0132402282678724,0.200846196860595,-2.70992680074513,False
P33176,24,Kinesin-1 heavy chain,KIF5B,23.587014286438237,23.409553859969876,23.23571074252608,23.051182738657875,22.821875946261382,23.90505180847234,24.242799364674468,23.597741345227796,24.43703969381308,23.92596538921893,23.486125555324936,22.777194195378808,23.440057365758715,23.887994687059592,22.598032238008802,23.743598637521664,24.263022745927273,24.468568984381694,23.451642708284144,23.891331782212333,0,0.999874213799441,0.923708112293519,0.827857818900173,-0.0969407276968892,False
P33241,6,Lymphocyte-specific protein 1,LSP1,23.127702166915093,20.78939174031626,22.13005456475655,24.24236259676568,23.57932897565569,22.260525461997577,21.647796265955584,21.97436008164857,21.99674742020332,22.863858648084545,18.88466458106348,22.771922663005427,20.058745608728454,20.86606193286631,23.169285049120564,22.492898600550312,23.028103438602358,20.23841526670167,22.28765162213122,20.993230418541163,6,0.59535927858186,0.08249440841413,0.417224105855535,-1.82504436483418,False
P33316,3,"Deoxyuridine 5-triphosphate nucleotidohydrolase, mitochondrial",DUT,20.393725066164034,21.078634154354898,20.309723191567794,20.52084543268375,20.746978948809478,21.19420178597642,21.025298536354125,19.911990220732434,21.48876644711738,21.467140324723644,20.14424709940656,19.938978218286675,20.323103582985063,20.62392135489459,18.63570739716718,18.78138504023049,21.11170550704275,21.01143140499755,20.61271023027507,21.56897282078653,6,0.770761150192921,0.133999592164613,0.486433579823015,-1.5598072631707,False
P34810,1,Macrosialin,CD68,21.605922763211193,19.85842188371704,22.349209833684274,22.59896795470846,15.79493868897386,20.94960022285739,21.572597229687357,21.66961691518006,21.498406464634016,22.58524717042907,21.18219131021162,21.706291592009485,21.010735906115357,22.163314045097078,21.87147402762865,21.951441761380252,21.82582911883691,22.208476262866178,22.514812546588065,22.060630274910025,6,1.17258573261103,0.19912534659284,0.544755748559004,1.3265985643458,False
P34913,9,Bifunctional epoxide hydrolase 2;Cytosolic epoxide hydrolase 2;Lipid-phosphate phosphatase,EPHX2,22.93147233622681,23.109448266612088,24.01735073485131,24.15629294755501,22.225429985687743,24.077640817711515,24.114213115372973,23.742907078157216,22.9395701202404,24.216563675163062,23.804925896208395,23.012511545946644,23.4083406385171,23.333539030592362,21.532715836069467,23.72012439622542,24.527642695903932,24.160630386718324,20.63414538219151,24.170512635837564,6,0.926331251858244,0.462810842044311,0.69086707470759,-0.748140708457358,False
P34932,30,Heat shock 70 kDa protein 4,HSPA4,25.582374389591628,25.909144227331655,25.671306684571466,24.941369140980772,25.42114971007072,26.371057691853736,25.950181856942823,25.133504826760603,25.76845000604485,26.138249929752682,24.932739690106885,24.84265283906582,25.096995394970598,25.97155755848391,25.57057298010534,25.65886789984847,26.002468732867875,25.537576054999306,25.620563643786387,26.026668478873283,0,0.892069294605461,0.394219838373069,0.659921438088902,-0.870151346072348,False
P34949,6,Mannose-6-phosphate isomerase,MPI,22.783763949315347,20.855704262238575,21.18559971162704,22.573735716888432,22.68656218519168,23.55748284226807,21.337068606859727,22.09483108992362,23.10472898788185,23.473151321268194,22.163282721925967,22.33520846293856,23.09221269498673,21.940451958243045,23.127179251892215,22.105126583909275,22.290643267845503,22.47524406352366,21.639305481921664,22.522777864368756,1,0.880043141790854,0.991002606999456,0.843797505224354,0.0114141061032496,False
P35080,1,Profilin-2,PFN2,21.707128189291236,21.81308954891543,21.772765906076735,20.65184208757213,21.59992414646154,23.221047349204945,16.910905504741855,21.264694630257306,20.876568954022254,22.528149333081757,21.99937979541045,20.78087597159914,21.960698268804133,22.26802904095239,21.963002001804355,22.707956100233105,21.616700936025303,21.322600507469783,21.11610040429459,21.444074205200614,7,1.03115113617001,0.39085733887471,0.65797460515182,0.876467887254461,False
P35221,19,Catenin alpha-1,CTNNA1,23.611692746906094,22.89557015610443,20.54883545143118,21.192203401497004,22.21619320563231,24.359146783532534,24.8305519324317,24.833538018086248,24.221713475652273,25.417927140859916,22.400737781360146,22.087588604690314,21.696144530898984,24.04322651784874,24.10765303406329,24.146770695935523,24.68550146333671,24.068096584715633,24.03415879075841,24.35729455068153,0,0.860065102103108,0.694583895670085,0.780138355209777,0.398180182108879,False
P35222,11,Catenin beta-1,CTNNB1,21.166666218939575,20.25622147847436,23.82629111666718,23.591565721835227,22.074934972392523,22.851265440305422,20.805077571073728,23.410328470784204,21.018007848169674,24.0363302822374,19.872284175910444,21.6673611023019,21.896231273789194,21.744865900967756,21.803440306820974,22.14933909476169,22.964475303699018,21.90649731485789,20.260099442173267,22.379569271887625,5,0.515121896131162,0.234973411119366,0.576012803632395,-1.22335088363844,False
P35232,10,Prohibitin,PHB,24.144474776442284,24.646865607823074,24.270681004331365,24.625683378907624,23.930814324071076,23.14200609955734,25.097478056282593,24.752406049522367,25.15383551765497,24.566642810364574,22.724927913957245,23.87763441398355,23.677759467063655,24.503603133904416,23.98941392183397,24.622379484574445,24.674808719197014,24.331340243583504,24.131108810410954,24.49480212501705,0,0.791403465838093,0.206114570800922,0.545341526457681,-1.30539776575427,False
P35237,19,Serpin B6,SERPINB6,25.18970577047428,24.178998780979576,25.177994778906502,25.64126144922542,25.089553475010195,25.12787922985456,25.208952488486354,25.642111807448813,25.40239132906712,22.518165737256346,24.645615288502732,25.008724821409306,23.100465633201313,24.542755516227203,24.945035455274905,23.801933395190616,25.297749115681963,25.67943997687069,24.99276229045263,25.27203835273471,0,0.855629898414803,0.607276072063555,0.752218059563864,-0.521924729873074,False
P35241,16,Radixin,RDX,21.521236196705683,22.14040684267717,21.687165707368397,22.34952697061692,22.551955141443077,22.85103782006131,21.009528490431684,22.034252803340525,21.7305025554376,22.169357729289235,21.468122321650565,21.74491337056106,20.569280519166636,21.213544151663083,20.944725498234103,20.867120497596368,20.981491863698484,21.829941855640282,20.908225254324297,21.57732099221305,3,0.564784188053188,0.00830563723678573,0.179922858472445,-2.91861997686413,False
P35268,2,60S ribosomal protein L22,RPL22,21.0863795447755,23.144507400682873,22.70606808496154,23.118372455692164,21.38247614052875,21.745135931162245,22.603362883016253,21.400136013687213,21.685998565895922,23.21912776573227,22.633728782949984,22.913739928007033,22.54848663879889,22.031581951257873,22.395243246031274,22.286561373132695,21.806437434589164,22.97431922760979,22.932538110482458,23.09647735410889,1,1.14955487156944,0.29023565870212,0.603321843609166,1.08543979044757,False
P35270,10,Sepiapterin reductase,SPR,24.44927566430734,22.9551902232548,24.457424853184644,24.131761805005233,24.289163902874844,24.988302188909813,25.188381718107117,25.217318231966956,24.92643768349127,24.89478363251462,24.38015672969107,24.255093927959916,20.461167917212887,24.583902547102433,24.210822111931986,24.612171144594914,25.398466747498915,25.12784383551457,23.993711455978488,24.617995279703834,0,0.888541459933937,0.348246864941959,0.631383949295911,-0.959825431723201,False
P35542,5,Serum amyloid A-4 protein,SAA4,22.497449758761196,24.526828960237687,21.588893162150114,22.442725687622612,21.793923626542412,22.61463261842416,22.67517599070856,23.529297523559528,22.31525618686212,21.768243001859886,24.29637332894301,24.223068852554302,22.635662771082462,21.895166154585535,21.58677667078356,23.5448646356874,23.27404258576742,22.910035262996303,22.272738737494286,23.280004766661353,2,1.2959088263503,0.320768424053196,0.618038991134543,1.01732834882901,False
P35555,106,Fibrillin-1,FBN1,29.737943134672197,31.25481844272129,29.22177332418052,30.219963016212674,29.662422868728346,26.825175969159364,28.574249638855807,28.93360534696236,28.98754044531386,28.71897256407161,26.939120915357673,31.80649025414063,30.385132769027912,28.90530428703912,29.52623738586654,28.448574639512778,28.07515655467483,29.779409368603947,29.766512789632724,28.16138041658038,0,1.14131965900221,0.941688247855499,0.835397093460128,-0.0740435572858759,False
P35573,4,"Glycogen debranching enzyme;4-alpha-glucanotransferase;Amylo-alpha-1,6-glucosidase",AGL,22.183042883359555,20.5563112695972,19.880457117271344,21.22558879734841,22.44403013878923,20.54235294391236,22.058265197484122,19.843234373952914,21.0868399778979,21.128236892907875,21.612962538638545,19.80596133179537,21.430538808171523,21.233541243840445,21.072491831375594,21.099655128990847,20.85619405992397,21.79762658501002,19.823377659792254,21.908826623762135,6,0.906504072225044,0.937834272196603,0.832868896373937,-0.0789476282048941,False
P35579,85,Myosin-9,MYH9,28.272710406329182,28.179371217529496,27.844499781626215,27.72685465321703,27.78901371241861,27.60924426995781,28.20922242862016,27.998288146138055,28.4897449207592,27.34601589342657,27.679561628730074,27.636773044005157,27.88660835916362,28.34187446041291,28.899931423794257,27.67613143810473,27.983038855837528,27.620347456732343,26.838915870613395,28.22649233202384,0,0.992109907126711,0.734640567261081,0.797221050814768,-0.343573149835446,False
P35580,44,Myosin-10,MYH10,23.764035641808505,22.979660081704843,21.68000458722717,23.355060458591826,23.01025807875373,23.362344483491583,24.2494144848304,25.01916868151312,24.95106883381373,23.781781981513458,22.61979994431858,23.37354863497172,23.306913808079116,24.89274658122313,25.123543865192442,24.036931501563934,24.084275866923335,23.80070282045268,23.234607260773497,24.92920251881284,0,1.19267383411671,0.365514145126315,0.644379893917954,0.925266229741223,False
P35606,6,Coatomer subunit beta,COPB2,21.176845304862546,19.994412374332793,20.539119812751295,21.69207122246593,21.012857466689432,20.336229702716967,20.798072117478636,20.1567616279962,20.648208287854136,21.43438014363483,21.72492791395725,21.28052035747205,22.078489219924098,21.693428694379993,21.89906179746627,20.169492239721624,22.02501207793526,21.666547116605617,22.073199099988905,20.707679091618125,5,1.697081086621,0.0207432956658572,0.243169194928517,2.50419831830496,False
P35611,20,Alpha-adducin,ADD1,25.835181953715157,25.397679322393344,25.016285982236766,25.188652010020913,25.403656639627524,25.49285394155953,25.42215672409264,25.328075465980515,25.025411059836422,25.579709427928737,24.22019248560934,24.91277655859739,24.54235193704974,24.781620384175334,25.600313490631986,25.05736973489811,25.314726233052973,25.66984205602636,25.50133765083609,25.62143130873098,0,0.875212332567282,0.167141159958226,0.521118528909864,-1.43187708523617,False
P35613,7,Basigin,BSG,24.183866000144256,25.112522988925612,22.98927732219596,24.737945745465396,24.229573360908244,23.44891769649836,22.67771082470191,24.42387707966467,23.74768253954646,24.071682747033357,22.631904612340456,24.33407064152491,23.946831056738,24.453647542407502,24.578586118266827,23.1781784114724,23.80860694101045,22.007056300333037,24.234545494957754,24.62067051594337,0,0.902489246697687,0.611265819954802,0.752555933614109,-0.516101136357135,False
P35637,6,RNA-binding protein FUS,FUS,22.777670191402674,22.10861069470306,22.067935150104795,24.02125297834464,22.93838003475859,22.10970677784748,21.786441535517902,23.39086253208094,23.232384391231722,23.72010876556837,22.746094188094283,23.124116669733038,22.237718531652916,21.593056662045942,23.311116597577495,23.356945627552065,19.70399389459525,21.624665149847463,22.232406767486687,23.868941851936867,2,0.83073616780282,0.345088440855678,0.630480965769172,-0.96627201931715,False
P35659,3,Protein DEK,DEK,22.27026246557876,21.598363023491494,21.24176876334407,20.943197547830017,21.897766245245133,22.510039684509646,21.96535296910646,21.494227091600965,22.908380730182866,23.240934599330583,20.593443495849396,23.68937008849065,22.941862160395907,23.356413965750182,22.773007251114997,21.054719697340573,20.956766191559197,23.356090548458596,23.100866460044713,23.64072465380647,3,1.64611256741828,0.222836089289278,0.564550493478806,1.25685625096611,False
P35749,29,Myosin-11,MYH11,21.11382753367997,16.339363466992467,20.994003919701477,22.33176444707721,22.454549599927557,19.802251191298677,21.39692500598323,19.250006523428635,21.014663579544827,20.830396227969235,23.99281177334201,21.506837646003486,20.151631749829054,23.386896719037434,24.792056345886586,20.681039487068382,22.27053620043782,18.269654015470977,24.051221032160637,21.417345887800842,10,3.70951976838028,0.0713001428649616,0.390368878960808,1.90135867810473,False
P35754,5,Glutaredoxin-1,GLRX,24.27775236163544,24.711985059341885,25.07887897982862,25.82472982646892,25.474495207215547,24.76877204024539,25.613523737577705,24.606739826299908,24.64736043516175,24.481184738646544,25.30358018125765,25.013283832712524,25.045705198739252,25.858823694407437,25.002688916406928,25.89440791694882,25.157823214569873,26.06853249429192,24.67458158777209,24.856796006879566,0,1.25325014561959,0.161781922621052,0.521118528909864,1.45107016841771,False
P35813,5,Protein phosphatase 1A,PPM1A,21.123767962625287,22.13514311181679,21.937291129491825,18.427530096924265,19.49191299425527,22.331676307479047,22.599545804415975,21.402372473242313,21.8184444531967,22.39844173997849,21.821886737786045,22.07094491965767,22.639068767889928,22.684666220146894,21.437528918540696,22.39703224086378,22.699997385980144,22.844757495504346,21.822720425467693,22.506734260315543,2,1.50900349695226,0.0309340135034263,0.27325797600272,2.31600400311484,False
P35858,6,Insulin-like growth factor-binding protein complex acid labile subunit,IGFALS,20.341042136146122,21.70564689685458,20.755869141999625,20.89402922227109,21.843704353952017,20.967256130477605,20.85443129479845,21.65961531250416,20.753638104898048,18.41535886314487,23.017768233466924,20.6372890681454,22.002717050027744,21.682699048568267,22.570003691291966,19.884006245608408,21.701730822300622,21.748320238917923,21.55188081523533,21.511514853387737,8,1.75326164041208,0.05883588378113,0.360164087505981,1.99990256958092,False
P35998,11,26S protease regulatory subunit 7,PSMC2,24.13201814846678,21.207191747698065,24.78834720151536,24.337895932338913,24.027609524526017,23.765756442294883,24.979379143803076,24.75446469630574,24.24517144992316,24.323588157200614,24.25895294492959,22.75845160059341,23.543068003594225,24.25677926607903,23.84478013642651,24.260490614143777,24.861810646543557,24.903849873496878,25.01011331679176,24.542843289880775,0,1.04937303850705,0.636222427496747,0.7585186811081,0.480071283991001,False
P36269,8,Gamma-glutamyltransferase 5;Gamma-glutamyltransferase 5 heavy chain;Gamma-glutamyltransferase 5 light chain,GGT5,20.970145630325423,20.96469964228864,22.293803830820178,22.69838580032547,21.989506652183685,24.18367564671292,22.233474807620425,22.13422490070729,21.503467268858028,21.237105628681483,21.400171717325183,22.353903036551362,21.188147844254107,23.62407910718886,24.107076071431766,22.80846308712284,20.77235897103772,20.05292184377347,22.178973110818294,23.7138866410747,2,1.29497105031553,0.699669475555749,0.783727858983189,0.391181969515071,False
P36405,5,ADP-ribosylation factor-like protein 3,ARL3,22.091301423622653,21.490481936416383,20.17733426842765,23.34830090891514,22.28362291366592,22.93957298911852,23.870734852371772,23.820050119946394,21.684885250523404,23.02177366112566,20.01865299898969,21.518518093364065,21.99049084928429,20.39513779135983,20.883837020635735,22.36443490659621,21.29517893908689,22.292604053391663,21.287002843120835,22.673159148041748,3,0.455294900760587,0.0196795823677003,0.236659049950114,-2.52860584846643,False
P36507,6,Dual specificity mitogen-activated protein kinase kinase 2,MAP2K2,19.53721845599801,22.76295337885547,22.62202682784415,20.96034294369257,22.135242676968943,22.142770813615552,22.266911887394077,22.262954668545543,20.724642754168794,23.598048614730885,20.482508954110134,22.233882945510228,20.639129774759773,20.664327054722882,21.198395423910856,21.657933387852225,23.350001258162276,22.610691699545825,20.458449536590177,19.623755734347572,7,0.693378439117084,0.24094460140704,0.582667104874585,-1.20734917847749,False
P36543,6,V-type proton ATPase subunit E 1,ATP6V1E1,21.258354129870476,20.687991287293165,20.312582261819877,19.900034603976067,20.717234602536834,21.35501482118153,21.6593670508804,21.7917638448413,21.043001465660943,21.447324655543405,20.791190589826364,21.359675704371337,21.958802990573663,21.370577083022752,20.97625189018731,22.163819213416293,22.18299792363988,22.493414292773075,18.693199087120526,21.63155793893382,6,1.41782775301906,0.382068081550003,0.653426042412958,0.893148276933559,False
P36578,13,60S ribosomal protein L4,RPL4,23.51050060928108,23.754473179207764,22.666320065622088,23.880521947564315,24.136605269011774,24.102181960207798,23.768516526174526,22.760274360971106,24.94931266190985,24.362200977980052,22.580724931745625,24.698955654590357,23.322394679486518,23.199141238215304,23.23453502873118,23.88161009287204,22.236567208508944,23.73376852895443,22.85380606485019,24.90044211764018,1,0.854580733282213,0.362810561143744,0.643263472980514,-0.930603387458816,False
P36776,10,"Lon protease homolog, mitochondrial",LONP1,19.292372276548143,21.82248392835632,22.053558321909346,20.58778058677003,20.763943439848404,23.206550744848407,23.680472646415925,20.663737317254952,24.25209873282487,23.18129259822574,20.00527285662574,19.01654592552958,22.376627145892407,23.164135592020738,20.259402292377047,21.34516779440101,23.511491750591,21.478354861460357,22.3799615502796,21.263799532479126,1,0.65125079143919,0.405053065972511,0.666605052619602,-0.850035249646263,False
P36871,32,Phosphoglucomutase-1,PGM1,28.27523358657015,28.41273828308871,28.85168411454227,28.26552197556079,28.07262827000798,28.250061582846406,28.628543281624708,27.750640721398476,28.822168090533417,28.056136380336355,27.734622481375887,28.176528920972853,27.666141830172702,28.21112996906708,27.981361561929806,27.733287682859036,28.920500478730755,28.84781927290973,28.31322891022044,27.749444346398032,0,0.886256327973758,0.263087158079346,0.587927183588789,-1.15049783920928,False
P36955,9,Pigment epithelium-derived factor,SERPINF1,23.618132481444306,21.745029901865017,22.085415781475287,17.836961620045805,21.138663972427977,23.903589246845797,23.927861339925887,22.956161356198223,24.388946309450684,23.296341812054187,22.975124104655944,21.42805626522112,21.27022847030457,22.999378528860152,22.396679214811197,23.485306425837805,23.69296815196885,23.532504001094022,23.019320815397947,24.106001884334738,3,0.958673547539402,0.430954108475632,0.678937927195674,0.803293816051101,False
P36957,9,"Dihydrolipoyllysine-residue succinyltransferase component of 2-oxoglutarate dehydrogenase complex, mitochondrial",DLST,24.16888518124457,24.471082269319517,24.99054921796542,24.946924570829363,24.078613475821513,24.88338903733872,25.13209109300861,25.528785802545094,25.323847040134872,25.359745098241586,23.547991187226028,23.48207881627897,23.40152000961511,25.39751513069438,24.084861536608653,24.35937884534469,24.742474375857196,24.98060322486186,25.31861442140949,25.070567560160555,0,0.786160738460246,0.069993177591341,0.387121936640409,-1.91094263592055,False
P36969,7,"Phospholipid hydroperoxide glutathione peroxidase, mitochondrial",GPX4,25.26328740596019,25.719068489974973,25.068217129253515,25.34746103934586,24.472327370532838,25.503794971374077,25.12912677281466,24.471624834947995,25.101401745447586,24.495166986608602,24.49953213555743,25.249577296375662,25.211213896899675,24.706631304467464,24.495056147684675,25.272697691062202,24.468856075390313,25.37442691468991,23.757347246411793,24.906483869661653,0,0.842030236150043,0.257607384559799,0.587927183588789,-1.16422385059614,False
P36980,7,Complement factor H-related protein 2,CFHR2,20.56760785015103,19.80640190564029,20.20767562714962,20.450586729636267,19.83140335920222,20.78120989049019,19.990241294034263,20.482647910664646,18.532419020289293,19.590268642842137,20.452434028597924,21.53506359937922,21.734353070109226,20.073989256128634,21.00825097769667,21.82069890732098,22.25631852098272,19.42791534309869,20.53322841673324,21.511835132008407,6,2.1780815297603,0.0119297310873919,0.198716972458467,2.75696694823527,False
P37108,3,Signal recognition particle 14 kDa protein,SRP14,21.097372005659885,20.50818198593437,21.75149493828898,19.159861796194456,22.494084942524687,22.316149198695513,22.488389467098223,21.96631016523395,22.340540432989442,22.12577923894569,21.77319157977735,20.83477130103473,22.328499278853005,23.18255570620724,21.998526367269466,22.999101371052426,20.69735353642536,20.685028080461244,22.147564356956156,21.529246933089873,4,1.1293175950096,0.638505796137351,0.7585186811081,0.476807528310697,False
P37198,2,Nuclear pore glycoprotein p62,NUP62,22.20953586075563,19.945967975338807,20.471230253003846,21.982136362559466,21.155247562375106,21.785292417172112,21.664199962964243,22.24937085627695,21.5373700687555,21.165037681711777,20.117019505247708,21.225217156214033,21.294245351423104,20.674685766807563,21.66986310564044,21.828213419629794,20.944563441713555,20.795875414343886,21.309583391308667,21.3625337820311,6,0.772350326636728,0.353829842434382,0.637326893269548,-0.948527013202322,False
P37802,15,Transgelin-2,TAGLN2,28.01392528385559,27.385894502051226,27.776708406369227,28.27937333947948,28.24181653130762,28.317513596632136,28.870837235309647,28.65326442114368,28.922967322217104,28.740970826715866,27.685588453424682,27.900119080694658,27.737918718662833,28.564915050976225,28.54345115367631,28.233656864559222,28.524500713955447,28.05080724737237,28.561098703471785,28.296364678381995,0,0.903335811206566,0.471813843797345,0.696510122357518,-0.732972626846372,False
P37837,12,Transaldolase,TALDO1,26.51855615494022,26.942201789212383,26.71677679835019,26.345834684875765,26.3473996363833,26.40672784806664,26.036927943319036,26.60356029169213,26.63230206036974,26.40215251376275,26.555777148300994,26.098986559579473,25.896331402615523,26.533043867623434,26.44347372764531,26.069913028408507,26.53668867201071,26.598176601956226,26.64423796854871,25.94486866772087,0,0.897417884082484,0.270930636223777,0.587927183588789,-1.13121491842642,False
P37840,6,Alpha-synuclein,SNCA,23.06880168849572,24.297305061004252,23.934566067702978,22.370154633745926,22.961304832543252,23.162777359058563,24.115201195023193,25.329339556834956,22.700127425158016,23.29110210707354,23.902296144741026,24.643228733994835,22.53204906797625,24.46678714990918,21.758472704924735,24.38004695747391,25.08270987737786,24.470575808468144,25.149701518226756,23.75356359854806,0,1.41708993691161,0.2312844521167,0.573518903263941,1.23339164337474,False
P38117,11,Electron transfer flavoprotein subunit beta,ETFB,25.354694872699188,26.170936837487513,26.53995768562094,26.366511226137384,24.92016914369634,25.796781910608967,25.430198478909972,25.712655463009472,25.387070529783365,25.32660941330854,24.91494708137931,26.09338332519019,25.257395902944577,24.72002198400097,25.696609475745337,24.488644496706286,24.929584863019425,24.839021190844047,24.685874136042315,24.831102757821526,0,0.635336380329035,0.00577869760537802,0.174374622303767,-3.07820683326663,False
P38159,5,"RNA-binding motif protein, X chromosome;RNA-binding motif protein, X chromosome, N-terminally processed",RBMX,23.822053295845922,23.12130482118924,24.282107692480384,23.156456642358133,23.346947299074046,24.01038250367285,23.38879859406811,23.75503359099822,22.82173213584415,23.37326740518093,21.249758430027363,23.246002206269953,25.341952323066156,24.230238792014788,23.00656728110846,24.024592001335822,23.242946313731625,23.282154037808013,24.37593510984357,24.064958297702564,0,1.27989486372272,0.792928111712683,0.81186965806444,0.265932453212023,False
P38606,18,V-type proton ATPase catalytic subunit A,ATP6V1A,24.61373035617219,24.633608268111185,24.556405901256486,23.753411358245852,24.299400279727887,24.62449135005353,24.54805572718185,24.46324030963939,24.814024551271523,25.572535509808404,24.178948243481276,23.350984153498494,24.091743747987675,24.581927725067814,23.561925766972465,25.251430805036932,25.000618481139057,24.55178843246569,24.825774027408876,24.78305251567401,0,0.915544248936341,0.404471883221523,0.666605052619602,-0.851105573945738,False
P38646,22,"Stress-70 protein, mitochondrial",HSPA9,25.917188030074744,26.77052688097388,26.574136037263408,26.664464244084982,25.521689935491917,26.739558749733497,26.981963340237,26.123101136886607,26.898631840924207,26.63821168407677,24.981598033615896,25.604627787961103,25.4904105513004,26.49635199336174,26.123829101168955,26.458391047700527,26.452057698635297,26.350422682130038,26.4538993049346,26.515633015154496,0,0.772315758532656,0.0590990934491459,0.360445270147628,-1.99763745833643,False
P39019,8,40S ribosomal protein S19,RPS19,22.45495431804224,22.769459425364147,22.660143234867746,22.13115086746409,21.164495523482348,23.915732194055558,23.77361542759698,22.538335244504523,23.62665531457716,23.8685775571116,22.691082059763342,23.525063290401924,23.47631170777248,23.27704731096483,21.705487015371162,23.053618250490167,22.384132766904802,23.37676609314347,23.0644969539503,23.71291194117408,0,1.00763522176403,0.647503149045923,0.760737113067147,0.463997762856617,False
P39023,5,60S ribosomal protein L3,RPL3,19.861590424339493,22.444431648487146,20.376030282227596,21.65806636914153,21.82634734723681,22.420360576737163,21.975952923918566,20.178534204200005,22.431611522741722,22.46305247278447,21.94066577023598,22.209032610012628,22.26350968008442,22.22066947973325,22.8663512369618,21.70725584007816,22.162347343050957,22.482129246732274,22.43322493811152,22.280925841839757,5,1.36794920693887,0.0616060290084473,0.364062657639799,1.97650224044272,False
P39059,3,Collagen alpha-1(XV) chain;Restin;Restin-2;Restin-3;Restin-4,COL15A1,22.16842877202484,22.45826873162887,22.235087352946476,21.233076773688794,20.24777060551636,20.87379958540853,19.96169741778945,20.864089828013153,18.666663318713155,20.83673272923795,20.196239595379733,19.479407856897108,21.084978052533295,20.483997191932755,19.748925649813003,20.232033428073226,20.1245619100608,19.68292885265731,20.960247853894206,20.55660767081823,8,0.506537566292593,0.0608454479984956,0.364062657639799,-1.98283235748487,False
P39060,9,Collagen alpha-1(XVIII) chain;Endostatin,COL18A1,23.05958303151471,23.233876467765555,23.60060176690129,23.24088465102031,23.323709207784436,23.73743950153725,23.641226106406542,23.305010827158526,24.30781000237926,24.847379217931827,23.72647697821583,22.23297886165471,21.22902293884275,24.3659836928611,23.919500363167774,23.34584282559008,23.36529988356371,23.657470219330975,23.884110013689362,23.531949631112333,0,0.863980305115889,0.361701350384686,0.643125755616813,-0.932800817652428,False
P39656,2,Dolichyl-diphosphooligosaccharide--protein glycosyltransferase 48 kDa subunit,DDOST,21.816237440877817,20.139688049552234,23.12846751830075,22.166031866403536,21.485918030475663,21.737658406786263,22.872621431659933,21.509412178003828,23.911546693384786,23.514846375421858,23.1142778028205,22.141071740865222,21.35068709854609,24.016896063351346,22.191401630903563,22.257091014232994,20.203893219043927,21.941187679405484,21.943840097372593,23.17633312575119,3,0.973518343634931,0.990585038952439,0.843797505224354,0.0119438593712024,False
P39687,4,Acidic leucine-rich nuclear phosphoprotein 32 family member A,ANP32A,21.750937679187256,22.782772739784722,22.25520569278773,24.36574478606638,22.540589915123103,20.97865477799946,24.431415429670352,21.650317002911596,24.0949516232915,24.611773588740284,24.55481980252135,21.78255889099077,24.53273526057621,20.254102988283034,22.213384653170557,22.032674831606066,23.357606981913342,24.48501626957246,21.95563888749533,20.96459611948737,10,0.897934947181245,0.597116291435747,0.74760200611679,-0.536838058072101,False
P40121,11,Macrophage-capping protein,CAPG,25.55891314254705,25.68666447842998,25.499186313920365,25.074832110463753,25.323228153797906,25.29978617049559,25.43112451307924,25.4170633787463,26.404874524125386,26.79466623774655,25.940372922800037,25.81283929118648,26.283206862191413,25.59940933172685,26.528275129136336,25.856512306015762,26.172791742173168,25.477262642584467,24.606385117093424,25.185923523202547,0,1.06135434666131,0.66833210843905,0.768339943129565,0.434639238171122,False
P40123,9,Adenylyl cyclase-associated protein 2,CAP2,22.63084091938299,20.745597290886376,21.439642872872504,21.648003554970746,19.3368224544085,23.70827640155666,23.499188178585797,22.935647014878924,23.93129167201601,24.179014937927022,21.577009037763755,22.87497343252048,22.873762909440995,24.126875461836296,21.610526580437337,22.787866686895384,23.85823898590899,23.956763894627677,23.64212078856367,23.604769392838897,0,1.25096023209436,0.0870425735214711,0.419883675208394,1.79660060490904,False
P40227,12,T-complex protein 1 subunit zeta,CCT6A,23.261139764743035,24.326911165632882,22.785793151897494,23.63487082920972,24.34625111846849,23.984675517104883,23.92260315161728,23.735564202370607,23.990336785372087,23.231391900256078,23.495695454861472,23.947806702779054,23.850136731690803,24.20097236020111,24.487982798755997,23.36876899213883,23.664717866016257,23.062365217585153,24.268123613258084,23.265263010938476,0,1.02373107870373,0.868731176571762,0.825812662811676,0.167338907067772,False
P40261,6,Nicotinamide N-methyltransferase,NNMT,21.699217957714733,21.060536657750358,21.16235144802316,21.430766314031573,19.315173600443718,21.391435462670167,23.658951530713985,23.568861839695693,23.43970355778661,23.24268049914941,22.37405444510021,22.155765332796488,22.194916103906323,22.891825794902676,22.51653978545536,22.977916416407176,24.403084872078036,23.106640486913985,23.165921626553786,21.912300277239734,3,1.33302827129402,0.0460692512755149,0.32800665024696,2.12242747668024,False
P40306,2,Proteasome subunit beta type-10,PSMB10,21.736033478441236,22.288786842073076,21.151168166785197,23.23116173701432,22.630769980645816,21.44871714112988,22.76356768548468,21.64617985906,21.93709498268111,22.758106454649713,22.470778003983376,21.399195901963818,21.959950584279145,22.14259801954571,22.05188055568836,20.660204804684533,21.24599517051642,21.92861062715038,22.863072949338825,21.132205427290334,8,0.76846377391248,0.265233003182779,0.587927183588789,-1.14518059755886,False
P40616,1,ADP-ribosylation factor-like protein 1,ARL1,20.833158260971267,20.953525082594485,20.87169699271375,20.99871590853271,20.966303671866076,20.777468116211473,21.037317207117194,21.088733702951554,21.034680688686883,20.390641530070678,19.87802610546535,21.361801276022856,21.200704620528224,20.527404270166166,20.933049691942283,21.370036517306314,20.62697563125233,20.63589034636339,19.77612587677718,20.008699502865415,11,0.889637963673252,0.311651844042156,0.613979024606205,-1.03716401646072,False
P40763,9,Signal transducer and activator of transcription 3,STAT3,21.31121826329599,20.913323775594346,23.28752730025668,18.605052452695514,23.36844874856476,21.177597233971934,23.127854482963315,21.87966603682806,22.2498297620528,23.204869030180927,22.460484998403423,21.48819419328315,23.500029347551312,22.980846545836606,22.75888413941801,24.003032423639425,22.862506940241943,22.874737825332996,22.946512300796005,22.89551065984789,5,1.49685061893649,0.0621657963296095,0.364062657639799,1.97188765590407,False
P40855,10,Peroxisomal biogenesis factor 19,PEX19,22.761244181032982,21.471467558497736,23.068499053299316,23.84132170667714,23.544848127777488,23.843963720589745,22.35647368106591,23.430083410340842,22.332215014021955,22.065634986287723,22.180762109977827,20.227211929005485,21.87864064355001,21.067078488787306,21.702801227339325,22.084096239265772,22.451329750187163,22.55075043615495,22.74388864084336,21.445147863737773,0,0.476132103237082,0.00701133983640952,0.175323277667773,-2.99341070740704,False
P40925,16,"Malate dehydrogenase, cytoplasmic",MDH1,29.213340889752892,30.088019243450653,30.026286105195553,28.913969613928426,28.908013756101713,29.57522294458647,28.656725105434127,28.888822322848878,28.702885442339156,28.79524465439201,28.576805548532707,28.93277596817601,28.582774119775376,29.530571576748713,28.752454943334936,29.014154121343914,28.433819298109334,29.305326541686878,29.230226919454687,29.1688729698137,0,0.823478857122704,0.245521538340772,0.58311339070537,-1.19528574802642,False
P40926,17,"Malate dehydrogenase, mitochondrial",MDH2,26.288272826486786,27.857753413005927,26.991259097564516,27.140452319442407,26.437126125757295,27.264257811824148,27.455840362167155,27.7332007923774,27.64943310777749,27.591926542343217,25.862526835360462,26.41622138512179,26.369547896378364,26.3828441668602,26.408921214655816,26.90068620083362,26.571640917110884,27.2055081543519,27.277701869022362,27.40251610352984,0,0.675421567962745,0.00432560887693157,0.155997210353347,-3.20423465344084,False
P40939,30,"Trifunctional enzyme subunit alpha, mitochondrial;Long-chain enoyl-CoA hydratase;Long chain 3-hydroxyacyl-CoA dehydrogenase",HADHA,26.452751559011393,27.264989191638563,27.193058987819306,27.325209935815312,26.471689151083858,26.615641627602752,26.784215121908662,26.812754236198643,27.31226488025945,26.681583809588084,26.044982001002968,26.77025900666527,26.438037659695127,26.572145509309195,26.579667817168698,26.069479642561127,26.6463942609425,26.349131551395228,26.251493288546587,26.35811861061012,0,0.705229415480976,0.00460100405905705,0.159015256816369,-3.17746830029347,False
P41091,3,Eukaryotic translation initiation factor 2 subunit 3;Putative eukaryotic translation initiation factor 2 subunit 3-like protein,EIF2S3;EIF2S3L,19.2822555329454,19.028570081795753,20.27032009051701,19.407914013825803,20.17344441218649,20.216679374226903,19.607027541605333,19.399745913042093,20.38864855437035,19.185240114380004,18.92445886077625,20.21363132429228,20.23266726978465,20.71336623497162,19.87317798962578,19.684659992421512,19.638491576921723,19.598483803148092,18.306822525986593,20.6361692542072,11,1.11554262524024,0.779318372039818,0.81055342115982,0.28389406888044,False
P41208,3,Centrin-2,CETN2,22.16888518124457,20.714676017001278,21.862584270959157,22.324894598717435,19.58983362376784,22.039308425851818,19.91125548471857,22.13188166038674,19.370071148118715,21.829393243978863,22.72177107501236,22.25004670801261,21.36412150019524,20.65135315720574,22.088209754755514,19.540654051342095,22.025497435509468,21.1155508047738,20.76832510341039,20.322943754194355,7,1.01711782171755,0.845600282148703,0.819386444260236,0.197198321021012,False
P41222,2,Prostaglandin-H2 D-isomerase,PTGDS,21.357607778141006,22.70652884006964,21.220831030802497,22.66573622682598,21.907161981451864,21.411675178259877,21.422448628107475,21.477727307571737,22.22363141860977,22.127559997985227,21.684123550244635,21.289452770373895,21.50496395934964,22.11469993161762,20.841022022722566,21.89259167496805,21.56590219241822,21.1466427835968,20.810706148877543,21.255790683801408,10,0.714722083796794,0.120372137872029,0.468473175942793,-1.62014307531398,False
P41226,5,Ubiquitin-like modifier-activating enzyme 7,UBA7,19.28074383596331,20.9853511937827,21.499378218802548,22.421670554874886,21.89057795962191,21.681074878419892,21.5709849366209,21.71511557333189,22.275417686242104,22.543095985638985,21.342486451357647,21.219984901657405,22.04757403081235,21.647392287173982,22.00057676406624,21.2062723005272,21.972709832766505,21.259338883887448,22.379470032157656,21.757985044469237,10,0.963445622123218,0.774331216839514,0.80799837307198,0.290499628124402,False
P41250,10,Glycine--tRNA ligase,GARS,22.55108750756222,21.129191941444184,20.583810093700308,21.947830731839552,20.93384619893125,23.32221955584135,22.920750713670973,22.484992297222167,23.660300313949257,23.59835167009192,23.089462726922964,20.502976304545175,22.006501958417257,23.861611931615528,22.77056096813652,22.255154116170264,22.72194911767915,22.73936871264897,23.270716166215962,22.632898384589296,0,1.09435577975677,0.462772507207195,0.69086707470759,0.748205668946908,False
P41252,5,"Isoleucine--tRNA ligase, cytoplasmic",IARS,23.318435956171474,19.127000247625272,23.322372049587372,22.418678377544683,22.126026786196107,21.584158798383015,23.094842447695676,22.954458772096064,22.58896599505921,23.24316509659473,20.84945747400542,22.967382107515025,20.892022577721026,20.832908488214134,22.68715111424413,20.75436229850888,22.209483978620895,22.628265210261794,23.0037633972966,22.611718761067173,8,0.712574860507544,0.385139642161818,0.65469462881483,-0.887290687511874,False
P42025,12,Beta-centractin,ACTR1B,23.902039454748653,23.169968868655168,23.880547049496723,23.959406370722615,24.235706053993795,24.05662847458244,23.63020890860594,23.275178809062634,24.278646992709238,23.87565836006842,23.015203403512004,23.042814093089298,23.089682652687156,22.13171944752014,24.05190453884907,23.230510460064174,23.16634163231641,23.902794228627926,23.806540560196467,23.45017001446103,0,0.713327331729282,0.0320953631545249,0.273698145271085,-2.29836495295122,False
P42126,7,"Enoyl-CoA delta isomerase 1, mitochondrial",ECI1,22.972010563360225,23.98995874849908,23.52221620718787,23.79803602894206,22.90254753201052,23.411246394310574,23.133847264912486,23.56427488726372,23.493102169245308,24.056984187237408,21.94249015749547,22.430302028074653,22.555896795418775,19.789757459421338,23.427137843519105,22.53260914604709,22.322739421335672,23.36170662740527,21.020696885805958,22.185015045580585,1,0.469755318162875,0.00191028683478365,0.109276808001164,-3.55499171164117,False
P42167,7,"Lamina-associated polypeptide 2, isoforms beta/gamma;Thymopoietin;Thymopentin;Lamina-associated polypeptide 2, isoform alpha;Thymopoietin;Thymopentin",TMPO,24.700010935443146,21.43749415761998,23.30669333075866,24.24118350684725,23.161712594877237,25.128609734791592,23.5737285973499,24.632641517183718,24.70389964314224,25.143684795245967,24.13685419616307,21.601618798574677,23.615889869888743,24.004564424933463,24.011779808352294,23.733082469335706,24.808518813278166,24.193423997247745,25.290488641077637,24.444476920793047,0,0.929992104088901,0.961812573165093,0.839800241506769,-0.0484634051127305,False
P42224,14,Signal transducer and activator of transcription 1-alpha/beta,STAT1,22.018675843472572,16.537168341854482,21.8910908271637,23.300151428380993,21.363335445671133,22.556381897477156,23.64888838943006,21.1191837285996,22.2127333598369,22.986203413681526,22.58332749847479,20.742023533611516,22.70112553333365,23.014294971795067,22.170214497365695,22.660944711551366,23.524212300372675,22.906403683014947,23.170319696075733,22.708517624068865,2,1.26543559773281,0.171828985361989,0.521118528909864,1.41549155165319,False
P42330,14,Aldo-keto reductase family 1 member C3,AKR1C3,26.201811612367063,24.439713641021793,27.17463562839041,26.687790319171,27.397268534396517,26.390744001271734,27.157364687578518,25.66383053568557,26.515446307925718,26.021491195135354,26.79402123575637,26.410370164598582,26.11667087795084,26.878515195382473,26.72386660611347,25.762470768430386,27.187809841249564,26.69010803715049,26.161185199103084,26.440444697255042,0,1.00559010203177,0.618162729284067,0.755192054657026,0.506076554827416,False
P42566,9,Epidermal growth factor receptor substrate 15,EPS15,21.615141411134136,20.347605688556968,22.379189641945132,20.575258666515357,21.009659444471453,22.619956387024168,22.78863974579257,20.931549171520643,22.595077373461066,21.604972669232676,20.139933123370696,20.37981897310056,22.932100532186173,21.458506412909866,21.90725079281544,22.637160981164467,22.575431882948006,22.19637556216586,22.236508354054287,21.544949591580014,1,1.10351799237089,0.68767672335889,0.775530830932257,0.407717746204029,False
P42677,4,40S ribosomal protein S27;40S ribosomal protein S27-like,RPS27;RPS27L,22.444521230564874,22.43013298610511,22.786821544867834,20.57555807401687,20.690929371802067,22.06583317368428,21.915073182528673,21.036472002063046,22.050103531292898,22.44083311969141,21.871444287444795,20.639799246984776,20.6986318258501,22.618558114968106,23.051232859597402,20.58110543636882,21.576819239152947,22.465045013330293,22.486315005527608,21.167557988213083,1,0.96789112063372,0.752647480568318,0.802152111353787,-0.319378873487983,False
P42704,16,"Leucine-rich PPR motif-containing protein, mitochondrial",LRPPRC,22.845154439535744,23.2468464721855,23.833095849782403,23.207739371158915,21.201302556102544,21.359004498898965,22.494801455612457,21.026473114130113,23.289379130332915,23.01111470091781,21.368112325668307,21.200999930112364,19.103349112723482,22.737253987360685,22.185336119475703,22.049555660299728,23.106954994413556,21.39311852937087,21.730460987354952,23.042633112845404,0,0.617661023130693,0.109679124230033,0.449353564697873,-1.67164697523863,False
P42765,19,"3-ketoacyl-CoA thiolase, mitochondrial",ACAA2,26.856705412854545,26.881790874114632,27.243074960844698,27.068597100505755,26.341019028013285,27.08714777034845,26.818388774421507,26.951422848779217,26.965134230148344,26.631286512978257,25.95541608180235,26.56506383664542,26.62232748317532,26.58436295020732,26.90069732691308,26.57496824406434,26.7586440138043,26.78875204336128,26.745129176391668,26.637866307137777,0,0.828327714889452,0.0601084560738712,0.363237063220638,-1.9890336347818,False
P43034,5,Platelet-activating factor acetylhydrolase IB subunit alpha,PAFAH1B1,22.081401553062705,21.7333390239799,21.324872180811727,22.279670071154506,23.08350079489447,22.84136880736886,21.213634567201147,22.268498350330578,21.858430367548273,22.088532454427558,18.713679471135794,22.760732281182914,22.5345116717373,20.792856828632306,22.08493185880607,21.73397347054321,22.585465262300172,21.608218458140964,21.130564569996007,21.17744393989278,2,0.785126160168719,0.203801531237281,0.544755748559004,-1.31235093519279,False
P43121,21,Cell surface glycoprotein MUC18,MCAM,27.649278114407807,27.81444962878507,26.94869721875897,27.412034393482024,27.229788521480057,27.30256325516617,26.900440802739094,26.18257372689219,26.00330617810911,25.868499034976455,26.36591394265236,27.43251413919982,27.070388663212306,26.691935618076077,27.09374184512868,26.05652650102367,26.600685999238934,26.797929456574742,26.01851391388432,26.582910531898566,0,0.793524325600911,0.200419756583826,0.544755748559004,-1.32262868264119,False
P43243,5,Matrin-3,MATR3,23.26897013716062,19.194315698023964,21.093095084037913,20.510338684069726,20.44209458057991,22.9556585584979,21.505652932556085,22.117986697005392,23.52194687465403,23.2616515646916,20.919750888715583,20.47392910738265,21.77140537740421,22.414896013641254,23.15707478401061,22.56318678589823,21.818740895143907,22.337187039998874,22.9350792861341,22.79973964460689,0,0.978600482256363,0.466012070921764,0.69086707470759,0.742727363835729,False
P43251,4,Biotinidase,BTD,21.737296126683585,21.452363601702682,21.9180779204561,21.782024848388737,21.17745376095592,22.52251212438257,22.165021863806516,22.0148266731555,21.92187224010099,21.4587527327442,22.4880903470968,22.90698437849994,22.51274385665506,23.037409577882,22.134526487172327,22.553479356656297,23.102217546865923,22.440445799592506,23.084099465439845,21.607304397955808,6,1.72803104527568,0.00490816219912134,0.166169090278969,3.14939170966613,False
P43307,2,Translocon-associated protein subunit alpha,SSR1,21.23145564603421,19.810062928245056,22.209781095027424,21.270175084375566,21.141679021111507,20.64908017045135,20.604582968799363,19.87763687041025,21.106285785598853,21.388119702700127,20.72307149506792,20.13764985203945,21.08499543052714,19.600463228011723,20.180728517415332,20.41232663017295,21.024799682639937,21.104220609816277,20.460225473732798,20.83334044409794,6,0.72654285050049,0.228108468003971,0.571901342084076,-1.24213448639064,False
P43487,4,Ran-specific GTPase-activating protein,RANBP1,21.48737983672175,22.574737229287084,20.70889864215171,23.859262828192517,23.257626648383955,22.832762080973186,22.52443888753813,22.694834028096267,22.549200295810124,22.779244728508214,21.214868204154566,21.59234764469366,22.247709737974645,23.392115517224067,23.531477943404326,21.989953399716416,22.92152354966988,22.557404596175544,22.841627261676088,23.492248000125862,1,1.02194934207359,0.894915908725151,0.826708499711055,0.133723356211875,False
P43490,9,Nicotinamide phosphoribosyltransferase,NAMPT,21.716968012203225,22.883384300584595,23.133611794160558,22.74387441659827,21.95104792824145,23.155525002159383,23.82653574187276,22.28515111491977,23.494537686817367,23.311485673400853,22.186963824200962,22.81449349257496,22.654561034601535,23.15448227217322,22.025108076945077,23.49594274863775,24.052107502767132,22.869047659033523,24.011195365174355,23.274352673081832,0,1.15985196702014,0.454123904980371,0.689731901520803,0.762944721915084,False
P43652,17,Afamin,AFM,24.71969503388497,24.73256095340565,24.60500786455069,23.58876975036099,23.89029704825579,24.92705412007396,24.82359684679932,25.07750411494053,25.230108798027842,24.971889806450612,24.148938151900065,24.566537046906888,24.3481968401222,24.428518667285992,24.082045834244482,24.749833100314724,23.872810075540144,24.068724252787703,25.230865661223735,25.610500549456223,0,0.922679070184379,0.516825690801868,0.721090302628091,-0.659558485512776,False
P43686,16,26S protease regulatory subunit 6B,PSMC4,23.963833623569155,24.064638584896237,22.217105141745847,23.06505637259625,22.067201261073937,24.19428153915043,25.688704405330927,24.244218235161654,24.353673837054185,24.32193752865659,22.275559658014124,23.748462164825565,21.483945609692103,23.970752819910043,22.436353546987615,25.293072400459188,25.076172662848084,24.676171486481998,24.364860536279362,24.697261715911548,0,1.04696572912826,0.96348326921975,0.839800241506769,-0.0463415076785579,False
P45381,10,Aspartoacylase,ASPA,22.698347738741266,23.255585810715942,21.69216407837199,18.665220534895628,19.030964804273683,23.801272360113554,23.248394127593805,22.213088337717487,23.969841533968577,23.33631689551916,23.34418976643943,17.252643827892758,23.370993735399267,23.669256231879068,22.560628417137604,22.080585761839277,23.188182451233903,22.09548624052599,23.2948492561239,22.795010354133282,1,0.994794448056213,0.81129494843905,0.813589620325639,0.241832772278057,False
P45880,8,Voltage-dependent anion-selective channel protein 2,VDAC2,23.40201761766968,23.550871612166194,24.27368511339539,23.621279120892893,22.85604220845406,21.504904619323614,24.049939000885505,23.688323528322318,24.747596544551,23.34978956157749,22.299260391444943,23.334937640239406,22.615492769232077,23.711536930727267,23.493291059019047,22.966922130230145,24.286751398049713,23.637583540189873,23.37772602640951,22.657872589579796,0,0.781352671288858,0.448148065648916,0.685569866640652,-0.77322827176777,False
P45954,7,"Short/branched chain specific acyl-CoA dehydrogenase, mitochondrial",ACADSB,20.259960667266522,20.933893180990008,21.7946816309664,20.668483227689205,20.145678457172217,19.78695392928451,21.103817127135912,21.42313933379971,21.29887050183666,21.437330753372088,19.844401502597467,21.58674416345591,18.351318752412812,22.387117897224073,20.978166317645893,21.039424722614168,20.56764210224165,21.273008287556895,21.004038802382073,20.197890981353744,5,1.01952635324079,0.699000504793908,0.783507557524631,-0.39210138747659,False
P45974,19,Ubiquitin carboxyl-terminal hydrolase 5,USP5,24.79782367213023,25.673637303064446,24.80220634758425,25.057386117132808,24.665977071933987,25.49847612540439,26.337283149954906,25.480225603654375,25.745574185124685,26.086125020315073,25.271663507645144,25.31577963981514,24.925342310482485,25.63258408401547,25.275820786257643,26.066768027422913,25.997684054244672,25.792978795204355,25.93256476278857,25.815068525546376,0,1.09441139379265,0.252041313431431,0.583149616570681,1.17839054294118,False
P46108,10,Adapter molecule crk,CRK,24.663101414942723,23.922962501791645,24.57663834894741,24.554751786382557,23.85907121351981,24.99369652032747,25.22307560018334,23.876241087862425,24.848713706044304,24.759800832784588,24.441078791204504,23.485754474422368,24.947597452571696,25.212336146907774,25.020752509307705,25.35397458405996,24.191362654051655,24.897190304895588,25.52208264284879,25.112959106999252,0,1.25049208399294,0.245562743822571,0.58311339070537,1.19517791598952,False
P46109,6,Crk-like protein,CRKL,22.820736775111715,22.177247040168997,21.39317174539815,21.448747470662713,21.098957143131123,22.37265357459464,21.484968923470007,21.45011209232476,22.411148031924927,23.305836935641427,23.787638242254918,20.434817509197146,23.017850271571806,22.25879146239005,23.382292950222954,22.92167593763008,23.674131738102886,22.72344176987765,21.932248710890317,24.153268250466244,3,1.93382095880176,0.0557109475876424,0.35525066816155,2.02750914408963,False
P46439,10,Glutathione S-transferase Mu 5,GSTM5,21.195902869004673,21.440381527099728,22.66659096883214,20.96347318050264,23.232195532252927,23.028522489675353,22.387490620233375,21.699315752394707,23.164181170027323,21.57756675981204,22.669012708066248,22.481943597171394,22.825322140832405,22.199092737096244,22.803155375048103,21.489736963596016,22.640009813273394,21.321331937462777,22.58253232889254,22.41500183613921,6,1.04250188512416,0.535802194757245,0.727049936758826,0.629690627236211,False
P46459,8,Vesicle-fusing ATPase,NSF,20.552902689773752,20.571222192670454,21.100017892560352,21.021410183826813,20.752342766289402,21.051040768023775,20.66117227026668,21.104753378284585,20.708263094996042,20.86934370882436,21.629026962727,21.264663013259522,20.85168098217148,21.214269602530198,21.477986835957957,20.47724473180326,20.786316235331984,21.977174931214947,20.818902550703587,21.05215530363954,9,1.28891813599776,0.185405651728342,0.53240815837221,1.36997760135717,False
P46776,2,60S ribosomal protein L27a,RPL27A,21.310816417035312,22.344177150298222,21.5616226869554,22.25386696600839,21.172812244277853,22.644651146811764,22.854464420520497,20.85412467061851,20.824360159918914,22.78537989277681,21.699716833699874,21.19540415268067,22.45183062665216,23.01884380907839,22.275266231377927,22.865580771138223,20.672157007938157,22.716925336578726,23.451855244383655,21.409632114348803,0,1.27759602928824,0.434969555458266,0.679014768252282,0.796206971015049,False
P46777,4,60S ribosomal protein L5,RPL5,21.555221225942645,23.66997558257223,22.2303603926443,21.563834891144996,19.883188350467183,22.102585692556595,22.713678348723658,21.176497126089796,22.920011414331835,23.146174347271668,21.11747903231284,22.04118740093901,22.33953280170779,20.350796155586917,22.60997284403202,23.058243679391644,21.448097515223516,23.58395269862671,22.401776307696796,23.299521764754207,0,1.05824941870687,0.770647148051601,0.807535787260068,0.295387727621673,False
P46781,4,40S ribosomal protein S9,RPS9,20.44455175765553,22.192063323074027,20.41337892300412,21.19551882244852,20.414139516815514,21.22200602209539,21.235366358095447,19.05910208010763,21.19599087168256,22.754303810902012,21.597809310678056,21.7626255280207,21.197759661950503,21.314593790055564,21.63179773896276,21.539295480341053,21.34303316947963,21.464939055131925,21.467265389285053,21.718070363024413,3,1.13638624694833,0.183510023463632,0.53240815837221,1.37616930617518,False
P46782,3,"40S ribosomal protein S5;40S ribosomal protein S5, N-terminally processed",RPS5,22.715400167619634,23.38339124780971,23.118467512573403,22.423078117077107,21.841808980295266,22.85202391518798,22.456123738271618,20.916418154084248,23.405446962671192,22.896016810674062,23.09036532021423,23.19184482853142,23.9173791432919,23.689614371690713,23.61395825938798,22.53409967275718,22.890786094148847,22.001339761406843,23.353131474033674,23.19560011919677,0,1.40484091929961,0.0850581991403199,0.418710352294526,1.80884806103278,False
P46783,2,40S ribosomal protein S10;Putative 40S ribosomal protein S10-like,RPS10;RPS10P5,20.991531755254766,17.075020158621633,21.52054243165396,21.234802985760208,21.73416830900931,22.32013803427918,21.774783129029316,20.080013750752663,21.880778087088718,21.542560633584927,21.149684035394433,18.76153927276217,21.02055563598618,21.01603822146819,21.893076832790697,21.735165395462833,20.590916031855432,21.183580241143055,19.02522862824611,21.718486681177637,6,0.797158189518184,0.715027102740095,0.789207019147749,-0.370167306698662,False
P46821,42,Microtubule-associated protein 1B;MAP1B heavy chain;MAP1 light chain LC1,MAP1B,25.805569224530196,24.693720939966987,24.523039289582503,24.408572385323435,25.32922983030968,25.994412334618247,25.535833265041784,25.18319168791786,25.920900157393653,25.85643451698661,24.895785421859948,23.768399654482,24.57419897859376,25.505479697633,25.97430834758078,25.54058257949145,26.201683717835387,25.389745628336968,25.556856495282428,25.325330211045454,0,0.984960000926304,0.837535773822439,0.819283344390874,-0.20765068589927,False
P46926,4,Glucosamine-6-phosphate isomerase 1,GNPDA1,22.678883627724638,22.311430997226754,23.15436501093866,20.798078793834865,22.25228845502752,22.573406501007437,19.830263139926917,22.81894552982842,21.951800563700736,22.29512714694364,23.318345709290128,19.432157814681048,22.217077490900646,23.360925275076056,20.409830980039835,20.835485098135607,22.083198065766467,20.688965394542016,23.327183848029822,22.671296589013338,5,1.03021934776734,0.670977550499207,0.768717634402391,-0.430938706611512,False
P46937,8,Transcriptional coactivator YAP1,YAP1,23.10376513760176,21.455565213725325,23.228710131233044,23.21832412180008,23.701184515368556,21.102755651329357,20.87606081241476,23.331499886675463,23.879334544630805,20.620065736571238,23.364427490368442,22.592206875575833,24.760029915710376,20.964851118793632,24.457075361359145,20.019100792267075,22.61044982627978,22.608103320403373,23.39219539282181,22.1230939908139,1,1.30116165020077,0.66985807905021,0.768717634402391,0.43250390886334,False
P46939,50,Utrophin,UTRN,24.90198387562736,24.819038166973865,23.587069613396594,22.780416388094118,22.01398007741888,25.84211977683244,25.516144141482524,24.678806823478165,26.257936733492546,25.967365526556176,23.75883394476098,23.374804884697966,24.3466596049838,25.20545451206976,25.15949196558291,25.36365237656928,25.44416613948896,25.540168273495585,25.827515460318768,25.664866639687588,0,1.0193915051976,0.341861524741572,0.628874421956,0.972900272080742,False
P46940,67,Ras GTPase-activating-like protein IQGAP1,IQGAP1,27.248654095684753,27.4119461375419,27.233392407447354,27.107939806226526,27.068856405938956,27.340328414813598,27.71388273865719,27.429521546493838,28.291511586738906,28.4482748564574,26.88511533712539,26.818307462081982,27.136995943151565,28.102936535556417,27.812390512518146,28.04638479363666,27.88714158372688,27.763289703240673,28.104123921091357,28.049322890872865,0,1.09113003608628,0.463994098760071,0.69086707470759,0.746137196812442,False
P46952,2,"3-hydroxyanthranilate 3,4-dioxygenase",HAAO,20.63942490070136,19.73516415090032,20.386236514510923,18.061775785688024,20.443176683202527,20.40457986806998,20.341263343015964,19.27366478376186,20.8178112847029,20.788729867102383,20.587573081658302,19.328675939744244,20.27350371720506,19.410443778029304,20.769394434938455,20.26731986287641,19.038979508110213,20.861420323879205,20.325213032046115,20.65041543506565,10,1.00518587119816,0.861549571000917,0.823299716031887,0.176591555523435,False
P46976,7,Glycogenin-1,GYG1,22.803083264474356,22.35681765047808,22.568778692790854,24.185958205727395,21.135003539953065,22.810562760587683,24.018667950961905,24.449787757569545,23.43394343684771,24.07173731293063,21.927852777486773,21.795213955603693,21.709176516075708,24.187586048900855,23.358949043302008,24.24943709464222,23.93694041295986,23.854593869365814,24.421031614868593,24.203205695989485,1,1.14881473263085,0.62807297673537,0.758178549609215,0.491763455275277,False
P47755,9,F-actin-capping protein subunit alpha-2,CAPZA2,24.79201708687775,24.416521374807576,24.500706540658385,24.579158568688502,25.31720140570563,25.28820380056278,26.191492340232347,24.780533373635592,25.45661048881485,25.67236550875435,25.17582163118161,24.69759377617464,24.66496017051889,24.770295737144675,24.524391229997835,25.310860414110827,26.135461616835645,25.182156521399133,25.15662876809755,24.82766574128114,0,0.940838870008207,0.784405715384986,0.811450985241191,-0.277169109725884,False
P47756,15,F-actin-capping protein subunit beta,CAPZB,25.865054630543206,26.23256106749624,26.294211832927378,25.632114735017097,26.457092856837676,26.439646351974208,26.704940836006216,26.427395447548644,26.680171085858028,26.980590907612584,25.851810285800248,25.795019585088315,25.592372780260288,26.8410263762669,25.905466735869346,26.980651946448642,26.736349254535302,26.82129344964026,26.393496078041203,26.718646237955504,0,1.01877262941116,0.96211688341415,0.839800241506769,-0.048076893688607,False
P47895,7,Aldehyde dehydrogenase family 1 member A3,ALDH1A3,19.637427839858034,22.30241542638412,22.488571421370153,21.795596332238826,22.516134434746107,21.260373110232198,22.832269870677944,22.573652572440906,23.214825016515807,23.159995939759416,19.514251567587362,19.14583465432329,23.309547527935003,20.62399380371265,22.844032432320166,22.508311351019213,20.728093619260925,22.28614164194492,20.75860204043578,20.7581740396933,8,0.655064030140958,0.0974941281111592,0.427872205634169,-1.7358184984393,False
P47897,10,Glutamine--tRNA ligase,QARS,22.523232125962096,20.88144756148182,22.67664604431713,22.048327213908685,22.258544534617286,22.82428407802478,22.63875456199927,22.268058845202972,22.50216295343345,23.26490066399098,21.161756867695004,21.34412891926274,21.867821091842455,21.952866128616744,22.58599197903587,22.36148431966316,22.524083501731898,22.982603007819524,22.37171768419573,22.605789930521293,0,0.858794433139066,0.432156266612947,0.679014768252282,-0.801167842879374,False
P47914,1,60S ribosomal protein L29,RPL29,22.538128527466824,23.81883896848671,22.394930456454343,23.643821689543984,23.724237706478636,22.99723204858907,22.190170754518075,23.055894922995254,22.05500422169965,22.60409765940369,22.658681246331078,22.685495633656767,22.809796435256235,22.353124130268565,23.25288654186853,22.022047395838253,22.731500088841564,22.44214766270104,23.24187712348237,21.898991997495564,1,0.777222409642135,0.280547126080708,0.59687397298761,-1.10812554924151,False
P47985,5,"Cytochrome b-c1 complex subunit Rieske, mitochondrial;Cytochrome b-c1 complex subunit 11;Putative cytochrome b-c1 complex subunit Rieske-like protein 1",UQCRFS1;UQCRFS1P1,21.40537779962587,23.33283829595471,23.574438348583726,23.43981231556642,21.6081244762259,20.128209046455304,24.33858101975243,22.30615792857831,23.516809317495895,22.615731026549323,21.719542282085953,24.713284701510315,20.082123276521727,21.19220772971019,22.880950901318577,20.690153520863536,21.386378170323155,22.31118299058312,22.04842413770102,21.75833601589612,1,0.691226627009812,0.192868908587189,0.539227987617833,-1.34607767657136,False
P48047,8,"ATP synthase subunit O, mitochondrial",ATP5O,24.472740771589145,25.69152494085219,25.146718703680413,25.110912260071345,24.749015644486683,25.512096601671114,25.463580668757952,25.820259227398378,25.74507892051031,25.505383669752526,24.23273674727472,25.77184353409398,24.57095502852723,25.336925823691445,25.160159596634532,24.321506887991937,25.339304675030775,23.991089690759317,24.106547434169336,25.037025231590032,0,0.720584715922463,0.0261911615338167,0.268205179446719,-2.39503811208907,False
P48059,11,LIM and senescent cell antigen-like-containing domain protein 1,LIMS1,24.452618755217596,25.002536630275458,23.93301863978906,24.34786277709796,23.695707563470474,25.215802516472706,23.889798511613886,23.118449304229657,24.9363934790254,24.359923848711507,23.058049222218557,24.724378877181838,24.38690277951568,24.17779835306647,23.795211659889105,24.21329518878867,23.825689785225872,24.698243557060156,24.479742920109196,24.34224534608515,0,0.881415090250692,0.648550246131321,0.760966574422578,-0.462512143119655,False
P48147,7,Prolyl endopeptidase,PREP,21.32799552437085,24.154015377138585,23.439048331176565,24.024637762657022,22.15224851703928,22.39206140600527,25.01015895073539,20.18758782561397,22.142368950464597,25.405403536788487,20.96943889439994,23.080060662410467,22.006761537098058,22.350136223027683,25.593574217049067,25.658188689108275,25.12610436227473,20.847182234648248,22.693317739118918,25.342132782395463,1,1.47185498290454,0.648645907979493,0.760966574422578,0.462376471078491,False
P48163,19,NADP-dependent malic enzyme,ME1,24.73131529752873,26.28128821096883,26.84425656823847,26.186346260315144,25.762906720497234,25.467506271322684,26.488679229719,24.304532598914854,25.73209853656806,24.887827295910878,25.3268499605805,25.49435806339124,24.740652452470535,24.717785494728762,25.546731120784315,25.72693207996736,25.508700896407916,26.257406959296823,24.92111618310617,25.218493849673273,0,0.73341104872118,0.261070261084264,0.587927183588789,-1.1555249431256,False
P48444,10,Coatomer subunit delta,ARCN1,21.838107163697487,22.045453059893767,21.29197472193972,22.379987547767932,21.51495312301671,22.977325190018924,22.267575631427224,22.501902187508982,22.97534525806938,23.1826069425846,23.136028800175858,22.717279951105574,21.86343222714689,22.276048785874853,22.398528751503516,21.704132363457518,23.265464615983916,22.12687307881157,23.372122014387642,22.071773695249796,0,1.13844242146599,0.479939091650489,0.702568027834159,0.719429849717508,False
P48506,15,Glutamate--cysteine ligase catalytic subunit,GCLC,24.880538051735588,25.43999860758643,24.959378246167297,23.600096651330155,24.445015960338374,24.195576910686956,24.082366602708117,23.9517855532089,22.17189201169094,23.694681836473503,24.65140309937931,24.900119080694658,24.175946135234593,22.78207152626452,24.894241035824404,24.404552446549634,23.063259855983556,24.495791440927746,24.104047856549244,24.4285344448418,0,0.972984593296252,0.884645430572214,0.825812662811676,0.146887382220996,False
P48507,3,Glutamate--cysteine ligase regulatory subunit,GCLM,21.326339804216563,21.87508532905105,21.204939831957923,23.200249918231265,21.97128176682715,22.60665489146271,22.96241501259682,21.06673645225392,22.294544717421775,22.353277330269734,21.930599327532594,21.079730553941953,21.045482013765238,21.495494322815773,21.422952955471196,22.83801718945743,22.817234968566552,22.77176721764848,22.934486238398545,22.419088624120132,3,0.998374762279479,0.97076472280499,0.842169399018708,-0.0370959896312185,False
P48556,5,26S proteasome non-ATPase regulatory subunit 8,PSMD8,19.133692832935072,23.548759179782152,22.956999204105017,21.18651651135416,22.323369656916146,23.240255312602255,20.94353672054525,22.211839262059183,24.04845695348187,22.800209487793474,22.094669933389948,22.277834713085774,23.023932545807668,22.863535207152456,22.677523742076108,23.33403548432569,23.471196213844838,22.749060466220076,20.518530808650677,21.006110078653595,3,0.931954143747874,0.761744712231756,0.805958734729428,0.307230409172379,False
P48637,14,Glutathione synthetase,GSS,24.223367181785918,24.752388660652816,23.261227416440406,23.045754201199465,23.338458862175564,25.882708739589546,25.900765546902154,24.762452408790946,25.091915737771654,25.467625610696324,23.261248012934026,23.74027013979126,23.26654784765916,24.100938263128217,23.529171255856898,24.73484049592421,25.26937583801879,25.484153905984776,23.80229623495906,25.31568600285807,0,0.755490679759537,0.231719515559703,0.573740126879278,-1.23220115136721,False
P48643,18,T-complex protein 1 subunit epsilon,CCT5,25.643189559520245,24.54683609893103,24.788580578082833,25.36185358184229,24.95830101831893,25.599679405922277,24.62189044404019,24.674325611396885,25.01365918394741,24.54977901332797,24.026303338069496,25.145387368719874,24.215075683275074,24.92284213801078,24.271604932313142,24.655757376819956,25.043970790155125,24.913121924739293,25.28519073701215,24.85884316495177,0,0.843309961806943,0.235660589207458,0.576613334225805,-1.2214937683633,False
P48681,24,Nestin,NES,23.34364718153032,21.936627647050763,22.749265677177494,23.250526850717794,22.4455100829721,23.515076725564416,22.322609644259902,22.198388000111333,22.453455824034915,23.825411752682687,21.955581203414138,20.55012528683289,23.819333713231746,24.50730757820678,23.549952704278173,24.119337363384005,23.90654960966259,23.929148387229354,23.25289665882538,24.464884309647847,1,1.74389978558257,0.15524235492088,0.511999636867109,1.4752015975814,False
P48735,17,"Isocitrate dehydrogenase [NADP], mitochondrial",IDH2,23.69668262242631,24.42920840739879,25.69220565879195,24.694784136443236,24.332818888383006,25.315452766924043,25.571642547499465,24.841471745127606,26.002891949545923,25.050160047526187,23.887183541522926,24.252557920879813,23.694936861631792,25.15439368084337,23.884779826558866,25.00277303941706,25.804724219124456,25.36352663242897,25.111836294456516,25.407064577665665,0,0.877770543232595,0.403262936021668,0.666318713990859,-0.853335179067674,False
P48739,4,Phosphatidylinositol transfer protein beta isoform,PITPNB,19.843479195466045,20.877902854438407,20.171218520982965,19.960832013586966,21.337634438846514,19.454015799930417,21.903498141535472,21.693154352586845,21.48406670772302,21.981959064361877,21.267158247145435,20.685177410183215,20.621607332361098,21.509488747052657,20.46624636454694,20.571553207547186,22.254559956559255,22.27155508086562,20.90791544371884,21.797403210824964,1,1.20450285418223,0.312116219856026,0.613979024606205,1.03614380738456,False
P49006,3,MARCKS-related protein,MARCKSL1,18.249207334113656,22.35147159997524,20.94104720100434,21.540456730993473,21.55068618663657,21.55892365507665,22.216809004414355,21.336672910682868,16.850179494559857,21.657601670816444,20.922907031949865,20.15823938340326,20.12133826750572,17.272278555416168,16.807016978950266,20.84657008349109,20.385108234596174,21.426047768831957,18.169689267234375,17.021766287016703,9,0.397755619199244,0.0613613455413504,0.364062657639799,-1.97853106137185,False
P49023,8,Paxillin,PXN,21.34444904699942,20.146312024695323,20.791455789317695,22.47960511941968,21.893502868934597,18.7296687777541,23.75910742949253,24.1280083251627,22.465824227153682,22.95068371605787,21.543109643527348,21.104952069580726,21.994705269112647,22.21358950303102,22.14174255854054,23.45557455428497,23.936295272628982,23.335982496936232,24.072743125917608,23.477565614831146,2,1.38881748608053,0.104559412210623,0.439130349550747,1.69782926267094,False
P49189,22,4-trimethylaminobutyraldehyde dehydrogenase,ALDH9A1,27.05117743548558,26.659112364591202,27.35170224999857,27.163975894637037,26.72487522441956,26.46335522235476,26.494639477894165,26.50528236014353,26.617790728982463,26.187046628687195,26.062272309134297,26.911725999955305,26.93236246042491,26.594846587583508,26.862476440661034,26.707307575466928,26.59571535899393,26.797298402380434,27.220767609157715,26.615221921247254,0,0.995850976584848,0.954994372587254,0.838236223008712,0.0571254619468385,False
P49257,4,Protein ERGIC-53,LMAN1,20.14169834353223,22.17756173990395,21.66665868668711,21.495699898409935,20.855259496281597,21.886983101862228,22.855363526920375,22.194882933441004,23.11062520469001,23.10901053400826,21.634794682548442,22.055919354667015,18.3945474878464,21.50730757820678,22.412493331683653,21.380056943215717,21.475132446368836,19.30190207411759,23.06574730362344,21.969878751744663,4,0.736814310903326,0.21538795783785,0.55792310220854,-1.27811670056025,False
P49354,7,Protein farnesyltransferase/geranylgeranyltransferase type-1 subunit alpha,FNTA,23.082716314104733,23.009291045875592,23.70286880107062,23.59702747806504,23.154827118039353,24.53923248322768,23.955561341555754,23.75503359099822,23.954127684173656,23.943366264027844,22.9652900788002,23.55104637566787,22.87362059205691,24.273625576181484,23.738033165778596,23.984367903955206,23.89256644958893,24.035289811827628,23.622901445721116,23.80229488524829,0,0.993924568287061,0.982504021250751,0.843797505224354,0.0221968301447885,False
P49368,17,T-complex protein 1 subunit gamma,CCT3,24.162032390067015,25.460497369333087,24.173355310336405,24.91686479932915,24.896872741366558,25.36371909121702,25.072124491360807,24.64379050095095,25.053891889307703,24.843581348051377,24.633281558320324,24.554233882289843,24.38765045778879,25.342068941759567,25.421876989334155,24.257123636309913,25.089652827719416,25.08522426059461,24.87189158630754,25.489059138967644,0,1.04065767003024,0.798445660879053,0.812593916944395,0.258676401023727,False
P49407,7,Beta-arrestin-1,ARRB1,20.807908534742893,22.920038565223383,22.713429125238605,22.34593341482511,21.08727211251531,22.052565006245985,22.210186088425466,21.856475613627968,22.044458280724264,22.415087074893044,19.82267148374282,22.26675336618186,21.63298628730378,21.96622451147176,22.122824820312694,22.0080035785347,20.61307603095814,21.835656937722746,22.41469984355916,21.64936776847118,2,0.771015865849263,0.261008161601572,0.587927183588789,-1.15568018241839,False
P49411,18,"Elongation factor Tu, mitochondrial",TUFM,25.417629347562738,25.532160604506487,25.409722766052873,25.46740165127976,24.689770763844017,25.969581972547413,25.90519005927294,25.578635124541528,25.922329389189024,25.367611466452612,24.498304751855144,25.7252233404268,24.633367045823565,25.888491886448417,25.269647058666923,25.859953226987674,25.378687946310958,25.581071458525027,24.890239453335283,25.97848325381721,0,0.925096662161635,0.44921458522492,0.685569866640652,-0.771386858454332,False
P49419,16,Alpha-aminoadipic semialdehyde dehydrogenase,ALDH7A1,25.299012620245186,25.272412737006984,25.68900045476289,25.24663853043452,24.020627647268487,25.639395927271345,24.70500646625382,25.91011357723004,25.924727315726166,24.904405221424533,24.287546145887863,25.168130447189657,24.09569444265248,25.280677415884107,25.06717255776295,25.359226889402382,25.075477026402805,25.299875474042164,25.0678634810674,25.67412529841218,0,0.837240853886732,0.348220141363105,0.631383949295911,-0.95987980867482,False
P49588,19,"Alanine--tRNA ligase, cytoplasmic",AARS,24.281516957639372,23.935804912122563,24.79370533442416,24.239531160351625,23.885666582339653,25.564441191967383,24.884631287864323,24.501036339913504,25.360269090292203,24.257963581734494,24.65623682130485,24.752126549282696,24.391764058080184,24.74357299599743,24.928802611070445,23.95979078411441,24.706462927642768,25.003763306273683,24.84931962588624,24.795701008651815,0,1.01908406423909,0.58916815808187,0.743825936699821,0.54859146991696,False
P49589,11,"Cysteine--tRNA ligase, cytoplasmic",CARS,22.374342721135772,22.049234557814685,20.041535100271393,20.833067716801725,21.643727859954804,20.120658676007256,22.630559079543566,19.75144777233846,21.391865463563523,21.70628486752149,21.784734124580762,23.299081923229096,22.339753485953633,22.612396886038944,16.823672576401822,22.069309348209636,21.462552280029087,22.452487915288884,23.357221972282527,22.25023470224762,9,1.77694426939357,0.362603352008895,0.643263472980514,0.93101354080172,False
P49591,8,"Serine--tRNA ligase, cytoplasmic",SARS,21.87490839014358,19.15047184308957,21.91528814009432,19.74696145907273,22.7196334560706,21.540722992360926,21.271788020904754,21.80678954479612,21.513050349764892,22.137421200536313,21.646229215809,21.765200742502984,22.18575191268537,22.662660550635035,21.463003461168967,20.872808916924363,21.60018206853934,21.002187004957328,21.17583709541887,21.767458256532013,2,1.03810868342311,0.524486541284919,0.722158764334251,0.647429451037514,False
P49593,6,Protein phosphatase 1F,PPM1F,21.97294212662524,21.911166301431003,19.09309508403791,22.598206812962076,22.270218700982458,22.533396858415603,23.094842447695676,23.12130330128481,23.336452343244915,23.344560113168626,22.14254626372917,21.805578111931005,22.69003761377065,21.97384860378772,22.624946360051325,22.14000533888057,20.461342021733007,23.16715783899414,23.279364434802865,22.95936883042812,2,0.908998439543272,0.993904610517622,0.843797505224354,-0.00773252489444785,False
P49711,1,Transcriptional repressor CTCF,CTCF,20.596689162626166,18.14271070246342,20.176516527272028,20.65146342745423,20.47468887876431,20.55458136118226,20.409609448531008,20.67139838695311,20.103331808532396,20.63402731462018,19.740369771062923,20.62267357363506,20.71149580944354,19.95707085554058,20.92118182610973,20.642265627662425,20.673318941240158,20.550750436154953,20.7485329964574,20.401531228468915,2,1.12436516186243,0.395026303379536,0.660046657917471,0.868641596048033,False
P49720,6,Proteasome subunit beta type-3,PSMB3,23.9130021516283,23.323095994132835,24.036471245104448,24.055911539817398,23.878673639665546,22.237065240454022,23.319732382627613,23.09333684324329,22.653688862004316,22.204650091711596,23.756703456988788,23.649277529410643,23.761235614135277,23.43932104832536,23.89684704874183,24.229180684988027,22.95173149144215,24.520828772553955,22.40186431581266,21.55390416085545,0,1.15030779396631,0.646745849964574,0.760737113067147,0.465072879979204,False
P49721,6,Proteasome subunit beta type-2,PSMB2,24.04691096013209,23.563576772274452,23.831782902506376,24.406470148152028,24.71080056431658,24.438468504313008,24.889182501766403,24.648367418297763,24.685522818482784,24.76588416983784,23.139618259303308,24.417157995029577,24.345462844201037,24.79951916014044,24.068595684922382,25.007240894150158,24.66505861221054,24.776530694471155,24.801254051109005,24.419942138338303,0,1.04578363630631,0.825159538830366,0.817624247495614,0.223738178981039,False
P49748,28,"Very long-chain specific acyl-CoA dehydrogenase, mitochondrial",ACADVL,26.299181445362795,26.864138313972532,26.644631729239023,27.053786392650412,25.87111435661583,26.673693159166216,26.217887612998602,24.57234216853183,26.984784275442763,26.096084891295813,25.742738199597785,26.467967263084443,26.012374303576454,26.430812416967342,24.931607698285376,26.513596146226927,25.886379845819764,26.06783497573512,25.453740131490182,25.944794539284512,0,0.732861600626861,0.169299106849926,0.521118528909864,-1.42428897174838,False
P49755,3,Transmembrane emp24 domain-containing protein 10,TMED10,22.11677357348704,22.985209189250778,22.997376608265803,22.049513212265303,22.01454105537516,21.30219328592683,22.94691491320848,19.27158956485602,22.29442698772349,20.431695616515476,21.989575892312324,23.159784305729474,22.675067135364035,24.44729776904819,23.788750213224606,22.459908253762098,23.210498156765993,23.471789110400472,23.87740070992853,23.24209207220764,1,2.30864725936874,0.00275996302279425,0.124769845734801,3.39782278063575,False
P49773,6,Histidine triad nucleotide-binding protein 1,HINT1,24.483329132938458,23.66111379155851,24.545123681440078,25.279670071154506,25.666590664281856,25.210439971825306,24.44473457206785,23.743524651338102,25.240045767441657,23.24877456349757,25.015718201533804,24.878899825029407,25.56251883487529,24.32070148297724,25.122459453875365,24.36478816817336,24.840979459516173,24.891209723985032,25.172094526635625,24.65714163652469,0,1.13673644981421,0.251961394000665,0.583149616570681,1.17859564834292,False
P49792,4,E3 SUMO-protein ligase RanBP2,RANBP2,19.34261418777783,20.221358083388843,20.636594924553766,19.57557844233185,15.572907206229623,19.301882438428756,18.837203804578525,19.592000273942084,19.45208437061569,20.53308041126763,17.919837594073112,19.925642553287247,19.606454788738542,18.77893661576482,20.460374969266816,17.940503104802524,18.641787645758434,18.62697779957322,17.54124073900953,18.719342323693944,10,0.662470203129196,0.331863818293784,0.621344828365596,-0.993713641000667,False
P49821,11,"NADH dehydrogenase [ubiquinone] flavoprotein 1, mitochondrial",NDUFV1,21.307798997012252,23.14387143195276,21.48320336369542,23.35815286691588,21.67937196402318,23.15417126760609,22.524914834716718,22.753621419724663,23.75060332364461,21.68571112313826,22.891322198728304,21.74602330679129,22.266186496363375,22.616381522311467,21.827680255617306,21.337399185870268,22.372900706708414,19.84991128972124,21.866552670872583,21.031842190888792,4,0.602705837503577,0.0706013118736195,0.38911116395522,-1.90646376970336,False
P49903,6,"Selenide, water dikinase 1",SEPHS1,21.485208800523438,21.7108095075896,20.75688727545112,21.847584494003975,21.747280809864904,20.70682316085366,20.326050249069464,22.148657996390188,21.81071953686168,20.68588224442432,21.541108494367503,19.808061898580235,21.704267501334513,19.051452824071397,19.207518780321468,20.87524805827476,20.2925078012772,20.900429911479137,22.331024989979205,20.56964983901315,10,0.72106864360447,0.0895629591083813,0.421730243491225,-1.78138895681904,False
P49908,3,Selenoprotein P,SEPP1,19.981181393246374,20.815568182896175,21.570480731642377,22.35016877781614,21.090402419212047,20.437508688956825,19.993340039595658,21.003851538451368,22.1694046934891,21.4444669399553,21.825203903489374,22.077351540601448,20.43463303014937,20.47721334695248,21.89243411149663,20.37216666874754,20.919909130870717,20.128613281809063,20.022071644942038,20.218758729066256,3,0.843335772479203,0.483290256535848,0.7051394146759,-0.713883495581651,False
P49915,5,GMP synthase [glutamine-hydrolyzing],GMPS,20.743811357725626,18.668497675744657,21.931286466114365,21.61489213875387,22.26242231295155,21.246518232433598,22.008573156532407,19.805572063672013,21.030841479174306,22.229554022116222,20.5495307781259,17.754733547304944,18.98360185401067,19.673406695403727,19.316273378859865,20.59093998531572,18.325451950200698,19.99116326949405,19.7766325483082,20.907853473613343,9,0.329187361671918,0.00346141861663239,0.140054698951988,-3.30051811180593,False
P50135,6,Histamine N-methyltransferase,HNMT,23.852282519332192,23.79408486152216,24.747313948744313,24.11812403320792,23.752214572818307,24.201639707491008,24.742535019902256,24.559372690736467,24.802108029062207,24.827416798678804,23.974418072586005,23.6490402172073,23.38909487130419,25.089245495212207,23.37078357790671,25.34018222758257,25.10099477148697,25.29320693099645,25.115865702519983,25.19888587487699,0,1.27255039301385,0.324096964006283,0.619186017833498,1.01018498942469,False
P50148,5,Guanine nucleotide-binding protein G(q) subunit alpha,GNAQ,22.84091629038375,21.98219539929478,22.833141102521747,22.864070963607052,21.183203549530138,21.973589469427278,23.6764618152508,23.03428164599271,22.838269086168562,21.571837371515016,20.33890690763532,22.557494321261494,20.927884924073165,23.167885288844754,22.424028107046023,22.382630958078877,22.669092765884173,21.38718141251096,23.070184235646177,22.11954673096617,1,0.801346432815521,0.344782940985274,0.630480965769172,-0.966897706021722,False
P50213,11,"Isocitrate dehydrogenase [NAD] subunit alpha, mitochondrial",IDH3A,23.793815435522408,23.552693499735216,24.758000036818192,23.752639244210354,22.060018264820172,23.908823244297857,24.177764610733085,23.236467168637077,23.872962588564526,24.11812745563444,23.325391902594163,23.27422326719458,24.01717099502494,23.912437582073444,22.309091255500466,22.040537055006116,23.381741709521226,23.29460869175424,22.233198342577847,24.271849264620034,0,0.71976638420818,0.14029512120827,0.488948402836312,-1.5336449638109,False
P50225,11,Sulfotransferase 1A1;Sulfotransferase 1A2,SULT1A1;SULT1A2,22.51883163198759,20.079773477896673,24.022649069089802,21.20025120612007,22.837852269349103,21.669819611818777,22.037956484004678,20.714083055856996,22.31961296512236,23.83025789442754,23.876394902039074,23.226770726310463,22.34344319746975,23.89005339850185,22.969442248912845,23.752342505077987,23.246203404203627,22.86782999198242,23.351357425645716,22.756472190702723,2,1.63291917134573,0.0195640888770307,0.236659049950114,2.53132985646432,False
P50238,5,Cysteine-rich protein 1,CRIP1,26.00746916622119,26.560696879212202,25.853339829572437,26.879082371485232,27.11200704096306,25.84196070576542,25.381069827766662,26.671314929586476,23.74621992704112,26.42891663131041,25.62979361362104,26.172574441301954,24.612198295090053,24.60997841509373,26.389812391708112,25.500519925516535,25.96273008632987,24.521440256756755,24.830603890200727,25.570530256693115,0,0.5962351003014,0.0618926050579448,0.364062657639799,-1.97413514606749,False
P50395,26,Rab GDP dissociation inhibitor beta,GDI2,27.173520109241053,27.446202089505334,27.27396295548405,27.35249293838729,27.67429410371632,27.90316238692822,28.42466296747597,27.782326922452206,27.842466480547206,28.038027870702003,27.300550103922447,27.104189470003597,27.11596920239167,27.380068782050127,27.497633707405896,27.87717730399023,27.700526999689824,27.737095710762937,27.707630225231995,27.585480400043313,0,0.8605879225399,0.101304963147507,0.437355574810954,-1.71504624318052,False
P50402,4,Emerin,EMD,21.85293559726236,21.40758419446575,20.15447295414665,20.6270200942051,21.329469378828254,21.88535391403063,21.575266751163582,21.32181514564916,19.12740945149288,20.99232755384293,20.907967246338522,21.464893654673535,21.265709374025676,20.329694515984958,21.430462282445152,21.058141633390832,21.285890737392354,21.284437449153682,21.850101930695764,21.123848494600516,4,1.02544241550625,0.60690061856644,0.752218059563864,0.522473697611042,False
P50453,5,Serpin B9,SERPINB9,20.463114208681958,20.480952360423686,20.966574435145553,20.470215657847202,20.992642017529125,22.59580089236842,21.507099001879517,22.55570015152571,22.368792499964886,22.040562847387875,21.96829370351527,22.230549328944512,16.235982154084855,23.18822082203362,21.06272811757598,21.210815800614913,21.60615681108756,20.926642252951094,21.744409275163846,21.998336660535482,4,1.07277198303165,0.701741690333195,0.784988950309562,-0.38833614396541,False
P50454,13,Serpin H1,SERPINH1,24.08755294462944,25.497807050276403,23.96792145093502,24.37047101739236,24.43875979713658,24.806303388882164,23.76926995732101,23.52745447783436,24.97491924880867,25.8621245067756,24.882385681188754,23.11544679430012,23.24452154132916,25.32655804474605,24.288598485549976,24.417599754671127,24.780846549952805,23.392895770929776,25.415511906423188,23.990383234890583,0,0.856570941844144,0.495205036661505,0.709261894965122,-0.694342789399386,False
P50502,9,Hsc70-interacting protein;Putative protein FAM10A5;Putative protein FAM10A4,ST13;ST13P5;ST13P4,26.701352888272112,27.19203871441327,27.112358790524514,26.501597540180725,26.520703013368077,26.518221941959354,26.858376177943217,26.60076330966039,26.628104108695183,27.0260040278775,26.107278118903498,26.70850635545468,26.51399988006538,27.234645038929227,26.39787790949678,27.04142125284373,26.754761501457143,26.678617837303513,26.83840793305194,26.709861752691186,0,0.960225976724486,0.650742844193873,0.760966574422578,-0.459404711509302,False
P50552,6,Vasodilator-stimulated phosphoprotein,VASP,21.92832046494589,22.373247754971352,20.733157148753033,21.02768641170747,21.319969745584054,21.388650201819758,21.54454900033722,21.608203453268768,21.558975449398783,22.32460510422351,21.280840714637346,21.025184569234906,21.364256565030885,21.95177904555437,21.781797035453124,22.573755128817123,21.78982026724134,20.49928258157861,21.739089968925565,22.259381094535502,0,1.04957304505011,0.877417269311703,0.825812662811676,0.15616783380243,False
P50570,13,Dynamin-2,DNM2,20.8063890085242,23.165364017061716,22.784888807056408,23.520041926653022,21.78244105849512,22.60043941021226,24.551904280283125,23.852146259125348,23.683591289066587,24.18865767859318,23.159632290553358,22.62621018223682,19.77162942842011,22.57839263283502,23.345843368919603,24.36912119418379,24.35362976872916,23.562523707604047,24.01198835185015,23.76804827198618,1,1.06706102139683,0.886555756808407,0.825812662811676,0.144436903635726,False
P50895,8,Basal cell adhesion molecule,BCAM,19.057879884433472,22.118847408270288,18.24063041726532,21.359008278470967,21.653879160816444,22.482155963569344,21.900568859973347,22.050799921846583,22.155440149645166,20.498556238700747,20.241315849586684,22.454663997299292,20.633176504473152,19.7072595121556,23.000167969996436,21.667423216582097,21.93011960563181,19.46385359509674,21.025902595323007,22.104271925789995,6,1.02787304898305,0.897409901391195,0.826708499711055,0.130530470107175,False
P50897,4,Palmitoyl-protein thioesterase 1,PPT1,21.737644970889374,20.29385792357639,21.585530318515673,22.536437829692133,21.104369153382482,22.739053147472966,22.855126974293785,22.970868256446902,22.310443827957428,22.988054951647563,21.257458074312797,21.79901566685786,22.345565462605233,22.81373983219406,22.39259429310833,23.48558489359629,23.018519912688436,24.010893489429378,23.34617376615799,22.285990633490997,0,1.46944689976943,0.0736186132592011,0.399711771208085,1.88473123248983,False
P50990,20,T-complex protein 1 subunit theta,CCT8,24.27878004424394,24.921961312590167,25.121373243748813,24.710773637171837,24.196891725987648,24.668212727482846,24.768851433039444,24.09541176815279,24.41976555730357,24.710853860596654,24.44225762420559,24.114566191974504,23.78700551791211,24.75934756644205,24.833105083941064,24.51361890328446,24.810016253086268,24.670393544963083,24.898683606230986,24.842224805643966,0,0.98738693398902,0.902556425286895,0.826708499711055,-0.123946096906544,False
P50991,13,T-complex protein 1 subunit delta,CCT4,23.47167764876506,24.663822411719625,24.547975494660577,24.004023538799636,24.099452988464936,23.800486721117434,23.863618527742982,23.982156021031013,23.591536311182946,24.200733446061342,23.961732259387013,23.950457166230127,23.945951454003165,24.17657747911001,24.04746085446074,23.80981293221045,24.295518540280288,24.503240028191364,24.113281459842597,24.23648298132578,0,1.03462774701041,0.647058536026061,0.760737113067147,0.464628900460298,False
P50995,11,Annexin A11,ANXA11,22.85488045856351,24.263979909906425,24.066550088889233,24.16073677485177,21.283894745851313,23.65127506920042,24.305028460041402,24.2846056381822,24.80173534129573,25.03302718964364,24.56520855687808,23.626391008855926,24.557462870743162,24.99842465911767,24.54387754500227,23.942449198099418,24.39582954652734,23.615415487015575,24.665538452613553,24.326900993275487,0,1.18760760718942,0.181647028528858,0.531816779575184,1.38230418857815,False
P51148,7,Ras-related protein Rab-5C,RAB5C,24.440195121814245,25.160064601363697,24.627099755806725,24.895838658167214,24.654999991491437,24.332944610893374,24.551125655132534,25.236247783087613,25.07967098738255,24.67599529380036,24.31139647182602,24.822801919722224,24.809969980624516,24.90100731878453,24.425398697998425,24.576319796610797,24.273851098758062,24.670025909096687,24.409423942991484,24.59289777407186,0,0.869706554892305,0.262028385727222,0.587927183588789,-1.15313324382855,False
P51149,13,Ras-related protein Rab-7a,RAB7A,26.75444806405201,26.621918728757407,26.092490307235558,26.52405498915964,26.341927284201137,26.787296312166323,26.375994981395547,25.901620910164247,26.46220238793733,26.760461101251902,26.184388886390508,26.015644235349097,26.108732090932836,25.97919694199508,26.562914843991482,25.89519419821502,25.992379239416003,26.287810878291797,26.16951223255161,25.70442516712274,0,0.768048494339582,0.0171156343055691,0.221048813086795,-2.59294237601633,False
P51178,11,"1-phosphatidylinositol 4,5-bisphosphate phosphodiesterase delta-1",PLCD1,22.77116116080018,20.846288617111757,20.304249182653116,21.117541562187334,22.217084616614905,21.711985525516514,19.69765484747155,23.108347121295683,22.681089936812096,22.838940137527338,21.139642482056036,20.308420349588726,22.358437328515933,21.87184947873765,23.236667709663287,23.177948682962217,22.931058976236205,21.884641930989428,23.184841222466517,22.84759525561496,2,1.35753910355216,0.229100543425147,0.572381325329629,1.23939356896964,False
P51452,5,Dual specificity protein phosphatase 3,DUSP3,22.109745109295535,22.729834397072786,22.655305515837647,22.34953958968319,22.08186237544906,23.319319674280532,23.32258683142571,19.493513976352162,21.866647821506817,21.406200003233124,21.797161177479126,22.098709629375943,22.201816303111617,22.066501094451567,22.523993619518343,21.47485294588044,21.526014275023094,21.66167376587556,22.720374570035883,22.475613044347362,4,0.807865314518023,0.840174480805185,0.819283344390874,-0.20422811706718,False
P51553,1,"Isocitrate dehydrogenase [NAD] subunit gamma, mitochondrial",IDH3G,19.43280662538662,20.879676296629633,21.18147858134643,20.51877095531016,21.88037351246811,21.76830051743232,22.06141276761744,21.543289057280308,21.621615277685247,21.684255772128502,21.873425770608165,21.80568675927308,21.516573961156247,21.768213090962487,21.107629959987673,21.7841517796673,21.75226661725589,21.528737647001776,21.174137716794387,21.69811335966905,8,1.15360125138878,0.218061354365415,0.558253063752611,1.2704212607281,False
P51570,9,Galactokinase,GALK1,21.283702756140368,22.35931172480524,20.824487145456946,20.079976669953027,21.471484861216496,21.416947366474506,23.333382520325326,22.6438188564565,21.74635764791764,23.0633335400261,20.78426583818498,20.683787976649604,18.259347143438514,21.08483925789822,20.770553831723447,22.344082991983925,23.34040229166667,23.596871717151124,22.74906925323091,22.50088943784089,2,1.07436123966702,0.593045754868627,0.744753923472317,-0.542847737509759,False
P51572,13,B-cell receptor-associated protein 31,BCAP31,26.05530639510104,25.622717721244793,24.94549138333128,24.766201243001824,24.607101980422666,24.650882848944928,25.2284428661861,23.56127552019401,25.4677204929983,24.55380839862855,23.95059170178181,25.16003414468427,24.652848177646632,24.198339390937033,24.48718487245709,23.812553235224474,24.560668411894728,23.797761202444182,25.155976673058024,23.034408172769307,0,0.624574607710265,0.0321720733227294,0.273698145271085,-2.29722063068512,False
P51608,6,Methyl-CpG-binding protein 2,MECP2,23.04072479102925,21.556005354617074,20.391058458202227,21.769269286481983,21.053004133366308,23.276621852437906,21.847108598487424,23.629781107071704,23.01011487273991,23.68579668631843,21.97845950372683,20.131338079705316,21.186376673132553,22.850353587190032,21.463868948396378,23.085689091398493,21.744585554072476,22.754081502097026,24.044906225592424,23.163140127558258,0,0.950055758835821,0.830123398760881,0.818226127002315,-0.217278775388926,False
P51636,4,Caveolin-2,CAV2,21.16273769198323,19.96193921267062,21.835927180192847,22.277526581093525,19.65902864534958,22.190688274426424,21.699711199419585,21.138212078877547,21.29538796544393,22.12704009729074,22.21633893512961,18.976517714290274,25.920298718678076,22.179099480854887,21.86080382195529,21.099869463756505,21.959499231421336,22.46623121378605,21.717720477038025,24.281405971168418,8,3.69655061154257,0.147820099488673,0.499834338442571,1.50361599908915,False
P51648,11,Fatty aldehyde dehydrogenase,ALDH3A2,25.039047743601987,24.613674734662496,25.104037954041736,24.81525292547083,25.083968573178538,24.952385030363953,24.131244765711415,24.810735068561996,24.892033547018613,23.992558145234913,24.379438945441837,25.062058985120977,24.51225637733267,24.969880512935646,24.746549049708687,23.846627896512434,25.174091991568723,24.912111906090065,24.300760979856047,23.935990699402875,0,0.908877869848409,0.436602446504467,0.680086216738185,-0.793336701269969,False
P51649,8,"Succinate-semialdehyde dehydrogenase, mitochondrial",ALDH5A1,22.40954359404315,23.592763062790503,24.34089529711603,23.886869231630445,22.82351757936183,23.18003570022708,23.422289790717667,22.85914841874285,23.592781458847394,22.162744439040736,21.030594117531816,22.131567413954276,22.236612311759057,22.38980953070577,22.91064038624754,23.021714603070524,20.974973180137596,22.384607029515355,22.251407821915837,23.304521803916526,0,0.522307882701918,0.00948967725955921,0.181482743058785,-2.85942410443794,False
P51659,5,Peroxisomal multifunctional enzyme type 2;(3R)-hydroxyacyl-CoA dehydrogenase;Enoyl-CoA hydratase 2,HSD17B4,21.629821062368073,22.508142453002726,20.012310740943747,22.48716253821967,22.748235883356443,22.52641348854329,21.971565930633822,20.77500339047081,22.33923989570286,21.528984684306053,20.96299218337271,21.269599734637136,22.20252296644631,21.170691179598048,20.8178977101615,22.568804832706654,21.83655217126037,20.924671189485565,21.769999768751603,23.21932756485565,2,0.89497079273523,0.641093185757435,0.758578558520882,-0.473115569745547,False
P51665,6,26S proteasome non-ATPase regulatory subunit 7,PSMD7,21.57899937041138,21.889686807770023,22.547460745417837,21.827833119131856,21.454737225103596,22.3017491975668,23.80236453937248,22.901806667350375,22.89553828190178,23.756206385647648,22.04406349481021,21.28028840707657,22.34672796133836,23.442420286984245,22.049047739821454,23.445303511270897,23.654752033744412,24.25256579904716,23.72754974587271,23.630806155211967,1,1.43381029999045,0.0921265240891035,0.423185026411948,1.76629166397073,False
P51687,6,"Sulfite oxidase, mitochondrial",SUOX,21.39593686827627,22.002515582707222,21.02690196560798,20.598034886655277,21.240823164953152,21.860541957013712,21.608255762418445,22.092672236509948,22.99519813569773,22.107989247324863,18.170454872572073,22.8762064691845,20.284403413243055,21.6192772110479,19.87353927512145,17.109771428678194,22.834787829644025,20.481794145391493,19.79256215852481,21.724468379873414,5,0.717267805328084,0.0559338142989302,0.35525066816155,-2.02549505275802,False
P51858,11,Hepatoma-derived growth factor,HDGF,24.505007571189072,22.052979071110215,24.084782437138813,25.417646846986777,25.3914932677484,25.123226635600695,24.699087754033147,24.818208666290754,25.277664666349484,24.838555367544824,24.98954901422007,24.207541310980222,23.740106119959723,25.159199278307298,25.49196582388417,24.592526615448644,25.13421396789397,24.97160702987633,25.249721873704743,24.991876410895184,0,1.06963690818143,0.49553248752027,0.709261894965122,0.693809606557615,False
P51884,13,Lumican,LUM,28.811965122371742,29.42682500118803,28.95419499320178,29.387908201626608,29.43749386314173,29.668190297348268,28.800737952958055,30.11009275187403,29.35841546089077,28.835449404842237,28.63531230526585,29.177911074581708,29.641722218326827,28.99823545482868,30.128982148165388,29.131889284732395,28.988348887645735,28.306565073212813,29.468941258891082,28.439734741874435,0,0.903195776965325,0.378004810698854,0.651853003366993,-0.900944964790742,False
P51888,15,Prolargin,PRELP,27.040992332102377,27.850219740320522,26.768035631486004,26.923985596048276,26.61316245390548,27.683385039107097,26.844342453378363,28.72855702463593,27.439756784927525,26.969578193258837,26.2897580101987,26.739120928787294,27.136674765033607,28.048003130889665,28.600415980245277,26.857947020575807,27.105018827604376,26.819740661802395,27.63373795829263,27.739051717907785,0,1.01331617915865,0.97005828441952,0.842169399018708,0.0379928204628231,False
P51911,10,Calponin-1,CNN1,24.583275835658377,22.15103581733063,21.178398539240614,23.8975859575981,21.28761273464568,25.209256545653904,26.44428908148342,24.78790807903759,23.155392102996647,27.258419102768883,21.7540161373387,24.864142366423827,18.163384232854657,25.929553003176387,22.9679927976321,25.788829807916432,21.054829387276328,23.881279299748694,21.663328437181466,24.16731403560857,2,0.538465221043926,0.26213924694079,0.587927183588789,-1.1528569278987,False
P51991,10,Heterogeneous nuclear ribonucleoprotein A3,HNRNPA3,23.29432829424674,22.091799758883464,22.319799982552336,22.764396677757567,21.94245059107235,24.83228811490933,23.23233382862119,23.97728849791386,23.61576628996807,25.351745728055114,23.379685083131392,22.157575513872665,22.638457501027137,25.051844774425636,23.7248710418322,25.0068529338464,24.76662735386191,23.977635478809646,24.204525320908346,24.94440901000463,0,1.4061237431163,0.0747781887111536,0.401100882140137,1.87658690612237,False
P52209,23,"6-phosphogluconate dehydrogenase, decarboxylating",PGD,26.65213930931881,28.568241409394673,27.9250796069955,28.176058232875633,28.400541570708874,27.950482857036864,27.59856404845279,27.74701558156757,28.013811143969576,27.304711493410334,27.989212995809122,27.780722103319544,27.314190062290308,28.358985346732204,27.932210406050608,28.006796347584462,28.59491718744334,28.307747156016326,27.967955099847035,27.9017869174706,0,1.0961931910232,0.379452322696001,0.65200788821375,0.898161132563609,False
P52272,15,Heterogeneous nuclear ribonucleoprotein M,HNRNPM,23.37058330929357,21.295553890872462,20.76361432209741,20.886487169954982,20.750367636154753,24.19985333382011,23.64615652904004,22.609307460321638,24.53316555540154,24.7527050682233,21.795932148959178,22.91953126901948,21.86772582357281,24.10216358598164,24.55170073662072,23.148237237059313,24.183636816598426,23.55945045124398,24.887610127405466,24.778134987512345,0,1.43793840961441,0.0489355798761137,0.335456946076565,2.09247466847916,False
P52306,5,Rap1 GTPase-GDP dissociation stimulator 1,RAP1GDS1,20.493294468820707,21.970140853613017,20.309983341303283,19.907284343055455,20.55716915894072,20.47107363994781,22.067360683807767,19.39073187379143,21.764830307989122,21.649406092146496,19.432404457638675,21.486118506128733,19.168918955518212,18.97986034280128,20.992483234223368,20.461400270471266,20.446195477979142,21.602296151109343,21.130086531025896,21.98492575769652,4,0.848262143231057,0.493793984524823,0.709261894965122,-0.696642700379376,False
P52565,7,Rho GDP-dissociation inhibitor 1,ARHGDIA,27.1957940589001,26.692982065903347,25.833457831959258,27.054234052274165,26.069489250200927,27.377569211127938,27.5687602789156,27.39925725499559,27.663688141917635,27.46758413964191,27.238289721963767,26.39532798135035,26.567219846245077,27.699595649474404,26.709627968903433,27.601065680766744,27.674651591182116,27.51330417264522,27.32480694139518,27.51962001517961,0,1.11023697732333,0.307554078652416,0.613979024606205,1.04621363667257,False
P52566,8,Rho GDP-dissociation inhibitor 2,ARHGDIB,25.327143065805338,25.150946668945757,24.96785275607793,25.134727960274013,25.209395053615243,26.082631026999618,25.497724051631707,24.765583032169623,25.245262814670408,25.702561477269544,25.878000200931815,25.333932242448213,25.71155388115809,26.242653648286396,25.398349563430916,25.83274062304103,25.513817849700374,24.714467380754563,26.838611129536904,25.25147228073477,0,1.34615075019877,0.121178780841071,0.468593977449557,1.61641640091148,False
P52594,2,Arf-GAP domain and FG repeat-containing protein 1,AGFG1,20.954281368927923,21.008732294884528,20.102516947018785,20.551508407096858,21.018881254317197,20.533806594084876,21.357431549790864,21.626188032754836,21.498815252758956,21.380104709636004,20.48380709032653,21.193696772963303,21.544201049256554,22.340574652087987,21.39073712785552,21.773463823156895,21.79957233203425,21.53108770965622,20.08809759786922,19.773908488595456,0,1.23553297954788,0.559778644806741,0.732675882289056,0.592758165420872,False
P52597,5,"Heterogeneous nuclear ribonucleoprotein F;Heterogeneous nuclear ribonucleoprotein F, N-terminally processed",HNRNPF,21.900528743332046,21.61886478553418,21.80090277298314,22.7149639811546,21.89719800441331,21.10784512641316,19.98794162822353,21.41731221699504,21.661852630039085,23.034931589943085,21.335916374792223,22.725139178260836,23.218983173641515,21.03356136263453,22.157698960619513,22.54431225103963,20.76147394097298,20.660008626564036,21.68011645689759,21.92702473872777,5,1.08779344483196,0.814617477981573,0.815002833453775,0.237489243714244,False
P52758,6,Ribonuclease UK114,HRSP12,23.89334312137,23.869802975843992,24.14155112568644,24.360442491492048,23.839317517454433,24.69389388239285,24.1924445060382,23.563175843237453,23.523153057438055,22.387997001446948,23.432938250954717,24.318113720636326,24.155527374411072,24.0640005706936,24.353861125620487,23.524591400309536,24.018672288590658,23.83184939962793,23.988300154939928,23.833442948275096,0,1.02019598051158,0.660107213442446,0.764709149984281,0.446184385821261,False
P52788,2,Spermine synthase,SMS,21.824536355919403,20.057362438698096,21.72976380735321,21.545101616348838,21.053140655253415,22.19750784323274,20.985695919151095,21.123473991994697,21.100479514880494,22.357759479300146,22.0437351501026,20.857338132605502,20.5355195258013,21.569082668100716,21.240965658030053,21.674182265089044,21.4569856618937,22.033676162643324,22.034073623248077,22.21740438983329,4,1.08938577264395,0.576688935577374,0.739323921933528,0.567205412183899,False
P52895,14,Aldo-keto reductase family 1 member C2,AKR1C2,23.743090939451804,24.111580061582558,23.703941516593975,23.96931463685275,24.338150776532633,25.94757313955726,26.255700747677835,23.35747824705267,26.096379567346542,24.1420227040012,24.527755208319327,24.766896775852818,24.99165009109839,25.20111531877519,24.320703309943717,25.928434505938558,25.635257525506702,25.475449204364494,25.216208143147213,24.892100866832216,0,1.14899414976786,0.10001642315298,0.436631574812394,1.72199384322994,False
P52907,10,F-actin-capping protein subunit alpha-1,CAPZA1,25.35777798899524,26.06132507841707,25.43359686689412,25.70590989651138,25.420819112429342,26.0210724209189,25.51639347955903,25.734277567206195,26.08843995490259,26.08544956965388,25.58050189090897,25.668729858972362,25.548917469208547,25.70882481392479,26.104216703541518,25.92740992517166,25.88681815511704,25.85323845672394,26.093818761240954,25.867362718017834,0,1.04618456905057,0.551977829811392,0.730786710248407,0.604680617362518,False
P52943,6,Cysteine-rich protein 2,CRIP2,24.23356169590684,25.21241183060335,24.27690479661141,25.428288718845042,25.470411864554308,25.46345862727033,25.06009983407539,27.21552283694969,24.51013343986825,26.504737138059376,25.136914868410738,24.628860037161374,24.951872774389848,25.630019358525747,24.336245582703516,25.229762612407367,27.00165953970398,26.15768337024429,26.277462061832157,25.944053045358213,1,1.06853158487199,0.545919061060879,0.730613623538725,0.6140019919828,False
P53004,9,Biliverdin reductase A,BLVRA,23.155780987056925,23.496014139887134,23.24897783290237,17.843217183592486,23.499482048217295,23.594544543364748,24.576457484235323,23.573533493984243,23.77477220077516,24.936341181309754,23.368980410560297,22.010203750335222,22.406840583784078,23.614235995249828,22.313819305469686,24.394454155780544,24.601118526611657,24.518227069365334,24.508430598863598,23.636251404613425,1,1.05177476978399,0.508838768595284,0.718013241235623,0.6723107888019,False
P53007,6,"Tricarboxylate transport protein, mitochondrial",SLC25A1,21.151785271730784,23.556425970993175,20.527248367679267,22.384238197177112,22.412582659457314,20.042491099284415,21.880127674373323,22.189661110501774,21.80369708271107,21.07060191707147,20.98397444107891,20.849820592630355,21.205364070336852,20.725820682150996,23.118640408397795,22.23274615028964,21.287915004654288,21.727528351532904,20.33913770024624,21.866101296648058,1,0.77844750860827,0.528970218787961,0.725225836126963,-0.640375924560353,False
P53396,15,ATP-citrate synthase,ACLY,20.41681269468815,23.47047370841023,22.620560073515925,22.663155921852216,23.360442312045727,22.92978695188147,23.405910559299837,22.32335031719851,24.139029149736313,22.78458113200663,22.855044681700207,20.49097740078441,21.56220979473152,21.379053171427586,23.16341543074556,22.60623326065273,23.021214590454413,22.328501116381002,23.20893319186212,22.99817664936043,0,0.719129889827227,0.270461833009301,0.587927183588789,-1.13235579918387,False
P53597,6,"Succinyl-CoA ligase [ADP/GDP-forming] subunit alpha, mitochondrial",SUCLG1,24.349935579482693,24.857326746548104,25.570001104754716,25.068552784204133,23.683478749331126,24.644913770680933,24.78735924104106,23.583127429107847,24.47918588610551,23.62945270786333,24.14266712788883,24.714560983636897,23.379571657605606,23.859222344081523,22.811395634620816,24.561998929885284,24.09370859958177,23.755676234188925,24.191093017083155,24.97872945863227,0,0.741422022128353,0.150560969401087,0.503568020157996,-1.49299008828006,False
P53618,8,Coatomer subunit beta,COPB1,19.21925841392218,24.32445581025456,20.688366896703524,22.29460149339336,23.289010126269744,22.28133831473372,23.727321775323052,22.763635887309075,24.06938703678282,23.058141363009728,23.289927914554013,20.762570686249994,20.860122216980816,22.960723078775015,20.86102284351953,22.971966059514934,24.474199396464627,23.503601133990763,23.422550583992326,22.853546088302686,5,0.946331258250464,0.96402751468347,0.839800241506769,0.0456503266997908,False
P53621,14,Coatomer subunit alpha;Xenin;Proxenin,COPA,22.80857282452843,23.312382165032737,22.372064389219283,22.70149846157195,23.525870668007688,22.488803738892088,23.42516103819943,23.185693349783698,23.602038406033625,23.949555798881732,21.870977471378307,22.180210870059756,21.57230025336029,23.775143584871106,23.216182506896022,23.859290770905087,24.226681555130256,24.03735778322616,23.332618605141864,23.75207321097658,1,1.15199824515304,0.876471977254156,0.825812662811676,0.157382546640075,False
P53634,8,Dipeptidyl peptidase 1;Dipeptidyl peptidase 1 exclusion domain chain;Dipeptidyl peptidase 1 heavy chain;Dipeptidyl peptidase 1 light chain,CTSC,23.802892775105928,23.962739301830744,23.214768268418947,23.68487341981724,23.042865494012048,21.004936652446833,23.33032248020531,22.50215245625541,23.025091820659558,24.215279918924377,23.458680355929932,22.677955145878112,21.901156824977907,24.835327286821027,23.86006437859687,25.180100953007756,22.702845036141913,22.8886288523133,19.085908212759925,22.914409534058983,0,1.17300918905625,0.690889581161449,0.778096232572657,-0.403276622053162,False
P53985,2,Monocarboxylate transporter 1,SLC16A1,21.412262094074464,19.673868813477497,19.07022015762539,20.300679752641077,22.112113081418567,17.833212449428267,19.739402649379585,21.789190512711965,21.532666577414034,19.790163192560335,19.02124268176071,20.884398280664843,21.950686296418507,21.249907884888323,20.738465371441716,20.628551414960462,21.935778952569464,20.302053924765403,21.257232371239187,19.898484069700324,7,1.13375304174219,0.377096396114562,0.651298791049508,0.902695616033186,False
P53999,3,Activated RNA polymerase II transcriptional coactivator p15,SUB1,21.86249832737079,22.425612851780016,21.568492885788775,21.351638924892633,22.31241025290404,21.932729739280525,21.189270258243052,21.10908670504986,21.969281155231332,22.605275632450077,21.550434795504028,22.118213968989647,22.30975533982171,21.94580938843364,22.37981117280085,21.800904395319396,21.560919548318868,21.46980509572348,21.89516748573742,22.13153865121173,8,1.0223021528694,0.742727388817143,0.798823546685696,0.332682543506517,False
P54136,12,"Arginine--tRNA ligase, cytoplasmic",RARS,22.67943211560872,19.898860707954295,22.649629510677983,21.7367526198781,21.427614176741834,23.065876761612465,24.36938468327472,21.50050405521364,23.513171759785653,23.726777308614075,21.706208234677682,23.442423727975896,21.47245797857566,23.769833186630656,21.55542731975413,23.253367253824315,23.21409540350241,23.67635453476505,23.467601770048645,23.721452937410753,2,1.17300895556105,0.27111750553505,0.587927183588789,1.13076055773045,False
P54289,16,Voltage-dependent calcium channel subunit alpha-2/delta-1;Voltage-dependent calcium channel subunit alpha-2-1;Voltage-dependent calcium channel subunit delta-1,CACNA2D1,22.640360516396324,22.561749539766048,21.409368711840138,22.04425866681764,19.660606497953953,22.952715074821366,22.144133119023106,23.325190369334756,21.403134006743223,23.29119584030562,20.011766714233342,21.65612789690637,22.728139116114058,23.511094787647135,23.302836889150203,20.294275713209913,23.245422372853206,23.182645947240648,22.722044444394957,22.66799539014564,1,1.19270030353735,0.711308257081037,0.788733295532262,0.375240040871646,False
P54577,8,"Tyrosine--tRNA ligase, cytoplasmic;Tyrosine--tRNA ligase, cytoplasmic, N-terminally processed",YARS,19.3136673152604,21.094743912382086,20.358411917009636,21.433301613120808,20.307411510733267,21.89985298975352,22.3945396328279,21.032643405302878,22.835650118656158,21.944785060218916,22.558462587112963,22.647477132490426,23.437799509360854,22.105906622280084,21.21998700571967,17.2279088517205,22.02946517118324,23.68656834762705,21.507122180190184,21.14341104317374,7,1.72601722912536,0.393705012217464,0.659915516841869,0.871116180799727,False
P54578,16,Ubiquitin carboxyl-terminal hydrolase 14,USP14,24.38987794043576,24.837287094323095,24.367384868279412,23.415906185304024,24.009449205895912,24.599566499844695,25.34654015483894,24.835691047475805,24.87689921794685,25.088500094065807,24.119150696317146,24.457947555086566,23.66652181062181,24.955580257986313,23.697889803134714,25.37002646196557,25.13351059162296,25.377723216856893,24.70485753466848,25.188179693144207,0,1.08968870321152,0.664980738881359,0.76714524248479,0.439336147386778,False
P54652,15,Heat shock-related 70 kDa protein 2,HSPA2,22.045746343958534,18.900425281383214,21.08267773783869,20.53392029808325,20.971756872796306,19.139502443830036,21.28860908182896,22.19648188772661,22.82480041610163,21.871351356018504,21.80103601185363,19.284159814132824,20.03745815217687,21.58543665307971,21.267980645215783,21.3375775602604,21.558783493956856,20.858519396748832,21.590990388561,22.574901313110093,6,0.941733258221781,0.827594426887726,0.818187832819081,0.220568489579485,False
P54709,4,Sodium/potassium-transporting ATPase subunit beta-3,ATP1B3,22.230059363194076,20.099324638374277,19.822161836499586,20.695840332627487,20.514040928519073,20.23568093681069,21.7690483114815,21.776248374120375,21.014290308791978,20.93075053173972,20.25194715899607,19.982463244587905,20.93290211041923,22.100118533609436,22.744354294993407,21.64885776369791,22.347746072575294,22.1621886347539,22.93800074927025,20.611373051279678,11,1.70901890347351,0.120956833176262,0.468593977449557,1.61743971142,False
P54725,13,UV excision repair protein RAD23 homolog A,RAD23A,25.04565370947223,25.123177403132157,25.01375948675012,25.10336146353221,23.39192510732385,24.928073544257327,24.397217484790257,24.972743152993313,24.771646282853094,24.65477056570342,23.69055306716748,24.762515842394485,23.693271304085435,24.493413285729535,24.598672665842216,24.54553256037759,24.828778091158437,24.050833721026912,24.116167454932054,24.905387249573973,0,0.767958595832928,0.127517105236195,0.476445128823285,-1.58783585549904,False
P54727,15,UV excision repair protein RAD23 homolog B,RAD23B,26.174394693077957,26.501485494643376,26.478504905283888,26.77130195396053,26.494049107344612,26.54678679984633,25.88958678789512,26.253043606059656,26.411945906189803,26.030222026323756,26.05091876045454,26.00826234503385,26.178607890635092,26.060096627470998,26.618442900911322,26.329492209614852,26.347273873694647,26.36681955079893,26.866082281862273,26.212767447692787,0,0.966716940933921,0.708362661482265,0.787615499104467,-0.379265156265713,False
P54819,10,"Adenylate kinase 2, mitochondrial;Adenylate kinase 2, mitochondrial, N-terminally processed",AK2,22.718685626783525,22.901466686684923,24.275684383153788,24.75693576959544,23.735106522466303,24.317650880667024,24.363464847945227,23.840482411956053,24.46905109172156,24.331448531646373,23.471419681133117,23.096622799155448,21.63308682924681,23.842676742556566,23.31093623689956,23.387963887434612,24.110891018445237,24.276912578445792,24.394242750208765,23.081343487641316,0,0.723448506341777,0.108007493932428,0.447941514468753,-1.68007931209786,False
P54920,12,Alpha-soluble NSF attachment protein,NAPA,23.263546984640985,24.11320541386561,21.806653248398842,21.8759507564022,22.640149435511358,22.338403688241264,22.65564116429345,21.339616853517807,23.38225960642845,21.49296010279871,20.567461149286643,22.50900392202181,21.4637922385818,23.686676922484523,23.30186916511047,22.771653312873188,23.46035513413197,21.304613996818606,21.43584899839496,22.950653748168673,0,0.940248013910217,0.744611150932705,0.798823546685696,-0.330151608362509,False
P55010,4,Eukaryotic translation initiation factor 5,EIF5,21.029636360280268,22.522383055206493,21.720948457436503,22.544184033520974,22.85093970179118,21.614990134130817,22.61029424685465,22.72557127722612,22.463585203005856,23.475545425344592,22.813529934884777,21.688645150914315,21.628371034580397,21.459923568161248,20.95922196802249,22.66982679594895,23.05987284707864,21.785119837086775,20.90872081295206,22.586092685630494,3,0.779283563780948,0.255244095359894,0.587851806731667,-1.17021066397945,False
P55036,7,26S proteasome non-ATPase regulatory subunit 4,PSMD4,22.294412983801916,21.221295303600993,22.804869979574907,21.715626695786383,22.26986632279038,23.23340246923571,22.048505239164296,21.561135397325828,22.665006899992857,21.915678598796074,21.769251581768525,22.384459359992466,18.598921691421893,23.288717741199886,19.84193124885756,23.35988524959043,22.59855199657236,22.66147035191215,20.94420272023259,23.03228877657287,0,1.07137286021794,0.5141690578878,0.721090302628091,-0.663787880817732,False
P55058,3,Phospholipid transfer protein,PLTP,21.732671750081888,21.74663210602657,20.650109073105472,21.719987692068216,21.89098975367481,21.669131166245975,21.724389292015886,20.81785684869896,19.902939354504742,21.740558158592794,20.79267015071928,21.35034570810112,20.293990135151976,21.37347039182233,22.334363980849425,21.132698502834884,17.84517275870414,21.758825178914392,22.797420681131975,21.77564325109315,8,1.05558480503145,0.660282724451565,0.764709149984281,-0.44593738359347,False
P55060,15,Exportin-2,CSE1L,25.252037502785832,21.80089435011536,25.35923756794241,25.644921791952132,25.257434114283157,25.344174674167903,24.483918737806246,25.187218208910796,24.569521798273566,25.823047395109604,26.14021765293449,23.27942824224423,25.07063854397814,24.880408941698924,22.96019346265532,24.448163921382918,25.71661922596948,25.126303710701777,24.872526802494754,25.400420277562517,2,0.946510053300477,0.855916014810424,0.821068367518388,-0.183860777207821,False
P55072,44,Transitional endoplasmic reticulum ATPase,VCP,29.023408723113594,28.68966333539324,29.009552707901364,28.302355900995114,28.46240310056088,29.38599484986253,29.695447762479976,29.034177990023853,28.965111117258285,29.228384578108777,28.812894003811085,28.89199472067929,28.669271117714775,29.33449725732952,28.91373008566383,29.442670501263553,29.316013197712884,29.43865290316391,29.15320606052811,29.111615909152167,0,1.0706929773143,0.324727064802742,0.619186017833498,1.00883852188737,False
P55083,2,Microfibril-associated glycoprotein 4,MFAP4,23.442229855856063,22.99793394380131,22.390140097739156,23.328466856976636,22.497050419437432,24.997300613943075,23.9741968226817,24.71793994258171,23.752318673755607,22.154606833267547,22.427611249040968,24.76918049144725,23.225949219235833,24.148564243360763,23.57192832259241,24.587519350989886,23.396005509982636,23.643868576804447,24.748420530237432,22.740845955553322,1,1.15621791222287,0.422911206407058,0.673310065329544,0.817613611532801,False
P55084,19,"Trifunctional enzyme subunit beta, mitochondrial;3-ketoacyl-CoA thiolase",HADHB,25.14747843668852,25.659468376818154,26.306351094950887,25.95840222452233,25.26923476320362,25.503070827839842,26.326943236469845,25.929259366484516,26.111728067626363,25.731154121536935,25.253479086722947,25.08751198698138,25.04612620845724,25.88276372194024,25.8064855595101,25.71678754234915,26.056622576803324,25.75368254348558,25.31992491669717,26.09145035069654,0,0.872433002918662,0.301908481535571,0.611114865961753,-1.05882307463801,False
P55196,7,Afadin,MLLT4,22.875678395206993,20.169094015656015,22.75459546394313,23.502696773956046,23.35734989455235,20.916046551482136,25.09156625316976,23.670990327258433,22.78951598258396,20.30477881257854,20.410118209149942,21.1605865751888,22.38863016038348,22.94359970752958,23.129362913703282,23.69385377223019,20.223485806494985,24.291983005150954,21.31248883932942,20.901609720114966,1,0.67573970388318,0.456994835855735,0.69086707470759,-0.758033436123057,False
P55209,5,Nucleosome assembly protein 1-like 1,NAP1L1,23.98108879434827,21.36726673927826,24.15053688262252,23.555004868576148,23.689726858883777,24.905051808472333,24.272272366775013,23.90531180509878,24.225485067895857,22.9798205671482,24.20244523438917,24.61715499604595,24.398440229994456,23.80630123341271,23.467829134909636,24.080413700788252,24.629132902781254,21.91020648521219,23.155389535408645,24.92051382247011,0,1.14545633678111,0.588419948535974,0.743447109981051,0.549701913292392,False
P55263,11,Adenosine kinase,ADK,24.48666844862011,23.359377467703975,24.37413931412878,22.45084344216652,21.992713196700805,25.022953983650726,25.175619151238266,23.65522912703265,25.486212347694256,23.76911815811414,23.49410487347664,22.248530173831444,23.425244840957088,24.01044978137196,23.725622970299742,25.115923691215713,24.862150343988237,25.02418631694696,24.098221241438782,24.49698778170845,0,0.94835465132963,0.834117017159095,0.819265653095417,0.212088822280263,False
P55268,45,Laminin subunit beta-2,LAMB2,26.645896912897562,26.913012520724678,26.062856510067036,26.136737240982374,26.29168280753764,25.138020966060772,26.169813593215014,25.331600397589245,26.18082029047375,24.691240892146535,26.08876659231777,26.47474113166457,26.3265250478721,26.07630421280218,25.392584823840462,23.94211105323888,26.34986501132596,25.583977091343545,25.763096581469885,24.9120455030855,0,0.844582442972627,0.331751420323654,0.621344828365596,-0.993950082838706,False
P55290,5,Cadherin-13,CDH13,24.31320909928708,24.908695057816296,20.934312965776073,19.915964587961295,21.89159550061308,23.740036859113484,24.277165760992297,22.899623497913403,23.157076510708,24.55770968559457,20.707123857836052,23.343194086057604,23.254174401700773,24.307217512318015,24.11352491057707,24.542948202642485,23.35977736938244,23.455989344896057,23.047299338859606,24.322434582694807,0,1.01616243683841,0.501802978531627,0.713482138287474,0.683638092101619,False
P55735,7,Protein SEC13 homolog,SEC13,24.399988300194817,23.993139995743757,24.639832175434602,23.79803602894206,24.562962100295277,24.420854822566724,24.641180375523234,23.769053553547074,24.87075337505408,24.200084628810977,23.03236948535477,24.060609992413582,24.002754499540085,24.246565160056793,24.949869904678106,23.39687432981918,23.774002718186786,23.421242130285258,23.392306135100952,23.6408710831434,0,0.717752254780875,0.0239675813183053,0.254874875783166,-2.43677450528418,False
P55769,2,"NHP2-like protein 1;NHP2-like protein 1, N-terminally processed",NHP2L1,19.93032741999422,20.533246939863975,21.734030613936575,21.506598350677017,21.960415302622103,22.031560966432053,21.259590477220854,20.474933172215117,21.339331199736865,21.90447262262119,19.749210762963084,19.74093278349586,20.42490509811525,21.70458370467366,21.943743528045303,20.84697472599745,20.314439093033158,20.30953174278824,21.562418148648483,20.512155339542936,6,0.706076467302711,0.138835290088383,0.487227709966479,-1.53962370093176,False
P55786,30,Puromycin-sensitive aminopeptidase,NPEPPS,25.53681904530337,24.783916115478448,24.709194542504115,26.14642700450009,24.769101346906993,24.756131484584095,26.137693610043183,25.5258142360138,26.07349226585279,26.008295072760163,25.052270472506425,25.33443964083401,24.517533710469984,25.908468295037096,26.17060662486205,25.687472961003248,25.877606581304573,26.06954329755585,26.1551448241807,25.639204571806943,0,1.11336639144443,0.425064451062463,0.674669112819751,0.813763313828708,False
P55795,5,Heterogeneous nuclear ribonucleoprotein H2,HNRNPH2,21.678394130787424,20.706646339250558,20.863175321416392,20.413172592444116,22.24293295346346,21.202631182370858,22.652268727794336,20.68801756402395,23.00839327940806,23.397153339503948,20.747863910357104,21.394686749148242,21.585452257607926,23.28192146829751,23.1557145216115,22.936418337123012,22.641376048737403,22.529021478463356,22.007628750154165,22.57046491663453,3,1.33922515112804,0.15156455531086999,0.504888783732783,1.48913894984352,False
P55809,13,"Succinyl-CoA:3-ketoacid coenzyme A transferase 1, mitochondrial",OXCT1,25.392926404630305,24.24808974106678,25.391912746407105,25.61934424041392,23.925063376105843,25.70866030589396,24.58251913675007,24.031972409739957,25.579049533164785,23.665042259510102,23.2606467461701,24.857748922767986,23.69044620868909,23.115695236962985,24.680760821519566,24.278280592327018,23.398935078956,24.18089913025647,23.405972714386742,24.85761521872702,0,0.541371454259399,0.0195703865359589,0.236659049950114,-2.53118093307594,False
P55884,10,Eukaryotic translation initiation factor 3 subunit B,EIF3B,22.568168359517767,23.22776765818291,19.433463549604273,22.157390360837084,20.227354959530903,23.409976446413456,23.83087274520618,22.73501419533854,23.57796175567698,24.34166676541341,21.541515703805537,21.978256721153546,22.694963709712503,23.263858982056323,23.81272670401869,22.81487471367595,23.291425428363926,22.403814906831776,21.989091178467493,23.40173862646734,0,0.862926119633248,0.703103411167159,0.785121265036417,0.386467840112348,False
P55899,5,IgG receptor FcRn large subunit p51,FCGRT,22.345037888773902,23.761123470630423,20.962387917388796,22.818819331808523,22.363610679859516,23.30038192440809,22.621562174072775,21.793968217982588,21.106339438327282,22.639530158993324,22.382307942207287,22.498867042897636,22.473056628704732,21.786498988408493,22.523959039514725,22.077510150238417,20.839798452315137,22.225888961701163,22.29069658855581,20.46978888466847,3,0.702183594341737,0.266225173510496,0.587927183588789,-1.14273283202172,False
P55957,2,BH3-interacting domain death agonist;BH3-interacting domain death agonist p15;BH3-interacting domain death agonist p13;BH3-interacting domain death agonist p11,BID,19.561595373710286,19.768816097795078,19.508605169896153,19.18726563335274,19.65530179996529,20.059123992723492,19.348541301857484,19.825343745520907,19.493331461810246,19.78004644847377,19.547233173603708,19.502348552919763,19.685489085231843,19.06986735060144,19.611255600189764,19.743105821493906,19.701292814453762,19.42748041124584,19.42838588937598,19.162344697992907,12,0.910270738553039,0.484347032119664,0.70563943339286,-0.712139134031521,False
P56134,3,"ATP synthase subunit f, mitochondrial",ATP5J2,22.000103966585538,22.72477409148243,22.438175893247298,20.755725224084102,21.43286990219333,21.504647385652454,22.21866929986559,22.62599666089457,21.95263637223511,21.13368340308847,21.505051878088246,21.451991431154994,21.381708192673443,22.51812551502608,20.00002945893336,21.6785239874072,22.59904121157905,22.302291159409993,20.094319178710904,20.69108812670445,3,0.791617592131806,0.245698652435528,0.58311339070537,-1.19482234864794,False
P56192,7,"Methionine--tRNA ligase, cytoplasmic",MARS,21.88543449914267,19.39095769721731,20.2516237211912,21.090575808855252,20.592045962137437,21.65465536151023,21.980471215266583,20.534465952943215,20.999581054023537,22.283131292102052,18.397458534837554,20.808686101220214,22.234342414514906,19.25448845777426,20.64900344513891,21.192964631043704,21.83208524435902,22.274435848153576,18.9161338379504,20.036123717585234,9,0.859491282600617,0.316962982790461,0.615712669870206,-1.02555921151775,False
P56199,8,Integrin alpha-1,ITGA1,20.844830648986722,21.124454529764595,19.322200989441562,22.199506722960205,21.392478637648225,21.59126254439331,19.959351762381427,18.157884570522473,21.28533282826861,20.186079134491408,20.64786507920743,20.53607751234725,23.309160614291038,22.04767246213761,22.452504241404714,19.291577198662257,20.908836872808518,19.705992799121432,18.579528158384935,20.955818490853716,2,1.43216623401109,0.635283513138719,0.7585186811081,0.481414868463094,False
P56385,2,"ATP synthase subunit e, mitochondrial",ATP5I,22.849034268460752,23.213897223231204,22.494921137004816,23.619586242434266,21.92495148000779,22.730746885444194,22.684649865839503,22.912939928888896,22.96669765058691,22.172770923534525,20.711693277196527,22.786933397807395,21.62904566402495,22.859396265787268,23.54787947555976,22.637261246071848,22.66364642516427,22.310593476162516,22.2087571353556,22.67072300982245,0,0.830735665305012,0.275404314390164,0.592304662705395,-1.12040008647933,False
P56537,6,Eukaryotic translation initiation factor 6,EIF6,23.16653667406143,23.166466269072508,23.429023221201906,22.034091283673884,23.660879757286637,23.538463091913105,23.19630914833774,23.20573543403157,23.6115198744459,23.232173266487834,23.71762819441454,22.86440792110939,21.69936004866598,22.037537675111018,23.759251392519495,21.836620723157054,21.4048230661121,22.952689121679413,23.20792686517321,21.872974082743827,1,0.702309755121772,0.0420898373010206,0.314522477872934,-2.1669359184825,False
P57737,4,Coronin-7,CORO7,20.99928349351033,22.03520145791956,20.395809106859026,20.941816865966512,21.076969493434024,20.842730492384266,21.536776352064738,19.24452242708964,22.749641835964695,21.825385862902774,20.616782671850704,20.902341935955274,20.66907143864758,20.946522327864642,20.604820154936142,19.30045138968708,19.593405198306726,20.169083711878443,21.361549800074847,21.558841233448682,9,0.609274645614607,0.146350274759741,0.499252044426215,-1.50938099520754,False
P58546,4,Myotrophin,MTPN,24.22318924702485,25.61681758746972,25.154284615594232,25.187428177027215,25.48642361836971,25.252935955454323,24.908157550975808,24.62217347775254,25.321306930965488,25.436224981780512,24.96576834667824,25.353953768716533,24.229493812286016,24.47385675644868,25.38189233672548,24.992947018655308,25.29249705647756,24.94385878099615,25.468652454707193,24.56766404427824,0,0.900023653756597,0.467955948813954,0.692511158929459,-0.739451048371362,False
P59666,2,Neutrophil defensin 3;HP 3-56;Neutrophil defensin 2;Neutrophil defensin 1;HP 1-56;Neutrophil defensin 2,DEFA3;DEFA1,22.045623521989032,24.462487962654308,22.246261659567086,21.482383561612696,23.22693068603765,22.846427109923496,23.72300723463237,22.277568709945655,23.51882622687079,23.78724194987797,25.119826187229087,24.451668317258036,25.25037946605147,23.907820282394706,24.205675434969983,23.454436931641528,24.63003081473362,21.372569782655205,25.74276429764546,22.388840673129437,3,2.40704940717966,0.0305410231421014,0.27325797600272,2.32211119782632,False
P59768,4,Guanine nucleotide-binding protein G(I)/G(S)/G(O) subunit gamma-2,GNG2,24.66591898762247,24.90239195656535,24.819668708110452,25.29584971357035,25.075088359650465,24.696218821797206,25.3442665802697,25.16785989519904,25.34875005499392,24.617914956751324,24.492531503261723,24.904661242080785,25.351521907728557,26.098975579324602,25.06414374335069,25.380096885491795,25.51024601680458,24.66726564988563,24.830440430531294,25.56972290721144,0,1.18359727716409,0.343432202067587,0.62953495777516,0.969668683396861,False
P59998,3,Actin-related protein 2/3 complex subunit 4,ARPC4,22.247486617216783,22.044499319996138,23.084883790918706,24.039364834247092,22.062258316854617,24.133920849685474,22.16616646628442,22.971335326023034,22.20501284977881,22.9776090046693,22.67579561005342,21.96521044306246,22.324996033990296,23.188566944241103,24.852580186029925,22.804822598794065,22.651434386302135,22.901025270148292,22.988329459843207,22.305852226201296,1,1.08191167013768,0.843810669135966,0.819283344390874,0.199515841172158,False
P60033,3,CD81 antigen,CD81,25.02416215870611,26.1293108202109,25.644868065798818,25.979862394411995,25.409800039040814,26.61185886362779,25.72589940285077,26.203068527611073,26.215819978652405,26.344266522135285,25.27893956117557,24.695225348592526,25.664823103867235,26.47664658401418,26.275666764616506,25.74948529999514,26.049350641165777,25.17284523318281,26.767393596600666,25.70098834032343,0,0.938686763436376,0.541904845633033,0.729692264899217,-0.620208177119723,False
P60174,15,Triosephosphate isomerase,TPI1,29.638497810042022,29.68409687009101,29.722366195514564,29.82364051957675,29.589251808745768,29.82004085662918,29.857367738852506,30.27973266388929,30.003562760061012,29.951825575657583,29.238360412854384,29.72558824188003,29.43955070128189,29.67265723984465,29.611772727636694,29.987242841047955,29.99615656402659,29.955416343208498,29.909866140735023,29.72131013552052,0,0.929198088050035,0.250822945116041,0.583149616570681,-1.18152267060405,False
P60468,3,Protein transport protein Sec61 subunit beta,SEC61B,20.284999008835655,22.012220943489005,22.106785707525766,22.50738616898756,22.57541998338867,22.551316042234593,20.28561632558212,21.486236863697894,20.781793447800343,20.957314630742356,22.33367363489853,22.467416406667525,21.795744585090322,20.599005784912006,22.454646489710363,20.436956906983408,20.430796622598113,20.303002629370443,21.790479717064017,20.47123889579604,0,0.85817262709209,0.510565810978784,0.718858449781335,-0.669543859358915,False
P60660,9,Myosin light polypeptide 6,MYL6,27.162078802106496,27.524571077810236,26.993049146773277,27.663496317151072,27.411248603386028,27.017161036303918,26.819298513836344,27.274553245265675,27.221837290880718,26.934902053985724,26.526922056422965,27.52098412840082,27.513562299063082,27.189820941598114,27.992103708931687,26.451280074423483,27.061216030121376,26.638194483259145,27.18741220313556,26.652646465285645,0,0.952980459468542,0.440335942906098,0.683685726064029,-0.786798861649772,False
P60709,22,"Actin, cytoplasmic 1;Actin, cytoplasmic 1, N-terminally processed",ACTB,28.585388558490763,28.00859257331734,28.545860173085654,28.495701546404753,28.386812343610277,28.40037930922038,28.45889217449501,28.157246732518477,28.162077639843165,28.778939790960163,28.471828604892583,27.8232456665984,28.624866322441843,28.183503850145588,28.865123353265002,28.119681276966094,28.194190186153875,28.09576683461607,28.208280731915274,28.010433123934867,0,0.917801982355811,0.305599049246389,0.613761111131612,-1.05056138207101,False
P60842,10,Eukaryotic initiation factor 4A-I,EIF4A1,23.85595964129962,24.077150964078104,24.093624055852555,23.877995424133257,23.928472044730267,24.2998788261612,25.768746782995446,25.31142168921267,24.897857135554062,25.958820097994792,24.147613860452317,24.420745122522593,23.289772535282825,25.409937241544267,24.29022589129602,25.584380962358434,25.565448190008063,25.639814578927304,25.268395145309622,25.505214952645282,1,1.19648567021213,0.20519280327854,0.545341526457681,1.30816133099814,False
P60866,3,40S ribosomal protein S20,RPS20,24.262681540679296,22.93903438954962,23.607302901198608,22.98950992533827,21.865945886176775,24.060024212551035,23.122360986596057,22.531975978284798,22.185313002161337,23.789964204715016,22.35515315369441,23.104065036078588,23.874450578953535,24.04226929451988,23.966695833000365,23.546734046115176,22.953964222821483,23.200250692987378,22.37151547659769,23.200575620889516,0,1.03289250343549,0.703342654786494,0.785121265036417,0.386139739010452,False
P60891,4,Ribose-phosphate pyrophosphokinase 1;Ribose-phosphate pyrophosphokinase 2;Ribose-phosphate pyrophosphokinase 3,PRPS1;PRPS2;PRPS1L1,21.325676983732198,23.421357698523483,18.482418319018976,20.074620297258452,23.413072983709302,22.358703628293053,22.583623716263485,20.956967981538135,21.220288836250056,21.719259093110015,19.21716556290126,21.501268273242207,19.63559563099352,22.62549440859001,22.238023696046323,21.77722970153867,21.16416680467783,21.76095054394962,20.27199264246706,22.786034729319578,4,0.733365160574195,0.669992724444416,0.768717634402391,-0.432315594635946,False
P60900,9,Proteasome subunit alpha type-6,PSMA6,24.879183514394033,25.025194220909967,24.991428065045458,25.21983332993087,25.06124054253312,25.230070776783883,24.753999194095943,25.17431975900425,24.291209250118694,24.939065592481214,24.89528337789444,24.791765018572885,24.86660594991241,24.896035360822005,24.98062156893167,25.118080634242684,25.32529796582202,24.959097926724453,25.174640014308242,25.31472261577512,0,1.04594522674636,0.596268077058287,0.747184243702463,0.538088689453407,False
P60903,4,Protein S100-A10,S100A10,28.359408158777196,27.929665520432245,27.31369403553822,28.071585308095035,26.98468790617088,27.471974384816438,28.44140316572754,28.72266829440356,28.320779586575416,28.312669334414295,27.28708149659581,28.093533209213668,25.23162379861126,28.941885549031298,28.306135876927105,28.030846498185824,28.308632475140293,27.778663597049018,28.265360132565288,28.56348920550011,0,1.01736040674734,0.739437844592101,0.798823546685696,-0.337107567930377,False
P60953,5,Cell division control protein 42 homolog,CDC42,25.255478247921697,23.7781081895157,24.77655154053881,24.490112274148533,24.754588135266243,25.19408214794828,25.350629175202645,24.011314328046613,24.27064990366781,25.678828081026147,24.770065478790634,24.83217371958721,24.098010948328664,24.078453607173895,25.413641636092713,25.210686665971643,24.242815877038726,23.914945935175325,24.094074097964587,24.066594315690267,0,0.810277617016366,0.289914869504957,0.603321843609166,-1.08618206280566,False
P60981,9,Destrin,DSTN,25.35566920036605,24.82246008301126,24.996555254127077,24.727935339479714,25.260984455063006,25.998471435687176,25.544319153851223,25.115453334595358,24.487706220899554,25.727989613798822,25.20591965617172,24.136104127885535,23.891583498271103,25.860019313113703,24.941091454902814,24.443536760540795,24.641801495539024,24.69711636344012,25.680510993337204,25.263409654734026,0,0.828768350036948,0.208947476856513,0.549332366009054,-1.29696425425333,False
P60983,6,Glia maturation factor beta,GMFB,24.18075398070446,23.0407873627938,24.922494416913253,22.108948542233726,25.07003749077028,23.593985467581394,25.11553040458145,24.522476742661045,24.881060350442585,24.832191802278633,24.731853507693188,24.008262345033852,24.602927819055267,24.438448186521452,24.616944165176104,25.747861122277364,24.77828391610209,25.004127945487273,25.187428157651052,24.201965691924276,0,1.2655388016357,0.136634914296844,0.486433579823015,1.54873434099943,False
P61019,8,Ras-related protein Rab-2A,RAB2A,25.08442175503159,25.297991214577912,24.94318714857243,24.67960229000101,24.808654980968146,24.876447328513645,24.755816589838137,24.754026932301624,25.208372226003025,24.866314406990785,25.126563758042103,25.005078800351033,24.438165979097587,25.44727366366651,24.772468842473664,25.44821154686913,25.391188101371036,25.52256063843259,24.719804658725714,24.20498943154219,0,1.09398784790354,0.670969055172257,0.768717634402391,0.430950580318612,False
P61020,5,Ras-related protein Rab-5B,RAB5B,21.31309206730488,21.70798932622189,22.467663345636463,19.949195332539393,19.78247399636206,19.175982758601023,22.818630029257516,21.352846641700523,14.595685856496132,22.495272767076,19.548232084737105,21.573446916842766,22.03477924089625,21.74891921869394,22.19913192385013,22.012099264810278,21.499269687216998,22.965228025345287,22.627537492452955,21.884985770822563,8,1.39236189600245,0.119883677909011,0.468473175942793,1.62240996490856,False
P61026,5,Ras-related protein Rab-10,RAB10,21.83806068586881,23.310683210911886,22.499604535990464,22.83218325099037,20.754269086830412,18.82579320841332,22.631332840151018,22.278469990930503,22.487160363840264,21.74472574000429,21.66869565262825,23.137817580309616,20.814885032563524,23.563542439585813,23.90549991690963,21.11360738078255,21.056908241726525,22.467966392401053,23.15682433914788,22.669718697188163,0,1.35525020445391,0.411498339251598,0.668891502267805,0.838230838487571,False
P62837,2,Ubiquitin-conjugating enzyme E2 D2;Ubiquitin-conjugating enzyme E2 D3,UBE2D2;UBE2D3,22.994162011299437,23.016118240711446,23.11340872592043,23.12062256266258,23.60148860053591,24.026037804698174,24.16057474146493,24.144134747547486,23.639225262792053,22.907312863597312,23.194468805888153,23.049392494692203,22.621381328594534,22.43393970012107,23.302433749684123,24.180645685395202,23.903582287501735,23.257162227313056,22.92479574737298,23.0213074331453,0,0.828429608239628,0.232616881106683,0.574247841406147,-1.22975100462663,False
P61081,4,NEDD8-conjugating enzyme Ubc12,UBE2M,21.132586698243948,20.06759334081421,21.30604138305861,20.84875205428096,22.132949369110467,21.955823216147554,22.175669669308196,21.638648953031993,21.289166449758774,22.627375286000394,23.180060920309504,20.35891107855205,21.586841914200416,21.27119828951703,21.855097558934908,21.954127294891308,23.00489359270842,23.25679505147881,21.203414934242154,19.97796463799459,4,1.37757654795237,0.561841185114373,0.732675882289056,0.589620395698412,False
P61086,4,Ubiquitin-conjugating enzyme E2 K,UBE2K,20.757899413303168,21.493240703945997,21.650656949326194,21.045952288255798,19.41104955362269,22.578517725061197,22.44951623366799,22.17110328001985,22.69788605488706,22.79413719665485,21.004914567307374,21.96220497638764,21.305261578536044,22.494374855292147,19.728056530124825,22.35157805898845,22.37979753605485,21.512179140284672,21.10115255203685,21.78356987456213,3,0.845170049765849,0.686028220753675,0.77472505509616,-0.409999711759387,False
P61088,6,Ubiquitin-conjugating enzyme E2 N;Putative ubiquitin-conjugating enzyme E2 N-like,UBE2N;UBE2NL,24.797524934208365,25.358363598271026,25.07263188125479,24.360876820157912,24.7379118345487,24.86127045767233,25.661614204728973,25.240566670334946,25.11659730975311,25.74405138108159,24.88614439578174,23.894123975369315,24.657677633300022,25.87271130375784,23.980495574866627,25.700806243194613,25.662939812931057,25.835091366210435,25.168478019345997,25.642389411175884,0,1.09631962121957,0.877682821891122,0.825812662811676,0.155826638705315,False
P61106,10,Ras-related protein Rab-14,RAB14,23.619149953232615,25.154802792418174,24.20796752465549,24.055196050352166,24.115312448101193,25.417186554217942,25.42473602861,24.44160123211072,24.336052047335492,24.908810307137145,24.216407838870428,24.450732579411632,24.051315575624294,25.347762095497277,23.431974212973365,24.01382030706336,25.330248025588556,24.626920975574176,23.903586633880717,23.53337007268513,0,0.837944404822552,0.325414560783621,0.619186017833498,-1.00737148781887,False
P61158,17,Actin-related protein 3,ACTR3,25.98817435040155,25.41333210694599,25.354778892643587,26.01627575063401,25.610932608762344,26.462217278853622,26.00058387939229,26.494709293294665,25.936808387990702,26.823549740362797,26.244750677219688,25.978144552306997,26.30873960457304,26.41376647845712,26.690787694325437,25.353872901679008,26.03866472481359,26.158076653765367,26.412730465003467,25.964452797516884,0,1.08100675330089,0.383333456757112,0.654241179953822,0.890731418275429,False
P61160,10,Actin-related protein 2,ACTR2,25.45337746942961,25.36735391381775,23.61891613586646,25.11885179143748,25.086471948855927,25.469443466583304,25.23369925576485,25.129595355712596,25.39035154542319,25.32058352101062,25.054199295434078,24.93624449874273,25.147309654800537,25.667332845022095,25.465382302807665,25.723079649503628,25.670305665120686,25.660619400819613,25.523119688638374,25.504732297967085,0,1.20565205111228,0.119176844551518,0.468473175942793,1.62570409170318,False
P61163,12,Alpha-centractin,ACTR1A,25.58268649235994,25.354218511628616,25.367124449310694,25.295887570142625,25.48976867038197,25.77561746232553,26.720823478392983,25.60083634333526,25.95155420630395,25.998712825118307,25.19512159853588,25.648988299958877,25.341695119968005,26.236250321305754,25.776937362471514,26.020177640878757,26.026782086377864,26.333764783099692,25.633925293914753,26.31953313084799,0,1.0891223187713,0.407032134551095,0.667230055411307,0.846397909263305,False
P61201,8,COP9 signalosome complex subunit 2,COPS2,19.88452654322512,21.651553105968155,20.884759258228495,21.721185350368643,20.998750626602103,21.375627630742773,23.302833016441493,22.707514348203226,22.354475896012072,23.081742474676666,22.800627536927742,19.814789725167778,22.611607561893518,22.19673435814494,22.450613517253707,21.912647193323416,22.476996737801645,22.810242718013598,22.135442126595596,22.807848368023432,1,1.18203412656041,0.29192416375119,0.605169374727376,1.08154250756402,False
P84077,8,ADP-ribosylation factor 1;ADP-ribosylation factor 3,ARF1;ARF3,24.92683526690422,25.34090692558844,26.077669919670218,25.915362492115083,26.16460609721968,26.43298729377683,25.41147143043872,25.470266327317493,26.063129467275193,25.764686429485685,25.70787554238057,25.51859116156236,25.448108033260894,25.71556554808405,25.459473030093296,25.897951530296545,25.824731502201015,25.709936811330678,25.554310118652772,25.519918596472984,0,0.884518019119635,0.491953119810067,0.709261894965122,-0.699648861720758,False
P61224,10,Ras-related protein Rap-1b;Ras-related protein Rap-1b-like protein,RAP1B,27.162890771196167,26.897438993456095,26.728339591770823,26.40499675734391,25.96973663274551,27.07623505096748,26.971089386056793,27.004466326155296,26.702857721926033,26.63026802014323,25.874984251909634,26.55135988812725,26.031476747871118,26.81594827096292,25.883870702887318,26.67063118206326,26.829190814181885,26.400034746064375,26.572383231652815,26.522603050995077,0,0.791286937837772,0.048198194877108,0.332092812787646,-2.10002589130127,False
P61225,6,Ras-related protein Rap-2b;Ras-related protein Rap-2c;Ras-related protein Rap-2a,RAP2B;RAP2C;RAP2A,18.975496602831278,22.889603904845217,20.963160031424287,21.377785985301635,23.051799451405156,22.857170996344244,22.17700775400109,22.331588662111887,22.29136263856612,23.149693874839823,21.11301383728218,21.664076650021862,20.673476572281693,19.844083563770813,22.987434039332854,22.287342631389606,21.64331427802348,21.348878928475745,22.613261410433484,21.720150753461276,3,0.696124205756865,0.373728352592491,0.650564800765487,-0.909210842672589,False
P61247,9,40S ribosomal protein S3a,RPS3A,22.270572452219277,21.483702587042433,21.77320624117733,22.47863374292159,21.89113579634329,23.625068312685045,23.071411940436512,22.11531700621908,23.694874294571616,23.94574999796002,22.285095484871807,20.64456849113265,21.935376903861297,23.689858889367223,20.849479022790394,22.30721003790326,22.942300037679114,23.146561615454353,24.116770770479636,22.66207741567351,2,0.950905060339788,0.631341710605504,0.7585186811081,-0.487065460933896,False
P61254,4,60S ribosomal protein L26;60S ribosomal protein L26-like 1,RPL26;RPL26L1,19.107032116710457,21.105609075671325,19.75344819148435,19.021370206292048,20.674224008762565,18.86756043307417,20.02585652891698,21.171333709117548,19.958052578468813,18.474192006337063,20.51752271972572,20.284434854759137,21.46543001857095,19.981033048977054,18.022486523866498,20.797980970137125,19.09390469289829,21.453150422559347,20.025160071580686,21.06316745908037,7,1.38268189097678,0.322885159250277,0.619186017833498,1.01277966133182,False
P61313,5,60S ribosomal protein L15,RPL15,19.467928010415008,22.89961436475833,21.15068213743857,21.301144899163294,18.23069033679582,19.23487469295594,20.808925890710366,21.205731282115195,20.51041728728506,22.128740509985676,22.396727668881287,21.13211936544739,21.32385380720782,19.758391951428507,22.1354641681844,19.73656518572305,20.03676630556579,21.444879368317114,21.098777818424168,21.8204180111842,3,1.07971602625155,0.460127443523827,0.69086707470759,0.752695690289817,False
P61353,2,60S ribosomal protein L27,RPL27,19.817994989558027,21.933981470518564,21.606213536560876,21.06526027417173,21.600502643208856,21.405453538139383,20.63921257496889,21.112751632146917,19.90861149616005,20.985670656429324,21.704040315600697,21.4771410457206,21.25411026896425,21.743455210550913,22.078098372676966,21.66788135006231,21.076597202358563,21.79940924740778,21.661271274856748,22.18812458437244,8,1.46595165712218,0.0335934418811328,0.278645428841576,2.27645886884734,False
P61457,4,Pterin-4-alpha-carbinolamine dehydratase,PCBD1,23.258711159863388,23.80828203100946,23.340088800514554,23.55765955461402,21.932392287883033,22.92863691674688,24.221241276934464,23.78961773740071,24.216130763651964,21.232427119422333,22.51759501508243,20.927991553314104,21.59641723129802,23.785553568787773,22.45493671930691,23.54450828270525,21.575825447862496,24.379916574909014,22.72591617792373,24.136801955395434,0,0.812139567080053,0.314788574792101,0.614238736937273,-1.03029355418121,False
P61586,9,Transforming protein RhoA,RHOA,26.02119722561056,26.180860003015763,26.05022713474776,26.04363206370505,25.79397468364577,26.358146047030832,26.38202792896275,26.304069164083813,26.425448064087906,26.32367980343625,25.87709244588967,25.98978707715269,25.75121315042635,26.17462775328323,25.94073531784128,26.235072236140063,26.45149342952049,26.24840106530025,26.209813152268104,26.278476176475436,0,0.951944373155294,0.501910805187404,0.713482138287474,-0.683463819450182,False
P61604,6,"10 kDa heat shock protein, mitochondrial",HSPE1,24.35562861651467,24.989250851016337,25.305834871519984,25.655345891624492,25.002626106101747,24.3726002335526,23.521420903665298,25.07017285043048,24.977048038275022,25.26081421420284,24.193489062751237,24.65250702492586,24.662490976159745,23.325378140516715,24.92664616467871,23.08960248205848,24.07316803947387,23.862418183026463,25.37355310647666,24.11883202598317,0,0.671005371110618,0.0440311747867469,0.322432542423785,-2.14476742892869,False
P61626,3,Lysozyme C,LYZ,21.39270906545585,21.470534576054163,22.096106063347488,21.820483449446773,21.395348256650866,21.71733959568541,19.2293143808105,19.722126776643396,21.02518202821873,20.84977407135836,23.15479857566068,20.65003370164434,21.054572121630702,21.766637539738213,21.324460666916718,20.842053514954152,19.832813361651986,18.99727191326968,21.862657375931455,20.382812289098556,5,1.09070464764419,0.83232904418171,0.819265653095417,-0.214411655772903,False
P61758,6,Prefoldin subunit 3,VBP1,20.17177050421665,21.488038624825705,19.801753194821377,19.770073006285884,22.296927988898602,22.1965526532345,20.66319143790333,21.58342799787616,21.099886822095186,20.147334669651237,20.779223029246246,22.35049130226816,20.226053268497775,21.804516393903466,20.551497191337493,18.969823216907,22.44769014686252,21.026284615594143,21.315762166704804,21.85987509068861,7,1.17665682590842,0.646540307529495,0.760737113067147,0.465364779250274,False
P61764,9,Syntaxin-binding protein 1,STXBP1,19.977354636063914,22.261929919653003,20.875062983955072,21.253118453713043,21.96303522172894,21.009385635298777,22.354265934740226,20.110236415596205,21.501224747817847,22.017655486817237,20.435060961984206,19.92071624228913,21.25011048170742,21.518217313462152,22.392621454118856,22.02071576391869,22.530936765808004,22.236753018252674,20.696388507743322,21.511066343833964,4,1.09767041035285,0.763208999245953,0.806952469492155,0.305279459055653,False
P61769,4,Beta-2-microglobulin;Beta-2-microglobulin form pI 5.3,B2M,23.933049795110247,25.50738123285296,23.264810529743272,25.644535365067263,24.681515133177754,24.130278072694637,24.297735967475045,24.297760636427,24.12856692462008,24.568422816809864,23.102644499626134,25.102538494812038,20.94840848700187,23.776679183782328,24.0978131501028,23.301506222695167,24.301793046934296,24.390219983379005,24.60423551231052,23.43310744304777,0,0.661061513295449,0.083562952335768,0.418710352294526,-1.81824157712822,False
P61803,2,Dolichyl-diphosphooligosaccharide--protein glycosyltransferase subunit DAD1,DAD1,21.61128487948381,21.767752215581442,21.690366659128166,21.094883496588523,22.19574826282035,20.795264456169953,21.935026625090963,21.447342089295265,21.321416709938553,21.887982246133983,21.3830856864352,21.66037268125844,21.709176516075708,21.48895181604996,22.197311652288132,22.03095302781858,21.465819385642252,21.412104253221294,21.284552485897805,21.646132665459252,1,1.01996000443861,0.823170250747335,0.817624247495614,0.226329539755003,False
P61916,4,Epididymal secretory protein E1,NPC2,23.61304646191548,22.507509778724963,20.71833748026762,22.839120449998155,21.061851293282757,23.470711538353267,23.156165074126918,22.406857296378362,24.062973975590552,24.442125323732615,22.832332372662055,22.278563589144003,23.320029148893354,23.494206860216718,23.20212816280581,23.307609091716397,22.671847000944563,22.41638456663596,23.633152377637234,22.88738763269823,3,0.905849815030181,0.624926112860537,0.757592051359005,0.496296941838234,False
P61923,3,Coatomer subunit zeta-1,COPZ1,21.940407122789395,21.411901236269788,22.465290587380583,19.895964534449238,22.18339065737566,22.265392243052673,22.59278949898618,22.06105693254127,22.5984381194542,22.865622180179844,22.676864273095536,22.870519020111363,22.82083627378342,22.416689613958628,22.93542168522204,22.851245448094694,22.96126025070888,22.702348109041072,23.02003768251376,22.865374618047806,2,1.54136202563834,0.0098457868231459,0.181482743058785,2.84300151009267,False
P61956,2,Small ubiquitin-related modifier 2;Small ubiquitin-related modifier 4;Small ubiquitin-related modifier 3,SUMO2;SUMO4;SUMO3,23.954431445316406,23.553555696737398,23.934003558663434,23.910005501952828,24.662961100404427,23.924892958656507,23.33621011528968,24.00779341100705,23.867591475720623,23.799682475900536,24.207422644289508,23.809591544104606,24.155780987056925,23.773837039450044,24.58141346549661,23.77871512537848,23.767216958721868,23.32959554021343,24.228541607065637,23.665406563737083,0,1.02602621295073,0.855625326708558,0.821068367518388,0.184236137266103,False
P61960,5,Ubiquitin-fold modifier 1,UFM1,24.218376694241933,24.421095271048294,24.279342530747446,23.50387710722201,24.2581004690392,24.550335003651607,25.123769053138254,24.956016724734745,24.408604918129626,24.923095134999777,23.274214302638367,24.804739463422006,23.528076025629748,24.47286246370462,24.10210464472624,24.34798855323224,24.979951036606177,25.084017431580246,25.008127451168452,24.768986435917824,0,1.01290229210209,0.896668271282181,0.826708499711055,-0.131479780620758,False
P61970,6,Nuclear transport factor 2,NUTF2,25.74860297082533,25.750927703524535,26.69168581738736,26.60662756645353,26.445991039818267,25.85112634331258,27.036875801798512,26.317700514088315,25.68561259415431,26.418334860659105,26.410788779080395,26.378048125510148,25.45605065980151,26.565164981303557,25.7174737689345,27.067543294807297,26.34085938558229,26.670255692491438,25.892159363913258,26.905067244968947,0,1.06777032110128,0.695547894882363,0.780381916844314,0.396852084316658,False
P61978,21,Heterogeneous nuclear ribonucleoprotein K,HNRNPK,26.984504702606806,26.9328443295873,26.44605329076603,26.428064213843584,26.856888038459367,26.96816884383168,27.07317570945589,27.224161517934856,27.383242448908643,27.636737101052383,26.635280093503557,26.837845799946678,26.897760896832953,27.36106602643604,27.464008639851116,27.500623261797518,27.191616091916316,27.23974121062303,27.717276316236298,27.54272574754478,0,1.17966045533424,0.0957911917464788,0.427035242132537,1.7453268028457,False
P61981,19,"14-3-3 protein gamma;14-3-3 protein gamma, N-terminally processed",YWHAG,28.390591145545883,28.507492475140086,29.101809370085775,28.182420056309397,29.174778087237648,28.61712035631972,29.16922699324635,28.23940997576476,28.497148714946633,27.712140875128473,28.478307785127917,28.62682791297094,28.522402276874374,28.16269757774361,28.30764319851219,28.6604155112555,28.51646395689737,28.617252054400872,27.760439289119006,28.226858173293937,0,0.859554059887265,0.34426755136021,0.630369669680239,-0.967954124143194,False
P62070,9,Ras-related protein R-Ras2,RRAS2,22.210409692414977,23.27197625770044,22.478697766060982,22.682072271624655,22.434547698621287,22.67385760837599,22.066134909817276,21.25957187284329,21.383167721029995,21.726624832425546,23.20406767255297,22.214253682480667,22.858167085624135,22.106566151191178,22.36980266948951,20.99838237752679,21.43125457741289,20.870152283137436,21.96808512508626,20.788733284949874,0,0.845315738430999,0.21212122219769,0.555931941352656,-1.28762106173531,False
P62081,6,40S ribosomal protein S7,RPS7,23.542071256387047,24.283397520229798,23.47433280725458,22.64260763033341,23.69634142211648,24.532939708228636,23.672797769134974,23.999027231728444,23.30792664506363,24.293911458294065,24.130408424667856,24.257333608875488,22.968715241377836,23.70090039095877,23.905101694049975,22.93560325515733,23.89264959006098,23.97115947440791,24.10337155096734,23.81286078223183,0,0.993182294324213,0.925278993056009,0.827954854844858,0.0949383147295803,False
P62136,11,Serine/threonine-protein phosphatase PP1-alpha catalytic subunit,PPP1CA,24.732440937409674,24.15502373305954,24.312720739495305,23.350970635512702,24.092196672535866,24.88468689746689,25.32252979776197,24.716547618134257,25.0855002039184,25.117968932234497,24.15398338532805,23.9912796869499,23.25125610686082,24.954088118748437,24.84699328361548,25.121429482266148,25.04927605822881,24.669060418984053,24.981948945698505,25.062746726412218,0,1.02082085075681,0.885890460272769,0.825812662811676,0.145290211542466,False
P62140,10,Serine/threonine-protein phosphatase PP1-beta catalytic subunit,PPP1CB,23.507113759767247,22.68624523251986,22.649903565870126,23.464272269213268,21.322010653715676,23.47155081686766,24.07093671089473,24.069328593091914,24.716520106007994,24.403280364895515,23.050184443201065,22.773987540800444,22.83598732354514,23.816862792523473,22.68038854514363,24.109433445570918,24.000888457354844,23.161546009876687,21.792360763251104,21.949661133102364,0,0.711414448370563,0.234066250195996,0.576012803632395,-1.22580884228088,False
P62191,8,26S protease regulatory subunit 4,PSMC1,23.7930212626869,22.660580349126512,22.558779506238096,21.9986933900806,22.711946736133864,23.083616237280157,24.283508320439154,23.332597564415348,24.39861743030547,23.27952622775114,23.011184309856397,23.58874382741034,24.17854064219943,23.283002381692565,21.84128753043708,23.21503158743237,23.4997500833361,23.88579800648596,23.408164927300408,24.39333245047149,3,1.12399817845053,0.473582957410733,0.697374128392804,0.730012315228547,False
P62195,10,26S protease regulatory subunit 8,PSMC5,23.009575411323354,22.094540622011976,23.714346620071588,20.4560836384386,22.775217765180745,22.29145997602096,23.842613401305034,22.79424075240752,23.045661844517102,22.695036106799396,24.186236972522305,23.248784684732854,21.827538348225954,23.82534575665154,20.61883960268349,24.492575359281897,23.266619850296998,23.840532957405383,23.094074097964587,23.03351617487961,0,1.47707239579575,0.302274132848818,0.611114865961753,1.05800132210821,False
P62241,7,40S ribosomal protein S8,RPS8,23.21353011996328,19.511782842430712,22.62847367665302,22.23380413779062,20.630126848100755,23.365942294896545,22.030322274587707,22.659106108321215,24.07529213157773,23.01043166056375,21.834750853799967,22.46306946467319,20.55150271881609,23.155308862356357,22.962517280961308,21.60652348123407,21.70581956848582,21.844056980155823,23.58958093149226,23.159363035960656,0,0.854085096828464,0.918365591646038,0.827540449847929,-0.103753977513774,False
P62244,4,40S ribosomal protein S15a,RPS15A,21.984494204514828,21.75526660261128,20.150256015168953,20.608119253948114,19.639904029864567,21.509678586907302,20.781240581718553,21.635789665261726,20.274773343619238,20.55747590564307,20.278625024979828,20.542863063052778,20.937811158257,21.647848827985023,22.134014906053157,18.978882024563006,20.668692676760376,21.220702244752253,19.33535789110908,19.93342321619118,9,0.858106432742129,0.402614123219919,0.666318713990859,-0.854533527493303,False
P62249,7,40S ribosomal protein S16,RPS16,22.34169793643965,21.51406031997845,21.845935775481554,22.193374420263318,21.804972303821152,20.749538786653083,22.722246538351214,21.791888448335424,22.231892675125774,22.84533790872549,21.93557462486451,22.19312719706768,20.544034130001705,20.883212834304125,23.080447826836057,20.928055495856277,22.35012235566022,23.43645255099757,21.347316676018043,22.992794520887756,1,1.12209932222782,0.928681682391741,0.830111878942504,-0.0906022385166058,False
P62258,22,14-3-3 protein epsilon,YWHAE,29.854678739809216,29.57114177580954,30.09226975261364,29.015678247183768,29.84700543517778,29.846745044043274,29.845632922761656,29.22279782787378,29.596940117478255,29.49149036839307,29.573923431352576,29.271120874589187,29.47296108858923,28.931949578718793,29.43952623007704,29.180215650604133,29.35652978809868,29.443500718568924,29.501180417438203,29.318303394582557,0,0.806000108079275,0.0412718869873684,0.314522477872934,-2.17655531185787,False
P62263,5,40S ribosomal protein S14,RPS14,23.35301260938291,22.075030833825146,24.157661317055908,23.211773940187012,23.436589878393335,24.039084874858673,24.401921488528878,22.227943059188718,24.09563655422294,23.864425732815185,23.946720548415055,24.460738968484122,23.075440081810655,24.871454303480885,24.2658267152992,21.61377707070273,22.571344896039278,24.03707272196443,24.57287186672637,24.640578209605874,0,1.33449197961887,0.43012727882086,0.678937927195674,0.80475817920424,False
P62269,8,40S ribosomal protein S18,RPS18,23.060320305157862,24.281317126459648,22.435436183392003,22.467744461120077,21.22573282475787,24.297467842757616,24.002311732755835,23.232198837000272,23.6119923160917,23.700551489353074,23.564956047368863,23.579857068432684,23.573264533842774,24.154364149191135,23.488762566875987,23.741967815339738,23.42549668176996,24.398953670674043,23.627048207251196,24.05438865478007,0,1.24724509038296,0.0817185563211043,0.417224105855535,1.83003196877399,False
P62273,2,40S ribosomal protein S29,RPS29,17.014291917099946,17.407726880285697,19.88747893878793,18.87582770964618,18.66819715569704,15.107707928758186,18.54758930641423,18.794097678253802,18.480478015085193,20.55460511818021,20.832000984742077,21.109124993636673,20.626633349835757,21.566137631148084,20.263020007611157,19.609729092618977,19.449599257828297,20.806216877182326,21.380130450679797,18.94190946880454,11,3.37057420745121,0.000603457140509303,0.073258090536328,4.04256878367735,False
P62277,2,40S ribosomal protein S13,RPS13,20.884076418407613,21.054333383810246,20.52581559743865,20.721681424065714,20.29790328988758,21.414074016145083,20.816267866051536,20.736941864228896,20.793072587811253,21.100691061815155,21.43270750618664,20.939195305450728,20.812866847534703,21.126959739493856,21.227056340547993,20.137621089115065,20.048037417900805,21.1721509481647,21.13496570134797,21.252996208951313,5,1.09089468571906,0.694131050071415,0.780138355209777,0.398804317848102,False
P62280,3,40S ribosomal protein S11,RPS11,20.054982548134955,21.702229781576854,20.255574909181668,20.046483120418905,20.746285590721598,19.931802093313742,21.43515509101196,20.765722013436616,21.666954360683256,21.509716029980076,20.82625121683056,20.286984123716415,19.962430142247385,19.129365595104073,21.46004245611602,17.914882112217636,21.397623367567263,19.682535237298346,22.25630786301089,20.283366664859994,4,0.864900376070511,0.293295618222434,0.605169374727376,-1.07838897221157,False
P62306,3,Small nuclear ribonucleoprotein F,SNRPF,21.954710117197262,22.389957078212774,23.492016604850168,21.904355447163184,24.22636251728013,23.492639759481445,22.121600714435093,22.539351756701425,22.39373502327899,24.325236899371486,22.090415447732553,22.445958168626294,22.43167148690346,21.72113892983857,22.339392996094503,22.22458352934727,22.2853588962569,22.68436755042333,22.97667791207924,22.339406059675202,6,0.584793007643068,0.123569759922936,0.472275082413764,-1.6054911655531,False
P62310,2,U6 snRNA-associated Sm-like protein LSm3,LSM3,22.58872796378999,21.709090331290913,21.04232863894689,22.628872587403997,21.88486143207735,21.903662410152002,21.815878964519605,22.680236033350347,22.08340984938042,22.26894225642046,22.876598387169953,21.40343594136956,21.7367716120608,22.94414644180079,23.212346490163164,22.75661003905224,22.284852198546574,22.253167231399924,22.58326978400079,22.24791017562938,0,1.30658596884338,0.205976337309967,0.545341526457681,1.30581159033148,False
P62314,2,Small nuclear ribonucleoprotein Sm D1,SNRPD1,21.78127635607468,21.80733453240955,20.672942594184246,21.419190796011538,22.13848830284742,22.068446121224596,22.410682930314017,22.6553604030265,22.1455052452669,22.673624389337615,20.96474329272548,20.68621860788432,20.55143154549695,22.28798571468899,21.93128180543778,22.41747326947237,22.058628454753787,21.9803215512758,22.173828523685426,22.494794023834515,1,0.883988423352021,0.421138416361809,0.673081068776453,-0.820792866949015,False
P62316,4,Small nuclear ribonucleoprotein Sm D2,SNRPD2,22.109624919252276,21.880256778108333,22.044177504181057,21.765337520673963,23.312994820147612,20.10105516192822,22.033029517752077,22.895771172417795,22.841979225735166,23.159687945798265,22.0839333064568,21.063617812977537,20.13608558792112,22.87758527812631,21.895822093753782,21.68227098098941,20.475040285077824,21.24928419383679,22.592070683349657,22.87062852064763,6,0.716573678673038,0.242412205314356,0.58311339070537,-1.20346231502639,False
P62318,3,Small nuclear ribonucleoprotein Sm D3,SNRPD3,23.20328276945866,23.58579046571054,23.06615907764775,21.094883496588523,23.260587795517186,22.98354535730411,22.52467688075438,23.23383233763479,22.986144340271167,23.30444450715685,21.51725945691715,21.448382052739177,21.86620067505586,23.091961738282404,23.190661173020448,22.85599186943881,22.41833037186047,21.701538924522193,22.210198411497302,23.011148361851156,4,0.674334547883125,0.0872408888148538,0.419883675208394,-1.79538995656881,False
P62328,7,Thymosin beta-4;Hematopoietic system regulatory peptide,TMSB4X,28.880841237434414,28.79440401550386,28.867972332153016,29.75438969483608,29.364467010366223,28.71069155277853,28.52184320555797,29.715013383075522,30.044717271666595,29.712425264244104,28.974732095856815,28.457555902389693,28.728916192663966,29.223058613385113,29.5548403865395,28.929991329049265,29.67230774898559,28.68343551987625,29.912884711198263,29.09265521833656,0,0.910669059507481,0.607187332298239,0.752218059563864,-0.522054465650732,False
P62333,11,26S protease regulatory subunit 10B,PSMC6,21.479296824494206,22.066143127516295,22.87825359037977,22.509085256500978,22.23286143583745,23.776450052198985,23.60642053437716,22.593832659442455,23.39296549795985,24.040797006780426,23.638227710631572,22.816528864316105,23.037110852624206,23.14464500354774,23.061132387069016,23.669875806917577,23.742705004111368,24.14742018562465,22.878871532601078,23.30987298434151,0,1.26788855697435,0.0583978969522177,0.359803391382992,2.00369186057253,False
P62495,3,Eukaryotic peptide chain release factor subunit 1,ETF1,20.671325972526173,19.890754908727178,20.09430387760749,20.067542003004178,20.43823203603044,20.494881523026887,20.60615816826219,20.947503648311883,20.47520283043146,20.218378733572777,20.005141219803743,18.795042374710803,20.28949852574691,20.900049522264275,20.39612681145991,19.97302569602301,20.71090047224244,20.770653187220546,19.989403124151075,20.40263700675799,9,0.931145375044955,0.5219321049007,0.721310207615658,-0.65146280687952,False
P62701,10,"40S ribosomal protein S4, X isoform",RPS4X,22.900660460247153,23.072546720776042,23.803022896221435,24.325710623701255,22.169856480862062,24.07688403660186,24.322130498971834,23.92341184180098,24.10627237210497,24.5207741701594,23.431830904002926,23.03554757516381,21.59894464800586,23.779668908627862,24.554411933173178,23.363829114002428,24.203343674540566,24.17028055675204,23.941617041318537,24.65297319952799,0,0.999151524875913,0.880722940928,0.825812662811676,-0.151921886022075,False
P62736,21,"Actin, aortic smooth muscle;Actin, gamma-enteric smooth muscle",ACTA2;ACTG2,29.10138434343285,28.743259552811338,29.251741096645535,29.628357826957497,29.25592442309074,30.709122600520704,31.336030021403662,30.739613488799016,30.15124966004339,31.419387157126,29.3437044523752,28.546938630302076,28.992292008216296,31.39463503933464,29.78128811690145,30.93615942869779,28.961402941890075,30.644918297652186,30.42050570607499,30.964966423859188,0,0.976498896751135,0.909687264313901,0.826708499711055,-0.114832256166605,False
P62750,4,60S ribosomal protein L23a,RPL23A,23.86761830830985,24.083731491465354,22.608378545808378,22.461709874917144,23.638084794650176,23.82232448979958,23.394886841407146,23.87164792525222,23.742772625422653,24.23310058957248,19.859192616455708,22.64367545796214,23.033463397320688,23.660632705757777,22.06187092954165,22.4376862872998,23.344905962610508,23.67726942796641,24.65486982752946,23.421221463633522,2,0.758742946539176,0.0934113916854564,0.42417512839099,-1.75886073957595,False
P62753,4,40S ribosomal protein S6,RPS6,24.750517957351875,23.34627947883506,24.280891674213706,22.747665762681645,23.020732363650048,23.010088046065775,24.381973197460216,23.760623069665993,24.817838440523524,24.500203285326055,24.16865802001899,22.859878021567386,22.85297891193161,24.373715795788456,24.90967463390193,23.73573821623564,23.865542926482554,23.58356235905699,24.511441583787605,23.64562196403106,0,0.962421478705131,0.973327095816493,0.843174475646362,-0.0338432875178725,False
P62805,6,Histone H4,HIST1H4A,25.083392850881793,26.373470205124672,24.44740882505808,25.751369873384203,24.850495372243703,25.787362399891524,24.065085364752644,25.370559322486656,24.40664562171139,26.29311603071314,26.553528951196476,25.514241221827984,25.443001707688005,24.82671768619227,24.630979215881244,23.534135570069683,25.731500088841564,24.54478747225487,25.18480925598987,25.46690926112689,0,0.932388518810213,0.776054127644818,0.809187656718134,-0.288216126293099,False
P62820,9,Ras-related protein Rab-1A,RAB1A,26.127960732824345,26.426596248363808,26.362585617984323,26.09561872094042,25.927122579049417,26.14247117667396,26.526554657970927,26.335672706499725,26.379431933223096,26.323221514029317,25.79346324859028,25.83351225390838,26.482655358509536,26.255926259764568,26.18502998657108,26.415676956079807,26.530958131312982,26.42693764988101,25.898313257097673,25.776336572445135,0,0.941934419117045,0.459193242568015,0.69086707470759,-0.754285208501132,False
P62826,8,GTP-binding nuclear protein Ran,RAN,24.963194508803436,25.770547480456155,25.045678092561513,24.429704022694217,24.81198672508156,25.23016801964189,24.783013583774398,24.147471848963438,25.406863452761314,24.732587105210694,24.77911257432377,25.232256284252855,24.455892235045308,24.314371780859698,24.828912418854575,23.3052972483417,25.04572892006537,25.244779821567512,25.756723740874108,25.025379156983753,0,0.945435332241879,0.619420155851576,0.755568494812619,-0.504254591696692,False
P62829,4,60S ribosomal protein L23,RPL23,24.632945449044225,24.35278830328855,25.402879209569832,24.538141470091634,24.23974509523901,24.75146420631129,23.517838791233093,24.021171084954936,24.069318230533096,23.951039717303576,21.654729081562536,24.71051554414785,24.284090557506875,23.40180041597532,25.057171165605453,24.075503767549275,23.506502348438822,24.421023672525774,24.795445738946917,24.38321496600131,1,0.88179094793413,0.353424453418009,0.637288649673009,-0.949343310504155,False
P62834,10,Ras-related protein Rap-1A,RAP1A,23.760361543793348,24.45389346303857,23.80967668955279,24.33007962523928,22.147972538250933,25.31943438534284,24.54781180207502,24.001611053651338,23.89642283300252,24.60850502394958,23.793917351047888,23.930092791233886,23.927903200031853,23.87615346474867,23.553395831447247,24.067574296838885,24.106023090302664,23.96727483338407,23.800711817830532,23.72532483287624,0,0.765846154210824,0.413690572011617,0.668891502267805,-0.83424271810788,False
P62841,1,40S ribosomal protein S15,RPS15,22.15234608613664,21.614831733668915,22.194597887736467,21.5661972052207,21.66809564910312,23.45000355382996,23.020427035044655,22.59393050576084,23.356326836488027,23.194482699550164,22.390025855368123,22.232820519490645,22.76313190800188,23.13378191397703,22.76008838018495,22.587207981691712,22.769373765508853,23.196937081012724,22.766227613248365,23.19510162396328,0,1.12027195083001,0.170735517768199,0.521118528909864,1.41928111367039,False
P62851,3,40S ribosomal protein S25,RPS25,22.19891003212195,23.44478281242,20.06293240384432,23.654023431862228,23.15437942735286,23.604330974168363,22.88855081858119,22.562356010830186,23.17752055064432,21.950303884543562,22.64148153794024,23.012073348758793,21.49348555755895,22.923500768337508,22.280051286026133,22.53899141428825,22.01804744508965,22.85271618192692,22.168406889943377,23.080803900156667,3,0.780183480065382,0.667754136316055,0.768339943129565,-0.43544854656064,False
P62854,2,40S ribosomal protein S26;Putative 40S ribosomal protein S26-like 1,RPS26;RPS26P11,22.518280625281527,21.156136620680122,21.69098037883741,19.22085294811082,20.46475775728281,20.90663457883503,19.96908825785987,20.697641289716362,21.068074303075683,20.380021942818672,21.789277241826497,22.838132072200043,23.471022232129364,21.736654488062268,22.415478888216853,21.783626257332124,21.475665346934832,20.225163442429704,21.80020397236229,21.451606479372135,8,2.09178262809041,0.0081048233647155,0.179270862063884,2.92945603779373,False
P62857,3,40S ribosomal protein S28,RPS28,23.957097947915315,20.366830787550743,22.138234135356576,21.895189121868803,22.546527531779752,22.396747344430725,22.941295046598277,22.966022915823487,23.70677763994296,23.14524126863126,22.692040364737725,21.68419336634323,19.40678813072945,23.50601210441231,20.39026543395121,23.45964368470929,22.806031392211064,23.480725490110128,22.326094435497286,22.83523559344872,3,0.875694599993993,0.466904205781779,0.691571646145507,-0.741222703364805,False
P62861,1,40S ribosomal protein S30,FAU,23.054191489681163,22.576717748765464,22.721241896884454,23.343298301179413,22.471127284325718,22.864707030199817,22.013010288435428,22.71918740142845,22.83166405452671,22.226283069734787,22.603594426317564,22.885713931303965,22.142809243656757,22.720341199632518,22.20850024655412,22.423183228624527,22.698229015943554,22.19023566302193,22.90896852844733,23.036079183775264,0,0.924002988412384,0.650938173480208,0.760966574422578,-0.459128107227479,False
P62873,15,Guanine nucleotide-binding protein G(I)/G(S)/G(T) subunit beta-1,GNB1,26.66032761603582,26.560577751592223,26.891050978763133,26.44591511726101,26.07180730703094,26.228367964896815,26.326801078018637,26.524018083663304,26.001558406687373,26.18931165407491,26.382614996596203,26.975588873572807,26.651742028433244,26.34297617489248,26.567892012939605,25.903415697528533,26.3815047554202,26.353287731310918,25.78314629475567,26.32796996799663,0,0.992122203866675,0.870157265234723,0.825812662811676,-0.165503370580511,False
P62877,2,"E3 ubiquitin-protein ligase RBX1;E3 ubiquitin-protein ligase RBX1, N-terminally processed",RBX1,17.078419438610226,22.845120264808816,23.73832116336148,20.03661119483435,20.948716281609933,22.687688884492932,20.306989976374688,20.51044926743163,20.960344732393967,20.52002252908863,22.7018510712082,23.255623334722156,22.119402030482494,21.365948270106998,21.528516448784824,23.63470004389251,22.980913268817545,23.54358388900301,20.898527681341243,23.481332017190596,8,1.96306422913428,0.0217519073269509,0.244466286728116,2.48211336745026,False
P62879,13,Guanine nucleotide-binding protein G(I)/G(S)/G(T) subunit beta-2,GNB2,25.785735276860294,24.560720703555837,24.9168831596497,25.41280260172216,24.4654196137457,25.199108358138258,24.922753651830316,24.675019492792654,24.775405008026,24.45907816114941,24.28426306389556,24.999505179835616,25.020324240517002,24.938875504374973,25.870300657107546,24.33820475416324,24.671372173600023,23.855887403812474,23.848472322690192,24.457712173378578,0,0.854277999050152,0.1940192028425,0.539227987617833,-1.34245933969262,False
P62906,6,60S ribosomal protein L10a,RPL10A,21.72740382558375,22.607266919834494,20.497923308008005,22.361527327245923,20.121422206134838,21.25846735443886,22.04949799517625,21.029775206335263,20.10107196427376,22.06095878373356,20.667083252302948,20.953198881671142,23.246531171383175,23.487377189669864,20.82127849996254,23.699066261025337,19.675547233320003,22.96397963979001,20.797320325555496,22.65445346737642,3,1.80216125278234,0.350482497785514,0.632671454287809,0.955286424424396,False
P62910,3,60S ribosomal protein L32,RPL32,19.617266242279246,21.2042624786094,20.63896957747713,20.43676665691593,19.810428830453965,19.727337940971925,21.49342406498244,21.070098281901,21.574766202043115,21.09477519476502,20.97509695596444,21.280518227075607,19.32737741579793,21.377353836129526,21.4721369763931,20.296647592150887,21.236645811643992,21.613420926742105,21.928038241249702,20.82764001309737,4,1.27674411148367,0.295503202470183,0.606788483851314,1.07333507153574,False
P62913,4,60S ribosomal protein L11,RPL11,26.991312350640104,27.60953500430157,27.328883976898748,27.486733362953906,27.574585068908647,27.559709298639127,27.47000578852856,27.984732896408936,27.764715585310764,27.300992456323772,27.633539589448844,23.86976399476922,23.201135947031624,27.3445948164186,27.78433623225942,27.730793827370476,27.43531827634372,27.492598516535946,27.463549474968318,27.915771638054004,0,0.859954097657508,0.129798899535702,0.479570085952473,-1.57783734794514,False
P62917,4,60S ribosomal protein L8,RPL8,20.31121826329599,21.261672000354263,22.148556249128564,19.900938765250963,20.151390616290655,21.31310441494775,21.04845006601704,22.417997682615027,21.669680027545187,22.415809437175575,18.406611718412204,20.846409353528117,21.229169980698458,22.739602255160754,21.712847254796735,22.176316557804626,21.737418979241117,22.814323894825414,22.318655210320472,22.222383666732792,4,1.3660029509026,0.42115049283036,0.673081068776453,0.820771180976911,False
P62937,11,"Peptidyl-prolyl cis-trans isomerase A;Peptidyl-prolyl cis-trans isomerase A, N-terminally processed",PPIA,29.810503903015302,29.379374958493507,29.683415990183942,29.45458038697675,29.6598687752995,30.078700994834062,29.839418150331813,29.371166029212937,29.955743085297865,29.88789315178917,29.475821541306914,29.57660778789624,29.676894865283323,29.679727713096455,29.771308580214225,29.838706741510244,29.468866530876554,29.60755089127579,29.841174026712153,29.837860517543376,0,0.967983945182618,0.744286494143374,0.798823546685696,-0.330587644379847,False
P62942,5,Peptidyl-prolyl cis-trans isomerase FKBP1A,FKBP1A,25.76357689093044,24.612939650236232,25.386989042814502,25.53240127530848,25.41598373966134,25.6258594118835,25.732954370743002,25.559372690736467,25.774772200775164,25.863307101920995,25.52288835885663,24.609018975886457,24.4692181277246,25.869872519120708,25.520626829015015,25.8216072769565,25.926948765819315,25.61968131564195,25.695554120983605,25.588861836823572,0,0.981227007974605,0.739904701269583,0.798823546685696,-0.336479145165251,False
P62993,8,Growth factor receptor-bound protein 2,GRB2,22.41942435833475,22.77784587238309,20.280887250458232,20.847760795124266,19.95450180428142,22.38505624184591,22.676622462769572,21.054274444223786,22.487654733772587,22.212332836907624,21.23984977129061,22.40617677111929,20.611993562308225,22.80374286256597,22.014268254958612,21.49730591935379,22.765438340615226,20.29176796460985,22.774832808465593,22.085308654932263,0,1.05032023620149,0.748461370053456,0.798998183059113,0.324985465889086,False
P63000,8,Ras-related C3 botulinum toxin substrate 1;Ras-related C3 botulinum toxin substrate 3,RAC1;RAC3,25.853375143431332,25.441758970681988,25.39508373082802,25.484509567919154,24.155558474022886,25.902735400675343,25.985839979767405,25.752011505228197,25.861385899824405,25.642167173962264,25.130286529095912,25.61768566341675,25.27195728422132,25.532203195806506,25.238849913953356,25.95587691423305,25.517192134469052,25.3784828336044,25.22076760915771,25.735010792498073,0,0.909791916811316,0.632836961398431,0.7585186811081,-0.484920123777414,False
P63010,25,AP-2 complex subunit beta,AP2B1,23.78733086224392,23.56310115329382,24.099530310948186,24.042707439863538,22.215522454106047,25.26280880994067,25.80968700010844,25.305638261251623,25.617390774384937,25.93590659624042,24.38476254941939,24.208548146837188,22.211908280758138,25.469733075002715,24.354250149497968,25.81654327782967,25.36109989503443,25.578013007998,25.140830645590956,25.660196873554003,0,1.10257838976105,0.423436346449159,0.673330887734645,0.816673455391566,False
P63027,4,Vesicle-associated membrane protein 2,VAMP2,21.774939515355257,21.214070097383544,21.116461435831276,22.483974483020017,22.28150016955348,22.997894710550398,21.145732874029996,22.463732978492537,22.295274427196222,21.871100552853765,21.656254676158994,22.096042431331732,21.835823954374487,21.820634195665658,22.01645536521048,21.256025494779013,22.06840647137058,22.089326641788894,21.862593430934844,21.293349718414976,11,0.832371363498319,0.550501068709221,0.730786710248407,-0.606947590101813,False
P63092,6,Guanine nucleotide-binding protein G(s) subunit alpha isoforms short;Guanine nucleotide-binding protein G(s) subunit alpha isoforms XLas,GNAS,24.37985587040753,23.523752485817997,23.657368640431496,24.00680151470461,23.366579868048664,23.42901094369052,23.706842902074374,23.50234012932832,24.207090705511533,23.95926258367222,23.611964395899506,23.794919038338374,23.455226661029865,23.63664873200336,23.9543033353753,23.522602598008266,23.419738791620308,24.045033223222724,23.974682431824416,23.99233553892544,0,0.96326542818599,0.859946061113924,0.822241037651554,-0.178659622025768,False
P63096,10,Guanine nucleotide-binding protein G(i) subunit alpha-1,GNAI1,24.18824804249082,24.579137833503722,24.287842308051648,23.837477703645927,23.996622652804298,24.635032509835114,23.8100328262326,23.961070218634568,24.413003630373975,23.709276359149463,23.414457337850706,24.192557396214717,24.110846667885035,23.21746178267689,24.376731657387943,23.705137075758604,23.932337480655267,24.005075576349302,23.68478953879222,24.015390005396075,0,0.828179417347958,0.171361483223689,0.521118528909864,-1.41710936519449,False
P63104,19,14-3-3 protein zeta/delta,YWHAZ,29.11211455971134,28.52081027520522,28.977498060101887,28.937303766462374,29.089106229298892,29.43221614649872,29.272921843773428,29.08898711886238,29.7056547973327,29.043098247806117,28.62653489388377,28.9967904117149,28.9566254266889,28.997597735904733,29.45683763938444,28.996024845339573,28.806369033279857,29.14623951986586,29.286889375286748,28.970010705624233,0,0.928058015480289,0.456454119711077,0.69086707470759,-0.758957008393198,False
P63151,7,Serine/threonine-protein phosphatase 2A 55 kDa regulatory subunit B alpha isoform,PPP2R2A,21.688276528272375,21.28607143125698,21.623493517192987,19.522440750016184,21.30319336930078,21.074438001377164,22.582328606501395,22.728665085546815,21.92290830145092,21.67968041385984,20.663552023174805,21.484541378476436,22.743301607065476,21.10678592717765,19.68990103131408,22.681849798724514,21.40472979344092,21.99457320271572,23.025902595323007,22.765901603622652,3,1.24927158644091,0.582100369335085,0.743117501783968,0.559109200973867,False
P63165,1,Small ubiquitin-related modifier 1,SUMO1,20.651760431865224,20.393528124980463,20.455637040940097,20.55454628167636,20.972557504463207,19.821173280388727,20.599771725602533,20.18665387446695,20.20864088837042,20.620006035963296,20.215587020730553,19.779578786859545,20.61267515873526,20.780853312466093,20.145558824663038,19.697608661506205,20.70563029059089,20.39485486578669,20.693587366465827,20.086878777382044,9,0.920399860350907,0.550899495278428,0.730786710248407,-0.606335650276068,False
P63167,3,"Dynein light chain 1, cytoplasmic",DYNLL1,24.619149953232608,24.058847595859774,24.26353506582884,24.423341520470675,24.090368561674868,24.369160308553287,25.838690515734125,24.465969292412016,24.46026211842972,24.3383594410267,23.622679679973913,23.882815560591574,24.675339316298885,25.29376720585655,24.418253642831278,24.81717033608678,25.29199286004907,26.03177101990802,24.230525034139873,25.06801069880683,0,1.23702403916402,0.360128097801752,0.641703993511759,0.935925344161279,False
P63172,2,Dynein light chain Tctex-type 1,DYNLT1,22.99479456116277,19.436106802965117,22.529651268356787,21.28593502795476,21.233463939517492,22.478656854504745,20.924783869563218,21.238045760539052,23.155780987056925,21.97476391136737,19.96598966271639,20.432928491453374,20.45676652274961,20.6091771021206,21.22620745589203,22.626947672909438,21.56976509034992,21.109327500249368,21.1699580082961,21.361219091551284,4,0.565501226989528,0.110677426611678,0.451119976974418,-1.66666304239009,False
P63173,4,60S ribosomal protein L38,RPL38,21.89631468790129,22.849929271546,22.517286603059983,21.97467856145378,20.631133160431887,18.82154507174526,21.534930862377912,22.50852060434206,20.485094380638657,20.665520028633054,21.261292541245922,20.05717564591413,19.049665043169078,20.74122493813131,22.219090218920368,21.60728528188111,21.37344880817191,21.02586469210514,20.796517229533894,20.209724224697787,10,0.610497452594723,0.229986848346321,0.573231801003012,-1.23695253713327,False
P63208,6,S-phase kinase-associated protein 1,SKP1,24.733815527851455,24.593648223253467,24.029905769857535,24.725969852850756,25.092960468885508,24.914401461878718,25.19972881624992,24.845381211368885,25.282955366524153,25.024426141655418,24.82660386957118,24.694219385279904,24.43495456507256,24.84091628469213,24.429281137178627,24.070547394317437,24.8175240182301,24.511368778619435,24.529628439786073,24.467239595720827,0,0.811077202673114,0.0902832389547456,0.421730243491225,-1.77710979487055,False
P63220,3,40S ribosomal protein S21,RPS21,23.5049782969096,23.589030102454625,23.193963730897888,23.12260461552121,23.6731675769427,23.043120015990883,22.71277346675389,21.837328509706953,22.667281712734173,23.187550275067206,22.92695481119877,23.16576853155489,23.836912237307416,22.93880692381066,23.37759305359676,22.41794023663647,22.984599791928012,23.261439054773366,23.284266075869883,23.185195782844175,0,1.0316224957366,0.702518499367074,0.785121265036417,0.387270176506927,False
P63241,9,Eukaryotic translation initiation factor 5A-1;Eukaryotic translation initiation factor 5A-1-like,EIF5A;EIF5AL1,25.192616815115937,26.157184011306747,26.341611215602754,25.824204961966867,26.416215942857548,27.00342974303109,26.346568201282647,25.959685118963037,26.143464161323525,26.22028504401594,26.225793860024535,25.999563349504427,25.81380743162082,26.104076071932777,27.423801093010518,26.151443764220318,26.31753126981386,26.347695605182437,26.185959603156444,26.166602271469227,0,1.08583016640512,0.582344564425156,0.743117501783968,0.558744748262455,False
P63244,12,"Guanine nucleotide-binding protein subunit beta-2-like 1;Guanine nucleotide-binding protein subunit beta-2-like 1, N-terminally processed",GNB2L1,24.51543524381204,24.41694256889593,25.74843411576706,22.71283931632077,25.865537826482104,24.460187443278265,23.39651326866695,22.485245516379024,22.884974975520063,23.396804925557706,25.313384210378487,23.952261512620602,24.300628772609258,24.043609229418998,24.97936113285561,23.69842573932509,22.096916163161588,23.970711780054938,22.61745488062044,24.03557808366533,0,0.815213282181464,0.821072517911709,0.817197073956267,-0.229063890165731,False
P63261,23,"Actin, cytoplasmic 2;Actin, cytoplasmic 2, N-terminally processed",ACTG1,32.735337958502924,32.276308824393375,32.89041801141956,32.79164716720112,32.94609504203411,33.11461711097011,32.87380500875593,32.55710981621669,33.01214541426917,32.829390823520846,32.953934947598825,32.33929701070592,32.1016483746656,32.818163586852755,32.972895932313314,32.433043242374325,32.93190393770787,32.65311576113046,32.73476091377395,32.5690064868691,0,0.905325173409617,0.251893571389517,0.583149616570681,-1.17876974665387,False
P63279,4,SUMO-conjugating enzyme UBC9,UBE2I,22.758804955250795,22.389992604875893,22.550242090631745,17.801315955466787,21.31067030943154,16.033162133619797,20.535877540693107,20.10464350470463,22.6007199737975,22.403410444845193,22.818981020260267,22.68188076120114,21.91800546023359,21.385709820637317,19.572353069117753,23.299290181893827,20.532303520641364,22.45603199285162,22.539921767401836,23.504531144184615,9,1.58069690066372,0.12705370272626,0.476445128823285,1.58988464311307,False
P63313,2,Thymosin beta-10,TMSB10,25.50935551764564,25.682028536818887,25.35393806937081,26.756798258749328,26.37772834800087,25.72082241039588,25.947114689936868,26.63908048662653,26.43642630872458,26.468413334314285,25.678874219426522,25.472563541569386,26.54806311111258,26.364580354955894,26.462069775740126,26.526171446667302,26.8033318375686,26.244471210494016,26.692589493478614,26.728497563125675,0,1.18176475580159,0.20457966003398,0.544755748559004,1.31000497579667,False
P67775,12,Serine/threonine-protein phosphatase 2A catalytic subunit alpha isoform,PPP2CA,25.50207719890065,25.66042472458907,25.455858302596095,24.993838289488725,25.86539206290119,25.537779716860197,24.825046913132187,24.11176793913801,25.920690417618495,25.48710898330501,24.94061624256802,24.962682452824527,25.340150937699157,25.4524951149546,25.115649011814835,24.75803999529994,24.378955037867932,25.116623638698716,25.614310921264316,24.59580875911798,0,0.787395601340629,0.168636442071032,0.521118528909864,-1.42661080410816,False
P67809,8,Nuclease-sensitive element-binding protein 1,YBX1,22.593526472191893,22.876770380628777,22.049201603634575,23.211517092920204,21.99342479533459,23.60415090176936,22.951111804206363,23.037306920041384,23.83096617128739,24.025609718081157,22.32641376195046,20.507695710977437,22.452656566806024,23.651455225439847,22.918106416690048,23.64174931170091,24.078367210032557,23.647514462859142,23.807786518509424,23.113776953874787,0,1.08074644326844,0.993069984543271,0.843797505224354,-0.0087913464782695,False
P67936,20,Tropomyosin alpha-4 chain,TPM4,26.89113282299566,26.613674734662506,26.31706844658422,26.637233280808342,26.20931848760536,27.365889190534993,27.19219481842233,27.39869725691349,26.414114761305992,27.43661697097719,26.184095321551286,26.15526412502712,26.35041440314014,27.201872762807778,27.776737845929944,26.470048063501913,26.615495984068268,26.866815820437218,27.348544295132125,27.51313553324269,0,1.02716456900495,0.997618511781615,0.843797505224354,0.00302109552824217,False
P68036,7,Ubiquitin-conjugating enzyme E2 L3,UBE2L3,25.044999505874106,25.43888432718656,25.43240254165668,25.357616163495578,25.032014544782264,25.50319154367303,26.446384309286945,25.980285839751144,25.67895405905366,25.926689603435797,25.16966662802977,25.00438327422408,24.77420351730099,26.182990047949126,25.06134684157665,25.98871295444275,25.776978370752648,26.06799194681598,25.622901445721116,25.930086491023008,0,0.992265963224421,0.881252554677021,0.825812662811676,-0.151241895768155,False
P68104,21,Elongation factor 1-alpha 1;Putative elongation factor 1-alpha-like 3,EEF1A1;EEF1A1P5,28.82777704767722,29.397012303545228,29.08488537451502,29.495619144357615,28.99979573051987,29.83789845617548,30.123024258906455,29.86659469752593,29.95224931129247,29.58393837535079,29.370881396305027,28.942604585544117,28.347172198714862,29.57826716262105,28.898848475709134,29.35843202567784,30.142077184424082,29.862699711964986,29.989229379964957,29.724552148212673,0,0.957253406149649,0.528375195016769,0.725009231095924,-0.641310099853293,False
P68363,24,Tubulin alpha-1B chain,TUBA1B,29.702023396884666,29.521085788555336,30.20800751171787,29.661257332399376,30.054735297694304,30.057039674539876,30.370919456205183,29.896280054839032,30.48614147907452,30.16790422306183,29.91899693718406,29.67121062063416,29.796629974482734,30.048241546904897,29.901055163984175,30.29465584679872,30.39419719605045,30.505067197564752,30.04884132052389,30.324156699992045,0,1.05052065676406,0.493382096517585,0.709261894965122,0.697314759291211,False
P68366,19,Tubulin alpha-4A chain,TUBA4A,22.428558995744904,21.987036050785456,20.695976523403978,21.580540881250535,21.726611348662253,21.199535524579723,21.66747280888955,21.530013628185916,21.42661411280567,21.818326536535906,21.68002779137628,20.29659108022303,21.275271068101723,21.68639918737135,20.729016806416798,21.817103954582795,21.58938940016161,22.068375582017005,21.6707246362714,21.87282447989816,6,0.920183720436293,0.602181931027618,0.750269498002461,-0.529387089033671,False
P68371,21,Tubulin beta-4B chain,TUBB4B,29.8053129464718,29.705804182617534,29.95209129073322,29.72214352107935,29.90248952110783,29.74291071209867,30.646879837196323,30.117237196626608,30.318791282627323,30.105809948260116,29.797407817198177,29.53855577661014,29.245037352452663,30.152180824802542,30.062444676854554,30.254794061698462,30.428918919748106,30.606035273897778,30.134087707395544,30.295303996020177,0,1.04914734802439,0.70415934731845,0.785121265036417,0.385020044294754,False
P68402,4,Platelet-activating factor acetylhydrolase IB subunit beta,PAFAH1B2,24.61955560346469,23.26415548789178,24.779998654956362,24.373272298130814,24.393381612312353,24.307640734555225,24.97771413353545,24.655416660510213,24.39615086270022,24.64947921219116,25.206902556347803,24.519605615202885,23.41732559338395,23.881158606947917,24.484521926323147,24.924211972514197,24.70158327142815,24.507052867304438,24.004183731312924,24.5826818774816,0,1.0032502433172,0.936416630262701,0.832501250367666,-0.0807520301605386,False
P68871,19,Hemoglobin subunit beta;LVV-hemorphin-7;Spinorphin,HBB,35.79042011096976,36.141395690030166,36.66373728541415,35.55764080722397,36.72900397682319,36.696452127079596,36.49147219881548,36.52192141635716,36.10379686305158,36.352009719766706,36.62303667123975,36.19620775723776,34.87443854014601,36.635990922176234,34.82892718005599,36.44530034230845,36.76157839760915,36.506178841570936,36.16885836068257,36.381197032841165,0,0.944152822909226,0.482179006327558,0.704757736490301,-0.715720176014929,False
P69891,14,Hemoglobin subunit gamma-1,HBG1,25.741352453222113,27.916460935849692,26.8154565124724,23.459007691994014,30.26354931253021,26.748955229790575,28.815808059712715,26.6220295512731,27.707009843139165,26.110896948477958,27.064873586274324,27.85702675276108,24.586972125904367,27.475937817092095,25.751541526923905,29.49337178749324,27.207075787198786,25.261042454351497,28.651253599773515,25.97238716622165,0,0.771814019672839,0.901463589326772,0.826708499711055,-0.125343771440833,False
P69892,14,Hemoglobin subunit gamma-2,HBG2,22.022782689239204,23.556139200402686,25.672280215002267,24.5665929900024,26.583636338425645,24.218364533439672,24.17005133608273,18.85939459352336,22.628150819774522,23.03291508777165,24.753602147216057,24.444421791254246,23.870982327938137,24.59665168287818,22.076421468543554,25.677371189926017,23.447395864826216,22.36232113582073,25.327994578616423,22.564425497129026,6,0.862257729958342,0.583679566325433,0.743117501783968,0.556753656745189,False
P69905,13,Hemoglobin subunit alpha,HBA1,34.78348378115034,36.06311313067782,36.25969474847513,34.692821448211845,36.148558953830985,36.52535815803428,37.0935898109862,36.4462745301664,35.98249747295611,35.96679119897917,35.975750079640015,35.46927752686661,34.42586890893758,36.60393319398269,34.3487256114493,35.99538205080026,36.92768257249381,36.53418838299593,36.34622043782532,35.86146368884615,0,0.936003283848528,0.610958245196748,0.752555933614109,-0.516549438143551,False
Q5TFQ8,3,Signal-regulatory protein beta-1 isoform 3;Tyrosine-protein phosphatase non-receptor type substrate 1,SIRPB1;SIRPA,20.194001137986476,21.98005919113044,20.669512317679732,21.110907459826887,19.35846061431557,20.420974097920514,20.980153081103705,21.68314539905649,20.588389923240626,21.509716029980076,20.97303215912395,20.512726264451,21.854772351843312,20.465226224116606,20.25442549680044,22.13539853866741,20.68050211526276,21.438159128444735,20.841075654906472,21.297665491928772,4,1.10717549991753,0.562544250511199,0.732675882289056,0.588552181029425,False
P78363,2,Retinal-specific ATP-binding cassette transporter,ABCA4,21.86886318701089,24.2495684274608,21.77615930132569,18.32308285780276,21.866608493853843,22.865959217548106,24.34892215820585,23.5413217501655,22.64677033057868,23.49366080804562,22.01146871490634,21.560005803225508,24.711934749860717,23.648858264760232,20.9761357567163,19.284441747429163,23.047753724083474,21.398054930036,23.486590870321326,23.251903744521464,7,0.920044134489012,0.810427268764322,0.813589620325639,-0.24296786864172,False
P78371,19,T-complex protein 1 subunit beta,CCT2,24.479907602572055,24.921479010616316,24.022516790628163,25.139756470552527,24.563081940395094,24.526381812635883,24.45231300458392,24.6476605959619,24.96456092116859,25.615895684443036,24.53725606355103,23.764434137916215,23.619006149048317,24.59098960716117,25.036655003900332,24.121966965677846,25.447254361707973,24.3734393761197,24.798833281219398,24.353323561808853,0,0.849052494498032,0.262907957404418,0.587927183588789,-1.1509433364768,False
P78417,10,Glutathione S-transferase omega-1,GSTO1,25.172253324450036,25.490321845974194,25.562605560871614,25.02102399003553,25.05597057305242,26.044514170234006,25.45468288189323,25.577596449355376,25.545089543998042,25.596608231763863,25.719792827183475,24.802140552509037,22.7936399967654,24.36481008549837,25.487982798755997,25.606463734710335,25.60404104638791,25.585537367998604,25.8618898488478,25.57024196945483,0,0.904549564227719,0.247107109645634,0.583149616570681,-1.19114619836263,False
P80188,2,Neutrophil gelatinase-associated lipocalin,LCN2,21.188956917107095,22.266447745284914,20.183155901730423,22.100149436646934,20.934986732489705,20.727113307003737,20.87120832526264,21.050400670414426,20.021819428389495,21.476304104861818,22.035192270866833,21.825350781914373,20.981538495625195,22.802537351703354,22.17638460135275,20.81003531294937,22.592320395889637,22.64755869967152,22.401798310229083,23.18321663871449,10,2.08299547086291,0.00609654603570977,0.174374622303767,3.05478123060644,False
P80723,9,Brain acid soluble protein 1,BASP1,22.748541154725704,22.17938363042547,23.39603366865543,24.959215158655944,23.56597139721701,22.264746818346975,22.5955675658656,23.266856486800478,23.515193757370866,24.87528326060601,23.41389663242551,21.917389949887173,23.53069585057153,23.494486841142177,24.385608046660888,21.869683062237822,23.06884801809592,23.651896015574145,23.89564002699952,24.197243932455297,1,0.920799476727692,0.988727078466099,0.843797505224354,0.014301030482773,False
P80748,5,Ig lambda chain V-III region LOI,,24.11840097923309,24.824525217895403,23.548104153279354,23.680240483784154,24.50438297027465,23.76414554229587,23.62346538821299,18.22932441508022,24.505157048534212,22.888601880658342,23.3209127381779,24.79652694604551,23.683589203202235,24.121809771582406,23.742483152720883,25.86862655580593,24.781879307616553,23.73561425072426,24.681440221741997,24.083715277960263,0,1.49631516664996,0.117334303567851,0.465667720371964,1.63436902252086,False
P82909,3,"28S ribosomal protein S36, mitochondrial",MRPS36,22.725944228398742,22.69530172830488,23.211331566335108,22.523785380763204,20.149244701902678,22.11818071998512,21.114713826970522,23.047917128173296,22.88945590762324,21.845057002699242,20.10546485610882,22.703233616332618,21.429607784449104,21.1915171476086,21.56220932816496,19.367661511331466,22.131229294144962,19.490398298696984,21.119529398467115,22.019686781385893,6,0.499601567782134,0.025579917066928,0.263572849645778,-2.40617281739743,False
P83731,2,60S ribosomal protein L24,RPL24,20.89953204647901,21.718893428684062,20.613621836196945,22.151388087082985,22.399222739040027,20.371613196883477,21.165454375924014,23.323539148538703,22.43558848346039,21.962573964752703,22.92227723450744,22.203445573964387,21.73624989830222,22.371532624681265,21.11930432170638,22.544027066513504,21.826943303550387,21.945416541485546,22.880056588639878,23.254011267532345,5,1.34992016361794,0.13636396287113,0.486433579823015,1.54986459814161,False
P83916,3,Chromobox protein homolog 1,CBX1,20.467447352392615,20.87753566302872,20.92856404641469,22.262633018307053,21.92216250800051,22.28896018700115,20.490705940147087,22.635686383193825,21.35422741837495,22.23908941003951,22.05120467291101,22.182711836892693,20.50634478573106,21.46209929683976,21.180956615654527,21.742635898757342,22.25041368257186,21.255864454248172,21.153587488527023,21.508211839192548,3,0.916201618175297,0.95911223269178,0.839761241480311,-0.0518935089457571,False
P84085,6,ADP-ribosylation factor 5,ARF5,21.14275227420423,17.316862328276656,21.80763278487573,20.958509397555797,19.77550739236058,21.592110226902793,21.586419471899177,21.005124617064933,22.248833685718026,21.881049006542813,20.13893123884666,22.019654126084554,21.21807922232943,21.56539327115158,19.635323310097185,22.18617932154805,22.477861483454554,21.81535485454628,19.436568063660335,22.401838407494125,10,1.22671021964927,0.49369294827114,0.709261894965122,0.696807526791985,False
P84090,3,Enhancer of rudimentary homolog,ERH,23.6640193684606,22.81635065508581,22.866539693088598,23.63127487759505,22.422920423313872,23.94896226472316,23.762474869991784,24.085703151158192,23.83420927716222,25.1535915530857,23.654644330316184,22.622891004530434,23.51213448176073,24.433735318607134,24.29732428565855,24.208579577623674,23.32088704140104,22.565709012092356,24.28241497376507,24.041302520137865,0,1.00813390252259,0.798686161691373,0.812593916944395,0.258360448102796,False
P84095,5,Rho-related GTP-binding protein RhoG,RHOG,23.068504591100904,22.605380534246788,22.104087959935605,20.29596328030721,22.967040191758947,22.858429738847263,23.25856537019437,23.361621940779834,22.780953372403715,23.020869575217404,23.675344530301683,22.050111595039002,22.56337085076075,23.100570463243272,23.169043003155252,22.380296580286345,22.410338736112593,22.205232256839995,23.007484166904305,22.701655303990353,2,1.00242001168266,0.767575292317935,0.807231985594737,0.299469165985865,False
P84098,3,60S ribosomal protein L19,RPL19,23.11979716976628,23.500988955302432,22.0817639006425,22.858483835170947,22.717254813793808,22.246133606064078,22.19194508758548,23.49135150275363,23.376487486539283,23.198786118283913,23.242333323360103,22.330097926853053,22.658916884664027,22.742952551239735,23.265950777189197,22.42840723568754,22.60335542119606,23.270318703224888,23.67771971166506,22.858843164951775,0,1.00099784417109,0.9110625436108,0.826708499711055,0.113075701498927,False
P84103,4,Serine/arginine-rich splicing factor 3,SRSF3,23.59239722562692,23.68001206868711,23.09955539235466,23.374348267135975,22.696734711593784,24.661233614106077,23.163443366974935,24.26384619946462,23.684220443067538,24.79221779478046,23.360400686258842,24.35094767851452,20.665913793855477,24.49032820573397,24.237005271020948,23.797528899911025,22.893912735690876,23.410828680151234,23.92341701030303,24.028264520014073,0,0.949556186790272,0.640585347533338,0.7585186811081,-0.473839677547744,False
P84157,5,Matrix-remodeling-associated protein 7,MXRA7,23.686393231992046,23.22908743418661,23.370793324964733,23.63989015101533,24.013717043894026,23.726313793206423,23.653883404161338,23.28539348283985,23.001010215456713,23.425013619882733,24.48129757987492,23.008100443271218,23.29923425879106,24.236947713421085,24.076279988553157,23.88026933091896,23.193726344524507,23.18424974105803,23.341134178483507,23.352608515618197,1,1.11885284674251,0.639624878760426,0.7585186811081,0.475209879803456,False
P84243,3,Histone H3.3;Histone H3.2;Histone H3.1t;Histone H3.1,H3F3A;HIST2H3A;HIST3H3;HIST1H3A,23.643156308888376,24.37414819519349,21.965473897262534,22.304568298998603,23.342402144379395,22.934473437398946,22.221216803528563,23.72291437166282,23.06428649002314,23.859061022979468,24.47641503451424,22.79623229708841,23.71342379975242,22.571667921642714,24.130203651723704,21.26412031012119,23.68713211513061,22.65934203233969,23.275647228219327,23.49119259727462,0,1.07656201931701,0.86816598447554,0.825812662811676,0.168066535862839,False
P86791,2,Vacuolar fusion protein CCZ1 homolog;Vacuolar fusion protein CCZ1 homolog B,CCZ1;CCZ1B,26.966150057650037,26.748038724298873,18.17139034425862,25.740190148868862,27.844961487087627,27.4598972334899,27.49413318027855,17.849017780185417,26.9432430379199,27.612655208121414,26.488761003231055,27.274851788094608,26.817732914110852,27.033866387431353,27.01089052312582,27.023074089642954,27.480408361035096,27.34013334942831,27.11816386365842,27.388557236873694,10,1.17048004824676,0.129654505587684,0.479570085952473,1.57846569930776,False
P98082,9,Disabled homolog 2,DAB2,21.240751923541463,22.471427006587316,22.310208766468037,22.92196587952696,20.34754852871615,21.542916729133402,19.713608762564675,22.552441231675108,21.73775936099441,21.497711702572538,19.417904887943557,21.82424770360396,22.170955339406856,22.265084795723105,23.034726810048777,21.189276560413557,21.036628930090206,21.110086556622715,22.26755017378095,22.997966606750907,3,1.09416792442507,0.836946750441241,0.819283344390874,0.208415032343822,False
P98095,13,Fibulin-2,FBLN2,22.85083207696572,21.42845659038933,22.630072038374337,23.15779034098175,22.87659227322899,23.975075634936903,23.82081347253997,24.204463001225555,23.62056383275089,24.276594015873528,22.78695931139853,21.16510484204766,23.49629214812332,24.322857781673555,24.09688357852368,24.147005442718914,24.023919426010185,23.643774971286756,24.66672917298662,24.156139592434418,0,1.31088910750083,0.281113207870055,0.59687397298761,1.10678452887406,False
P98160,56,Basement membrane-specific heparan sulfate proteoglycan core protein;Endorepellin;LG3 peptide,HSPG2,24.93152589798859,26.366400155905485,24.78429599774483,24.638875744368423,24.06936270355457,25.188037501908067,24.565221634340784,24.127535254996324,25.49497318646456,26.55136472610269,26.994379021658293,23.5034850382914,25.228381265447855,26.45042804408607,25.506389376521152,24.1567139022838,25.381060361556482,24.950912240467343,26.031690444023614,25.508428530565155,0,1.28047571821504,0.465472263111183,0.69086707470759,0.743638629409038,False
P98172,3,Ephrin-B1,EFNB1,21.480560026252274,22.087428122295595,18.646573038780918,21.689911127264942,22.02229034770419,20.1719062494492,21.999831527654315,21.83329726396354,20.427816788269652,21.23199749597885,20.7833144035513,20.55230198062022,21.126832954568854,20.93342003520773,20.50578500873432,20.54358135280302,21.06837703011675,20.742326795566207,20.82855931198249,20.684802056018377,11,0.638717312358036,0.324406531394348,0.619186017833498,-1.00952324383626,False
P99999,7,Cytochrome c,CYCS,23.135898780406468,24.93061528982232,24.817764260490012,24.1350665614704,23.003103184877954,23.528961120361465,25.359245302004553,24.634545311390955,25.318878102183888,23.75117269517045,24.323175387883918,24.150844973229614,22.648418483002803,24.3135257184283,23.331373241071084,24.558650074555878,24.199450664251838,24.568354783013433,24.511849369548976,24.64013878779196,0,0.837081907661694,0.667906304426267,0.768339943129565,-0.435235443679142,False
Q00013,6,55 kDa erythrocyte membrane protein,MPP1,20.926223270089526,23.795667444034308,21.010988556514906,23.24787506739164,20.826284105646444,23.322620907507417,23.866437975004377,22.053563133286058,21.85178920126726,23.404017329580334,21.572709541090642,20.42487165949013,19.350468946345032,23.15436414919113,23.09320298624612,23.57038097456869,23.56087769528392,23.11557780409149,22.708499907547104,23.451005342514534,3,1.00278381274739,0.952492117047796,0.838202221894998,-0.0603054975323737,False
Q00169,4,Phosphatidylinositol transfer protein alpha isoform,PITPNA,22.418243516413217,21.329866591357554,20.711789288920187,22.18799942828825,22.24701299710679,22.696218821797206,21.63389066393037,21.343672447527634,21.7347777254643,22.276290996317247,21.35411441627384,22.04735035909274,22.00167094948051,21.936555672267186,21.768256506073875,21.81834257264165,21.731667412798323,22.452124475644165,21.951375973770777,22.42152833297123,5,1.00967171031115,0.740631371436029,0.798823546685696,0.335501270198724,False
Q00325,7,"Phosphate carrier protein, mitochondrial",SLC25A3,23.01314075261486,25.522260721380633,23.25941006670883,23.48301404764978,22.57013494424326,21.070880609908404,22.946885314303216,23.054046862878376,24.070693732416277,24.046638673720757,21.922343941102827,23.723322602547054,24.14702947180999,23.260680151899216,24.373088970299627,24.159974363023796,24.770478106755714,21.51238422295249,23.83891587061339,24.35461868041448,1,1.11831281164998,0.535159877837826,0.727049936758826,0.630692056588129,False
Q00341,7,Vigilin,HDLBP,19.17257588430849,22.025318532231474,19.15881241191181,20.448753035349135,19.81710059984709,20.984237396959,14.202286636648482,21.72748823404725,21.33974199639765,20.83904272552716,23.132632995970283,22.939318035004977,21.56167784480892,22.387057579263203,21.780176549838878,22.14471503062014,20.380271966339926,22.345452671299213,21.844613360757208,23.190807439727713,6,3.02279313041809,0.00674449921654854,0.175323277667773,3.01047400070447,False
Q00577,7,Transcriptional activator protein Pur-alpha,PURA,23.883130698910698,22.3941700169813,24.25882623419148,23.746114953980992,22.946314708663138,24.44778084726369,23.18506049448084,23.963495681079788,23.708457505662214,24.16747026455626,23.78494742152704,24.176078631579554,23.633423082608292,22.947558844737305,23.937006793271408,24.196665976328532,23.40664067894462,23.41269766998741,23.363223066927407,23.625858205966363,0,0.939687721895705,0.932615808343142,0.830457351070302,-0.0855911667768885,False
Q00587,1,Cdc42 effector protein 1,CDC42EP1,21.61707824461002,20.910274018833636,21.34286719161704,21.228070161524563,21.164242751683034,21.22957473622681,21.138856853042785,21.696147194010095,21.525622583971607,20.989049172304387,21.338430639107937,20.76793529550504,20.554323098871503,21.249509820739135,21.54837256222018,21.204874886108467,21.293013675011114,21.271942745798995,21.497518132331333,21.385681097021894,2,0.955132943718044,0.738639603931383,0.798823546685696,-0.338182379264678,False
Q00610,57,Clathrin heavy chain 1,CLTC,27.40055884255756,26.933488451502914,27.192074288249792,27.079743623662974,26.9542404916709,26.96818341923255,28.21276552705514,27.564898971298582,28.070942901802887,28.482129327431316,27.524605217895676,26.786785097916603,26.5312072152276,28.301708445726057,27.496642883194493,28.196573841835818,28.184969764299534,28.31404754660467,27.751456203410534,27.929060133663675,0,1.16056830359176,0.310294842466579,0.613979024606205,1.04015146029844,False
Q00688,5,Peptidyl-prolyl cis-trans isomerase FKBP3,FKBP3,20.48939353348081,21.221632872010808,20.331003738164835,21.34830090891513,21.1306113775895,20.725458650278156,22.390954161731894,22.387253819083234,22.35713869497274,21.60783536959411,21.95965824557108,21.333830741353186,20.23615482633163,22.410847297001137,21.149742819462954,20.63993240965827,21.821922682086583,19.738334579152145,22.686488379403965,21.553157472585745,1,1.0131121144061,0.903173840035315,0.826708499711055,-0.123156571150593,False
Q00765,5,Receptor expression-enhancing protein 5,REEP5,21.670428740895844,22.971511259829004,22.449988213771142,22.515367543887518,22.912627241627117,22.655292811881097,23.397271641025966,23.00146353127881,23.205463723293416,22.900324652157526,23.064545094718635,22.145597658792525,21.429478701548213,22.539575304934726,23.514591983378065,23.292939815653895,23.373425071744162,23.177023346495634,22.98860782673984,22.614077521257137,0,1.06626633916311,0.863087852851161,0.823820601352691,0.174608357321098,False
Q00796,5,Sorbitol dehydrogenase,SORD,21.635448118750208,21.173637469038994,21.61305971071121,21.867172393905296,21.81420362087991,21.87837203976108,21.03352331100655,21.906840659912188,22.571563554577462,21.24962375259795,22.11863486850195,21.842990029461927,21.606081468856324,22.675706677567906,21.766036075844,21.450296002162847,22.728820262910915,19.306715547042756,22.92805351877641,22.492458988078194,3,1.31757656835365,0.573161619359942,0.735939313452343,0.572503442866438,False
Q00839,15,Heterogeneous nuclear ribonucleoprotein U,HNRNPU,25.408581518337698,25.504089526108764,25.24574047517182,24.630434530969563,25.507063922957744,26.170003579077804,25.889259517383177,25.876784047886456,26.07597720450047,26.596437564824893,25.5078601496243,25.152049160700965,25.368369980025975,26.26716738403963,25.97885664992683,25.80008738374523,26.16025971838915,25.833758527716633,26.509451975926357,26.621635355629078,0,1.1562647162864,0.214609426692506,0.55792310220854,1.28037160118367,False
Q01082,137,"Spectrin beta chain, non-erythrocytic 1",SPTBN1,30.176624782348036,30.009029158292947,29.945303865442458,29.1771633032794,29.499898398228783,30.247061342525246,30.43958009811239,30.18852279241329,30.25528155732328,30.279227958367755,29.619468883536676,29.60469949070414,29.547570696768894,30.798515628288968,30.023934836131524,30.30282697245186,30.53509173978505,30.60348063381616,30.424064570308747,30.34403674026656,0,1.13066198027404,0.312009541545371,0.613979024606205,1.03637807887556,False
Q01105,5,Protein SET;Protein SETSIP,SET;SETSIP,23.073013882043703,20.20231315843908,23.653111860143483,20.625864088501505,24.43947502316624,22.95645814824533,23.70027344061093,23.908304949410766,24.073989596110557,24.068514388608417,23.068520235908856,22.487497551646722,23.150465315643704,22.475209787282736,22.971547110937365,23.48901491715659,22.174023586597706,24.322946357848753,22.606671489220126,23.63727927898629,2,0.789053943831766,0.944346943256798,0.836413853594076,-0.0706615404629816,False
Q01130,3,Serine/arginine-rich splicing factor 2,SRSF2,22.564549240673806,22.551466375774396,22.852826575113845,22.977230315209674,22.938169593744473,23.102543199734747,22.78764848663587,23.0393202507681,23.37581998419507,23.50792657556793,23.34384375393882,22.265309734569126,23.878215090710523,23.78494329168862,23.562986367949975,22.55569133317267,23.651119893798988,21.916139994567796,23.95202222469189,24.543391694192902,0,1.45325736140186,0.222469817597311,0.564550493478806,1.25788886248527,False
Q01469,12,"Fatty acid-binding protein, epidermal",FABP5,29.11469476614539,28.717498584380213,28.22522578180394,27.86179676909192,28.760230650479528,27.74746133476396,29.0718191554858,28.819882812159957,28.666050346925296,28.27335338109967,28.026860028137918,28.205500313734504,27.845778297223664,28.538654717501633,27.438666647298003,28.911543114916107,29.01594613909597,28.990160436337966,28.40489594061338,28.988557738896933,0,0.954610788077083,0.638116453001388,0.7585186811081,-0.477363666480756,False
Q01518,25,Adenylyl cyclase-associated protein 1,CAP1,26.619200665749656,26.703809908991445,26.9461540419782,26.703429054120836,26.878500307105814,27.518799215061904,27.420172576159754,27.18556350008819,27.426052700077474,27.817379857394986,26.633561089959876,26.793342890370173,26.72985009784891,27.48870120930027,26.925828486469083,27.642134484259778,27.51308796658702,27.439798996156032,27.43749198186789,27.361954311080584,0,1.04560734918267,0.548533220580012,0.730613623538725,0.6099734333771,False
Q01628,2,Interferon-induced transmembrane protein 3;Interferon-induced transmembrane protein 1;Interferon-induced transmembrane protein 2;Putative dispanin subfamily A member 2d,IFITM3;IFITM1;IFITM2,24.557749408568466,22.163407054330968,24.00708959488427,21.88431352672669,22.616677272949197,24.153883999304412,20.60014818231236,21.689862364096953,21.16237602808367,21.540133312909884,24.083078331599026,25.1179460640213,24.072653142058826,21.249907884888323,21.51299003347343,20.396143766323544,21.15082610511416,20.923808001692283,24.707441094466354,21.96674716266691,2,1.33785312106608,0.897629490189519,0.826708499711055,0.130249413030248,False
Q01813,5,"ATP-dependent 6-phosphofructokinase, platelet type",PFKP,20.0595574949822,19.489319958758763,20.87349818334385,19.56658887486516,20.287589526946093,19.8635781844543,20.046462426151475,20.99971869101071,20.644707832065052,20.77157921208687,21.17735003847681,21.453723922494063,19.129488382424746,20.345259875260517,20.439927877946783,20.298001202796964,19.613253632174295,20.37164344029871,21.357803185717195,21.32281796016204,12,1.29626149668385,0.380232229475127,0.652282376340139,0.896664135781565,False
Q01844,4,RNA-binding protein EWS,EWSR1,22.007200502153264,22.11342437351076,20.851665500203218,22.299653116808173,22.195910448682522,21.935928885629068,21.47933179314142,21.820936527434938,22.24303796156853,22.4858196109179,22.235685885109852,21.614550286365695,21.019568469777255,22.391754823423415,22.69634099957686,22.530847262195195,22.31501783888689,21.17707509216164,22.27960392601206,21.638497096110918,4,1.05914708570954,0.872101104408789,0.825812662811676,0.163002369599318,False
Q01995,21,Transgelin,TAGLN,29.33362728499755,27.521575460190373,28.284343594894114,28.176983465769286,28.295095847760184,29.421903468863555,29.953035297726018,28.51542340255715,28.042396945945526,30.377409323841704,28.20503736674275,27.470571520194298,27.870860418022435,30.024808628087868,28.501590213387725,29.827765957270834,28.470729881984166,28.884922126797058,28.51553332747787,28.999179997562994,0,0.87801195084331,0.729219974481306,0.795870457583298,-0.350896889109237,False
Q02218,30,"2-oxoglutarate dehydrogenase, mitochondrial",OGDH,24.22221021336812,25.91767058702389,25.65961596201784,24.956487629449008,23.874681712543,25.47880418437782,25.46394268067125,25.523453116481527,25.842828794787685,25.253665019012505,23.48814355059114,25.08740252605258,24.335611778083994,25.38709779151732,24.87009664168744,24.807067414266623,25.15986255526458,24.859761062903267,24.22736265576127,25.14089735720883,0,0.698367647458081,0.0858866206575293,0.419883675208394,-1.80370526480129,False
Q02224,3,Centromere-associated protein E,CENPE,21.065172913603444,20.94174955968435,20.74731394874432,21.074055309962848,22.26108787565104,20.432784511424835,19.872005163539622,21.79537850474234,17.271698826189567,19.541764529431,21.080060243350697,21.35430919125368,21.742498045967395,21.452003333129326,22.711997575306757,21.17115099486867,21.67772577285081,21.13778818321253,21.355792694433855,22.48084947483867,11,1.72337207055542,0.015617075186972,0.212357344759836,2.63488508899662,False
Q02252,20,"Methylmalonate-semialdehyde dehydrogenase [acylating], mitochondrial",ALDH6A1,24.97645125515632,25.529971902150216,26.769218669484385,25.978070460745204,23.578624417623768,26.2972125991209,25.599799963263465,25.326898572297846,25.738668227089917,24.11960616801022,24.338345599418325,25.50582945821045,24.268154764314836,25.05829852262497,25.47766444755521,25.020497976391074,25.25906199370395,25.827487941943076,24.144385542767584,25.301514597810378,0,0.695227598328721,0.297911046576722,0.608461038679821,-1.0678535691959,False
Q02790,5,"Peptidyl-prolyl cis-trans isomerase FKBP4;Peptidyl-prolyl cis-trans isomerase FKBP4, N-terminally processed",FKBP4,21.961211451834576,19.44932782872919,23.063621696689207,21.440716543136528,24.343183926464768,22.158798183656756,19.249172065297593,21.0354068234476,21.870453292336535,22.413365707516395,21.97335837620638,18.923740637786917,22.44520602742555,21.27541892555448,23.307786312185186,22.980702161939522,21.694609465144648,19.52991315684262,21.689303324593336,23.20116342605126,3,0.892453127161021,0.995610372736376,0.843797505224354,0.00556859106055876,False
Q02818,9,Nucleobindin-1,NUCB1,20.073361382383684,22.58910485639798,22.248842145618855,23.52521798401576,21.72310126176982,21.388650201819758,23.311020014226607,23.71366888416742,22.921917915580426,23.09705029936693,21.047837275981433,21.817453084875606,21.623526936267762,23.061294120201637,22.594084873493532,20.763454815342964,21.618314141874176,22.2425501658608,22.613280412890507,23.253915537792693,0,0.704566349340531,0.367780950720638,0.645446865644454,-0.920811683127179,False
Q02878,8,60S ribosomal protein L6,RPL6,20.42549991688218,20.89831783116863,20.330371235841014,21.879431032241897,21.59800039251356,22.107929799068696,22.168046729200945,22.945649313797887,21.70451114424834,22.906823565630646,19.540033600840616,21.438323619763892,20.82791055804378,13.594720998961202,22.276067563428004,21.392465589050463,22.033241031633857,21.46887546969109,22.608331327518986,22.758093044771787,3,0.843344515614372,0.235067933696846,0.576012803632395,-1.22309518944238,False
Q02952,66,A-kinase anchor protein 12,AKAP12,28.771736133026423,28.232157238218797,28.269859348647778,28.78596454429401,28.974339686297565,28.934383915197255,28.35174743514887,28.282922452076356,28.108467171596402,28.65371840291016,28.048147011204485,27.990913994052733,28.49981577831511,28.299673826282994,28.521698736251047,28.261771530854357,29.069375857023033,28.43026551093073,28.594390100210813,28.222247895815293,0,0.905460504743802,0.340946577599529,0.628450739902339,-0.974787432627365,False
Q03135,7,Caveolin-1,CAV1,28.878795261435695,28.443943491927705,27.406583829787394,28.178678186489194,27.71490526995718,28.27725728169712,28.168552901525068,27.980903267623248,27.832314972620278,27.87538485967393,27.884338543698558,27.974435119813222,27.944184990933422,29.01410783756905,28.477017093686037,26.962093996223576,28.40328913095576,28.3205035534931,27.57811426796179,27.41300339255647,0,0.982165417115955,0.71374334595461,0.789207019147749,-0.371917302094572,False
Q03154,11,Aminoacylase-1,ACY1,25.124701801364417,24.44493771051519,24.917167799098365,24.99197017872187,22.75000554455139,24.185682735296087,24.34015946087366,22.945802654965593,24.229431577563926,23.496102467842395,22.093319867747574,23.70688629977038,23.78806304613227,23.260460663835374,23.98238433146311,23.528290504720413,23.866982361745624,23.575242577631215,23.876609324806722,23.674661769174918,0,0.605235153571761,0.0601074855873822,0.363237063220638,-1.98904184525412,False
Q03164,3,Histone-lysine N-methyltransferase 2A;MLL cleavage product N320;MLL cleavage product C180,KMT2A,23.39619468246586,23.1444064713135,21.756790130894036,23.24125264999963,20.280646232627767,21.794830675464862,23.085462082783717,22.868140842774004,22.359571532842033,21.67529161366334,21.58963813767185,21.022896973155934,21.30680840313471,21.206087171819185,21.471921889543516,23.49962403423018,20.911723105226972,20.095825959332196,20.313724349142586,21.82072826818343,10,0.518521358041426,0.0285754694720015,0.272440420479985,-2.35378880627389,False
Q03252,24,Lamin-B2,LMNB2,25.282712726494307,24.643990011785018,24.608008332441013,23.797715251833264,22.929643659749907,25.65867093976284,23.537332960949673,24.35840009695041,25.135057177126534,25.908122898495275,24.16342568805563,24.38954660535024,24.56142954177577,25.053144171428706,24.95507297798672,24.474778138639703,24.25418469111792,24.191247986215476,25.618577079148864,25.256736898257405,0,0.951291885819836,0.746193310050314,0.798823546685696,0.328027596508971,False
Q03591,9,Complement factor H-related protein 1,CFHR1,21.61117609536063,22.144278484234757,19.170932103373598,21.09717802242456,21.914063462523295,21.862751445151773,21.3343105823742,22.171916265440185,20.922573170034628,20.42767649039876,21.742961435675603,21.980616148364557,20.711181491823808,22.238296907207637,20.905553004986793,22.482630397016912,21.163560572391194,21.97411077794151,21.048171134409912,21.32084521841464,3,1.14342915879673,0.445397869260174,0.6854200276689,0.777989037271531,False
Q04323,6,UBX domain-containing protein 1,UBXN1,23.177708693635086,22.52394143274671,22.395584313663342,21.79104835302756,22.803734177879956,24.277939468197342,22.734747023529373,23.772688638061705,21.8902507165454,21.128152939633626,21.336170050326835,20.819563368351243,20.53810792214344,23.187111491045364,23.959682231239313,23.58656773368259,21.394714612637806,23.031502739636572,23.066302666941198,23.022319416770287,2,0.916022672873039,0.592592988539646,0.744753316101235,-0.543517445128746,False
Q04446,15,"1,4-alpha-glucan-branching enzyme",GBE1,25.416112338388203,26.003676248348093,25.29048138508187,25.2747997891488,24.49649834535128,25.718259527231346,26.00067299460199,25.232450265206015,25.98891883168895,25.193229293760837,24.43773352397624,25.576242187671056,25.91050519957987,25.53297572328997,24.75886944734922,26.70132583084239,25.588239973139025,26.41546920835569,24.86252948310385,25.74461512331318,0,1.13320703904488,0.719833930109029,0.791353431452998,0.363625144134174,False
Q04637,13,Eukaryotic translation initiation factor 4 gamma 1,EIF4G1,19.255874930167046,22.010128766817097,21.474178053160472,21.78359477469557,21.81045215757417,21.985113504242076,21.329959378198513,21.875565118777253,21.235183977359892,22.069290733630414,19.389537054739733,20.701174910518233,20.75218273781933,20.466064004023995,21.025205803958887,21.643031433561863,22.866660730239904,21.265240881805042,21.16643974293245,22.326646141968602,2,0.884570332120335,0.37369362809775,0.650564800765487,-0.909278217188519,False
Q04760,9,Lactoylglutathione lyase,GLO1,26.34971146518493,25.757365666213406,26.164271202186526,26.115295134452545,26.071259738727164,26.31893156875902,26.05164318508486,26.112741388800938,26.43362275480862,26.051959005654016,25.865459068865768,25.92746576530069,25.394725877349718,26.609030577428996,26.09938044524976,26.700526387701686,26.460074645156475,25.5432075632244,25.977619263635894,26.47555557577916,0,1.00843344556119,0.825545772656997,0.817624247495614,-0.223235231319395,False
Q04828,15,Aldo-keto reductase family 1 member C1,AKR1C1,27.89427937831253,28.861457195316813,28.449341338658325,27.590452860023174,28.5112778994725,28.985899818473513,29.00677763095436,27.367986908656427,29.19327355535758,27.739447400689894,28.25088852930596,28.696481817136792,28.284099480961352,28.90196623875396,27.880481698714302,28.635901854659817,28.527983949176303,28.791474434437447,28.57832721861504,28.17069646669273,0,1.00826575300887,0.628401412408206,0.758178549609215,0.491290903568427,False
Q04917,14,14-3-3 protein eta,YWHAH,25.906838963854224,25.337100816628418,25.26560432815761,24.277294507115908,25.36266089991193,25.498799038514328,25.443266553583626,25.26624265236971,25.481954056690107,25.615914394378265,24.658689881389034,24.59430372677171,25.477826118899575,25.127086146749853,26.094411491588147,25.237967692347656,25.288932391132473,24.746944317464646,25.47640382985047,25.422180213668295,0,0.92380039127991,0.53196758051734,0.726830710757849,-0.635678827063504,False
Q04941,1,Proteolipid protein 2,PLP2,21.237231779688635,20.5094549951619,20.468922045295816,20.736931093935464,22.097369291875662,21.875194886415404,18.58138701771723,20.6446424534829,21.31018764900765,19.04153070811961,19.184815036226684,20.765905166388933,22.187613668199436,20.605701105121287,19.138295084404795,19.169085450898827,20.31412527173126,19.076792622709895,20.459660151174244,17.73792236423605,9,0.650023361734734,0.120582751070763,0.468473175942793,-1.61916802728459,False
Q05469,34,Hormone-sensitive lipase,LIPE,28.437887276571303,28.3102227329858,28.970272277436294,28.580814082968757,28.398528273430095,28.18470462842423,29.19155089314774,27.910319852627815,28.90854515472213,27.54484433643118,27.96027581366249,28.309517348512582,27.89414065441783,27.656145120450418,27.706012905254298,28.186081726685853,28.631868543862392,29.197957464781464,27.28487761170168,27.857426211122807,0,0.784222209322101,0.109436141636107,0.449353564697873,-1.67286586468137,False
Q05682,24,Caldesmon,CALD1,25.643256058485036,25.13192688482397,25.438314725486034,26.035221010444985,26.095738271819677,25.671940253263433,25.950292596388493,26.526455177443726,24.917292200942214,26.390715892074095,25.946062803121126,24.81025494368446,26.306281262866662,26.623823181627312,26.217359125715625,25.991068562393973,26.32585223268481,25.825137166947002,26.638063883695416,26.250920778048982,0,1.23498891245131,0.194884173908653,0.539227987617833,1.33974963055955,False
Q05707,37,Collagen alpha-1(XIV) chain,COL14A1,25.339754260846767,24.926035887921007,21.67980329498571,21.55995633782007,19.99648067622189,23.152511206950805,25.17059007491523,25.297490297251993,25.943824879537715,27.3237370793773,22.218909112124503,20.94761375172341,23.407233920917665,26.42788358150185,27.265283819057505,26.280716334400804,25.302199946878016,24.67937148313164,26.44565227044176,25.540353264186127,0,1.38958569208973,0.312941563843083,0.613979024606205,1.03433321818836,False
Q06033,10,Inter-alpha-trypsin inhibitor heavy chain H3,ITIH3,21.504237028845136,20.99666650701053,21.26046514214542,20.53333280274766,21.466368190223722,21.295625727804257,21.405867493133442,21.56696899643298,20.441490915076,21.362998534486465,22.047734016128054,22.824930661049176,23.087532820067867,22.46958117439154,20.633657750165153,22.659497427842272,21.662203593519056,20.847507392990106,22.582648794236846,23.586716113215978,5,2.39369274476017,0.00722595993955987,0.175323277667773,2.98013463530563,False
Q06124,10,Tyrosine-protein phosphatase non-receptor type 11,PTPN11,21.29492101675854,22.348246253161655,20.82108398792736,21.75515261243106,20.31581097400871,22.29503423070538,23.380056285596435,21.360518118965555,22.84889008345226,22.661174461488823,20.862431437707183,22.981370350847076,21.342209480318413,21.736559807501717,21.958659224608326,22.94912819756833,23.121642305767267,22.55656953059749,23.257037787155426,22.094447270028173,0,1.22627664315132,0.269774107388026,0.587927183588789,1.13403208756241,False
Q06210,12,Glutamine--fructose-6-phosphate aminotransferase [isomerizing] 1,GFPT1,20.864039294814347,23.33211512528408,22.50275630899878,21.300217535295467,21.738548645435618,20.553835653873676,22.03581518195196,21.9864557134718,21.586314157989296,22.98272536223594,20.211277003538797,22.168273160628292,21.72783056393352,22.551393356919704,21.604783464032046,21.15322404117268,22.342156743170662,23.18412101520107,21.62486321852219,21.326099880382305,4,0.909728485271541,0.806063899357676,0.813589620325639,-0.248681014862553,False
Q06278,30,Aldehyde oxidase,AOX1,25.161985976534403,20.939825975700003,24.831193951840635,23.775733365049565,24.854025862855554,25.873991147580305,24.060168245533816,26.048738312033624,26.15354347083905,26.02966033854524,25.598677677243934,23.361957620055797,24.095348679908852,25.44929711298779,25.292003766859683,24.836220444556123,25.520343330423408,24.80145826805499,25.570769560687918,25.553344180886885,0,0.919074580941288,0.608734449789916,0.752218059563864,0.519793910166283,False
Q06323,14,Proteasome activator complex subunit 1,PSME1,24.78624726066007,24.699748167544797,24.465134860252935,25.360768250249233,24.559962857934277,25.3309510617476,25.602855774675856,25.67085118961434,24.833723275796366,25.99238520514629,24.985781130244114,24.137479281821197,24.408102160707767,25.67963537765907,25.01934269949822,26.05388430189539,25.795371723012895,25.899877418229806,25.139742677524463,25.898208203630535,0,1.15701304861882,0.415957669293942,0.670306432105353,0.830132509406584,False
Q06830,14,Peroxiredoxin-1,PRDX1,28.45673945824582,27.91757757293399,28.478504905283888,28.16723879877874,28.699997062661005,28.68600171107398,28.696273339063815,28.72523884828039,28.54497202769807,28.735599495077548,28.569519194454216,28.704800694314294,28.455733792890314,28.904492446732487,28.62056681701989,28.841497013700444,28.885889198905538,29.036373192400507,28.75692264690969,28.93465129335769,0,1.18825895474829,0.0229321381623021,0.248645460513951,2.45745355031383,False
Q07020,5,60S ribosomal protein L18,RPL18,21.181541773029192,22.75894887422682,23.06962619888382,22.267953654446842,23.776070227823592,22.25246686571921,23.65994496688268,21.359459496641723,23.013837958782627,23.413262360131682,22.399767249846324,22.94394276999491,23.111088136593622,23.247340653666267,21.822122460972246,22.256177296465626,22.857370246506683,22.4706285819493,21.48477865526908,23.35064030925442,1,0.873557731808033,0.825191463220793,0.817624247495614,-0.223696605295644,False
Q07021,4,"Complement component 1 Q subcomponent-binding protein, mitochondrial",C1QBP,22.29139496959411,23.797889844896744,23.009814635863545,23.757375716245456,23.96266994520544,24.280946650194718,24.263445980210385,23.481865601127236,23.851597174774117,24.46544676715072,23.637868660898583,24.381207409075152,24.17363594372017,23.636564168535617,24.1769156965004,22.648563112718,24.18872425765878,23.76543150216466,23.69784080419928,24.35470795609773,3,1.07786104073642,0.565632030578116,0.732675882289056,0.583868874351809,False
Q07065,14,Cytoskeleton-associated protein 4,CKAP4,23.14672810769442,22.756604609612346,22.197975357753883,19.50443808263005,21.094453684517397,21.96328362830051,22.813803050617274,23.246958634094725,23.253734544700038,23.685368819662862,20.09822405976572,21.49797790315998,22.375289071779168,26.287775726774722,22.881193881536564,26.5590691068337,23.52238657967679,22.653700698587087,22.614970629937833,26.000375248900234,0,4.20185750736726,0.128834302136836,0.478135953929421,1.58204604473435,False
Q07157,16,Tight junction protein ZO-1,TJP1,22.66420288909627,22.059872812111806,21.905680812420275,21.35168464261768,23.092433548663177,21.824567482264346,21.925895518597525,22.577853714783128,22.538722471153687,23.93978326196045,21.277586348586567,24.591759358405227,19.95566942514741,23.21667005632044,22.499688048726338,22.2518619579797,22.59262749821053,22.635400831291378,23.119582911886916,22.8651239543271,1,1.26150992825178,0.804710221486548,0.813589620325639,0.250455159948325,False
Q07666,5,"KH domain-containing, RNA-binding, signal transduction-associated protein 1",KHDRBS1,23.69527217522249,22.968497421791035,21.812479601414434,23.366871656608915,23.16088933758336,24.150662914118925,23.90671261235699,23.87245480169433,24.712340227548207,24.624551134493057,23.779718882627396,22.166929254022673,21.8954671846639,23.900584839878423,23.858556931729748,23.994578473133007,24.04882847961895,24.314326926368746,23.534754186031716,24.229635539345164,0,0.94557046811172,0.855859545091032,0.821068367518388,-0.183933693366651,False
Q07820,1,Induced myeloid leukemia cell differentiation protein Mcl-1,MCL1,21.087709325859976,21.107468472394846,21.239466559065647,21.512565114844655,20.08569897852159,21.530179433664763,19.542552515367614,21.983740037372925,21.550916228675728,20.07383108369066,21.126886730787763,20.77203557542939,21.375605798157878,18.947790369364146,20.29846488080315,20.4246943302034,19.958864102623544,20.645571136948107,21.74030853494507,20.661889832490875,9,0.76889873658693,0.325687348757298,0.619186017833498,-1.00678999097194,False
Q07866,13,Kinesin light chain 1,KLC1,23.796927272722172,22.88473999517382,23.269700534099183,23.13166000004624,21.684051885938707,29.82560240091092,22.1318437563772,22.48395785748421,21.96733288344181,22.834959223855623,30.551140665139357,19.854768040642647,21.96257288441044,22.69163447415917,30.419262009440917,21.55523152132153,22.872894362341842,23.274677667638038,23.192747119264755,21.480530433586665,0,2.99884820263732,0.756041172769889,0.803470544470343,0.314841275732489,False
Q07954,69,Prolow-density lipoprotein receptor-related protein 1;Low-density lipoprotein receptor-related protein 1 85 kDa subunit;Low-density lipoprotein receptor-related protein 1 515 kDa subunit;Low-density lipoprotein receptor-related protein 1 intracellular domain,LRP1,25.33399811009685,26.229701917776147,25.308115726911765,25.805474060707386,25.289946102659144,26.07796503098848,25.534750548557135,25.714456608755537,26.376932316587013,25.76039339531448,24.38660076802555,24.837390249712325,25.22541027261538,26.04747847692686,26.01079309716336,24.879986906400685,26.334768158615454,25.308551895619747,26.439770803776778,25.388129935425795,0,0.895685846306651,0.306122708786832,0.613768740516,-1.04939489129243,False
Q07955,8,Serine/arginine-rich splicing factor 1,SRSF1,22.38382529887732,23.205617370947383,22.1487653598606,20.167323639396173,20.823817357888654,22.975470140447698,20.805404098255458,20.56433481104686,23.21096304397796,23.489255379819884,20.659534797981788,22.03202567382917,21.973769711487247,22.686660586604894,22.52447765255999,22.29660527134709,21.507675324280843,22.97616418253585,22.765150483879985,23.59172415867505,3,1.05465611599964,0.492610550586356,0.709261894965122,0.69857452469964,False
Q07960,11,Rho GTPase-activating protein 1,ARHGAP1,24.106681058941547,24.444059734662673,24.447211735571308,24.10850030219256,23.33702991017276,25.07369037588815,26.134058511898832,25.95058255141753,25.596367221594267,26.184021052518755,25.184711738733956,24.14612324990945,24.56497408620369,26.05415752239245,24.51459198337807,26.492621541040283,26.320763464798894,26.05183936009457,25.203894524238383,26.101992219571798,0,1.35710513477744,0.0428158581696147,0.318513031831708,2.15853882690976,False
Q08209,7,Serine/threonine-protein phosphatase 2B catalytic subunit alpha isoform,PPP3CA,22.607826973075422,22.909765348054545,23.742680029229835,21.779052075928018,21.214912409257476,22.428722867298177,22.622520628042277,22.95071626783132,22.85854185681806,23.60545520619924,20.15927390745658,21.151012572560763,21.68613063550135,23.07508791971801,23.42750760414878,23.19847911934106,23.121500426921614,23.33377928903492,23.871931295514184,23.3212472920551,0,1.09650206780426,0.923440147793182,0.827857818900173,-0.0972823444062591,False
Q08211,9,ATP-dependent RNA helicase A,DHX9,21.206958611233667,19.962796996939463,22.77738273515225,18.846256084373806,23.17651411889959,22.531882979388932,21.981627475755165,21.552461371061877,21.514142672305656,24.14072286154829,21.220925329635964,22.323848394142903,20.74960400194314,23.36898989244828,22.157431489424933,19.885807784955457,20.883090366868384,21.88916592769796,21.710313209748417,22.462931052949177,2,0.740082520983596,0.848621061043602,0.819918955074362,-0.193288966632505,False
Q08257,10,Quinone oxidoreductase,CRYZ,25.029056284178598,24.33367507751108,24.272239471348072,24.806776431985757,24.76327184750485,23.204869408704074,23.309984793503055,23.693629241763563,24.399821774721605,23.869017202106896,23.208023401386228,23.973265633078544,23.913877063123635,24.678116124440933,25.263446798249518,23.542903604128146,24.436430795684153,24.414344770338587,23.83720849089603,24.16120177519816,0,0.978289959997505,0.91805343083985,0.827540449847929,-0.104152225175385,False
Q08380,10,Galectin-3-binding protein,LGALS3BP,23.81840641118147,24.780155901899793,24.212033256758218,25.31368328570238,25.44988478076551,24.820388072738847,25.85825815320636,24.375235070358492,25.508561130610072,25.507180313987703,24.370900741734033,24.786515422689707,24.09206998812268,25.89707701156281,24.68903464129564,24.960725864266237,25.374794671927123,24.329420953773948,25.872129825154488,24.879963162889997,0,0.970329690453835,0.889249624113605,0.826708499711055,-0.14098287402913,False
Q08495,6,Dematin,DMTN,20.303294668101547,24.01764644591475,22.10168571974541,21.23517054196537,22.04334663293293,21.710703749055934,21.61888401636293,20.922290140274292,20.333796878931015,19.837246381481382,20.71806624739779,22.283617219166132,21.18098873593546,22.482247752211745,19.69165072359675,20.017766436543805,21.87297864421953,22.210323098972257,21.72036934195261,22.248198543540223,1,0.842799527051647,0.948813830649493,0.837319346889102,0.0649812831166833,False
Q08623,5,Pseudouridine-5-phosphatase,HDHD1,21.20234429032769,20.02401964094063,19.93449295392938,22.01125362501545,21.943702962570562,22.980981920295108,22.825054964986602,23.16305365057203,22.34940753100002,22.834058785568068,21.10274390328765,21.186274688655423,20.87339285503687,22.48837090400632,22.865041457182354,22.125545080212607,23.204616690101012,22.4839081686656,23.36964933608683,23.0016015818249,0,1.17295350112664,0.326820741910407,0.61962506070546,1.0043775934711,False
Q09028,8,Histone-binding protein RBBP4,RBBP4,22.17537451766116,22.880056505743763,20.30431882423648,21.813677081996655,20.558266126455916,22.250167077712522,22.729852714183473,22.54697307002174,22.414293546345732,23.38736580153566,20.26248538831838,20.022420697124545,21.59007925015932,22.68773835808697,22.19253336132194,22.677679945955074,21.910545837929902,22.423795631444044,23.05431498700154,22.652247022917855,2,0.906622517366108,0.68235877566597,0.774270699342087,-0.415087202397099,False
Q09666,263,Neuroblast differentiation-associated protein AHNAK,AHNAK,31.79610882198156,32.11196929701958,31.633458357930152,32.33967356983575,31.728993545528176,32.11675541207204,31.889606036789917,32.40602563822845,32.25114080853535,32.126580701136206,31.26017892093521,31.78413461720952,31.50568697590395,32.16166954641938,32.09612422612571,31.976886158943607,32.15870065721385,32.029073651558186,32.270174865797046,31.966815608745705,0,0.925731270953906,0.356155889964746,0.639433780302603,-0.943855469227398,False
Q10567,21,AP-1 complex subunit beta-1,AP1B1,20.51915053970956,21.853683310480715,21.273329397424682,22.042671344965154,21.756853028954897,22.743747061516878,23.50974637028437,23.95719618987072,24.132918949159787,24.27431981632337,22.141191892908022,23.746328838018957,23.199395852668367,22.642370605310052,23.00587415375908,24.140418051251277,23.636797036031883,23.153415912689734,23.646769848531925,23.130767307019827,2,1.18799674727492,0.0310150147770658,0.27325797600272,2.31475410814495,False
Q10588,7,ADP-ribosyl cyclase/cyclic ADP-ribose hydrolase 2,BST1,22.62785983825605,22.582755673185975,21.601133335559453,23.122348468823652,21.081929286148274,20.96314322230138,22.826503567226727,25.01211999606855,24.555737515822837,24.116224024240836,23.14053843811784,22.556845238971835,23.546077561327046,23.596434321143192,23.519734048017543,25.056464019644668,24.007275990174445,23.506692624547064,24.931936398840094,24.31056350033654,0,1.48830703327808,0.0316172668472003,0.27325797600272,2.30555416965444,False
Q10589,1,Bone marrow stromal antigen 2,BST2,17.801395581654038,20.40537836803996,18.387756653507473,21.229212437942817,19.631677715599007,19.35041301039549,18.12737920697031,18.62897153530324,18.905186216593155,18.73966824695305,19.03612377194124,20.676471415379307,20.54720229811253,18.861970751954807,21.806059042126098,21.32430484503178,19.14384658582822,21.120408468872935,19.91798115781639,20.352211204330825,7,2.0882383512841,0.0171889948584355,0.221048813086795,2.59097912203151,False
Q10713,3,Mitochondrial-processing peptidase subunit alpha,PMPCA,18.407945654077977,19.014342047610036,18.678934828046344,19.573666739255405,19.22302442059833,19.794530332243394,19.5337192439962,18.335643450326526,19.677826266246825,19.120627706451106,19.15101470439504,19.14040959264109,18.372974198389358,18.861044581902526,19.5244809958461,19.31117975416499,19.29217691216639,19.04283178079072,17.859969242785287,18.461403021703035,12,0.846491243833956,0.366652490379085,0.645446865644454,-0.923026938743418,False
Q12765,10,Secernin-1,SCRN1,23.152177864704083,21.052436989853035,21.732186834822794,22.78173616049923,22.358261742285787,23.668212727482846,22.741827204016225,23.187639694065354,23.159793329504755,21.96028862808417,21.900267379061376,21.831115071828194,23.473778935178533,23.19707844409662,23.23244151499895,24.12911434240152,21.55429166342196,20.55577378041687,22.661730717248098,23.415840657136947,0,1.12188799203184,0.97047510764456,0.842169399018708,0.0374636552445518,False
Q12797,24,Aspartyl/asparaginyl beta-hydroxylase,ASPH,27.035429396299183,27.025953733978774,27.248033410899843,26.689232149233927,26.85801178499209,27.076370280385106,27.064931958182665,25.869426685335537,26.95539408839073,26.10144011288979,27.12985981347003,26.84038123563494,27.03588192699112,27.119028147287004,27.049083785119727,26.50995038567441,26.806534514750634,26.763020408064918,26.12898378165812,26.31907567700638,0,0.970531543503446,0.89263401743811,0.826708499711055,-0.136645954309959,False
Q12805,14,EGF-containing fibulin-like extracellular matrix protein 1,EFEMP1,24.42588652219598,23.83815223161562,25.24279110544961,24.98212271285466,25.59607585009349,24.820710989462643,25.16652873450337,24.12476129598867,24.225114528522848,25.396739588574302,24.98017842401474,25.241385578199584,25.214307898823098,26.167270772119767,25.65632136512625,25.262144070862526,26.038608372106705,24.88821011074927,25.521525871784455,25.355243494214147,0,1.51782543699403,0.0137141681201484,0.203132242222724,2.693997256951,False
Q12841,7,Follistatin-related protein 1,FSTL1,21.077506093067868,19.85886990606376,18.122383313934137,19.442074559398936,21.352615612446844,21.10369006685057,21.63715954244389,18.968304215366036,21.021483056574816,19.305937138647103,22.047588058974878,21.102180985817096,21.33822697755762,21.530902597819328,22.086185892439595,21.796721195285528,21.157926979452213,20.284581543343297,22.58449157701211,20.33886460909992,3,2.01966807404582,0.0113016624075973,0.192250429940061,2.78128137485296,False
Q12882,5,Dihydropyrimidine dehydrogenase [NADP(+)],DPYD,19.548664068333604,20.574898743878844,19.93811045041787,20.07037748945326,21.351762282699443,19.37993948992342,20.02777786288654,20.38930738148127,20.93271443337898,22.052755365904112,19.922478276570686,20.14548664314263,17.097916797696627,20.289729048980053,20.15597803284405,19.740428492680508,20.145589052294657,19.277571518006113,21.127002029984684,19.695098675200665,7,0.636283984099271,0.128514853681715,0.478019797237428,-1.58344564409159,False
Q12904,9,Aminoacyl tRNA synthase complex-interacting multifunctional protein 1;Endothelial monocyte-activating polypeptide 2,AIMP1,22.89480622162046,22.8259928428522,22.081052737972826,20.39428711418931,22.239068056110124,21.298265767916174,22.236068994896712,20.42018457195742,23.911239622657103,23.110923500088614,20.61144050978074,21.2210118746698,21.0830919083999,20.836237717005886,21.797730951786146,21.963620767139894,21.97927004561599,21.71393248794455,21.483282255991437,22.90992063361934,4,0.573367105819925,0.16966857112222,0.521118528909864,-1.42299762602435,False
Q12905,5,Interleukin enhancer-binding factor 2,ILF2,23.89334312137,22.890574722085624,22.999044806152774,22.44399987418701,20.8147190647068,23.922126754987943,22.177184389423076,23.376031856467833,24.034779357150853,24.317158410279195,22.608258182956924,21.061212058406905,20.998866797248166,23.680045712153966,22.786330501708854,23.89976361126247,23.14974125691846,19.503019193253273,23.497868118643648,23.235222773919492,0,0.723310623913456,0.237571610918933,0.577879893173472,-1.2163507212083,False
Q12906,7,Interleukin enhancer-binding factor 3,ILF3,20.728898460159886,21.856294467674406,23.010028147043585,21.997762775157355,22.962923039646927,20.860240400829184,22.60453689508218,23.529502161154326,21.375352548727328,24.14757283468453,23.448059144523615,22.47573670251014,21.840023380861528,23.319279719339804,22.44357427630641,22.76967284418503,22.199921068116836,21.392316437963505,22.826166858148262,22.340055532243593,3,0.950451017921374,0.635195370592257,0.7585186811081,0.481541046499253,False
Q12907,7,Vesicular integral-membrane protein VIP36,LMAN2,22.682645130785495,21.377040986152963,20.361962632176642,22.436354587837446,21.16575871859053,22.855028610386807,23.348137932577046,23.492926440184036,24.152926733347194,23.826382284196512,21.603243157770898,21.70585991694633,21.730708102238633,23.005808889895057,22.914127583429686,22.62146748739801,23.418122455778025,23.549291987750557,22.74048253181447,23.200078842178335,0,0.885532798356075,0.803970278017818,0.813589620325639,0.251425286035714,False
Q12974,6,Protein tyrosine phosphatase type IVA 2,PTP4A2,22.41271155390133,21.908358088882874,21.9345632667902,23.065287361586535,22.23789954406814,21.961269835411873,22.392324211617055,22.316630741432725,22.61964318940804,21.659345600887235,21.07665353330306,20.7988193036456,21.36259335804853,21.927404773191068,21.268665010607823,21.266671878028387,20.683580686803626,19.856905246520157,21.79185715203333,20.725297213294528,7,0.458668404652786,0.000328894355232964,0.0471928029157598,-4.29832704554665,False
Q13011,12,"Delta(3,5)-Delta(2,4)-dienoyl-CoA isomerase, mitochondrial",ECH1,25.937503399270145,26.090628693259525,26.914051498958006,26.4986402205022,26.425770140101434,26.401340389639,26.409673879967865,26.0590701855576,26.301292208975152,25.93078663115397,25.68453038642128,26.174610999543603,25.644183732831667,26.026624735099915,26.488913155337816,25.767365218193873,26.114780696635478,25.81582020788009,25.91191462773524,26.04213428438165,0,0.791126114358996,0.0384943788033701,0.301223514062292,-2.21056762003531,False
Q13045,5,Protein flightless-1 homolog,FLII,24.327350019520445,25.102444093575983,24.074610930894398,25.42283846569874,23.774162202765577,24.01692182855123,23.83535664948659,22.861751270093208,24.754973442335874,25.806289121910183,23.4981347240889,22.86471451871779,23.20140056807829,24.68810559623097,25.906859682913588,24.51125024456451,23.29256006864332,22.226364104160055,23.651774062966567,23.07333690994237,2,0.691315580450221,0.102315594685242,0.437355574810954,-1.70964976031412,False
Q13057,5,Bifunctional coenzyme A synthase;Phosphopantetheine adenylyltransferase;Dephospho-CoA kinase,COASY,17.980693536894723,21.72215167834427,21.86512407169118,21.176269059712777,21.077425893401365,21.69585271629671,20.548416660669734,20.86810847975055,21.998942152803235,21.827869165601644,20.645095528747753,19.71856290442286,20.777939736678114,20.34749346990971,20.73643802404591,20.808077185009825,21.02922317931101,20.81269280924649,20.524605664105888,19.854304005336605,9,0.582453515146008,0.186034207719045,0.53240815837221,-1.36793564683795,False
Q13085,12,Acetyl-CoA carboxylase 1;Biotin carboxylase,ACACA,20.471319610969996,22.31981688612795,22.861105584565138,20.857314556402986,21.59269906833548,18.648783479400652,22.667688340244098,22.88914810486531,21.09291791972852,19.506974519928164,20.81753834817571,21.04111972589789,21.162622244460138,19.669933976466776,18.820940777271854,21.42262417368791,19.830176527117086,22.134807407274295,18.748117692983563,20.803894670445057,10,0.491200956543989,0.14778558265956,0.499834338442571,-1.50375084154,False
Q13098,5,COP9 signalosome complex subunit 1,GPS1,21.351605108037408,21.207094337412016,20.191334880970167,21.21176762267082,19.10004117057446,21.384067755973224,20.72601151946583,19.24320546218859,21.997384026726266,21.687791721264208,20.02615659809296,20.88369828998288,21.408623546006208,20.479176403099153,19.799471410429785,22.200362521234094,20.857080550417276,19.70828620453775,22.45766658447514,19.164807066850987,6,1.00647747224931,0.811740592369295,0.813589620325639,-0.241249908702183,False
Q13126,10,S-methyl-5-thioadenosine phosphorylase,MTAP,24.342091273573242,23.78734081565202,25.229271890427395,24.740785204060153,25.249413757784314,24.553524828699384,24.467196706631487,24.748895200211983,23.516405597039675,24.151088956376963,23.699470372235304,24.113169012625047,24.343837079325876,23.856828792020497,25.063251704095848,24.550598707607392,24.83731259416543,24.868959572880037,24.07350300265953,24.235610647302902,0,0.904939646452414,0.630753023695458,0.7585186811081,-0.487910727081179,False
Q13148,5,TAR DNA-binding protein 43,TARDBP,23.3692491845764,21.220668181208637,22.298063807775506,21.24661502783955,21.911008667671986,23.033590497181763,23.00984021310646,19.972886117383133,23.229062050550365,23.656044886634003,23.085947264019353,21.371931847721605,23.436304229759866,23.20838748565859,23.564550593354337,23.436784104989993,22.725892824878834,23.13754888400414,22.360916165650924,23.215891523189846,0,1.32943780024317,0.136889184923106,0.486433579823015,1.54767535447845,False
Q13151,2,Heterogeneous nuclear ribonucleoprotein A0,HNRNPA0,24.288166512234017,24.50772729180386,23.90846093146455,24.28761125158666,22.70249067344989,24.763070608807833,24.039914243601057,24.389341206934446,24.657877191034316,24.87556459434544,23.49692505950498,23.468728024138713,23.21999104633226,24.466263856894038,24.315718180446932,23.929884750905615,24.486480551154614,24.196171319295754,25.053404879703056,23.101699688847937,0,0.846791796034483,0.334148862906287,0.62284129193828,-0.988918787406428,False
Q13155,4,Aminoacyl tRNA synthase complex-interacting multifunctional protein 2,AIMP2,22.517700390781712,20.464027511785563,22.301600308352874,21.973462286176968,22.284944151233525,22.94595770864606,23.193068536084212,20.738859848493902,22.872804899741453,22.874657878030483,22.02656533662481,21.27129675086764,22.848472884984428,22.2590990920149,22.78393560344204,23.128638950671082,23.016568078404887,22.661026440051042,22.852470452059464,22.786431892444146,3,1.15983209061601,0.315093428594703,0.614238736937273,1.02962840806693,False
Q13162,11,Peroxiredoxin-4,PRDX4,24.371611190205126,24.5412929194382,24.08946261453799,25.31543963956239,24.917172113190563,24.975829742653218,24.659132206361164,25.214998096246664,24.997333397853602,24.542552759278223,24.068520235908856,25.068284216099954,25.37030462078118,25.665054556181534,24.486297769778403,24.7371812038943,25.40780461207825,25.31485612917748,24.783885115400125,25.092574925125106,0,1.19730307324192,0.275200005060258,0.592304662705395,1.12089117077911,False
Q13177,7,Serine/threonine-protein kinase PAK 2;PAK-2p27;PAK-2p34,PAK2,22.936223038668178,21.165539159603373,22.008586332991204,22.350022937612945,21.94730666831626,20.64698390670378,23.694291160999466,23.79294575511847,23.976901326011628,24.385171988514635,22.36243624980841,20.200028309215238,22.077830492652385,24.092640000735322,23.040032222416308,24.020818240791993,24.083256345878816,23.79919073747183,23.61390735360041,23.04363025264381,0,1.17638458437114,0.469454544501507,0.694109688780265,0.736930759685257,False
Q13185,7,Chromobox protein homolog 3,CBX3,23.30746333822176,21.998074701403343,20.552020906699685,20.750872858876885,23.439829825185825,23.118264788223645,22.78238341212943,21.69917022407049,23.25736305526692,24.0769660533236,20.50154278707213,23.807702299373425,23.780376147745127,23.192138686373532,22.248142583219906,23.273289212976287,22.660935049907085,23.319434440240897,22.942676066668753,23.43791882259601,3,1.19695577102768,0.368403458991654,0.645446865644454,0.919591596314733,False
Q13200,20,26S proteasome non-ATPase regulatory subunit 2,PSMD2,24.148884252605995,25.062284591393343,24.1291957528355,24.096988110286908,24.70766014977681,24.42221738217773,25.086268508204878,25.13726946263271,25.131865117819363,25.185585059115866,24.517911859479142,23.762241591839363,23.656437316524197,25.22833224511923,24.22907283447815,25.295536259415826,25.11520827796911,25.176635194829895,24.957945211222537,24.63650844187053,0,0.990623124905082,0.800603061925567,0.812593916944395,-0.255843120808501,False
Q13228,30,Selenium-binding protein 1,SELENBP1,29.640518756411822,29.940989661383064,29.701293352115176,29.55394083349374,29.195363685603073,29.547055169645102,29.752920353757325,30.229445976607636,30.11670967517622,29.27369437541261,28.82254512320457,29.531733799239444,29.262182997243595,29.413458045523633,29.67887421314163,29.764030764812173,29.868029283437796,29.76952328185671,29.454114824318278,29.98794632837274,0,0.906977431794915,0.332971477296865,0.621344828365596,-0.991386521387975,False
Q13232,3,Nucleoside diphosphate kinase 3,NME3,20.603147880579712,19.9232590170616,20.109229305718067,20.781822660786506,20.220728931515644,19.82175555094817,20.08457273048762,20.548081049232763,20.498774379158426,20.75672236614759,19.645819959967515,19.89706968600527,19.79522373485398,20.5895316771005,20.69526659500716,20.75619303857553,19.589848914676462,20.901433290841393,21.528439884065218,20.445583809385276,8,1.10214597407861,0.852000826047127,0.820794210855115,0.188918687163196,False
Q13263,16,Transcription intermediary factor 1-beta,TRIM28,24.472067052268663,22.340407425482734,23.394071818900947,22.61706743498118,23.889475364534455,24.74119732266916,24.52147059265739,21.79852639246848,24.77645907035161,25.5898229121361,24.29506900123489,22.75125623668825,23.87466392699931,24.33218208402982,24.27407424406854,24.46087163093405,24.753503154198217,24.72344176987765,23.960561566064374,25.074394375696517,0,1.09448200922974,0.277613468051275,0.593480188836253,1.11510705966166,False
Q13283,5,Ras GTPase-activating protein-binding protein 1,G3BP1,15.587075192846443,19.976005952688748,20.698073097822018,21.188264510028922,20.9575165188688,21.100033905367727,17.735377781828618,19.99311167594665,21.495664592285618,19.610989757023965,20.617853737570123,20.994318663287338,20.540858989257416,21.19482159460389,20.79752330299333,18.604432588781375,18.779886769840047,20.064567530873852,19.349143450609553,18.155817876294417,8,0.853326743981864,0.898841976780985,0.826708499711055,0.128697715169673,False
Q13347,6,Eukaryotic translation initiation factor 3 subunit I,EIF3I,21.823626841957616,23.483803105770285,22.840893066067753,19.947846150931426,22.452757493544315,21.664648244417695,20.468692128307186,22.426365993377885,21.85495395384749,22.493286054550143,19.977353981926115,15.154575987510547,21.83584123031038,20.163760085761233,21.143364171720883,19.595488251451997,21.824191098419085,22.08738712913742,21.199521836919313,20.232116027005027,4,0.419624613876758,0.0234040588080021,0.251287908601313,-2.44792312138561,False
Q13361,4,Microfibrillar-associated protein 5,MFAP5,25.72532841718267,26.598437295418243,23.531932241096566,24.85196895087665,23.50705146493546,22.212390505196026,22.39603637334603,22.665134961670354,22.48131810619347,22.182404813681867,19.456655694986363,28.06955929393731,25.074264030527686,21.789057661110814,23.217679855282523,22.683258656990997,23.335272921011725,25.344099474298844,23.503415372146286,23.027032643715685,0,1.72119966431535,0.930726666025136,0.830111878942504,-0.0879971623904705,False
Q13363,3,C-terminal-binding protein 1;C-terminal-binding protein 2,CTBP1;CTBP2,19.29071589448584,20.595389006687157,20.657215286405147,21.409314443997395,20.079732995189556,22.030042527974945,22.116951727257305,21.5825555609996,22.634470876129523,22.483360471048243,19.837441390100196,20.300282752733683,19.74424268905575,21.94513004166223,19.927699958772937,21.89578799331813,20.719345227904995,21.646879432731076,20.249672976247037,21.25268963577495,1,0.647557678276384,0.126840787607542,0.476445128823285,-1.59082807371636,False
Q13404,6,Ubiquitin-conjugating enzyme E2 variant 1,UBE2V1,22.671237697085793,22.3343553021218,22.976113855693804,22.569658290545362,22.500458559385457,23.182007639974618,23.26866540555462,22.881252681625174,23.12287633459211,23.215477494252116,23.2022133084919,21.739629480509965,22.523352620117592,23.258703556161805,22.71542357781246,23.047218253295522,23.205687832639974,23.247461956015787,23.31998313331202,22.903588206627614,1,1.05245275270983,0.837232059951227,0.819283344390874,0.208044784455769,False
Q13409,10,Cytoplasmic dynein 1 intermediate chain 2,DYNC1I2,24.01971247092601,23.57532223699649,23.373579378432822,23.07532622037323,24.034039113110147,24.598210937248957,24.521768690676403,24.644121280510095,25.09594056039041,24.918763851168592,23.11794630993132,24.42826371292309,23.013149737640212,24.345953073265406,23.707132640530222,24.35887226328222,23.93258010672432,24.20926082456516,25.059205720188444,24.384221166813543,0,0.901123117749157,0.564956688784954,0.732675882289056,-0.584892049241426,False
Q13418,20,Integrin-linked protein kinase,ILK,26.28671986005304,26.67746554158352,25.960034558344802,25.729477774088693,26.02611500785961,26.546923430709352,25.954402395149167,24.867647227766877,26.450891201039767,26.32000940542308,24.771316732156915,25.879595328294755,25.7034361217553,25.91357215371364,25.156149168086074,25.786194747748464,26.266667964990955,25.83763060187801,26.209058933357024,25.50939120975069,0,0.761761633316927,0.0944510284445794,0.42417512839099,-1.75291225156654,False
Q13421,4,"Mesothelin;Megakaryocyte-potentiating factor;Mesothelin, cleaved form",MSLN,23.850901178726335,22.562682478847215,23.42878367697273,23.13691054250764,23.508197152900394,23.429383663065266,21.096257600769313,24.33347684549465,24.325605176770917,23.528110058610338,23.29289249778084,22.926572709412184,22.117872956932388,23.339577598430616,23.893906590905342,23.69650246619788,23.50530666967761,23.55806038020922,22.38087711472321,22.578819769170458,0,0.810889374574364,0.604383277239459,0.75169788669067,-0.526158640103111,False
Q13423,8,"NAD(P) transhydrogenase, mitochondrial",NNT,22.567832080030392,22.726338228286263,22.792945535641508,21.573360974679073,22.595993859817423,22.792343300685232,23.02898072657336,22.72525671436222,23.63169644383012,23.084773802607526,21.385457262866183,22.196500687875098,22.665828993599956,22.35774832147347,22.639255363407685,22.890610266579795,22.557504536788766,21.62067565600817,22.62708585046631,23.065612927544038,1,0.785380413867431,0.1860152391337,0.53240815837221,-1.36799718881077,False
Q13425,6,Beta-2-syntrophin,SNTB2,23.317832617579874,22.492261745473787,21.477115546087322,22.41813385614368,22.084227582517205,21.32458956149616,19.787797218935363,22.24741409147482,23.374372668756976,21.919297634509974,21.330578858789732,21.41199254374861,21.95595623612043,20.60821148891955,22.09329912551902,21.93776591540904,22.084974550896497,22.30884710035178,20.529930458915796,22.248986901446912,4,0.67826463764188,0.325066192441774,0.619186017833498,-1.00811459317564,False
Q13428,2,Treacle protein,TCOF1,20.541129409684572,20.11567589191069,20.50295108384628,20.632690354804307,20.323034924768073,19.87305109653643,20.440002643341384,20.834316791908797,20.532202438545646,20.00819813909891,20.038597300282902,20.540945860058486,19.28371572256995,19.438237337686587,19.79003331726141,20.316175978269786,18.871032900434958,18.35311636452717,20.611480210480543,20.145893802800604,11,0.700266908411104,0.0374885239411625,0.298993964677836,-2.22343886357888,False
Q13435,4,Splicing factor 3B subunit 2,SF3B2,21.553750300319635,21.523713377262958,21.122708941219486,20.410377862499438,20.53077211386927,21.06500197089077,20.862316590809847,21.16023541344022,20.91425826198196,21.707788422277495,21.03591368015676,20.86889816890188,21.50454689796637,21.412072985888255,20.516331218116612,21.867975191656136,20.79262991263604,21.1591641798793,21.498505305276822,21.35666556982119,9,1.07928973954468,0.644636087138096,0.760600679732768,0.468071002174702,False
Q13442,3,28 kDa heat- and acid-stable phosphoprotein,PDAP1,22.124644644931827,20.83711423019867,19.72584433873365,19.959838416657917,21.196613669700596,21.573774379047904,20.728906284039038,22.999293209879596,21.810529897777357,19.983723261252795,22.313674083879345,22.169165156436403,23.250452539801216,23.638254496837824,20.162362811147535,22.03717215233577,22.766618281135585,23.180512020096046,22.290411395808263,22.991646792075525,1,2.38904873506166,0.00546816334239749,0.174374622303767,3.10232912863411,False
Q13464,6,Rho-associated protein kinase 1,ROCK1,22.3276559033287,22.079074671137302,21.34151047818367,21.898641567690603,21.005687282185516,22.27948143199623,21.84660100940984,21.855496519568746,21.967421498351754,22.69829131845566,21.89523874666516,22.08065581272189,23.485715883146685,22.10421978843424,23.409791883145303,21.850409612724835,22.032547014784765,23.083223822482818,22.78713143884205,22.146363937848093,7,1.54003274707306,0.0659042864467692,0.373141418198809,1.94198082903527,False
Q13492,7,Phosphatidylinositol-binding clathrin assembly protein,PICALM,19.800371184508805,21.215931849394206,19.781084356173814,19.938595991817948,21.82871044028063,22.50236242476116,19.728975136261397,22.668520959890383,18.571839456129652,21.656083359398266,21.474418968260153,21.19886132170306,21.423643483716678,21.386568063337446,21.589201535511762,20.9436523509073,21.76128766984314,21.245686755960246,21.334325745642413,21.378322716156312,5,1.05000192304315,0.189030803613175,0.53240815837221,1.35827533679908,False
Q13501,2,Sequestosome-1,SQSTM1,22.010544902097276,21.126104090143983,21.294869147104237,19.75681696099447,22.06449489618351,21.15203909064703,23.293086607856903,19.76766634667011,21.573253109258236,21.67431450895895,20.97802606672766,21.505141282389413,22.455461171709914,21.36968195944224,21.5154966471094,19.2725621446172,21.482796124237094,21.809224790651285,21.634894367277838,23.369495848515314,1,1.10215537802369,0.726104786919707,0.7956111130123,0.355114672224556,False
Q13510,14,Acid ceramidase;Acid ceramidase subunit alpha;Acid ceramidase subunit beta,ASAH1,26.129812899337043,25.67616859865081,25.86920495677118,25.736356551706603,26.110367894003925,25.615064605419562,26.211079789255844,25.4007401995162,25.96139437385947,27.185156387283598,25.536106377436848,26.010630970920857,25.924254844667132,25.56323105855366,25.631581116278344,24.90358937601008,25.95329476614987,25.865572186906352,25.701465162104892,24.950653748168673,0,0.742931448659821,0.0749528058092613,0.401100882140137,-1.8753700854936,False
Q13522,3,Protein phosphatase 1 regulatory subunit 1A,PPP1R1A,21.328458785701294,23.062755697468308,21.340104210828358,21.49938669411019,22.371517250610868,22.314719317472104,21.845744047673392,21.629781107071704,21.621164752256995,21.99306826510682,22.843396413665292,21.48932137654223,23.45658917388101,20.409462202013838,21.86184387837479,22.488439635719814,22.02051476262556,21.569872921798634,22.003139917905006,22.7748695378422,5,1.23165791580391,0.589904911286142,0.744189734601846,0.547498711927422,False
Q13526,3,Peptidyl-prolyl cis-trans isomerase NIMA-interacting 1,PIN1,22.774637916880845,20.92616164617942,22.29372961212191,21.427618554267614,22.4077862842486,20.999470166433692,21.5128688280972,21.705221567073725,21.253807204418557,21.215141600093865,21.655738758591504,22.396596339156876,20.63353781365706,20.940013465768747,19.68533198072479,20.315441318233187,20.867743834675828,20.95263735332667,21.441168416826457,20.231014553386046,7,0.626291977039664,0.0367107370685121,0.294205084989123,-2.2336097375723,False
Q13557,9,Calcium/calmodulin-dependent protein kinase type II subunit delta,CAMK2D,23.65797638276486,24.38850080368971,23.955919041899136,23.536155830500654,23.148132317529768,24.28019544213771,24.62059213897266,24.304711953083814,24.425689948893062,24.442927090598154,23.741812996258158,23.28688117171158,22.267920157746705,24.622799025142594,24.13338039578368,24.948825276541918,24.49126506651073,25.072345442222126,24.65795896335889,24.43850858902384,0,1.15576801370764,0.716977067393143,0.790319464530101,0.367511402973617,False
Q13561,16,Dynactin subunit 2,DCTN2,25.4546284762046,25.197227994383958,25.16090995410718,25.77067556555007,25.28943916967768,25.974698433210516,25.95259773707142,25.64810829031487,25.757858170959846,25.861998306059018,24.963033249331456,25.10794448547781,25.520490908393654,26.14047656655104,25.485676473187166,25.552637915539112,25.90825717256585,25.686727366094097,25.681598810696002,25.84122159045565,0,0.99362217495641,0.905690451616069,0.826708499711055,-0.119939253322721,False
Q13564,6,NEDD8-activating enzyme E1 regulatory subunit,NAE1,21.43880128004915,21.388038998650103,21.620420236834523,20.982715460105677,22.220885980774305,21.59597901672717,22.020749238378492,21.537287075137247,21.716897897917036,22.652328007152146,20.389634828115177,20.355782196942073,21.26468230281719,21.387675843696627,21.35953048602287,21.66948367254087,21.23391859050003,19.518147413856735,21.17892175565086,20.30230129156237,7,0.575789943208306,0.00975142159444788,0.181482743058785,-2.84729730892708,False
Q13576,13,Ras GTPase-activating-like protein IQGAP2,IQGAP2,21.70845082940726,20.545257257559065,20.318835107411395,21.948986706667743,20.70019976137834,20.914595099224268,23.43226139908015,21.433892826292485,22.42895411197135,24.413908159859357,20.296655777917685,22.59436535275326,20.13589573464529,22.52155480681491,21.584765831504004,21.909385177393474,22.284573438931627,22.095404105101537,23.61048436237675,20.193664994571716,0,0.80995317907707,0.901685980701828,0.826708499711055,-0.125059324925937,False
Q13596,15,Sorting nexin-1,SNX1,24.917188030074744,24.909630669880947,24.016418833200618,24.37950177742564,23.199083404174985,24.530493860044047,25.2080265958195,24.940556806588983,24.956770972215605,25.066380021563404,23.667200884089137,23.915492104479533,22.60855426116052,25.137551477848426,24.473194020574386,25.0287381378319,25.033904561580318,25.37960745708301,24.964067509565915,24.998205224086178,0,0.99891622581206,0.736427355259644,0.797441003892175,-0.341163251944119,False
Q13617,3,Cullin-2,CUL2,21.513108315822283,16.32435387118658,22.5863489838494,18.068188086854793,22.0992149123135,19.654238718585013,21.489306639195547,22.46184707433952,19.899723469165682,21.144556627213298,21.86125094911103,19.601631707499767,21.447352777287772,21.243868859052565,20.139068593680847,19.69837768873171,23.160096883254226,20.651169784600704,22.7993094085521,20.867828820483222,11,1.19286119754161,0.38880029791234,0.657483710747093,0.880349575589015,False
Q13630,4,GDP-L-fucose synthase,TSTA3,22.059842116541983,22.415762915431902,23.593531024531345,23.075202708760095,22.703447771696787,20.628805579677582,21.620703468056426,20.833189919389692,21.60043938777426,20.871150716974874,22.460484998403423,22.625486649028023,22.946560466857704,22.040429643467544,20.42502098939288,21.62595435372638,22.919093080709874,23.33087519561723,22.6627042514952,23.035967843235685,0,1.25748910926911,0.170537689099415,0.521118528909864,1.41996879954764,False
Q13642,12,Four and a half LIM domains protein 1,FHL1,28.3295005801218,29.24195923140743,28.10926356147082,28.524458913075513,28.78516618135992,28.712954809106762,28.664480108738427,28.828744282985557,28.553667074354145,28.79951362668677,28.374906101925003,29.47358469618864,29.019547294450707,28.80627773962057,28.27051039624836,29.053387372011745,28.938708029919184,29.0266920645407,29.156306833009154,28.01778103199313,0,1.14038788154975,0.380612972275598,0.652282376340139,0.895934052859534,False
Q13683,17,Integrin alpha-7;Integrin alpha-7 heavy chain;Integrin alpha-7 light chain;Integrin alpha-7 70 kDa form,ITGA7,21.839779369090017,25.68945634198318,20.62230688937395,22.838538424759445,21.949068469836856,22.944583465043788,22.293598771469448,22.91438237319009,21.78142387489047,20.976420344805366,22.50723134643626,22.658605538655223,23.107865225999948,21.694155631005785,23.03654592963255,20.048751818495457,23.211431637899103,22.453684481098822,22.381769788724338,22.765095778779013,0,0.641550252301675,0.99762953129095,0.843797505224354,0.00300711641401893,False
Q13790,1,Apolipoprotein F,APOF,21.187244999410893,20.593974198151518,20.812418393759057,22.05832370040064,20.847155131795418,19.535380984768917,19.90273536775416,20.157715125763094,21.069539841184273,20.542497637927823,21.066916208679,21.87006945635006,21.95182620171651,20.623973570436185,22.266892827802852,22.001690884003036,22.15227130157726,22.331409987850797,21.957645896897624,20.933183608334012,7,1.97622219635179,0.00222282690125874,0.113801199931822,3.49039513623096,False
Q13813,155,"Spectrin alpha chain, non-erythrocytic 1",SPTAN1,30.53271923599454,30.61134759814788,30.20753486647961,29.430234403887066,29.816354278826093,30.620671478896725,30.60792470445298,30.189433680609955,30.539968715728484,30.53715861575175,29.663278157032018,30.197567233044918,30.01101359451751,30.85519908704541,30.531326357515816,30.32366313081265,30.558616481441447,30.53549955210138,30.557276339262607,30.450269234978208,0,1.03298130253392,0.709662207152429,0.788531933530136,0.377488560468142,False
Q13838,11,Spliceosome RNA helicase DDX39B;ATP-dependent RNA helicase DDX39A,DDX39B;DDX39A,22.884819049063463,21.690676085432397,22.857253891986804,22.595896376768337,20.916361846370076,24.185983557894755,24.022183976880626,24.272919397519036,23.9499481198283,24.05990289563503,21.924819898563612,21.917439211323025,21.842933997264147,20.98926839022395,23.202851995877655,24.47683392569004,23.710335936789974,21.306507421909448,24.42958206626197,23.230268225628233,0,0.815687129391099,0.259833671873374,0.587927183588789,-1.1586214087098,False
Q13867,7,Bleomycin hydrolase,BLMH,21.589031790823125,22.2798937966869,21.777790315981676,21.206902111452305,22.85094697222753,22.46268911708308,23.298084066171604,22.0675822274179,21.589196359394524,22.876658148771558,21.147180191827353,21.859544755717252,22.227880339327665,23.04431060372622,22.563861197630512,23.17530417248352,21.431529280541053,22.193590263082438,21.79855755671554,22.886276395074887,0,1.02282731523466,0.920038667603642,0.827857818900173,0.101619797421926,False
Q13885,21,Tubulin beta-2A chain;Tubulin beta-2B chain,TUBB2A;TUBB2B,26.774349519034857,26.818540119176298,27.091103403440766,27.093529529802154,26.658116783438103,27.17690625786383,27.19733590008427,26.578931751581344,27.82086596150031,27.372724953300466,27.268233260111995,26.425365387553178,26.47391976147967,27.25468712666668,26.92589391778303,26.8921340275921,27.017090605374715,27.396844629306145,27.51842173389279,27.10418431136032,0,0.975207796321748,0.851159856626573,0.820460501896426,-0.190005764906801,False
Q14005,4,Pro-interleukin-16;Interleukin-16,IL16,21.330355764679855,22.074208513719835,21.234203677405915,22.348943261658935,18.440979923569806,19.7284797251645,19.11901804216864,20.301731782992256,19.63672373415478,21.941670800835876,19.885748746397056,21.48380970435809,21.251540900468868,19.69782376307109,19.781056467873885,19.7132691626453,20.01578965816325,20.172150948164692,19.434580083670017,20.18870514923916,7,0.577171084959059,0.326215924334606,0.619186017833498,-1.00566420387534,False
Q14012,6,Calcium/calmodulin-dependent protein kinase type 1,CAMK1,21.859005320332297,21.702696399841845,20.5923907794288,20.724924246452023,22.736357349558656,22.363727955403125,22.91181665286686,22.61747406295717,23.070899944633922,23.83495922385562,20.7807948998587,20.026829395276764,20.493164456424548,24.21142545104175,24.108671379739544,23.938589640388127,23.565265647954504,23.038212629216538,24.290161805898975,23.2081056718492,6,1.78918502831792,0.302439554496849,0.611114865961753,1.05762979236493,False
Q14019,7,Coactosin-like protein,COTL1,24.74860297082533,23.129294756085113,24.934566067702985,23.25241637055999,24.595548688423513,26.298627472303927,24.111904961088616,24.76857685161727,24.73624331064154,25.01344598516444,25.925698123410786,24.258111814027323,24.311736621425414,24.688227988175125,25.622566506649004,24.69545962172913,25.44521517640324,24.026054813898714,25.41847831587887,24.572738547095756,0,1.15959088184428,0.309551320396152,0.613979024606205,1.04179225558484,False
Q14061,1,Cytochrome c oxidase copper chaperone,COX17,20.84260841114401,20.116707361792034,21.276981757746565,21.70092678475065,21.69904857743203,20.970984990245086,20.91070927368758,21.647424911541247,21.527066201444036,21.009839430562483,20.712344871553334,21.127380974382465,21.077204303792406,21.2150852989565,21.10022723684597,21.24670150460629,20.934455038364035,21.136032399906835,21.362364064198307,21.244772855695054,4,0.921995872380619,0.822662492059111,0.817624247495614,-0.226991229342182,False
Q14103,6,Heterogeneous nuclear ribonucleoprotein D0,HNRNPD,23.223918640122328,25.185440777181977,25.085542416984772,25.22787175747544,24.40117852957263,25.047552296263397,24.692615198243228,25.33777759335397,25.273220967064905,25.949125176886557,24.98564638078893,23.7149861602324,23.9829465182241,25.694456249178167,24.57483550077905,25.139710472028746,24.93011150494964,24.9319108486591,25.105838534573707,25.414213927444592,0,0.915613846804731,0.732460656509932,0.797221050814768,-0.346516086025319,False
Q14108,6,Lysosome membrane protein 2,SCARB2,22.979066973867226,23.127494441155665,23.262191252917074,21.55702792943827,23.180643973936036,21.734919700923978,23.836475451435557,24.178077417653167,23.674573288451736,24.31009868879709,21.567100970770007,22.67582284311787,24.146635606904397,24.66966952865357,22.72336600816601,22.718198255414805,23.829169094860834,23.89463585311321,23.95644801822714,23.97548197264452,2,1.18294010689937,0.564137402331655,0.732675882289056,0.586134155578702,False
Q14112,19,Nidogen-2,NID2,24.84882668478078,24.115867033927866,23.700009834825085,24.085733697075348,22.719450009177745,23.048247403499627,23.17826896139052,24.565971764734403,23.249003796223075,22.8225610879417,23.11511573364899,23.979939613218445,26.454267377464884,23.631481268242396,22.25590867952375,19.327927666309947,23.672389469475448,20.888723644851915,22.597556112658673,23.04285475903433,1,1.13194586896619,0.180445868523242,0.531699147540109,-1.38628625975111,False
Q14116,3,Interleukin-18,IL18,16.43612841918378,20.562206574507346,20.38965932479143,20.157731584685973,20.69974635296926,21.24577657882079,19.200267762230506,20.312236658590304,20.74931547128942,20.518934354771,18.43065781362681,19.731633466533218,20.088457430531232,21.455294880678927,20.36824544068672,21.185441910070818,19.87004273526023,18.59740154603924,20.896963035738676,19.007954951663137,12,0.944420950168407,0.903650377018541,0.826708499711055,-0.12254724936986,False
Q14118,5,Dystroglycan;Alpha-dystroglycan;Beta-dystroglycan,DAG1,18.940147325968702,20.373443078893516,21.59017898669235,22.154086286544658,20.05005210292392,20.490412500607306,21.266991306839518,20.572143518611952,20.80461111128442,19.056059984320722,21.995637532404167,21.06859132880031,21.99529566029771,20.37368864992239,20.1271018532347,21.936860054465548,20.15371505178678,18.9081068321487,20.594498393034172,21.4663227308785,6,1.24144649567382,0.471998614402693,0.696510122357518,0.732663137864004,False
Q14141,8,Septin-6,2020-09-06 00:00:00,19.82888505289862,21.41369052638197,20.434472735765016,21.286117983384703,20.581066717687182,20.309235986281454,19.56166752364891,19.489749603594408,19.033789547780017,20.368424624163364,21.65847096836435,20.982535559373478,19.32269618391045,20.184084009524945,21.57538620188808,20.92093484829738,21.732222202362554,21.527439420168342,22.331117421548498,22.083224187270872,9,2.04516356914343,0.00674058589020365,0.175323277667773,3.01072905082186,False
Q14151,6,Scaffold attachment factor B2,SAFB2,21.512991870845358,20.4900416449471,18.732251542725333,20.13937677510291,21.184824345235462,21.603085013262522,21.45818109479512,22.23979772808538,22.070679983887047,22.102017289247595,20.836724404228953,22.418220369077716,21.55570563846079,21.096788951431122,21.73894213781779,21.883076447098595,20.050662670147094,19.381480257808846,22.99930612776824,21.077994787379453,2,1.14709504860662,0.725132434333677,0.795526597107289,0.356432526770827,False
Q14152,15,Eukaryotic translation initiation factor 3 subunit A,EIF3A,23.176771801102966,22.138492658286836,23.38308946143155,21.96225243260315,21.48965519198103,23.141944077945876,23.983316839764832,23.48239423513003,24.101704539319428,23.840478192087605,22.899294846332474,21.03602407534286,21.48593313546316,23.44840618144018,23.25865437292434,23.8870309858255,23.65720101589908,24.151771215823484,23.658051074774136,23.641163897238357,0,1.05299814647264,0.896968995996073,0.826708499711055,0.13109482835518,False
Q14155,4,Rho guanine nucleotide exchange factor 7,ARHGEF7,21.48917302061019,21.635938029183606,20.689300464130255,19.34191401132087,20.753741305767477,20.449051384590103,22.301722467891516,20.97065915646141,21.65945196429795,21.351660341673703,20.330923068324132,20.82390074094289,20.924056314225968,21.00313524145873,19.658920235636618,21.20424335177994,21.52195008140714,20.884673616636533,21.151442994461306,20.8515982091013,11,0.788085697584305,0.475464086060133,0.69840672728157,-0.72687172098709,False
Q14161,5,ARF GTPase-activating protein GIT2,GIT2,23.416906049845434,18.326270973803627,22.98217754460264,22.156523356579687,22.792695093991618,21.59344129392527,22.732915890598484,22.24787923596119,22.236704281614376,21.54991220193203,22.99865882838537,21.81806615625679,22.644046631927868,21.674026731100657,22.51917903188532,22.20189522950108,21.681349377530506,21.036416867229892,21.854095552736293,22.25808346657071,6,0.858828763641776,0.893269415150553,0.826708499711055,0.135832028649918,False
Q14165,3,Malectin,MLEC,20.034964088841953,23.127751766589487,22.166044703299043,21.328896118166433,21.146118179177673,21.14396873944595,21.524141340797257,21.134763039040546,21.10955495609428,21.66218949427533,21.16775560831645,21.905716955951586,21.42786796648046,22.10881117361207,21.060155024044278,21.189094188951582,21.411244360881295,21.85809989139372,21.930706982295924,21.407464846279208,4,0.953446462978871,0.734782538829941,0.797221050814768,0.343381592358355,False
Q14195,18,Dihydropyrimidinase-related protein 3,DPYSL3,26.872533508315637,26.506194114433686,26.204648372525252,26.492657789139606,26.470507700279967,26.187536809517084,26.93563828739791,27.201785062380235,27.223229480488342,27.644094990472514,25.726380210413204,26.04175243249007,26.359250725478404,26.68008673918524,27.565668059583626,27.075966799973664,27.00598921562293,27.23275703509395,27.583519559962884,27.041163846129887,0,1.06747111861707,0.784439236418675,0.811450985241191,0.277124842009394,False
Q14203,27,Dynactin subunit 1,DCTN1,23.291988898222264,24.451068626263268,23.91175002303541,22.860225738073282,22.956897095146356,22.946810029490592,24.675122389807925,24.571100157538194,24.57897704017654,25.36718915460926,23.67459241715896,22.060096923130335,20.922501727376265,23.872783099276077,24.569568201162188,24.622970286073688,24.075440404665223,24.605260343529334,24.112004411340806,25.179411010891474,0,0.960045079402745,0.637657175902855,0.7585186811081,-0.478019895299341,False
Q14204,101,Cytoplasmic dynein 1 heavy chain 1,DYNC1H1,26.14965686784747,26.15303404813967,25.877346888010006,25.959071732972838,25.26835305497701,26.338998959933342,27.531189082260997,26.560023941178333,27.157270738954423,27.412260798905574,26.434824714535907,26.07337777975156,25.093027892093257,26.719742612372336,26.57798251064644,26.83181003448298,27.622656399074543,27.166864737369682,26.662603254900283,26.648738075006914,0,1.07199862189407,0.520091818036987,0.721310207615658,0.654375306644909,False
Q14240,9,"Eukaryotic initiation factor 4A-II;Eukaryotic initiation factor 4A-II, N-terminally processed",EIF4A2,22.10248877563732,23.829951942595017,23.201835679718304,23.10722377928903,21.461233307806623,23.004049756719862,24.325947833021335,24.058804370216105,23.97079957224001,24.101707352872193,21.948795672291382,23.09324617253662,23.200096933805785,24.153950642574063,23.248079783171683,24.25962246861928,23.493623980539258,23.787968735079506,23.700615821110926,24.12266416643282,2,1.0588044172787,0.554686277873949,0.731412426372764,0.600531178060519,False
Q14247,7,Src substrate cortactin,CTTN,24.394388962917432,23.79635286834178,23.08257622895275,23.84970137229312,22.773893014268168,22.810848872844666,23.38049466148582,24.15558212721041,23.760524082682377,23.856719550088574,23.499041307374124,24.454811352417195,23.120194140055972,23.291620657267003,24.06966210978865,23.667750469626693,24.814981900900477,23.60420240238331,23.82388681053573,23.650938983200188,0,1.15874551635887,0.423742105370091,0.673330887734645,0.816126393962516,False
Q14258,6,E3 ubiquitin/ISG15 ligase TRIM25,TRIM25,18.490925776359244,19.042808288655255,21.017991723127302,20.605468447073555,19.44860619692358,21.52006442649462,20.562625929887325,21.793831931461373,19.60446400510208,21.19267745004552,19.577280908250174,19.5690886209293,20.139753553377094,19.0610017715876,20.531023736439305,21.447287331715874,21.650648026464232,20.227463833637085,20.120545814171017,20.774709407419603,5,0.902084948766388,0.961149099169636,0.839800241506769,-0.0493061250417017,False
Q14315,48,Filamin-C,FLNC,25.206634648723593,24.995820930133213,23.942697898014913,23.58456111319441,23.57675009415608,23.034348051351913,24.676461815250793,26.20406242840747,26.74976635039568,26.988127229147683,22.253344772166,23.63245064518032,23.66213396519289,25.685553399751484,25.201987718457236,26.109222624313066,25.460270993165103,25.24724633646042,26.550965814420366,26.34075879774045,0,0.986146551473802,0.806800933853469,0.813589620325639,0.247715393634383,False
Q14376,2,UDP-glucose 4-epimerase,GALE,25.85185099245154,25.58676228334379,26.49435371844752,26.085733697075348,26.086430261503732,25.843550627725858,26.904828216663976,27.241363312250016,25.73611328930844,25.0913827102527,26.396010400795973,25.99717646775115,25.55069884932793,26.01676612009155,25.917560306409527,26.310100680371594,26.01623234079125,25.951422845304446,26.920079612519803,26.015559412019854,0,0.952004759927669,0.942594133939224,0.835753802319233,0.0728911192715351,False
Q14444,3,Caprin-1,CAPRIN1,21.35630817143847,20.640457431172095,19.812973782652463,21.808547564296074,21.423507811978645,21.664820922313837,19.857223056116688,21.164003000271272,21.459831759287553,21.097093191401864,18.932093030064316,21.5517420348228,21.308116646208866,21.510227378566274,21.262970343357935,21.386314377472438,20.400713353259253,21.461501791992273,20.0108059212414,21.488819181570705,8,0.966305367664996,0.799930564897576,0.812593916944395,-0.256726069034374,False
Q14515,6,SPARC-like protein 1,SPARCL1,21.767576814129693,19.520118688616442,21.408078014859022,21.874237502079605,17.235843969161568,19.48287435589988,21.231191946545767,21.413902164660744,21.370536794007144,21.45805156060318,18.50285404722223,20.780669664713383,20.533105823966245,19.148108733365515,21.380707834595874,21.385677917755096,20.909165677204246,20.571212288724155,21.255431466279944,21.289618833610845,8,0.808301481530595,0.849167986597011,0.819923011135721,-0.192581492738354,False
Q14624,28,Inter-alpha-trypsin inhibitor heavy chain H4;70 kDa inter-alpha-trypsin inhibitor heavy chain H4;35 kDa inter-alpha-trypsin inhibitor heavy chain H4,ITIH4,26.378737997284713,27.230735458193617,25.52616832525998,25.767239212101142,26.374181126859426,26.76068273634067,27.112878133489616,27.140053002866342,26.297669869219366,25.98857526884521,26.448479631309308,27.733151219915168,25.53278528637271,26.609030577428996,26.07613259880804,27.43839132426016,27.289737576639013,27.278541277053073,27.19592276448467,27.840950762032396,0,1.44941847173395,0.0667236810095058,0.376495754201664,1.93562722719966,False
Q14643,3,"Inositol 1,4,5-trisphosphate receptor type 1",ITPR1,19.993174530122904,19.253494053830355,21.039978871321676,21.250347001081202,17.002509396230145,20.887427106699903,19.141373245457302,18.74995989002552,18.64120411106382,18.568159823712726,19.806445901000032,18.049140724867794,18.536149484342346,19.474036602892507,18.511378666642905,19.582216911801986,19.058201558748042,19.812139692838713,18.5489227205686,19.982778563285418,9,0.621263614678305,0.494439709016269,0.709261894965122,-0.69558974930186,False
Q14677,5,Clathrin interactor 1,CLINT1,20.379616399074767,20.034158552409618,20.64246494885653,19.860463293575542,20.214064076529063,20.40627693345869,19.826535741872764,19.45888036271286,19.639351337816205,20.630238380495346,18.854023455086725,20.795482267172368,17.852066170865733,20.598866903987673,19.853271181386642,21.36838650396896,18.034643480100442,20.255026013380782,21.469072514410517,19.95527596563064,7,1.12707189824303,0.628312514307879,0.758178549609215,-0.491418798512692,False
Q14696,2,LDLR chaperone MESD,MESDC2,21.344599236011124,21.3070346614824,19.78824761602206,19.652239573760887,20.078633594612654,20.438363222734353,20.814387203380534,19.82307504187637,20.843857020249132,22.042190026838142,21.343962558053544,19.291725248467483,17.58780808329552,21.770742728384164,20.84712847481607,18.873399226975614,22.14684433388511,22.17085232255188,21.722907684891382,18.73642366346321,8,1.22832658220082,0.77422461589112,0.80799837307198,-0.290640966134686,False
Q14697,39,Neutral alpha-glucosidase AB,GANAB,27.03555606516452,27.007019772559794,26.874271558635716,26.630614646457953,26.514767260601637,27.21117912052607,27.01947739604005,27.251245623223713,27.1623599005673,27.070986850877446,26.77041750350108,26.775279212341466,26.58217547982828,27.401626263077787,27.208457213786794,27.20593434049577,27.03828899851655,27.26536865381341,27.502094698293213,27.36300873021382,0,1.10560152572157,0.298540645657991,0.608461038679821,1.06642552313809,False
Q14699,5,Raftlin,RFTN1,20.451018028236742,22.083678435601822,18.849567242410973,19.199798088212304,22.371553417470157,21.550955332887195,19.662614821172678,21.172272408815502,21.457375935893364,18.8661659208579,19.630540140045653,19.317122525792612,20.054566707795324,19.50508416314782,19.18267496578909,19.687444718077607,18.108868527710744,20.3086276613059,17.500989532317636,19.927673016906052,9,0.340947297801027,0.0208146678675564,0.243169194928517,-2.50260287188091,False
Q14764,16,Major vault protein,MVP,23.126929137833592,24.798455686914714,23.93512835750485,23.727823098063627,23.524757416785203,23.364419194171777,23.97514044856282,25.225961984901556,25.299504173810345,24.516170224978765,24.275691920306535,23.992916854230433,24.256650319396524,24.552693546767507,24.876543162556107,24.36206076460906,25.02486795596643,24.128747056675024,23.828968459496902,23.81325062957006,0,1.01876990238284,0.551763522416611,0.730786710248407,0.605009401388143,False
Q14847,13,LIM and SH3 domain protein 1,LASP1,24.84409028330705,25.380316805396333,25.517371091693036,26.082840503170274,26.57355933474465,25.690364092412977,24.886445780321,25.581203868316415,25.16662739842804,25.464802859856082,26.134607527365308,25.440184924055586,26.102673308145935,25.548564762297694,24.941609315559297,25.220925334264138,25.668194563505942,25.49324805733342,25.997319881215187,25.387388302034953,0,1.02146283105373,0.728469870534413,0.795870457583298,0.351911888882996,False
Q14914,11,Prostaglandin reductase 1,PTGR1,23.363674323002957,22.798536503375026,24.114128949658472,23.295539252202364,22.861041535705755,23.61426011199522,22.554975747965212,23.316796741536233,23.94740460704138,23.6252205122789,20.47662983086665,22.662225854333922,21.84050889156471,23.464025827996608,22.679084820810285,23.71972990467477,23.51646395689737,23.6911954274721,23.296625318198373,22.967447896935145,0,0.78065875802748,0.115934153727424,0.463437012025444,-1.64103051743134,False
Q14956,4,Transmembrane glycoprotein NMB,GPNMB,21.5762713684793,22.526058016107605,22.470885598187415,21.33521661343862,22.85557263211025,22.24943804657221,22.176957282765244,22.880675308499296,22.175578627941224,27.900370738025085,23.6019427199823,22.513964333310486,23.406807800848416,20.758764949674447,22.71989846070543,21.084831620323687,21.009853766394894,21.449803843841224,22.644335609578892,21.18272374493231,1,0.183472262896975,0.205493202603773,0.545341526457681,-1.30725963709534,False
Q14974,25,Importin subunit beta-1,KPNB1,25.735500737158734,25.082570448728283,25.649972071534606,24.85705800887126,24.545721650206442,25.67140322335108,26.730957530960854,26.22665630143104,26.711370526283513,26.32871140189402,25.7026792896823,24.813170283236225,24.609637044714614,26.6108610673335,25.648848600491885,26.628276640397846,26.82723476456497,27.104550523000007,26.336652506426358,26.117201594491668,0,1.2403802674526,0.24792997693758,0.583149616570681,1.18900575798413,False
Q14980,37,Nuclear mitotic apparatus protein 1,NUMA1,23.71691746315745,21.091905273038478,20.790834607374453,19.053337698341007,24.69712692586561,23.460502462107147,24.063448186413385,24.498477489695926,25.025801145144513,25.520834124655874,22.072256045195946,21.585773993872643,19.225964083875557,24.652291958464627,23.915815316359918,24.4884129356187,24.061160551452645,24.10568933403883,25.12158823358432,24.73296890668139,1,0.962284608855784,0.76006550779995,0.805682811574432,0.30946920934402,False
Q14997,2,Proteasome activator complex subunit 4,PSME4,21.12529228527847,18.689930421949082,23.29782336042303,20.49205652716913,22.292073278187676,24.024580819875833,22.693937268775148,23.750827224538924,23.486315423108934,19.86763500930424,20.867822505871665,22.33689108850789,21.147287894525984,20.51207230457141,22.85852950902014,23.328457648766726,22.16249646442595,23.073944227513813,21.45221648391061,22.23236147742982,4,0.718106718287324,0.965219922693566,0.839800241506769,0.0441360715337811,False
Q14CZ8,3,Hepatocyte cell adhesion molecule,HEPACAM,22.720653316909836,19.760609167457783,22.177163151651936,22.689122620730043,20.82941203939477,21.700071372559908,20.147588430608476,20.02118563771394,21.848136320081064,22.18613962189067,20.75407942592816,22.023263232371125,20.354009838777372,19.63134547878953,21.281313573336472,19.506343878053894,20.317249462893383,20.564502984963326,21.202859420261376,19.061339385903135,1,0.489269285098951,0.047524112889274,0.329870541840136,-2.10702054817711,False
Q15005,4,Signal peptidase complex subunit 2,SPCS2,21.741983869987767,21.516263448826596,21.338314365679395,19.34476870257385,20.338310188154107,20.191021902736644,21.041425870340042,22.157709652601774,20.58908118182483,21.862950848616155,20.350924603538303,21.50021617106913,19.993922753618758,21.43364771766548,20.756237153706554,19.279533773292673,20.32150476568403,21.394454358207874,20.973328700735312,21.182763974566903,7,0.776948701235552,0.447145189877597,0.685569866640652,-0.774962240439871,False
Q15008,7,26S proteasome non-ATPase regulatory subunit 6,PSMD6,22.4914635248758,22.04744026220777,21.772199563393173,22.08247186192985,23.00154768026013,21.521209321658137,22.018597542965946,23.155780987056925,22.59117214187462,23.360638629200967,21.79322459509137,21.712404827664344,23.499080268852907,23.609159864693968,18.5803829571228,23.35002914061755,23.223908791190794,22.991119122703523,22.525050148416256,21.0133216412592,1,1.1449608350545,0.734454891491973,0.797221050814768,-0.343823695761027,False
Q15019,14,Septin-2,2020-09-02 00:00:00,26.625963245260237,26.760916112377693,26.402930022109803,26.78363796980451,26.203795028612184,27.365889190534993,27.150071654870242,27.122270340384603,27.269407575169588,27.428224244198585,26.309836597834572,25.99871965966327,26.133310454085798,26.968352705451814,26.8019830011886,27.186224504165402,27.1110160794694,27.168410990840325,27.237738408525487,27.447786672596212,0,0.96393816109301,0.586971840093127,0.743447109981051,-0.551853093427358,False
Q15046,12,Lysine--tRNA ligase,KARS,21.81802943311795,22.93227358134553,22.761967192815472,19.60901657369744,21.04574992357846,23.012012258505138,23.314465394882316,22.763653284163485,23.930231256649716,23.989095398454783,19.77134174615837,21.416038051037315,23.57708902641318,22.760426727801473,23.22898798628493,21.70852878765348,20.46259708491863,24.042692279311474,23.183689982846268,23.157317240040857,2,0.922340790141645,0.730459298495681,0.796028445773527,-0.349220727935238,False
Q15056,4,Eukaryotic translation initiation factor 4H,EIF4H,26.35422777406633,25.598367665598936,25.97121496335001,26.40766179196271,25.87931863901061,25.667782007957065,25.646179315931107,27.082028069899007,26.144525885348163,26.352487028940253,25.469060093264094,26.81191210925169,25.76406632503047,25.762818964880257,26.055467600833573,25.752728180232225,25.954768753672994,24.862297510947357,26.820207853462737,26.49107077032501,0,0.936833452521987,0.583290154185971,0.743117501783968,-0.557334210500566,False
Q15057,3,"Arf-GAP with coiled-coil, ANK repeat and PH domain-containing protein 2",ACAP2,21.32064453865981,24.6449365902533,26.174754670001207,24.074434688191772,19.58696993647396,25.815924425126312,20.24921047110736,25.335116737732477,25.807015424354173,25.481327975380378,26.369197350192856,23.290862594112244,20.723756050140572,25.864229815063148,24.362614914823126,25.51682775513165,20.29356788918091,20.879912975756152,25.186042755338665,19.764155080568028,10,0.819967616154306,0.543094633549649,0.730408413405023,-0.618366148889536,False
Q15063,32,Periostin,POSTN,26.779274716579703,25.624770243780063,26.716878988865744,25.377034684101563,25.844000281280163,27.265088549747503,27.629091018261224,28.520032913272964,27.213922738993954,28.123388464899293,26.964162105364807,24.87268867832697,25.843600187291297,27.308027459442208,28.042837527826205,28.653719544101747,28.25681111645806,27.63743076398928,29.000442623569842,26.77034234454308,0,1.4327317647152,0.245209243072786,0.58311339070537,1.19610344765536,False
Q15075,44,Early endosome antigen 1,EEA1,24.489482308340538,25.592599947663558,24.702026573185307,25.411125983322613,24.289453655949377,25.102181960207794,25.427575902026188,25.311629936855265,25.549708385164,25.40974845362908,23.154199215835153,24.524950135947893,24.54047056963569,25.46821334870153,25.170192402504014,25.348932683664035,25.68494950195597,25.323706147837004,26.214674676110494,24.732281909029886,0,1.00892907719722,0.671880048114339,0.768734109029445,-0.429677667263614,False
Q15084,13,Protein disulfide-isomerase A6,PDIA6,25.398531410197705,25.82860706734641,25.664964786010078,26.106645522311172,25.564040302991753,26.34412974789181,26.636622889522247,26.39841717633779,26.76948798476982,26.895292446237644,25.559425842139145,23.636466333521874,25.867975889364292,26.19507011817098,25.98128285730957,27.1012490764599,26.497729157474645,26.187721004694478,26.410135074843964,26.851269945246976,0,0.995136892636498,0.599677908193299,0.749006456499085,-0.533066391141353,False
Q15102,6,Platelet-activating factor acetylhydrolase IB subunit gamma,PAFAH1B3,22.000571410149046,20.727578131328634,22.94702549778294,23.329544776570025,21.838169205870784,22.481600597107654,23.163061212973084,22.88873758056327,23.00292797414274,23.540464551762025,22.35277298506728,20.543884530510898,23.32458318580355,23.57805802134569,22.98391869879998,23.03864051859406,23.171421791409426,23.453641763690207,22.836150528048922,23.43918231271405,2,1.20424349108821,0.451798293138424,0.688246675152697,0.766936931219552,False
Q15113,5,Procollagen C-endopeptidase enhancer 1,PCOLCE,21.771526249088208,21.07000476196227,20.771947784153284,20.67261011296861,19.51592417446174,20.775508555596335,19.993110730997724,21.827375874925142,23.164052306194368,22.667326194663673,22.112572046890612,20.472990943451013,20.89029808476112,21.946964937095547,21.955790940840025,19.583466298973452,22.142683771236683,21.174641037310842,20.137663366512278,21.261972854261924,4,0.843093020570075,0.899849316111533,0.826708499711055,-0.127408804587232,False
Q15121,7,Astrocytic phosphoprotein PEA-15,PEA15,24.0163276671019,24.457275982268303,23.588267694362575,23.358515391365316,23.57817385331722,24.868160431020392,25.016448446792175,23.938439244134997,24.835787651864702,24.86414221831309,23.863707776073184,23.454217249088728,24.506974961244037,25.641144592200344,24.375390684606995,24.660985806364035,25.135654818063706,25.435100978845647,24.764295046534503,24.984971898837053,0,1.36004741299662,0.0931481579427315,0.42417512839099,1.76037592477162,False
Q15124,18,Phosphoglucomutase-like protein 5,PGM5,23.142782465349836,23.41883642205121,23.914604020090557,22.93330234824821,22.62906488505598,25.294866885183335,25.52687645881012,25.261045297230744,24.50952500728418,26.14578563784162,23.16632959748483,22.146480542527403,22.39697214017426,25.070118546806057,24.47077421779532,25.298233726778594,23.68482948240256,24.21500547733985,24.92506368219423,25.520634939555876,0,0.833593760375321,0.600495540328247,0.749006456499085,-0.531864179750397,False
Q15149,166,Plectin,PLEC,28.534624968094572,27.130290393793512,27.186889871224402,26.26651716092278,26.722194680661683,28.333272829236968,28.24918946805682,28.23553454956353,28.705378100929686,29.418951586084884,27.553074344278933,26.90576351377524,27.154112177985052,28.668734275545933,28.44433045189754,28.197530336514227,28.674319148595835,28.14404901517886,28.7821271570017,28.498109679694707,0,1.04282208590306,0.409469581197681,0.668891502267805,0.841933645878075,False
Q15165,4,Serum paraoxonase/arylesterase 2,PON2,21.112898710459355,21.843441865602347,21.302002350997416,23.44022339835617,22.625764151396798,21.666719016332245,22.60185982112152,21.671806331262594,22.1475662571678,21.412659352791284,20.10800252037951,21.819616085908883,21.30244491414879,21.666956140084448,21.22135246696648,21.070250360130494,21.33130347954592,22.057679362195646,22.26427881348791,21.6856036796927,3,0.656292978625003,0.117735014750943,0.466142859024171,-1.63247489405189,False
Q15181,20,Inorganic pyrophosphatase,PPA1,25.886421153659963,27.05677132596857,26.765251667618,26.90102444760497,27.167958772671504,27.37691059662625,27.225212700412506,26.542386862831734,27.051089879854864,26.519114440281992,27.303390987756515,26.342052218114606,27.26961568491439,27.581839892427016,27.17732799325221,27.254402596195686,27.538217408462074,26.961672272690297,26.980347556523604,26.674000093191495,0,1.18662002877891,0.188795578662748,0.53240815837221,1.3590292398714,False
Q15185,5,Prostaglandin E synthase 3,PTGES3,24.48815011152213,22.625276084004522,24.50913368755728,23.790210132881747,24.59531433250342,23.06783685662104,23.253309209557223,22.713866981114442,24.66972541172629,24.68276322665423,23.32958118103703,23.7830726375786,24.43636846802338,25.073120969878588,24.88242165550581,24.779283123013435,22.564347371945622,23.958420693416,22.813222901641478,23.61322702073523,0,1.07156284676585,0.819192323360936,0.817186231250049,0.231516206374738,False
Q15233,7,Non-POU domain-containing octamer-binding protein,NONO,22.60272027597754,21.136882778341615,22.02537131054696,23.031449996739443,22.070644529530398,21.98396062093112,19.941993159595434,20.107497501759784,22.594733219108075,23.588927224762333,22.115608406891116,21.843819700991304,22.683589203202235,22.26855956486659,23.150571767866644,21.233100001360707,22.874309644824628,22.145756650930704,22.823180520930997,21.811417430410543,2,1.08102234210741,0.369898485817986,0.647294075609455,0.916667030608873,False
Q15257,7,Serine/threonine-protein phosphatase 2A activator,PPP2R4,25.069533614276175,21.468544903578945,22.387677319672864,23.945812788283966,22.83678209426249,24.634371346528585,23.87065684144678,24.069961832408964,23.373592743241886,24.520854108934365,22.756008395419197,23.79150721923099,20.662315227955187,23.559623038447175,20.821841195488563,23.381294639849415,24.126387202062112,23.330642615406997,24.089778431696846,22.791980726364777,3,0.635213757902677,0.146562004878215,0.499252044426215,-1.50854761767108,False
Q15274,2,Nicotinate-nucleotide pyrophosphorylase [carboxylating],QPRT,21.7937461994551,23.061646110224192,20.478906026746195,22.472191477828,19.318163125057723,20.38606903933569,22.243799591821016,23.299501608120938,21.861326292126744,22.244714715477215,22.36602988664769,19.728789962395272,22.6415481887192,20.726461579901446,21.95216104508002,22.808937901909687,22.272801475069024,22.449406466960255,21.475902299080026,22.366898501636843,10,0.985012396009834,0.739194687156008,0.798823546685696,0.337434930349099,False
Q15293,5,Reticulocalbin-1,RCN1,21.561089977063528,21.333173066820788,21.319627730741388,20.06484311915925,19.69572942530179,22.364791262527383,21.846347147885183,21.92706203700067,21.096440687371533,20.38088003004697,22.17377682247221,23.33773798905519,23.033505862625734,23.002532401607418,22.48053608682642,22.26236619439369,21.04079324457458,22.599273526922666,20.37241396017963,20.807587506429577,4,2.02870630724835,0.0154149572641943,0.211679581794544,2.64083032936864,False
Q15363,3,Transmembrane emp24 domain-containing protein 2,TMED2,20.550577049932297,21.325251683799344,20.234768123992858,21.907936848610962,21.372108070596717,18.93913047162634,22.243488660819715,22.717787301618547,20.01269341684168,22.395148809266924,21.125716160739717,20.759386291290753,20.85881909051867,19.900049522264275,20.807593914942775,21.272105926517696,20.635744387084564,20.897718920269153,20.931842299643055,18.637440735540757,7,0.558371447906515,0.215485431996131,0.55792310220854,-1.27783482546243,False
Q15365,13,Poly(rC)-binding protein 1,PCBP1,25.938343696273012,25.405235084802044,25.333343294918873,25.523408475574595,25.541652842435543,25.720787807168897,26.13895725623174,26.143666936760006,26.07546343030876,26.187550275067206,25.54893082492511,25.50423140341267,25.294546590309377,25.974186593346865,25.932128973767636,26.059740639360857,26.38046762338964,25.885540741058207,25.937411096054383,26.31081660674872,0,1.06018604966707,0.554687104471989,0.731412426372764,0.600529913311304,False
Q15366,9,Poly(rC)-binding protein 2,PCBP2,23.2033729756726,22.03906461104051,23.271905655826735,23.615830641684923,21.880790467727405,24.311965556298386,23.796873858898007,23.130910929335556,24.60811371982906,24.712464636780506,23.67231697801814,23.459927477861303,23.058845752998256,24.30072151333822,24.6983342020334,23.478980030017514,22.99403860602294,21.667615574962205,23.711219006897267,23.525540280199756,0,0.94406794408063,0.999088737859964,0.843898074451799,-0.00115600245566795,False
Q15369,3,Transcription elongation factor B polypeptide 1,TCEB1,23.150644276364794,21.733744807324282,23.339026933422453,23.61801250319438,22.02334780599909,21.554829844655295,23.14369416646269,22.255792045495884,23.099213011872816,22.15345234732012,21.2741481052412,23.63441493413419,23.144225733746875,21.468954415258857,24.155647079746753,21.892627591158245,22.69409437021235,23.16102286780192,22.638110579655706,22.95277848351721,0,1.1337447772246,0.808061373310229,0.813589620325639,0.246064595400755,False
Q15370,6,Transcription elongation factor B polypeptide 2,TCEB2,23.616713653682243,24.110799241588268,23.498786988815393,23.630434530969563,23.559746671665554,23.434827929360672,20.110121858341472,21.31266477918524,23.366890315201392,23.88363733673357,23.291410597637242,23.285679521831156,23.563622009583717,23.059024343425783,23.4762175456601,21.562289385018143,21.762820876297805,24.82695213735933,23.30076097985604,21.122171283331443,0,0.934065384871422,0.78998619327608,0.81186965806444,-0.269807291936836,False
Q15404,13,Ras suppressor protein 1,RSU1,25.873214064984136,26.03005509270235,25.506866041469788,25.78163884147635,25.48623404367231,26.349197584665568,27.055783359097205,26.622509250376737,26.696634888409232,25.84081442305869,24.928329594842513,25.881522017304945,24.98178059732676,26.11942152842127,25.66970682604966,26.343514680295893,26.49293864726862,26.364691367729886,26.076280054127448,26.556374809056628,0,0.883358928773352,0.318469112909657,0.617192968220571,-1.02229330897542,False
Q15417,9,Calponin-3,CNN3,23.25937075695789,23.644574581292346,23.96379395896972,23.29365991392767,22.73587214872214,25.24487323639291,24.490177949050402,24.441873054069298,24.75261865044755,24.57559792391749,22.58436009322945,21.938855602292715,23.855190971025728,24.660632705757774,25.112720380360148,23.730108484798038,24.44399595349412,23.299013870874237,24.430930354280783,23.877169106505068,0,0.883773149160805,0.464882285086579,0.69086707470759,-0.744635310531407,False
Q15427,3,Splicing factor 3B subunit 4,SF3B4,19.057528634546284,19.56243512220834,17.414507107106747,20.385850427686883,21.119528591070154,14.446243165863832,19.44269523206668,19.720120047003164,19.52465133968328,21.361692284434273,20.428760615916254,20.304554135469978,20.14202170335613,19.58708290565699,19.520651503648327,19.00586742877208,20.136774730178033,19.25806189354172,19.680036629506404,20.396752826989257,12,0.974442879429818,0.312447653677602,0.613979024606205,1.0354163216194,False
Q15435,11,Protein phosphatase 1 regulatory subunit 7,PPP1R7,23.327631428939146,23.98988797437947,23.57674645918183,23.34294658875683,22.850436457474828,23.463268356497686,23.91058786536967,23.339033215401155,23.294215050053367,23.80192094809653,22.853391467369434,22.97167716644248,22.718926640879104,23.320122415065214,24.53275020681935,23.33825615141082,23.162071466763493,24.01625425045688,23.27960392601206,23.498079369595697,0,0.964248008348181,0.617713599379752,0.755192054657026,-0.506727748512444,False
Q15436,8,Protein transport protein Sec23A,SEC23A,21.34177671132829,21.753156113770505,20.95253484155504,21.70084172424464,21.927857961688957,18.977635677728816,22.512088846978553,20.777624591839906,23.675477629383302,22.734863139451107,22.135538013619097,23.812336258899062,22.58130632629959,23.100938263128217,22.827792313952898,20.748990506183933,21.595245449044217,22.739584419572992,23.637923786745382,20.079810531579977,6,1.53860604959847,0.197548006332756,0.543673593313794,1.33146364558115,False
Q15459,3,Splicing factor 3A subunit 1,SF3A1,20.517177980131333,20.631259775456297,19.642995218450277,18.830104639173147,21.18705666049546,20.756996004351283,20.55441248730813,19.140219174610525,18.620315880517182,21.276764436408946,20.22569801944819,19.943671906747515,19.473706373322035,18.402620144915414,20.234074293533197,20.47881218912479,20.903829797588557,20.700243284524117,20.84143782138327,20.396752826989257,5,0.948517711756459,0.905508271135637,0.826708499711055,0.120172114669701,False
Q15582,18,Transforming growth factor-beta-induced protein ig-h3,TGFBI,25.4984058434969,26.007998605647444,25.465037522261408,24.62453835886895,24.7529081408512,25.30989678049211,26.29822908250996,26.553623943983684,26.37637625759347,26.00014705830223,25.038111394328407,26.008522506236915,25.050644320504176,25.3430798223621,26.463197339370918,25.21838643362492,25.97188770471882,25.675667983916494,25.997847631010554,25.665082633555773,0,0.929539496084088,0.843363192505062,0.819283344390874,-0.200095491006889,False
Q15631,6,Translin,TSN,23.652172353559838,22.734471550505578,23.863219640440775,23.064203169649364,23.105916420794284,23.682639083930166,24.618503126401407,24.564175008760383,23.957031315993426,24.185484206613836,23.53991981219469,22.83792387983128,22.490951856765232,20.252602984129986,23.803924561723587,24.635363386380728,24.61272278173777,24.048219310294886,23.648347122279503,24.42441482241417,0,0.958048505532212,0.372859932570241,0.650418095942918,-0.910897053559836,False
Q15637,3,Splicing factor 1,SF1,20.669645447939732,21.20673323450677,20.412957829060353,21.076525497511074,19.443699207647853,20.924147808375984,21.071221867404493,21.51987327725736,20.418340075913008,21.609129253085083,20.38133312331629,20.175901565025807,21.762014365667316,21.99125376889977,19.842241906705635,21.593801552931165,21.191295063101236,20.5943359011452,21.44189624481208,21.425868650842215,2,1.18880387427623,0.532327371093275,0.726830710757849,0.635115977668871,False
Q15642,4,Cdc42-interacting protein 4,TRIP10,19.81778434454285,20.385889123366425,20.582465507528788,19.421124659167624,19.06013962809715,20.436025613694238,20.087316187804674,19.344956671310207,19.764286356605208,21.19752644559513,20.81764106476907,20.190862944600894,19.721396088105603,21.64462610547754,20.047720646083366,19.042991262700937,19.189412058647424,19.61122413779288,22.704563249973578,19.2023745150262,3,1.52057541147306,0.629356093697653,0.7585186811081,0.489917957403319,False
Q15649,1,Zinc finger HIT domain-containing protein 3,ZNHIT3,23.00494588669806,22.102135148215478,22.803555788786586,20.886808912828943,22.486575260193952,21.34714273380861,22.846616874272033,22.625784439536258,22.08890754794346,22.407532235554985,23.597831853975823,22.752172863498377,23.63567220429197,23.295375023966667,23.168726989944485,23.319321380208162,23.450674847090102,23.9081816497347,23.158102561070024,23.020294739162445,10,1.97323647015956,0.000927358108057032,0.073258090536328,3.86130320379211,False
Q15654,5,Thyroid receptor-interacting protein 6,TRIP6,20.4526789341808,21.237600909272363,20.316661776036483,19.30880949006485,21.777326575893856,21.478296651462532,19.352765416008143,19.394601548986284,20.005922074120893,20.159448890916604,18.630181579720876,21.044844110689706,19.97749166982236,20.55551406582988,18.74084762931605,19.752080187068618,21.638880207285197,19.808423293385733,21.679463193887436,20.849837688262095,6,0.995872772453143,0.847802245119673,0.819918955074362,-0.194348332898162,False
Q15691,8,Microtubule-associated protein RP/EB family member 1,MAPRE1,23.136428008636862,23.452301962556284,23.29664240091906,22.904851952327217,23.657942869791817,23.41995141761903,23.642414600851723,22.067356735851188,23.473061546411504,23.402629789159953,22.747609646161717,23.27181702636736,23.351436745245667,22.009914552986956,23.56701962481471,23.327629465597656,23.391423470494797,23.546791215689318,23.43152320205608,23.84607195230663,0,1.01125535293971,0.987783091647151,0.843797505224354,0.015498685746468,False
Q15714,4,TSC22 domain family protein 1,TSC22D1,24.690195991019674,26.998710053836657,26.30379694920876,23.453995271672998,24.96865142361199,25.719333721669464,26.715838199102347,26.61505593052997,26.11624767245881,25.90394558386421,24.616496791007577,23.46729863907717,27.515638428535297,20.868195372495435,20.20501905416503,26.56072199421048,26.645531146922806,27.098501478327197,26.613337418759883,26.25140035755673,3,1.10175902810558,0.260612970468856,0.587927183588789,-1.15666874361772,False
Q15717,7,ELAV-like protein 1,ELAVL1,21.44888005939157,21.73648086364151,19.92422027973955,19.29033172808986,19.72680320645628,21.037663237701437,18.266807556990937,21.178412191267157,21.114293274802687,20.478281392906116,20.189408983285528,20.223359773528745,21.284225128254004,20.845196325137888,22.431163130183435,20.865808982479052,20.387652948803623,20.299013870874244,20.415593632399638,20.36519502528277,3,1.13780533189457,0.46210018605036,0.69086707470759,0.749345478582015,False
Q15746,12,"Myosin light chain kinase, smooth muscle;Myosin light chain kinase, smooth muscle, deglutamylated form",MYLK,22.260272875098465,24.14602647374252,19.81178168015789,23.436794124003505,23.88066439817247,23.580853060360152,24.442112061637122,21.78600798265962,20.864184687198946,25.27151952569331,20.823516117672042,23.660348219420268,20.014337927632372,23.927584490564893,22.2672734406244,23.67069241136621,21.055364236019624,22.924054679480506,22.684916117161087,24.238951733822628,3,0.657310440126084,0.53671651911096,0.727429585475648,-0.628266233349492,False
Q15811,7,Intersectin-1,ITSN1,23.75347809184179,23.069736926624845,23.039899660979092,21.96815583796375,21.627323772272682,23.52908759351239,23.452625738796836,23.39300950258559,21.87502672192549,23.013616419121703,23.103489212515825,22.446847034758527,24.66207903258652,24.13294289386563,22.77271624436863,23.116343349440793,23.6910572973307,22.279963375881138,20.8583667822841,22.613182243657963,1,1.19875600562098,0.80883001328912,0.813589620325639,0.24505825147046,False
Q15819,6,Ubiquitin-conjugating enzyme E2 variant 2,UBE2V2,24.409950132364663,24.14787336251026,24.452130913280797,23.57161088950021,24.872710606174305,25.045840684808397,24.79444967869324,24.144134747547486,24.72217662314821,24.483647586783658,24.391796370652894,24.49142420161274,23.568084925187126,24.3239084663321,22.93916078642932,24.61586464969644,25.035223175181745,25.189325247093617,24.7894878216295,24.950830929015183,0,1.02673941338446,0.874359492821621,0.825812662811676,-0.160097999212732,False
Q15836,4,Vesicle-associated membrane protein 3,VAMP3,23.929127945570432,22.59598430070876,23.05632629395013,24.465619072000482,22.886318041695837,23.47211006475279,23.811659131264346,24.25700365669398,23.78419336681739,23.28950770966147,23.357071132413388,22.90278389012809,24.132973591088586,24.060600956089946,23.653297384067642,23.14094850801828,23.68454139473078,23.815654027491618,23.944942792348563,23.476089124439827,0,0.999424677575771,0.807529419797036,0.813589620325639,0.246761209442879,False
Q15847,5,Adipogenesis regulatory factor,ADIRF,27.830225235885546,27.617401815992864,27.81339358179724,28.442576304929837,27.765773089262726,27.575581749572578,27.70783666296145,28.127814047258934,27.959298039727102,27.31252503749367,26.872180674408725,27.769252865838638,27.874243126990155,27.24930521726453,27.87082756344847,27.032554793605186,27.755675974217894,27.66663234598856,27.745237564133802,27.005217467798396,0,0.803456268019919,0.0623256848301028,0.364062657639799,-1.97057635076534,False
Q15848,4,Adiponectin,ADIPOQ,23.291649540375147,22.68456702949128,24.750432253313818,21.985797580793143,23.267838476220113,22.206590282113673,22.609640001526596,23.34834321006107,22.680549507127346,20.551540808872225,21.84286696726527,22.128421507679864,23.94872376619037,22.14996308828276,23.483028526679835,22.27326770733727,21.669015105603112,22.327079454822652,22.345190139004004,21.88001278608131,0,0.711185444819525,0.399111102328474,0.662759156764724,-0.861025155157225,False
Q15907,10,Ras-related protein Rab-11B;Ras-related protein Rab-11A,RAB11B;RAB11A,25.67104854635194,25.475056952177518,25.019471033754076,25.915189996102608,25.35686610498226,25.629734699886093,25.017153421294164,25.162987700306154,25.421572381554682,25.36182170594417,24.195937174191457,25.08092958687365,25.111249093282588,25.745044503275906,24.544644731960467,25.11876897865504,25.68658077738843,25.935375623166465,25.592933373518758,24.866439453250607,0,0.901821561226233,0.288372008420913,0.603321843609166,-1.0897604025951,False
Q15942,12,Zyxin,ZYX,23.418290109093657,23.751804455323555,23.660738311407275,25.29913952480017,25.09262843320144,24.124848905618286,25.055851975541103,25.365123281196006,24.791928118874832,24.45251369818926,23.84499287397904,24.352132643707122,23.41556708266539,25.213186959812845,24.473194020574386,24.520882786920467,25.254152336078256,25.024653668106193,24.99009398282252,23.283854334314345,0,0.952896158032252,0.838470249531,0.819283344390874,-0.206438323257794,False
Q16134,8,"Electron transfer flavoprotein-ubiquinone oxidoreductase, mitochondrial",ETFDH,21.738192984275447,24.433794351283343,23.273373866717765,23.633193833789036,23.277548863721183,23.650548651267563,23.18593854217879,22.860824542682437,23.488787026324722,21.009292540851277,19.76338370305309,21.99053064839414,21.07257778466652,21.05579005306262,22.224675374479766,20.258569140967396,22.84656105737153,22.01046206050258,23.036960995338244,21.80913984967357,6,0.382352942446117,0.00365419767057468,0.143190922277685,-3.27715465527201,False
Q16181,20,Septin-7,2020-09-07 00:00:00,26.886786296916004,26.350640328828703,26.525888389606646,26.537116965115192,26.56457910231615,27.284532967569188,26.9132792138532,26.560149147951325,27.163891210215095,26.913521687480944,26.636846898998204,25.92563011948401,26.295874835031913,27.038274013537038,27.186778443129146,26.579106099686324,26.861513345652376,27.063152882099725,27.06796747532775,26.911226281298262,0,1.00160544611544,0.932593354404177,0.830457351070302,-0.0856197608448614,False
Q16186,2,Proteasomal ubiquitin receptor ADRM1,ADRM1,20.298721878641416,20.41759186972163,18.789740677119397,20.072229109180842,20.58173657981467,20.749321676789485,20.990068946194437,20.833384051142563,21.188661501086784,20.863001296908525,21.43832442918249,20.729957245941293,22.14391107833867,20.88935802460174,19.284456602805182,20.7735246411929,20.828091406012845,20.810893147847278,21.50273851754713,21.11286937944474,4,1.42349162984083,0.150213834475942,0.503421952146077,1.49432706630405,False
Q16270,4,Insulin-like growth factor-binding protein 7,IGFBP7,21.45678747784711,17.06180794471244,21.085139524135744,21.091188655980588,20.605725114355327,19.87989012837518,20.99786143209853,21.9428402883861,20.57689735739605,21.833749934450278,21.069541240020673,21.60165640755677,20.827796298409808,21.875351028122736,19.555535585488368,19.793769555602122,21.684618223734997,20.6532543892128,21.55024143291703,22.15105958472972,6,1.1890525542797,0.411513397326205,0.668891502267805,0.838203398676509,False
Q16363,32,Laminin subunit alpha-4,LAMA4,27.06774671570341,27.170109420561445,26.441954301653457,26.624794560687217,26.32159986960315,27.408834254990307,26.663776828473708,26.27923076962753,26.3946139784754,25.83185355548707,26.395604764820742,26.326299774167996,26.90555439446873,27.016912305435913,26.551446300529253,25.75058638015665,26.606273417700702,26.312620395621533,26.33133403483686,26.517029718850644,0,0.880663911887402,0.434469366525347,0.679014768252282,-0.797087530712626,False
Q16401,16,26S proteasome non-ATPase regulatory subunit 5,PSMD5,22.569960527500893,22.015061443464063,23.78663461884517,21.302067568718332,22.919120891077437,22.91415937864283,24.813648859741736,23.78730921964118,24.793011849165683,24.56245501340114,22.906572911828196,20.66325436727467,20.892642020179753,24.75019276140709,22.811282295392154,24.490634389301217,24.53698125127351,24.704315230912275,23.84831087516978,24.94001262910228,0,1.20134735003522,0.810027779572828,0.813589620325639,0.243490589351192,False
Q16527,6,Cysteine and glycine-rich protein 2,CSRP2,22.732603457269047,21.383606752334845,20.36957053373072,22.699828529837294,19.679796431747782,22.15146413175723,22.11278909075988,22.39820988170016,21.003849897676556,22.196005375270722,23.60159920103394,21.546713810264997,19.83471094277338,23.59120779070451,23.251195553152698,21.469757196619415,21.976260445795223,20.812508728056116,21.959590330920808,21.103384828696814,4,1.35224796592069,0.6217522898415,0.756189145336418,0.500879996418706,False
Q16531,5,DNA damage-binding protein 1,DDB1,21.35883932739144,21.897563496580197,20.9596269890748,20.001407355086677,21.842914917521433,19.229699248712347,20.35328362864863,19.827830781431434,19.620571345789738,19.823209461077816,21.16261535926505,20.969920705604174,21.474467288677882,21.472407701545542,21.55644199219607,21.252123861409824,21.34371446648252,20.538074726716243,20.69975703143873,21.58251417454047,1,1.37467182200957,0.0150570388845122,0.210966091138595,2.65154134474499,False
Q16543,7,"Hsp90 co-chaperone Cdc37;Hsp90 co-chaperone Cdc37, N-terminally processed",CDC37,24.490739365681293,24.99013566860978,25.019139585446766,24.752418564280152,24.78305851839793,24.47692050292374,24.312341716174835,24.046559364703985,24.855113605819202,25.051018291979542,24.32039994706766,24.135892449352273,25.20151396224167,24.24017920903228,25.26417153652492,24.67672096116419,24.406466007954524,24.30648376942622,24.62309019368251,24.629441625489132,0,0.945466048424259,0.608854009400088,0.752218059563864,-0.519619331337626,False
Q16555,25,Dihydropyrimidinase-related protein 2,DPYSL2,28.454041017211352,27.975868385306608,27.73785796392788,28.211509065706256,28.081858193427323,28.418040472586103,28.452032789272902,28.475619685191088,28.65963778840398,28.830419152466146,27.61373110836866,27.51020479621176,27.752648740223297,28.56043674439893,28.70896271641075,28.545053912413735,28.444988422236147,28.312355408113405,28.8092854333601,28.811088898680666,0,1.01105438916612,0.88482897075882,0.825812662811676,-0.146651905442054,False
Q16563,2,Synaptophysin-like protein 1,SYPL1,22.018687611153645,23.076951084837813,22.062850078207482,22.553435042827008,22.64201130003192,22.029685015959764,22.818194622412214,22.744141960268102,22.45993673676986,22.409087832505435,22.768179176812936,21.99800359095163,22.625782028623583,23.361232351250383,22.755412655558935,22.397328277494022,22.469435891932566,22.113578488571964,22.33524768390486,22.493886403404534,1,1.04163700364777,0.825148601310444,0.817624247495614,0.223752422510066,False
Q16630,1,Cleavage and polyadenylation specificity factor subunit 6,CPSF6,19.917657241224322,17.624475591671764,18.19889375896205,19.010427051746028,19.507141160294818,19.969550520002375,19.662758996962623,21.30861634291161,21.351785544289985,21.09400170084556,19.62296387222784,21.03842893616823,20.37664932638754,20.47585274165746,21.18509332648042,20.534853328811305,20.948855750114785,19.97565854252418,21.133535480889595,21.337455885847458,6,1.45771823287919,0.0148413031650045,0.210432875997758,2.6581142272552,False
Q16643,6,Drebrin,DBN1,21.31916517671113,23.009709967150634,22.0032336943394,22.078956264408596,21.794985242390364,20.41208669099123,20.974124210504574,20.435902942379627,21.280395663718327,21.26168983195705,20.514272477945617,22.59861120076975,20.598796906505275,21.342981357442817,21.88135584561654,20.892879558506394,20.890836040604288,20.944200872535678,18.540217641694504,21.1872225052829,2,0.74056575695062,0.169022686336526,0.521118528909864,-1.42525659724371,False
Q16647,7,Prostacyclin synthase,PTGIS,22.92609209413215,23.982579581068737,22.26896474389322,23.98220023545745,22.682420052418266,22.935475706721338,22.51240889024717,24.83784086854436,23.17112277944617,23.50841043081256,22.69137953288187,22.04114218885355,21.687210739647696,23.927307993023746,23.040564109387955,22.945623891747545,22.776708110355173,22.916511966992413,22.809860727454126,23.125649324674775,1,0.665687914667083,0.157838953116439,0.516456381836106,-1.46552283713665,False
Q16658,16,Fascin,FSCN1,24.891272815722076,24.95543669776405,24.74675353891034,24.504597946893153,25.126108469204308,25.12458737251733,25.252471233739264,24.859693779557848,25.35756699172008,25.529421798395408,25.235629227735924,24.785638629902778,24.51478338916137,25.52381514527025,25.653597696921317,25.176483303143034,25.323757217415412,25.473659814937093,25.487927450761006,24.964847629751425,0,1.1400165373984,0.292939414871118,0.605169374727376,1.07920700571326,False
Q16666,7,Gamma-interferon-inducible protein 16,IFI16,20.95033089489091,21.39130068563875,20.39929750137124,20.12362874777185,21.069430196480635,21.447312472365148,19.02596327870937,17.02529863484903,22.01252165720807,21.18066533510367,21.080708421521976,20.77110089706158,21.106695140603474,20.65685198201478,22.112145441110165,19.30291427718079,20.089014454232064,19.744912333857847,21.933375519043285,21.26063944179442,1,1.10047627895129,0.514699631561784,0.721090302628091,0.66294222816694,False
Q16698,8,"2,4-dienoyl-CoA reductase, mitochondrial",DECR1,22.032116860278123,24.379182462493535,22.72524626574688,23.71429033215218,20.868089218027276,23.49252158778448,23.51973045885699,23.33739777145497,24.36515378171531,23.53009707795991,21.97509695596444,22.005577054557637,21.672124304584724,22.470226641562743,22.62819919260948,23.329595624907608,22.99352704226571,24.004784063913295,23.68686763440379,23.227638324747794,0,0.710359745784364,0.260480867747445,0.587927183588789,-1.15699944374622,False
Q16718,5,NADH dehydrogenase [ubiquinone] 1 alpha subcomplex subunit 5,NDUFA5,20.76004268092524,20.74129855486839,21.361728420288276,22.239704352088754,22.703095036154068,20.39608876157684,20.719858113130602,23.30142024531289,21.447093950993516,20.307005537886916,21.29066362476958,20.997677458148047,21.005272651861553,21.958911649552853,21.180956615654527,19.671998017827168,20.79943043923444,20.56355327071044,21.64793905209204,21.530575206929093,2,0.66684885905073,0.406249033511676,0.666605052619602,-0.847835815875642,False
Q16740,2,"ATP-dependent Clp protease proteolytic subunit, mitochondrial",CLPP,20.304506168556962,21.442467686775185,21.642300181865934,21.891987134057768,19.978436691276226,20.550724384518432,21.287721255090325,20.60288464850376,20.868050380908635,21.068984619284645,20.28714209495516,20.80134458105859,20.480437562232524,20.641292105953458,20.654033043773556,19.906698155198605,20.81825076602729,20.280981554425566,20.35022548707716,20.172185267161264,8,0.653838815307799,0.0603619329418239,0.363237063220638,-1.98689320794372,False
Q16762,9,Thiosulfate sulfurtransferase,TST,25.3732157894595,24.76385781003834,24.74226240613285,24.36188974550406,23.21866010648379,23.904198827723118,24.357743276839322,23.72987659597639,24.70929670558107,24.312455769845037,23.449877113515953,23.75081397200075,23.98764463907305,24.42377319702907,24.412007594643942,24.178580348363266,24.38623645871351,24.502362680485234,23.974756387740925,24.45825236075889,0,0.828971622214917,0.416990026922643,0.670306432105353,-0.82826557095905,False
Q16774,5,Guanylate kinase,GUK1,19.72697211073637,18.42531142160706,20.814986882069096,22.532354679011505,19.675829867864085,21.378367926542648,22.482602377536004,19.457986147985785,21.916466256746887,22.042991796309394,20.579939675017773,22.80566348690469,22.416048887577034,22.33766465073074,19.85920395641411,23.31984203958114,22.640999968037516,22.084714067507115,22.075297485551896,21.245658925550554,3,1.78233128405423,0.0473787535226633,0.329870541840136,2.108540603305,False
Q16775,9,"Hydroxyacylglutathione hydrolase, mitochondrial",HAGH,23.34776632132345,23.38371449252688,23.416775599345808,23.208286547599076,23.944218329128887,23.652668767159632,24.08754442728527,22.477417411454688,23.319543545265223,23.852342842129822,23.439859650997363,23.629717186478377,23.348892189369664,23.829198675696027,22.762112762711205,24.072958532698493,24.279902547191014,22.242920984605842,24.081285922717484,23.14177712822327,1,1.04893040123512,0.960069257615104,0.839800241506769,0.0506777782932863,False
Q16795,3,"NADH dehydrogenase [ubiquinone] 1 alpha subcomplex subunit 9, mitochondrial",NDUFA9,19.800657408916553,20.587852216632644,22.802123070452875,19.836724248150894,19.47253478705468,20.10371434417077,22.223271123745402,21.650454122209908,22.38983920615054,20.831122026975617,21.272581535375387,20.56151804180625,20.725595397010654,21.66231169839567,20.370464375039244,19.34802939327813,19.52670720663185,20.355524242117756,20.708108504171957,21.72835976332225,8,0.655270809793015,0.434224243384297,0.679014768252282,-0.797519288360608,False
Q16799,8,Reticulon-1,RTN1,23.333495413100113,21.149711796514318,21.705343096004107,22.970339682713192,22.556524060589158,23.315324440184053,23.191695313512678,21.575239346732946,23.254218873715377,22.195965325439616,20.85479359305105,21.638126279798843,22.390023844318193,20.766761174586254,19.793640602430756,21.985339707636925,21.612954926683337,23.155649695703065,21.28072900246756,21.058000897721783,1,0.506642178843629,0.011978640907247,0.198716972458467,-2.75512496693569,False
Q16822,21,"Phosphoenolpyruvate carboxykinase [GTP], mitochondrial",PCK2,24.115144329902385,23.542403260503917,24.298041950581165,25.47203277681136,20.79891458357944,23.49462790153114,24.212527026278583,24.958336690370885,24.171507446837037,22.96438552403851,21.900038606804664,22.223646651831256,21.896961721583196,24.067705829337648,22.06153744104727,22.334942424888755,24.11844665203565,23.873237544931357,24.078604524342975,23.65413432235999,0,0.548884925148147,0.107248981940987,0.447030877785058,-1.68394215491964,False
Q16851,25,UTP--glucose-1-phosphate uridylyltransferase,UGP2,28.172426133342963,29.05226670041992,28.99015187097819,27.53460064057675,28.208207823586665,28.79995453503727,28.691782005630085,27.65382184838987,28.0860274208272,28.728889524366437,27.95967567309307,28.156321144900026,27.711736338063275,28.17038455095923,27.098713101762765,28.540286603670936,28.50219734593558,28.980047237299875,28.549073470286622,28.34388215500689,0,0.87174137265052,0.359251245482525,0.640829874733339,-0.937670793784662,False
Q16853,22,Membrane primary amine oxidase,AOC3,30.27593070909683,30.879106567585133,29.503037213451535,30.756918581456443,30.13439375636158,30.074560537076408,29.96621487301605,29.81703036817471,29.4739617146509,29.13312791084023,29.44573937602392,30.589732219745212,30.807690534856054,30.316333000913712,30.259291946703076,29.432069072304834,29.676207008839484,29.506419165974037,29.662746713861367,29.37428156941065,0,0.934782687879884,0.612903646077092,0.752600100252505,-0.513715747232133,False
Q16881,14,"Thioredoxin reductase 1, cytoplasmic",TXNRD1,22.57063201694326,24.29661858093695,23.200737124545668,21.25049559818509,23.902869509309376,23.9739146989759,25.091833976676142,24.612643396454576,24.391645355997166,25.015262910167802,24.32232197464348,23.30928036974787,23.18003763651842,24.287641103059713,23.87559495677706,24.524139640468395,24.56531780518381,23.375301027554016,24.162159707757585,24.47498076415529,0,0.948015832546846,0.586889340280777,0.743447109981051,0.551975727137461,False
Q16891,18,MICOS complex subunit MIC60,IMMT,23.208415542958406,25.11538051903216,24.2179371724868,23.89548894419143,22.86388497623594,21.406934325901247,23.07939948089011,22.145323640698894,23.859178773131426,22.887238333239765,22.49758672049098,23.78766119442988,23.125701987386588,23.36153936207776,24.495497082631374,23.307795291869954,21.94507662803854,22.664573916293225,21.923141104704758,22.90870501588573,1,0.756785381600994,0.458317676519419,0.69086707470759,-0.755776728196896,False
Q1KMD3,11,Heterogeneous nuclear ribonucleoprotein U-like protein 2,HNRNPUL2,23.88189131850335,21.113218409303553,24.770976895818286,23.474256929749338,23.971171581040696,24.04207905450323,22.43667353991462,22.852440740106328,24.53141837688897,24.94503529124142,22.78519519020068,22.48766344921724,21.77140537740421,24.25143278079275,23.679488480442327,23.621112666075753,23.734750135363353,23.49957226691401,23.80944612416912,23.62741088239342,3,0.721096733723969,0.52198960977557,0.721310207615658,-0.651371889266948,False
Q27J81,18,Inverted formin-2,INF2,24.036113276085924,23.76815597651113,24.0317471166817,24.416115175628764,20.486484277012107,22.7309942964902,25.301271063240257,23.981632614599285,23.8474303121726,23.742561197000185,22.613674432674994,23.50581307688615,23.84550016635539,24.602681266370613,23.820631128673096,23.66914046750661,23.910168068026383,24.93650322892042,23.56237877969347,23.26002947109976,0,0.945006173449847,0.753564472027369,0.802380521731585,0.31815212086565,False
Q29974,4,"HLA class II histocompatibility antigen, DRB1-16 beta chain",HLA-DRB1,24.153840526297092,23.333730845695275,21.749457348308066,24.06384751944643,23.511831955064988,22.393729261729625,23.792433275580972,22.94826920685513,20.959216350911028,23.083908358645825,23.384292406440515,22.56567294596087,21.98874012946002,22.85926582647364,22.054229012496616,23.15443886363858,22.87195006876944,23.323764576650206,21.29354541957706,22.152498169647526,2,0.671387346368868,0.270669503238085,0.587927183588789,-1.13185023292775,False
Q2TAA2,6,Isoamyl acetate-hydrolyzing esterase 1 homolog,IAH1,24.0418753702348,24.118459012779752,23.63475268391717,24.573360974679076,23.324359790322948,23.792343300685236,23.535168967164278,24.01533817645491,24.06062228116867,23.56532574045085,22.910326007998858,24.022874078867375,24.32529411631429,23.51863951105072,24.06051267269485,23.16073020302866,23.699256075328126,23.27286303274085,22.545688364987395,23.639479404017536,0,0.811192351463284,0.136934541646182,0.486433579823015,-1.54748662403723,False
Q32MZ4,9,Leucine-rich repeat flightless-interacting protein 1,LRRFIP1,22.168404695617998,21.705922674264016,21.909852844729507,22.21832412180008,19.604533575250514,19.572633651647088,19.09316917497797,19.938161805744215,22.388670612409793,22.423201424942256,20.50237188319021,21.471850923604347,18.981784998799846,21.690966850015055,22.054468436139377,19.567419909873905,19.696728956837273,20.376225319085453,21.178202591292997,19.260220114646902,2,0.597280701967102,0.234431296088031,0.576012803632395,-1.22481887825917,False
Q3KQU3,9,MAP7 domain-containing protein 1,MAP7D1,20.940233930107205,22.78664022910366,21.426113537483253,21.698637809464227,21.255642484307977,20.992699515179762,22.273913208347007,21.888609959258318,21.718021902582965,21.476697424955216,20.499584027401443,21.913245972771993,20.73946066073411,22.723105163519143,21.791824714687298,21.84442937140162,22.865187079948196,21.486144403377537,22.003135510467008,21.560576061278294,7,1.11293557326553,0.768507601414675,0.807231985594737,0.298229901006104,False
Q3LXA3,7,Bifunctional ATP-dependent dihydroxyacetone kinase/FAD-AMP lyase (cyclizing);ATP-dependent dihydroxyacetone kinase;FAD-AMP lyase (cyclizing),DAK,23.904704737700634,22.39108632743131,22.728104374822088,23.50963376506399,21.762541501057413,22.437980256997548,23.298084066171604,23.051484095922426,22.57267072767913,23.407307399514515,21.91913011984881,20.602170533570586,20.63048382000549,22.060512711307332,22.647595400329184,22.03224983243703,22.85597235216192,23.242030859440973,22.557152868421596,23.197094572257676,0,0.650069717004063,0.0363262931316937,0.293552510629563,-2.23870993798361,False
Q3SYG4,1,Protein PTHB1,BBS9,25.260949093709307,26.132135323901796,25.53166271657766,25.6170431943205,25.4546080381735,26.246292276866956,26.331768307993823,26.021843996497495,25.841096916110743,26.15302433435476,25.782219153992898,25.446727575987765,25.327910755785943,26.384481660861596,25.832232616274023,26.326515845286952,26.649103548200486,26.99112648059576,26.254618497630325,26.105710165591276,0,1.22554658590012,0.138619671009221,0.487227709966479,1.54051116822071,False
Q3ZCM7,11,Tubulin beta-8 chain;Tubulin beta-8 chain-like protein LOC260334,TUBB8,26.030429770860646,24.79926364786823,25.726797817296116,25.870795876744154,25.95606686155863,26.683420551163337,27.43600941516219,26.082568597775808,26.34033516292344,25.663033602504946,25.508141614483268,25.32912618129924,24.870414733686253,25.912297880800864,25.19434880386928,26.820448729414895,26.56487440861899,27.353216174381064,27.195208853522033,26.81992663443901,0,1.13521482366555,0.653103463319798,0.761003945946475,0.456064291876683,False
Q4G0P3,2,Hydrocephalus-inducing protein homolog,HYDIN,20.274458849220455,19.198097189905155,22.569611856309184,21.366929317128932,21.79326993598257,21.830429178069995,21.031132189068362,20.28243380877912,19.666008259530397,20.66803376975484,20.234932047261665,22.69285302644204,16.934590814510962,21.426817963599856,21.822783982365284,21.45379188039148,21.883023412695458,20.72111911714933,22.0405322619736,21.26733215331984,5,1.24483926585947,0.758109170732139,0.804637350404568,0.312079540701136,False
Q53EL6,9,Programmed cell death protein 4,PDCD4,23.241331922652027,20.12295798477729,22.09897703248418,20.479525125978643,18.880435922677236,20.668729421229507,21.49277542584334,21.553628974730877,20.9689271196367,21.7377822378421,22.216073503717322,21.18978658638203,22.094209110307037,21.010410625051726,22.471025349015225,20.87672088984068,20.845788318399183,20.96586780782362,21.47456403069092,21.686470682789835,3,1.03493877845088,0.404560021944541,0.666605052619602,0.850943191407152,False
Q53FA7,3,Quinone oxidoreductase PIG3,TP53I3,21.677270538982256,21.386781217039484,20.70510976133763,21.637597040028304,21.517670109751126,21.485122870827485,21.215650569188217,21.506920117431584,21.792169944649043,21.334116791746645,20.180215984738247,21.23689877092425,21.865814960434992,21.888790123854015,21.64059656175813,21.19922637748776,21.945781961302206,20.927011527738546,21.277076606817438,21.20927129451067,11,0.977158122012647,0.734735806697933,0.797221050814768,-0.343444645006413,False
Q53GG5,6,PDZ and LIM domain protein 3,PDLIM3,21.80667404162616,21.485765514177107,19.749182542601964,20.425848376081248,15.928241672528708,22.027224719648615,22.198523531213286,23.19565684228793,23.383145578692965,23.987592289881103,22.564650696700404,20.345418361284793,23.000159909528367,22.962478264573043,23.826250748363538,23.41745380922673,18.807298572311538,20.444793409188133,22.857308182475652,23.002969281444688,4,1.23251788723078,0.328895164968547,0.620838122156971,0.999977306199688,False
Q53GQ0,4,Very-long-chain 3-oxoacyl-CoA reductase,HSD17B12,21.81812368686906,21.26551256988373,23.066139444884215,23.34406005074146,22.78835779286155,21.330479456439416,21.438316724724782,21.372385807985737,21.331779123300162,21.926942992548348,20.918057253176652,20.82619065679817,21.89789502155163,20.1346443973378,22.38160611610339,22.99431756436281,19.385461522442487,22.858858138968323,21.735078846856627,21.486441854862967,0,0.784694350846377,0.244649099019941,0.58311339070537,-1.19757207100158,False
Q53H82,3,Beta-lactamase-like protein 2,LACTB2,21.334204082862627,19.98739451072951,22.214930352074695,21.599262482448353,20.85991576290357,21.165932482840244,21.80781810521837,22.293993706496,21.996371111539755,22.020333134707506,20.71695880852942,21.399724206740647,21.82253358538729,19.200304269982876,21.896232721093337,21.0809005920068,20.9958663514583,21.204953134406818,20.908968528447332,21.256593572315648,6,0.719276381381484,0.174763749675841,0.524268348365009,-1.40541561577793,False
Q53SF7,10,Cordon-bleu protein-like 1,COBLL1,21.369940511635065,20.1735876186549,22.46037708995216,21.970055020799347,22.624386613775773,22.466524315618646,22.260329056283076,23.338332537854168,22.35963905314411,21.20534659881762,21.06252218361788,20.777302770734707,20.26803566113261,20.852146271170792,22.24428578009301,22.020280155981542,22.02898419427676,22.683566427419805,21.786036094328548,21.954028254149655,2,0.708811725458473,0.201739115393055,0.544755748559004,-1.31860291159086,False
Q53T59,4,HCLS1-binding protein 3,HS1BP3,20.9844102170288,22.077225722951646,21.519425458184315,22.172017269577008,21.843523313138288,21.35337300185388,22.127750040124624,22.382480985629446,20.6725455053186,21.566611834293102,20.647493747051463,22.769977131372993,21.01327032326613,20.85441671961852,22.335378838885983,21.980899171158605,19.506024195842517,21.393563943094968,22.35522362212438,19.90426007683571,6,0.903760146552595,0.332913631424174,0.621344828365596,-0.991507918827095,False
Q53TN4,2,Cytochrome b reductase 1,CYBRD1,23.271863346763933,21.632348355482954,22.060378122081804,23.097995845862382,22.04903936838006,22.679679883550353,21.483418866445934,22.48522441648007,22.300465884533235,20.44260643731906,22.28548962196862,22.244726743877273,21.811679525948957,20.552146713126813,22.798474446898105,20.05011917057822,20.343179188781807,20.530561304229675,21.207839363717458,20.156702935138714,2,0.566296797150669,0.0129956403774446,0.199618756214225,-2.71836039148428,False
Q58FF8,9,Putative heat shock protein HSP 90-beta 2,HSP90AB2P,24.05078244971371,24.424307606527712,22.378703175142583,23.113194925332255,19.618167691478053,22.574326020281095,24.04531552730226,21.8198326160403,23.840996161510777,23.99796645999703,23.97439953237807,23.23561326337298,23.746023529271955,23.962410796897448,23.4076578545052,24.29765234654067,23.250361778665074,22.74662183304834,23.8934509266421,24.083553688790143,9,1.21560789488781,0.168738607775557,0.521118528909864,1.42625235916589,False
Q5HYK7,11,SH3 domain-containing protein 19,SH3D19,19.46489718789959,21.886657117289655,24.608328777065474,19.977105667681588,24.998344048376218,21.92928392430872,22.137690368501698,26.285529796903816,20.844377668261032,21.63177883530549,19.50892754885116,21.436606002777797,18.73047760462451,21.154151503448116,21.252072609524863,22.70228058476321,21.297993954693947,22.762779076882865,21.908504026997395,22.466388830715445,2,0.219025996392757,0.164667582892218,0.521118528909864,-1.44067292862916,False
Q5K4L6,4,Long-chain fatty acid transport protein 3,SLC27A3,20.35683814587172,19.66965750083828,21.202433276899917,21.85829963588274,21.76259253705155,21.41328548154969,21.129516091102243,20.035319597623722,21.04255291875565,21.366219592487095,18.535033123696497,19.813159465023254,16.463190322641953,21.699119985117754,22.02094625077555,15.446942379261607,21.754500770543654,19.544779451690307,20.645636858914774,19.35022843556266,10,0.683722955971447,0.0526068108107587,0.347692777049084,-2.05633854458794,False
Q5R3I4,7,Tetratricopeptide repeat protein 38,TTC38,21.482987344827237,25.083034977954295,22.40023448831427,21.4942753269663,24.680644337735405,20.370060773603353,20.938543868518682,22.63212706172795,22.725201857035216,21.045572248854487,21.466870413185,18.9052838323043,22.231142511527963,22.18245685776043,23.47912773582544,21.427054678796637,21.395794351260697,20.793244666374953,20.805526386664866,23.155268538985297,3,0.466888757871608,0.244142719994183,0.58311339070537,-1.19890191232963,False
Q5SRE7,2,Phytanoyl-CoA dioxygenase domain-containing protein 1,PHYHD1,20.810374356475375,20.368747990545035,21.291360005718584,20.010264633476726,20.2236237451529,21.37400911554044,22.16043435119903,22.147298509817755,20.08547979164806,22.378764537648422,17.28437739936169,20.139912839576123,21.31307073304882,21.66818110582791,20.634042280852224,21.865466651929108,23.09525547772678,21.72844668067969,21.47293133586917,20.958170685982807,3,1.1286114317659,0.884162341830844,0.825812662811676,-0.147507211990141,False
Q5SSJ5,11,Heterochromatin protein 1-binding protein 3,HP1BP3,22.85276567625052,22.40018988280292,21.825336681993473,22.29296211703819,23.402808027233686,23.12771220534927,23.54576120131294,24.395023884918405,24.13896358609973,24.66601843372014,24.179891644138564,21.396525658656117,22.618892947664058,24.677869608228985,23.21226065250136,24.313163367066796,23.62933248707166,23.884768669402607,24.69168991743021,24.65981758057004,2,1.37870023602034,0.204428759761396,0.544755748559004,1.31045937547393,False
Q5T013,6,Putative hydroxypyruvate isomerase,HYI,23.63595615233455,21.289402251198727,23.34811243826367,23.048075513109588,22.450804763623267,21.991369102296364,23.315497406639384,22.676563337535622,22.031321939458984,22.117345237807744,20.12888642965019,23.597627768529293,22.540201602470713,21.91855717367086,22.81572418979522,21.399379129182364,21.991028626569722,23.57877210854367,22.164418035963397,21.48033405948824,0,0.824167529166635,0.312928262784954,0.613979024606205,-1.03436237044279,False
Q5T6V5,4,UPF0553 protein C9orf64,C9orf64,20.722860442096074,19.873814707639507,20.728681654203946,20.816482199906655,21.01776245236823,20.266924918412904,20.95570844275812,20.61974399442036,19.9295787203714,20.231645890702918,20.469586278567235,21.120098613334587,20.993591367513105,21.547224857625302,19.854569687342398,20.162449716705662,19.988641592725774,20.392984878433648,20.83241704989318,20.53206016007244,7,1.08177941837151,0.777927892051995,0.810123039051943,0.285734466717534,False
Q5T7N3,7,KN motif and ankyrin repeat domain-containing protein 4,KANK4,22.428006673310108,22.691355209719614,21.19229937361911,20.326011995632825,20.370364959587388,22.073527797328445,21.025144849169703,21.314687825698485,21.73952463387418,19.98928028824626,21.494511694157126,20.600085093328616,20.899181984808305,22.755092938571824,19.529563997490495,20.80605693626989,20.578680754711066,22.535009452342326,22.19663315175888,21.26151582309415,5,0.998478502218526,0.910847317640221,0.826708499711055,-0.113350571341363,False
Q5TDH0,7,Protein DDI1 homolog 2,DDI2,20.148835540568697,24.109496935089933,21.96244308209737,22.02852502892804,22.892396902473642,23.004618342348735,22.868783312641664,23.4686931228217,23.579991610680608,21.490937556565015,22.06752747697749,22.63815617123128,22.875752729965154,23.313895931795667,20.154164341719998,23.99177122801085,23.435689211455113,22.0812344315263,22.300926159984726,23.156293253170638,1,0.982327194898182,0.922812357779538,0.827857818900173,0.0980827342436136,False
Q5TFE4,5,5-nucleotidase domain-containing protein 1,NT5DC1,20.089131616615717,21.653448871229532,20.673919246470547,20.34467501651503,19.269447562684384,20.835724259152553,21.512188868126884,19.15185706099556,20.003043246807973,21.34453264604457,20.303332303173686,20.65984276571864,19.43748576479546,20.21902134318598,20.65035417313158,19.964739817036573,20.05352114387851,19.71503481097801,20.534385168077087,20.403786702024853,9,0.7208376809241,0.387849118618228,0.657189567517688,-0.882149013701303,False
Q5VT66,8,Mitochondrial amidoxime-reducing component 1,2020-03-01 00:00:00,23.45451479313131,24.381881814104077,24.09789908350486,24.135151199353786,23.199175937022094,22.591625897887454,22.472398211512072,21.37757864115783,23.4096922674733,21.941540044866272,22.91072349158016,22.425287441722958,21.375959064379742,23.342587430548942,23.063513426115016,22.940080518011502,22.728447670860476,23.25250441429911,20.642660848286205,23.0286003038026,0,0.647384910899875,0.146453297881593,0.499252044426215,-1.50897536879257,False
Q5VT79,12,Annexin A8-like protein 2,ANXA8L2,24.738989723238614,23.30090373202767,24.19158903981766,22.939266997445117,24.582247526231555,23.51930065798114,24.800154390220893,23.93535359427754,26.32413540612442,25.009520436759008,24.413495995088606,22.108926200597303,22.660017548490742,24.0172858229217,24.270162546234808,24.331817262561096,23.701061166326312,23.955331490163502,25.74096091502984,24.927973047070573,0,0.789256487960297,0.422917259985453,0.673310065329544,-0.817602769654399,False
Q5VW32,4,BRO1 domain-containing protein BROX,BROX,22.180259100458418,22.28055833314478,23.1974598668371,23.342547717305123,20.93466152796635,21.06251663189982,22.562664561949365,22.554353219244526,23.27525066208211,23.084990082503122,20.98796231979104,20.821565282550644,20.75334698491695,23.197307789147718,20.6559190596491,22.291199173435896,21.7341563878782,24.39094516601512,20.818111382577985,21.765766402605397,3,0.806761161022272,0.13975072083204,0.488948402836312,-1.5358685178208,False
Q5XKP0,2,Protein QIL1,QIL1,20.391446526536583,21.818756559599382,22.37840427681502,22.124788552799444,22.268695980998807,22.046615868226244,22.21279783703099,21.703928661074094,19.9436259536423,21.23827288922216,20.677132077526927,21.236418511098066,22.42456497343576,21.05219350802473,21.521189950294378,21.678004302734582,21.62156829728437,21.666104764339824,21.39048888738602,21.62432539809131,6,0.851229501652533,0.711745219566262,0.788733295532262,-0.374643478185535,False
Q63HR2,7,Tensin-2,TNS2,20.17384330671352,20.056886331994743,21.46330380625772,18.7938989529907,18.266541637794628,18.767638914748275,22.324775220227398,20.392100945317846,18.926322202489217,22.514750048050463,21.345524825022636,20.538769945553383,20.393043670695945,20.33312164449344,21.296700262264704,21.297197649657047,20.513742175277166,20.303381936600413,20.976530193342523,21.659492392911528,4,1.03612610555345,0.167737652453238,0.521118528909864,1.42977174298971,False
Q63ZY3,15,KN motif and ankyrin repeat domain-containing protein 2,KANK2,23.21685830278804,21.734522239859302,22.136083776496438,22.901313107054772,20.407615452550715,23.88666234669759,22.779477747837433,22.967126246168817,24.22653441292854,24.279006431297702,22.083616907602206,21.64498505084376,22.426959273768343,22.776924727998885,23.804636406135767,23.125783305946452,23.15043676628009,22.489919319732326,24.104250686416847,23.685775370445704,1,0.929730173765659,0.837581708507713,0.819283344390874,0.207591084075799,False
Q641Q2,5,WASH complex subunit FAM21A;WASH complex subunit FAM21C,FAM21A;FAM21C,19.675317311561795,19.754809142730274,20.541016042655226,21.45423952256698,19.182879171768512,18.90869687840989,19.09147789350883,20.409906145927717,19.34448051392977,18.833317431775946,19.711771484059796,21.318915772291618,19.14799292283353,18.95648564086486,19.31496292744489,17.960223485936854,20.377192693468043,20.34974050310359,20.285888314734805,20.572297047691777,7,1.06941919005535,0.840648014444601,0.819283344390874,0.203614180196159,False
Q66K66,1,Transmembrane protein 198,TMEM198,28.53175420003552,27.54000046868154,28.738864729524135,28.43889552170871,28.98528051042685,28.261405930409406,28.021806414902787,28.202386828878492,23.65535831899948,27.21689677133745,28.66816678238713,28.064354885894826,28.150739395008543,27.90095451568664,28.238599707838176,28.066225092264965,27.977072245245154,27.72354141842369,28.215770176004348,28.026493366896553,0,0.975238571988167,0.414637724016453,0.669770143980959,0.832523812666708,False
Q6DD88,12,Atlastin-3,ATL3,25.485185262470267,25.19934134000842,22.8197752828799,23.567853542882386,23.86033955124253,25.892910387723973,24.564835951453706,25.048916768429695,25.70834704827029,25.3876945859492,23.966656138026295,24.462850085722444,23.976533305342933,25.015303451373143,24.591430784022613,24.39212894337378,25.34511862626525,25.30612893563696,24.4411898964771,24.38963384403696,0,0.780066690689896,0.591329159492574,0.744753316101235,-0.545388168492192,False
Q6IAA8,5,Ragulator complex protein LAMTOR1,LAMTOR1,22.866365523905117,20.79866580029579,22.696714175277652,23.2480871178237,23.081796845738154,22.204255727568718,23.636737575721355,22.903702393835673,22.38017542745523,22.449896320119212,21.943144338432987,22.532865669351658,21.256875853605255,22.053587600060098,22.969738791566492,22.821552129117542,23.468075184956703,23.75012172557603,23.338722700558368,21.90422270156431,2,1.01129707675648,0.947435637040383,0.837319346889102,-0.0667336011518859,False
Q6IB77,7,Glycine N-acyltransferase,GLYAT,22.406913965813008,22.98364621618711,22.590973435064015,23.222456709751405,23.75804003164984,22.483722904076433,24.1802846027116,22.062160678568148,22.396085029802315,22.487325812116453,21.194212270797806,22.60657683388834,19.55197711789994,23.175821181916184,22.490657064363894,22.698778061451254,23.15377055179798,24.33157271136372,22.16423646211118,23.080695958437946,2,0.893239864533365,0.33243813702731,0.621344828365596,-0.992506363243888,False
Q6IBS0,7,Twinfilin-2,TWF2,23.727368627203358,22.615730980726216,22.815353435966696,23.899779564413656,21.84929696546549,21.835755995079573,21.037205999606083,23.58618012785222,20.50269297380175,24.245150246058905,23.122292112998508,22.34148992342154,23.089758135579967,23.139163994982912,22.01476050794581,23.64049939533697,22.22538826176965,22.84864487041364,20.85843091489023,23.97082998944123,2,0.928023148320089,0.813785911278191,0.81473256288073,0.238575904514463,False
Q6ICL3,2,Transport and Golgi organization protein 2 homolog,TANGO2,19.93613469478189,20.388843325487475,20.17521133505161,21.008328598766866,20.659280165277604,20.475411784940498,19.993683934168235,20.71600619325219,20.192153914524898,20.607955779813338,21.161947687752278,21.788910797409443,20.1921859149196,21.369356322211303,19.9923311724784,22.110721797366622,19.763802982004915,20.59154328700986,21.1368704590777,21.713874624346737,8,1.6495814336204,0.085765770164552,0.419883675208394,1.80445280952129,False
Q6NUK1,7,Calcium-binding mitochondrial carrier protein SCaMC-1,SLC25A24,21.597458160572128,20.88467909241336,21.425786013358284,21.967737682013105,21.957991178750618,21.56053318414568,22.180133527258207,22.18343229587147,22.574223223097718,22.944260625869696,21.759707660331614,21.110305944913712,20.543891040981908,21.84012337725756,21.884106456632576,22.456843840318758,22.563679167543633,21.584772068119292,22.076124956203138,21.909604671531238,1,0.893215111879846,0.566708144701452,0.732675882289056,-0.582239811424661,False
Q6NUM9,14,"All-trans-retinol 13,14-reductase",RETSAT,24.619623200749036,25.41944087936421,24.940529220372085,24.962700795989534,24.72082568320875,25.66584217717732,25.823818479058648,24.852596136393668,25.334392494339745,24.15341109858769,25.28601497065715,23.16211445512532,24.778517268768375,24.927307993023746,24.931151427683332,24.16125324500373,25.167235388952566,24.85447254102816,24.622571077357264,24.98020580583079,0,0.786384909752198,0.177404765611194,0.527958552151401,-1.39646349436137,False
Q6NVY1,8,"3-hydroxyisobutyryl-CoA hydrolase, mitochondrial",HIBCH,21.768529708909522,21.982593808058805,24.162951645660844,23.180375019952805,22.89180735747855,22.3961234313285,23.457204735773548,23.08695506806344,22.630241926048136,21.711491382725995,22.15453488801384,20.07579866159739,22.40211444455375,22.582138501591157,21.51424388468151,22.967453901353338,22.846440880712315,23.375977396549473,22.58435587331889,23.192206949993533,3,0.792021524683814,0.326170221217526,0.619186017833498,-1.00576149437931,False
Q6NZI2,18,Polymerase I and transcript release factor,PTRF,30.69538442038114,30.457826172617253,30.67455139606284,30.565880935992244,30.483529894026972,30.380200666560434,30.14788055991091,30.00823399584507,30.24446698572957,29.798504237601573,30.286278257078976,30.7611054679622,30.807574139983867,30.20419263906145,30.413309141939536,30.155288776988726,30.47128667868775,30.3908440806863,30.01541660384352,29.9708481904649,0,1.00103455965244,0.986012014167801,0.843797505224354,0.0177457520476868,False
Q6PCB7,4,Long-chain fatty acid transport protein 1,SLC27A1,21.812220960924954,20.442674545534253,22.094404564702543,21.314976468702437,21.922806592951396,21.45678417386104,21.338479853878063,21.736769935477277,21.27072237900919,20.47281365784671,19.493452986063787,21.99156047617634,20.004492971216628,21.758733870170342,21.617219725303176,21.786270102011407,19.821674668751243,20.322969741969807,21.519423389766906,21.333408858810195,6,0.830308816918897,0.268347681297639,0.587927183588789,-1.1375189759397,False
Q6UW68,2,Transmembrane protein 205,TMEM205,21.338678783712258,20.959173447698653,19.11328042781154,20.75131465800479,21.022579814107218,19.372882120040583,20.55173499090737,21.17905606893381,20.985160133059907,21.126442410060758,20.877266779167737,21.611487348199358,21.000843530558306,20.4170636805284,21.58920803992058,22.0164822372807,21.99237131938674,21.301769191688418,20.646825546383756,21.892070111317953,11,1.56376495702721,0.0472153667967425,0.329870541840136,2.11025420689126,False
Q6UWY5,5,Olfactomedin-like protein 1,OLFML1,20.3577374644228,20.94621221044465,21.06375199955801,20.256937860194935,19.456926475439012,20.270989597073306,18.073088928196825,22.447060463125464,20.1569470106818,20.802789066907756,22.126918979492856,21.833206495313718,19.597663379618325,22.201612704215567,22.258903722492732,19.23190540599677,22.029659474548957,21.12283924132477,17.640871329677225,20.114641784140634,10,1.54461566357443,0.441728483769706,0.683685726064029,0.78436909378482,False
Q6UX71,5,Plexin domain-containing protein 2,PLXDC2,23.78443944741543,13.003479824643366,20.134929080239125,21.17340260523565,21.636190672920858,22.231946407424935,19.932338205701495,21.49862383203484,20.84585659718695,22.545942609105264,22.20578083983591,21.23870706318401,21.671796952533803,19.413463474513357,20.95758428635289,20.2902855575536,20.815376661110534,19.681806036267442,19.302463787130144,20.751191803165174,1,0.518418499196944,0.959262847830878,0.839761241480311,-0.05170217380618,False
Q6UXG3,1,CMRF35-like molecule 9,CD300LG,21.468196460364144,22.24857491725221,20.419675506020706,22.252307126910722,21.96998611745085,22.334682187305624,21.619181226477213,22.38268488891532,21.44863359913742,21.384890939462775,21.563494231289273,21.8258757610115,21.41207628193069,21.980153608723917,21.59802064798082,21.42821409089297,21.897117018086306,21.779254926215742,21.584111152942707,21.4700597625798,8,0.876847597189842,0.710211324142229,0.788613870184338,-0.376738241190064,False
Q6XQN6,12,Nicotinate phosphoribosyltransferase,NAPRT,25.183134363974716,24.857792194609427,24.17097029567372,24.27099183362074,23.57049265201175,24.039861740548144,24.790826366660056,25.27080945621901,24.66349444034057,24.49023552708572,23.466831798701076,24.050650685177008,22.854806508654125,24.824677859447256,22.79644322715483,25.065744036147834,25.227340952299233,25.315796455129547,24.89372474590966,25.00094576597772,0,0.990204076519226,0.493359636673661,0.709261894965122,-0.697351415270426,False
Q6YHK3,3,CD109 antigen,CD109,20.926398152814865,21.2688763681351,20.916997022168278,21.81913545117922,22.662159832300425,21.937025466456173,22.977758530565715,23.08556398219644,22.33681823090625,20.84216816038157,23.090865338950803,20.40463130226139,22.105441265291816,22.992919378137184,22.089892634263038,20.46253241762259,23.13421396789397,21.661375523756845,21.166905888635334,21.766145284253618,6,1.05187817265854,0.980407456384261,0.843797505224354,0.0248572475488325,False
Q6YN16,12,Hydroxysteroid dehydrogenase-like protein 2,HSDL2,23.876357470315266,23.910976886190966,24.17573638867998,24.409062466869713,21.917097107599503,24.31132225499867,23.647978343956826,22.88436010977623,22.967170408635525,22.299290125371215,22.953240216168492,22.26407060516669,21.906453170560493,22.735107260279534,23.48413094723874,22.714132295288643,22.89235026193579,23.27443584815357,22.289460345942985,22.77446917845545,0,0.554812395612703,0.0402417324790618,0.313418394878318,-2.18891998093907,False
Q6ZVM7,2,TOM1-like protein 2,TOM1L2,20.585215500847557,21.159007479040756,20.128964765540026,19.602997763274644,20.58557515526248,21.693936187477306,22.266366440545074,22.29305551828923,22.347593076779948,22.375514745770328,20.87979597552911,21.408842324051147,21.255038396006924,21.49586728570521,20.69808903336242,21.250857554145128,20.713935115161682,19.40225755135372,21.722308756551662,21.923345649766254,3,0.761987873628994,0.463459764163856,0.69086707470759,-0.747041562734996,False
Q709C8,3,Vacuolar protein sorting-associated protein 13C,VPS13C,18.47484107031545,20.537530723233576,19.69141656715021,17.97051804222222,19.308517575233907,19.25519851646049,19.518344806398094,21.000604907191416,20.619323645213456,21.321653063011983,18.555020635357316,19.07450160946219,19.05832992613707,18.546440121006878,18.588836137622167,19.177066755810486,19.282138338769755,18.980529105565637,18.219835391675208,18.63297199936645,11,0.415989139251518,0.00750361450014018,0.175323277667773,-2.96351151885509,False
Q71U36,24,Tubulin alpha-1A chain;Tubulin alpha-3C/D chain;Tubulin alpha-3E chain,TUBA1A;TUBA3C;TUBA3E,23.933811140469707,24.81824120794744,24.74354701419002,24.249025964955027,24.27168601772261,24.51573104884817,25.194440452803093,24.581944002936453,25.244531734631508,25.015518231828654,20.357537732795688,24.17690191145974,23.99396846809373,24.291298399336117,24.503586325165266,24.82077983794426,24.73205775991186,24.667219600793207,24.45047319973049,24.472020967050927,1,0.769571550954588,0.123607356675023,0.472275082413764,-1.60532079347089,False
Q7L1Q6,5,Basic leucine zipper and W2 domain-containing protein 1,BZW1,21.488742350874,20.184117561037862,22.155177798192604,21.417855585327718,21.311548879822258,21.74568022115621,21.822895458596204,21.73680538296535,22.243062362123972,21.050940794097247,21.10194848215605,21.74752728758734,21.916138056510757,21.37808236779702,21.253741719493984,22.186903931328676,22.429146780567226,21.621474437838,22.10414251403613,22.0743781128618,2,1.1703054610559,0.320557355100525,0.618038991134543,1.01778307137531,False
Q7L2H7,4,Eukaryotic translation initiation factor 3 subunit M,EIF3M,22.253806809392373,21.269342942648688,21.667132622692787,22.10338799900778,22.26161963588509,21.494228301501188,22.728889070470007,22.827475741905413,22.413838413567085,22.52355343783227,19.823787335560677,23.082654884785526,21.548129992171667,19.65390187039503,23.07684582528713,22.698207838174525,21.058272716855083,21.4165379830457,21.928557586419263,22.589889893249016,5,0.904457708900682,0.282955200246634,0.599491919752463,-1.10243451094735,False
Q7L5N1,3,COP9 signalosome complex subunit 6,COPS6,21.462425324517426,15.7691604857503,20.889149050748827,22.911316950086373,23.532543689379246,20.655582468966596,21.165505251178924,23.929937775568987,22.264881250576984,20.44550659896321,22.201448195521028,19.65605867940648,22.816074631382097,23.52248865522941,17.71969661166821,21.94923588749623,21.836102641984496,21.256501243513462,21.34818468237038,22.780462934649904,9,0.885292517010297,0.810530712282068,0.813589620325639,0.242832526938273,False
Q7Z3B1,3,Neuronal growth regulator 1,NEGR1,22.240013405459873,21.92961939920525,21.2739518428278,23.223284993502485,21.063749754932072,20.64032557195651,21.63796643939894,22.75776116717915,21.558818626197272,22.067628188744262,20.816381531453004,22.31827397101452,21.023825482503312,21.61272362807064,23.216375110199277,21.739183394613335,21.44383709511739,21.24371174618414,22.148587442644125,22.197512741850304,1,0.94209151092118,0.86208451496671,0.823336638057841,-0.175901807982957,False
Q7Z434,9,Mitochondrial antiviral-signaling protein,MAVS,22.685541071333827,23.635373918986478,22.069165200304763,23.1936345176257,19.73703682258765,22.935738090807536,23.33621011528968,23.263784699580103,23.305124614484555,22.423611932627445,21.372900948147127,21.89679987114803,22.64891750317988,22.85414038165764,23.1263402177631,22.29508089500639,22.54843551886805,22.81467317337473,22.65766416730343,22.781393062730587,1,0.786938438544574,0.68288575312756,0.774339015625465,-0.41435589202913,False
Q7Z4H8,7,KDEL motif-containing protein 2,KDELC2,19.050549800564916,19.895595516492197,21.54837830380075,19.571420752429855,21.920218084966063,22.840655661016775,21.59422644635685,21.597858442345746,20.683343788641505,22.019942298804942,22.098734534668683,22.58290877041001,22.22007471110053,20.889925701889656,19.370048920963942,21.913447747407382,21.05054344407861,20.685986645067523,22.28302430828691,21.474468324220812,8,1.17119021987671,0.402300529679169,0.666318713990859,0.855113176151432,False
Q7Z4I7,3,LIM and senescent cell antigen-like-containing domain protein 2,LIMS2,19.548942370748467,17.651225795595405,19.9124674071913,20.70129720970722,17.903217201144937,19.773529726349143,17.906100739141817,20.069947763443377,18.13542397586895,19.621855606997528,19.068203287097997,19.248962635014482,19.32230938155353,19.29779639814633,19.267290930063627,19.444157757372782,19.28430983484182,18.915370947506492,19.63132571346965,18.542719478351184,10,0.847778075030963,0.830469532614057,0.818226127002315,0.21682871282982,False
Q7Z4V5,2,Hepatoma-derived growth factor-related protein 2,HDGFRP2,21.53006675419984,21.152850732779793,20.229847180239798,20.425516225730785,21.36344554564759,20.49600344584452,20.461582798454486,22.290184002227445,21.76683435806975,20.028671236605547,19.755976793753554,20.8702341271873,21.559390306744064,20.832908488214134,20.796071003729196,20.921154470012056,20.740711158115204,20.952689121679413,22.300855370816766,21.500937839327385,2,1.00417906724056,0.887005865402117,0.825812662811676,0.143859657825001,False
Q7Z4W1,11,L-xylulose reductase,DCXR,24.057828000628813,21.2966071368346,22.10463791040229,25.37032721524513,22.968524762690116,22.762721082905628,23.616411084567318,22.54282282497578,21.60382568480305,21.4605541835681,20.76580308158254,22.604620139458177,23.249429170337564,21.946112971382345,22.545956528541875,21.08463555535673,23.329265514243264,23.07004843373508,22.819012123860038,23.264693001037383,1,0.621875449695138,0.521168872079657,0.721310207615658,-0.652670034449525,False
Q7Z5L9,2,Interferon regulatory factor 2-binding protein 2,IRF2BP2,21.404592737500312,22.59766983988854,22.02276366213689,22.74950242116126,22.348414845396764,22.74932384381294,21.840769923723048,22.063348384531643,20.243599069959426,22.191472694200236,21.0226648908526,20.243999216219283,21.933801247695005,18.467038263152492,21.751955150809284,21.365176398778775,22.294474326110308,20.985146870318502,19.78879813652899,20.71476330830761,11,0.506854343020674,0.0140669072624996,0.204853677638634,-2.68247646335821,False
Q7Z6Z7,18,E3 ubiquitin-protein ligase HUWE1,HUWE1,19.95249640731342,21.142802372962837,21.16963296322197,22.77228452294075,22.527402525517555,20.23078827481586,23.179655017259375,22.69183845846557,23.113430835602355,22.486933041641777,21.94624977176187,23.08912800677068,22.898078581734136,22.968537471467506,22.589829376101083,22.731377091122077,22.472264728482124,23.296515284965917,21.323587983151764,23.45783684995826,4,1.41228901270504,0.0875289591374816,0.419883675208394,1.79363562356155,False
Q7Z7A1,3,Centriolin,CNTRL,21.04074498453938,20.921917244876372,23.645323441623592,21.879794762347274,22.725544582881227,21.600619946434687,22.48242666462627,20.870436763820326,21.673430573152075,22.331909276864383,23.054430580988736,19.818107602946373,21.270547027137535,21.857243291237868,22.576453629481477,22.73767690292948,21.04976823437423,21.505230144708197,22.626859976441235,21.76919504057571,8,0.932231745934049,0.834099253017985,0.819265653095417,-0.212111894540387,False
Q7Z7G0,6,Target of Nesh-SH3,ABI3BP,21.301838961169818,21.825850112457417,21.62221456904599,20.27166976528381,21.60746080146585,20.413594567554913,21.089087452656866,21.265775963467494,22.29275418836727,21.910733310681728,20.527493489333903,20.164220495826115,21.38355924035144,20.521701332819593,21.37134105206318,21.229158511682446,21.866085000101744,21.397211157805742,20.845417904214,19.434949480084654,7,0.728101509854324,0.164998770403404,0.521118528909864,-1.43948908888652,False
Q86SX6,3,"Glutaredoxin-related protein 5, mitochondrial",GLRX5,20.86695788484175,19.98954821026732,22.054904167906383,22.246426993295017,20.31592476109131,22.442116706410555,22.343356146259282,24.25068717262996,22.77959141128426,21.164792151424834,21.154870482109764,19.915299715871082,22.25697124026893,21.15249652132824,22.580083986143144,23.96346083198748,21.450169449612186,22.69287926442338,22.773285955700583,21.81780403396725,3,0.994125496164982,0.773887906020082,0.80799837307198,0.291087436360362,False
Q86TX2,18,Acyl-coenzyme A thioesterase 1,ACOT1,26.704463332041538,26.878545214610984,25.765133081821027,27.05512895501877,25.42035614842206,27.351434321611112,26.852858042516303,26.963590343003048,27.094250826019582,25.424244569882706,26.00903797416537,27.091556213928005,25.316787645317817,26.38536261917276,25.111340141038525,24.80420503380335,26.485516228818756,26.163310215178353,25.765321510498747,26.79415479971952,0,0.688981437163939,0.0917519339814135,0.423185026411948,-1.76847489304109,False
Q86UE4,7,Protein LYRIC,MTDH,21.70325504333193,19.4971977107083,21.199895111917247,22.398157393111497,21.90421346180405,19.221583501945673,22.79687385889801,23.263784699580103,22.057642579023526,23.315177793242917,21.106912684428238,20.491109800641418,21.74021019924707,21.408788961476905,22.600362686555023,21.368587826172565,22.172216521290874,20.290620540073576,21.610028605459412,22.3884395636027,1,0.692511280911238,0.663588824263718,0.766605691647668,-0.441289857836061,False
Q86UP2,21,Kinectin,KTN1,23.537212730461036,23.957899129656553,23.38804700450279,23.317052106633724,23.796698511789472,24.291329497196525,23.34735328042404,22.554192307436544,24.613078345106615,24.37029802949972,23.44917365531409,22.42643022538707,23.316264139400648,23.4819277326942,24.48594277591813,24.34650732047442,22.833748972817737,22.649734869661497,24.28831825791351,24.000175514610266,0,0.90765363834548,0.552595434781387,0.730786710248407,-0.603733482561522,False
Q86UU1,21,Pleckstrin homology-like domain family B member 1,PHLDB1,22.377251481879814,24.439506357251197,23.47237781759989,23.89858346509887,23.488545154822795,23.969378101277254,24.390867130495895,21.27478824493967,24.130414841668014,22.144307586121556,22.76222046195635,23.51424122182798,23.710983139691788,22.97323265683164,22.601280702656375,24.163981609841514,23.56818355281692,24.388265754838187,22.15157384759382,23.63639828865355,0,0.901747777941416,0.977022679695861,0.843797505224354,-0.029152727765582,False
Q86UX7,4,Fermitin family homolog 3,FERMT3,20.895492538295017,22.07067413284649,21.629173930362857,22.03644954791808,20.225276912307756,21.664475545851055,21.731176674185438,21.572453372518055,19.699469606059992,20.63343594920737,22.51930887231309,22.03661380997984,21.751865352515775,22.167627808935094,21.038048005244484,22.270167543697468,23.057279150722476,19.450592747712058,23.00665976558331,21.519946460907725,5,1.69450869888445,0.137713322093585,0.487113906409608,1.54425414717221,False
Q86V81,3,THO complex subunit 4,ALYREF,19.763218352034986,22.474647331959464,21.349378589684104,21.020813288685872,22.430372566517416,21.588958704857248,22.27949460502432,23.230941038279894,21.628991360686342,19.902019643078138,21.856312829553325,22.171405575982618,20.417214935546877,22.218343480540945,21.99254110700274,21.460222738610682,22.078469540752863,22.603047399286684,22.793535172880468,22.456706054764812,4,1.15704993867386,0.303158574465388,0.611822514573478,1.05601658954573,False
Q86VB7,15,Scavenger receptor cysteine-rich type 1 protein M130;Soluble CD163,CD163,24.159802854466736,23.672270759649535,23.38238868378205,24.343986823066352,24.651397473715615,23.273209285390873,24.78876360531223,23.651849349247442,23.874459773382345,25.706836601519992,24.257949098171547,24.411048199893802,23.35616416518505,24.632117610989265,24.019404024232706,24.561646784640907,24.481735384008516,24.39945272921147,25.413521812703646,24.415755085498333,0,1.09555206448728,0.397167669341456,0.662183299609314,0.864642515536672,False
Q86VP6,34,Cullin-associated NEDD8-dissociated protein 1,CAND1,24.496051263420597,24.51939514446751,24.65876511566097,25.1554889393026,24.28552254507079,25.330406888091478,26.602386070930578,26.491561593774957,26.19187584362139,26.504433976560506,25.08125081890851,23.582717616224063,23.13511232568683,26.09534986628335,24.58282506396861,26.622379484574445,26.84538890770454,26.627110380201064,26.10658118260591,26.034491769302743,0,1.14810287612956,0.871384141605686,0.825812662811676,0.163924710022682,False
Q86X76,8,Nitrilase homolog 1,NIT1,23.789615796308578,23.310116447973588,23.35881851484502,23.830386228995984,22.69073633507959,22.984491061680764,24.235123990175367,24.17415616031485,22.140117071075398,23.7610195540292,22.74477793048336,23.53224857949722,21.143155625242162,22.299119645923692,23.691823113605512,23.599747842742715,23.792745686610967,23.91471321114617,24.082659068055897,23.699899474061954,1,0.930821862505141,0.588132403354306,0.743447109981051,-0.550128855233929,False
Q86Y82,5,Syntaxin-12,STX12,20.237443230705097,23.861084826389593,22.16417527512503,22.042382553263273,22.39852155773872,24.12359311412085,21.111495702750435,23.725417499143216,23.065114831696167,23.57213055360262,20.688302682190837,24.0508752466283,23.52741278685723,22.68271823573764,23.509379129237693,23.721070736069706,22.59565407507111,23.97577753258906,23.191220323065227,24.024397378727624,0,1.30521244611212,0.247928799098429,0.583149616570681,1.18900881795752,False
Q8IUX7,6,Adipocyte enhancer-binding protein 1,AEBP1,20.974887999134893,22.414322928886026,22.359711583240827,21.968038498279125,21.263610683280266,22.310752234200052,22.03419943797758,21.530340871951736,20.816445284364526,22.344885251968986,25.688860393696306,21.916306742197783,25.043723266427676,22.31676978515557,25.958115457140494,21.90905303341544,20.968298688731444,24.90177441703134,24.029324684393554,22.355734229579202,9,5.66349788296276,0.00548269867665792,0.174374622303767,3.10117078390889,False
Q8IUZ5,6,5-phosphohydroxy-L-lysine phospho-lyase,PHYKPL,21.926354434120913,20.993902452402516,21.42282220139934,21.87874373618453,21.063207592189542,20.413183484765156,22.14364251620345,22.889790025789154,22.759739749803874,21.4583854946002,22.95911825803127,20.86010869898947,20.114954176298962,23.455805865815424,22.084416083073783,22.3988864020958,23.051482082752823,22.057819878509118,22.410419429465453,21.164179643389154,1,1.38593495323047,0.398727001465608,0.662759156764724,0.861739186721768,False
Q8IVM0,2,Coiled-coil domain-containing protein 50,CCDC50,20.30275589672347,20.826012234534705,20.57457188684497,21.751049594763533,20.477255118943347,19.848714039930254,20.15775155009487,21.12238905489458,20.86278795716116,20.223102947937367,19.585555555392265,15.041351848900867,14.41274363163892,20.11234244726176,20.305057497928384,19.594249236597655,20.47783931696267,19.8918798374056,21.202758394734158,19.664773032301134,4,0.565310718533935,0.019972100210782,0.236659049950114,-2.52177301864676,False
Q8IVN3,1,Musculoskeletal embryonic nuclear protein 1,MUSTN1,19.52139700892525,17.89665329090475,20.542340031930955,21.03793422345015,20.505785168836827,20.223132137903093,20.12208482625321,18.728643696813126,17.35928791306047,18.25490066629441,20.26614370418101,20.344617440726342,19.837675615609434,19.02865580073491,20.74310713649818,17.44066906732748,20.39596094497245,19.88730787990983,19.983309649262658,17.845263948948016,10,1.01829317788786,0.74571506949716,0.798823546685696,0.328669460139102,False
Q8IW45,4,ATP-dependent (S)-NAD(P)H-hydrate dehydratase,CARKD,20.08421799229373,21.535563137172474,20.792453795928033,21.42074851950285,20.189054760633244,19.971152562538677,22.162780902354783,21.163159164727045,21.183839230746006,21.840683142194976,21.861258314683027,22.157530333418006,19.263176539320412,21.133206638482914,20.21713243381713,22.258286674977086,21.922908226847763,22.100378543521884,21.537600648666164,21.986770253229615,5,1.3782459512815,0.2806351106655,0.59687397298761,1.10791698859415,False
Q8IWA5,5,Choline transporter-like protein 2,SLC44A2,21.054251506531077,19.032422364521864,20.923128313732093,23.85495259652456,22.085198977139484,21.026866508587588,20.163774485247117,20.39883727681372,21.1943260778498,20.017383545305155,20.04556385019048,22.589051279836287,22.521914267072496,22.140381147056917,21.067006434780343,22.011944775215262,21.734952466789142,21.590028360938195,20.062716810232946,21.515646288588187,6,1.08389962811805,0.265961020479358,0.587927183588789,1.14338385950547,False
Q8IWE2,8,Protein NOXP20,FAM114A1,21.4675675319121,23.496512394093738,19.946791302188903,22.057752293589342,20.877741250442863,22.421152462110346,22.110068992036084,22.73375371117998,22.9635623961254,22.663102413591005,21.050538309171117,23.333498506013566,21.375557106158176,22.652793765440432,22.27838539574462,21.20631735588364,20.08785305098074,21.69634936841963,22.778735058906097,22.084426055373612,3,0.847022993525277,0.608965028322694,0.752218059563864,-0.519457238143819,False
Q8IXB3,4,Tumor suppressor candidate 5,TUSC5,19.448380833777534,23.533684571316265,23.37378678736398,20.552015666003285,22.95425089641298,22.905173621706748,22.249690457484643,25.752362216595422,21.637592709013465,21.20610242599708,25.41659802827731,25.386035477533795,19.027872555065006,25.447827985570754,24.5872353584252,24.448211546869125,21.438653263944843,22.339038221597132,25.353330586116847,21.44695785264225,3,2.18467538829357,0.195352728500785,0.539227987617833,1.33828573548582,False
Q8IXS6,5,Paralemmin-2,PALM2,21.632503350429037,22.11482893707366,22.46244591800097,21.763805602187983,22.659390752844658,20.755172205399642,17.05843803945788,20.280100608743535,22.310866843380417,21.97882900172646,23.002259503055697,23.074151313168752,21.73037906020415,20.841092427179483,20.545649981602995,22.62959169697907,22.43372801638396,20.434695230166643,20.48768388489393,20.66350513420892,9,1.12546045296053,0.617594368635387,0.755192054657026,0.506900658603491,False
Q8IYT4,1,Katanin p60 ATPase-containing subunit A-like 2,KATNAL2,24.5820969082154,24.70665495212388,24.700291024850166,23.891085293058232,24.562962100295277,24.237394240686108,23.53043622905156,23.300701055347403,23.685208559631167,23.863606538858765,24.447648318153682,21.123433535045688,23.923372823161102,24.06337161652857,23.90841686403875,24.08868623308667,23.639078447758322,24.10017389141276,24.158322837078362,23.76999093502371,0,0.817818357695402,0.237028586505065,0.577879893173472,-1.21780893498745,False
Q8N0U8,4,Vitamin K epoxide reductase complex subunit 1-like protein 1,VKORC1L1,23.274166873485132,22.777501508748763,23.380821007685107,22.47648208389235,22.273210445689493,22.471698874171228,22.139355855617502,22.009026709645532,21.92202460519277,21.38056290387504,22.28101641735841,23.184310835990917,23.109799836206395,22.324664485760042,22.64027658231706,21.556539831763097,22.042952339613688,22.18558780953989,20.909773310185532,22.669873387797196,2,0.930056301957852,0.654611251695585,0.761003945946475,-0.453933443110672,False
Q8N163,10,Cell cycle and apoptosis regulator protein 2,CCAR2,21.371785286385368,19.405989550019402,22.67294526003032,20.85212256400494,22.26039442834055,20.795369612702007,21.402892818684737,21.820328300270337,21.996689532951194,23.089955592222104,20.199111196710685,18.527117924085385,23.247842050921218,22.237561139744074,16.92455666389388,22.97421685753905,22.251399502170266,14.294457344887931,21.19419608054896,22.994743566814993,8,1.05729182151516,0.269555021722056,0.587927183588789,-1.13456675624352,False
Q8N1G4,9,Leucine-rich repeat-containing protein 47,LRRC47,22.543582633676913,18.646626792201758,21.637588347078772,20.38235690410633,21.043690205376475,23.09446813459915,22.640402728638033,23.4581968542504,22.53701186757656,23.122348333545414,20.582935631185517,18.528098980502886,22.222302759346846,22.406152380569278,22.926177647257504,23.18768002791544,23.74233598120594,22.366501941460573,23.014580537687877,23.15229274532127,1,1.20900698297627,0.556241780158161,0.731996907067397,0.598152905273881,False
Q8N335,10,Glycerol-3-phosphate dehydrogenase 1-like protein,GPD1L,24.387259834388573,22.19233399064174,23.49364293839907,23.848359762301115,23.01008227540232,23.670794347690173,23.29587802125447,23.3831831978803,23.40359252850447,22.65680166447188,22.438993829298084,23.404211409588676,20.70440466627901,22.8318157499248,23.318671456987598,23.565735174329134,22.915627891100204,24.07449991169628,22.9657503176577,24.260791894180464,1,0.897832562846798,0.413547053766302,0.668891502267805,-0.834503395264018,False
Q8N3F0,3,Maturin,MTURN,22.923860276076223,22.299305430798086,22.96654693192776,23.599974009680835,22.36938146743754,23.87601236069357,22.96058370698648,23.097759747771633,22.84986778519995,21.059770855269377,21.795501741502438,22.270101333591963,22.735049240192268,23.50146876333917,19.571229057936065,22.03092758862122,22.561024175594536,23.14880602823327,23.181641063572872,22.514282913794215,1,0.77833073691123,0.275487146746515,0.592304662705395,-1.12020106409843,False
Q8N5K1,2,CDGSH iron-sulfur domain-containing protein 2,CISD2,20.709416607855264,19.873551754230444,20.60389433974364,21.278842899219633,20.432931724842923,21.080146172165243,21.033977247202284,20.859213547291308,21.691194631596204,21.05142907319199,20.40830168842012,20.753032856102045,20.834553751150757,20.792306474581814,21.01283977075478,20.910132221876847,20.5956991452937,20.94182736768299,20.51949559959736,20.634914072161678,7,0.8806771447999,0.592077484702497,0.744753316101235,-0.544280257603487,False
Q8N8N7,5,Prostaglandin reductase 2,PTGR2,15.346964991500496,20.810127063702218,21.2993309587977,21.3118049857617,20.81675713290249,21.441411322387967,23.260829169294272,22.23599074614964,21.921841703883647,21.166387351865048,21.783110818882935,22.394545197436898,20.736521213001886,20.41017470266585,21.079389347843772,21.88462577853549,21.618716286835916,23.3891036055156,21.817649667393507,20.25777797264879,2,1.13394110140512,0.365478342387811,0.644379893917954,0.925336734707464,False
Q8N9N7,2,Leucine-rich repeat-containing protein 57,LRRC57,18.49040701064309,20.03503683874122,20.95031137646071,20.880245407799173,21.136110582472835,20.797996038042147,21.941933758873212,20.689166427408708,21.275680113717296,21.366575470789027,21.880946003178806,21.46966784116974,21.66631095632248,20.09541139501951,20.394676022569758,21.715573303994233,20.89056963952498,20.33498567224814,18.251339722660305,20.819279831002536,7,1.04768963195587,0.991668649593021,0.843797505224354,-0.0105691291767118,False
Q8NBF2,8,NHL repeat-containing protein 2,NHLRC2,21.020245110425734,21.212733290097567,22.044362697689735,20.796281575992555,22.02738370851882,22.55957387337219,21.8998331438004,22.212808027099186,22.758852598869183,22.285033999939465,21.212290811703294,22.051862901972438,22.901797330547506,22.526437090075333,20.87843770654588,23.405631977598937,20.700244404907615,22.04981678369094,21.204727117606353,21.5780246936689,1,1.07466546076978,0.930018086191626,0.830111878942504,-0.0888997405579567,False
Q8NBQ5,1,Estradiol 17-beta-dehydrogenase 11,HSD17B11,21.153579110993153,20.75628842436332,20.207697619350323,20.763630422169445,20.151060787723893,21.265394249318778,20.318291597079412,21.137450723861406,21.301825259377885,21.50584414688523,20.42289760721861,20.63549340549701,21.844290277955796,20.615369231120894,21.358134629606944,21.846049662019368,21.384629420202803,20.482631752847034,21.593997771476662,20.599344834017053,3,1.19360795553074,0.430870838116773,0.678937927195674,0.80344121334646,False
Q8NBS9,12,Thioredoxin domain-containing protein 5,TXNDC5,24.45958392112696,24.608014121947896,25.008158851958147,25.065491667176868,25.09561400689697,26.059641222796387,25.132351401555646,25.139416280732522,25.41973857263102,25.651817099030236,24.61440668554836,24.89874740113675,24.805376395012015,25.726968892975844,24.93895331262344,24.866222523545595,25.2561569776499,25.89290411507794,25.130544654867744,25.27649836565477,0,0.973875730248182,0.900242803929943,0.826708499711055,-0.12690538948877,False
Q8NC51,10,Plasminogen activator inhibitor 1 RNA-binding protein,SERBP1,21.33433589000181,23.136217859409328,22.410582250429194,23.582576321767498,22.984719219656522,22.72255842665241,21.573709429016336,23.55143390371847,22.63139820073625,21.19604542399006,22.80280126216051,22.392562013799708,23.508869946740315,21.435048694832975,23.330325611159694,22.30752508955964,23.67258315881465,23.00916511062932,22.899712288066414,22.544573971259155,0,1.13736043371507,0.448031075902118,0.685569866640652,0.773430424525246,False
Q8NC56,2,LEM domain-containing protein 2,LEMD2,24.189215375128224,22.87688879216597,22.966079296987207,23.71011506525103,24.77376875648067,24.77351720227936,21.582309552092518,19.8614261703688,20.78414305984251,20.269284889594037,25.01993526243168,23.00893288742042,24.242667832991497,21.622594106571977,23.96656861682455,19.07364280889043,20.11353286009376,24.58849277554824,22.785462813447374,19.386310072514114,5,1.03080025809962,0.780845085112883,0.81078497116161,-0.281874512693766,False
Q8NCW5,5,NAD(P)H-hydrate epimerase,APOA1BP,24.985554126214375,23.02581567043105,24.719594602878306,25.153568296183842,23.009449205895915,24.701629154116215,24.707541882243515,24.72425587289783,24.800616699994936,25.012650360367925,24.28152144351804,24.115103208560225,24.657264312844283,24.37822398402013,24.382750658044333,24.905602519903958,24.52217163703025,24.908298544445778,24.701420472411066,23.831263165991768,0,0.912876777150347,0.952934565321307,0.838202221894998,-0.0597431587765346,False
Q8NDC0,1,MAPK-interacting and spindle-stabilizing protein-like,MAPK1IP1L,22.084560381680454,22.268573440051597,22.366947337557246,23.214371946631918,22.0874720841063,22.18238964308147,21.444912729791042,22.054956972937113,21.841866449104984,21.268980330791784,22.10512753875907,22.47926601855893,22.40603722549798,22.17630991157877,22.214212196872985,21.812937942067194,22.38760575486715,21.361865969537014,22.49644705861025,22.624451030685663,5,1.05100515313005,0.609800402926419,0.752555933614109,0.518238001833297,False
Q8NE71,7,ATP-binding cassette sub-family F member 1,ABCF1,20.086363892995006,20.048364874996768,22.455874922375024,19.09476632278083,19.692471329966846,21.842997533641984,23.42823861898957,23.306205704683258,21.282201587186133,20.981587379433662,24.631297518243148,23.391762829141626,19.420831464066097,21.58413934419293,24.91203636035904,24.94129918206332,21.882487667420442,24.337198617263486,21.44044036105472,23.292548391974837,7,3.62451725111921,0.0147761497348104,0.210432875997758,2.66011703718717,False
Q8NFU3,4,Thiosulfate sulfurtransferase/rhodanese-like domain-containing protein 1,TSTD1,20.708610373864413,24.25092748168432,20.6348219127874,21.460629609018007,20.919899665760024,21.784074170713655,23.23233382862119,25.70118811954168,25.330838068042087,22.74899051280562,20.780418152653315,21.020697463075386,23.6401493749323,22.5799269562607,20.916026144219547,22.076056180650223,21.407804612078255,22.55318455689706,23.88843476020351,22.976526604844953,3,0.428951574488304,0.397593345368702,0.662227458628831,-0.863849215986472,False
Q8NI22,2,Multiple coagulation factor deficiency protein 2,MCFD2,20.00421394771122,22.049283791830977,20.9650334469337,22.06931483500107,22.939839884453505,21.913049348355457,22.22845698314985,23.05262366552424,19.505208786524694,19.435771412731054,20.30383312123476,21.13177972798107,21.6801747544472,20.818011654898083,21.436357389947222,21.433458437553668,22.016766432094187,20.749277063388114,21.77751141926093,21.390740068383433,10,0.689461717009946,0.759112506625724,0.80518711011774,-0.310740518306711,False
Q8TBC4,7,NEDD8-activating enzyme E1 catalytic subunit,UBA3,21.582277277180616,21.662535341165714,21.272706683353896,21.26863278767645,21.2459393048781,22.11725564589631,23.109196418191875,21.669282644184243,22.05739283617819,22.56755630539574,21.354318453925185,21.441204620707868,22.06766853092455,23.08676199260562,21.934771547296382,22.653845093514978,22.993744091468454,22.587636202207996,21.882250321984035,21.178816749170082,4,1.2123378678886,0.377290824696024,0.651298791049508,0.902320688370416,False
Q8TCD5,5,"5(3)-deoxyribonucleotidase, cytosolic type",NT5C,22.540615415839973,21.948504877460056,22.152327337395167,22.592916847304444,21.592992152537647,22.897062807618894,22.99588864256766,22.830750873938275,22.737239751753823,22.010203908563767,23.108247583340745,21.36436279049708,22.363189884169795,22.04795226370678,22.022222147846563,22.491327892675088,22.79680290206981,22.682746636674636,22.401006007587252,22.904198303072146,2,0.9980534855981,0.962487983329885,0.839800241506769,-0.047605561360656,False
Q8TD55,6,Pleckstrin homology domain-containing family O member 2,PLEKHO2,21.76288543069406,20.966657322641325,19.78283477502588,23.105013069604503,19.96675758815025,22.912851426767602,21.379354606990198,20.875854858596988,22.080190094770607,23.34627529691268,21.545835920581066,21.870527527489287,22.43341054347674,18.00755718627237,22.93627941891963,22.450143815128147,23.573690624012336,20.82990894482302,23.13210384117037,21.338900712127685,0,1.19388129812525,0.745035910175899,0.798823546685696,0.329581226805016,False
Q8TDB4,2,Protein MGARP,MGARP,21.91551513581773,21.13258096182021,21.555418793122644,21.003856690020935,21.405007759607308,21.86970927175261,20.926826241199233,22.757726230866258,22.964731088253533,22.83637306382354,21.485515794098237,21.71098303109374,19.01778499578924,23.9679999046086,21.687568918859757,23.299842515162794,22.09029091885986,21.83106037695755,21.966628172602025,22.20031719854065,4,1.26437705294492,0.84401229415512,0.819283344390874,0.199254684190456,False
Q8TE73,4,"Dynein heavy chain 5, axonemal",DNAH5,23.885493836279178,23.4432329160766,22.242632122029875,23.13471102812793,22.728838652785296,24.28928436557952,23.722972347462722,22.463283157088664,24.355480664471614,21.84467386086093,20.79709975091318,21.99898154724591,22.79630593334814,22.597781809280008,22.46502212429103,22.64309800617232,23.279139552881002,21.565807822083755,22.576950393760388,22.720760432697755,4,0.515374260069976,0.0265055934315934,0.269759869962038,-2.38940383830096,False
Q8TEA8,1,D-tyrosyl-tRNA(Tyr) deacylase 1,DTD1,15.393944498815623,18.467235908836823,18.830514421675897,19.58997607003004,18.835673356711816,20.116882992794235,18.605798274270416,19.69893734821342,19.506698517722857,19.069220770363255,18.750454097259663,19.141058267485533,18.729253462062434,19.18378773782437,19.515019000005786,18.63538848451332,19.781008247788797,19.035104262620255,18.968934830072996,18.865053760680073,9,0.969652654785287,0.524556553614765,0.722158764334251,0.647319056818923,False
Q8WTS1,8,1-acylglycerol-3-phosphate O-acyltransferase ABHD5,ABHD5,24.750764867337224,23.808924049172532,24.145808122109152,23.871304064794383,23.826156290716767,24.218108670077335,24.51808783662391,23.893753716722642,24.030049783851346,23.873844475188527,24.357216961244458,24.73636606268716,24.291531367218322,24.21111577273607,23.704114225721042,24.783328365358628,24.649989120139907,24.41203830295542,23.35688154005357,24.063429671920222,0,1.13922474494804,0.442620969352473,0.683685726064029,0.782814321094501,False
Q8WUM0,2,Nuclear pore complex protein Nup133,NUP133,19.79035581982801,21.717756888245113,21.228918227252887,19.77295540170116,20.808068605865493,21.20294831047916,21.384477772546457,22.008468919420814,22.58113094385559,20.744890003060153,20.2498864661752,20.488061525570433,21.03748968378851,21.38876561239619,21.4894533728168,22.210231795390243,21.339963345216535,20.235933594364255,22.353176987789784,19.11966935069769,5,0.936205950970011,0.748390744121457,0.798998183059113,-0.325080148423636,False
Q8WUM4,26,Programmed cell death 6-interacting protein,PDCD6IP,24.637826312834626,25.395410198948728,25.101535446838565,24.287535101839165,24.364243519293705,25.493421197944205,26.21949650693237,25.667786761560176,26.182761535693064,26.528686576020892,25.094120059145155,24.30056258379402,24.503514781941092,25.79139533332384,24.135645223628543,25.797528899911025,26.349425906194178,26.32646432690891,25.85848702858205,25.594278388839626,0,0.992519888104559,0.95484527338457,0.838236223008712,-0.0573149299992216,False
Q8WUT4,5,Leucine-rich repeat neuronal protein 4,LRRN4,22.49777342761051,19.300100236167516,19.283698023386478,21.99782394174961,23.152771828217503,22.720289428652137,21.3502523929404,23.657103365738447,23.700660571890207,22.074136171536345,20.5326591902825,21.733148263681976,19.14577149350227,21.73602316692455,20.533746602533725,21.645027276781036,20.251866234335875,20.10411175592549,20.501301713284473,20.047921160461943,5,0.305570614585313,0.0160123361291985,0.21422020420723,-2.62346556137691,False
Q8WVJ2,3,NudC domain-containing protein 2,NUDCD2,21.326869841436167,22.0170075752026,20.521134262135497,21.05492765029417,21.120354131643307,21.008932285503736,21.097271385073352,21.352258700173714,21.452168805405805,21.108797825561005,20.635962828914813,22.942878371713974,20.78867706386689,20.110784881614233,21.13804206561887,19.367000645143612,21.526743006321595,20.934316017564157,21.994743025991376,19.830672775955502,1,1.03031881558887,0.46309880813517,0.69086707470759,-0.747652837061275,False
Q8WVM8,6,Sec1 family domain-containing protein 1,SCFD1,22.89970138472207,20.597099815371077,20.19188079662202,21.48481513110209,21.350584693943873,21.009748212591685,23.21903700600773,21.635306126196138,22.608170555021058,22.37220445059913,18.84403354536279,22.63167279131714,22.92461969688946,23.126935660665488,21.805612729706912,21.078248895218913,22.479766528773688,23.17054047838879,22.22339679747421,20.953462454400892,7,1.20881016706819,0.716987793769687,0.790319464530101,0.367496800846108,False
Q8WW12,3,PEST proteolytic signal-containing nuclear protein,PCNP,21.19734234081832,19.75502298995045,16.20236407143212,21.606508531075928,21.030299226602782,19.32953578307907,18.310306941782184,19.033958575346546,20.173531670956386,18.943125287767938,20.59880983049735,20.642553567399915,19.456740338697788,20.832199779321112,20.109622199872803,18.653954738249027,19.237798165875088,18.673056106967792,21.176505998386844,20.8020984888726,4,1.05736818423738,0.411258409546487,0.668891502267805,0.838668140497069,False
Q8WWA0,9,Intelectin-1,ITLN1,23.045442383823886,20.310456532454218,21.071264112964116,22.54211733587587,23.006068135483208,24.746781779856956,23.657505310390235,24.623899476478627,23.583850118037812,24.845337908725487,24.24415939144273,21.86747096905595,21.837982449815595,23.865441490229404,25.347915476730005,20.37761837086034,23.44467657705175,23.35771734369167,22.708001739365052,20.755201248530394,0,0.860492940410714,0.496324068748894,0.709261894965122,-0.692521521687623,False
Q8WWM9,5,Cytoglobin,CYGB,20.340114476511246,19.870828349220943,21.975726744676358,22.243031014416125,22.080617025214067,21.270242661711507,21.943091632037625,22.18896170989908,20.994082199691068,22.689357315602212,21.74180063118578,21.839358471094013,21.88881643445737,21.57389531269613,21.28501252030763,22.211639730479032,22.08407202034414,21.94471746251642,22.01926345063757,21.280625147251815,10,1.02646503414238,0.494723443686272,0.709261894965122,0.695127326963457,False
Q8WX93,6,Palladin,PALLD,20.267711158114338,19.483300442080697,19.03850310702664,21.99478774649417,19.0671607030834,21.385300775311055,19.695542452578728,20.480955897287224,19.52838824966977,22.041788974948545,20.440260901185155,20.24622857255148,19.559923786086035,20.81335085672622,20.690353410120597,18.66288639475192,20.731964829702097,21.537247769056485,21.539401841260467,19.911453623775625,5,0.932165325373091,0.800294718414704,0.812593916944395,0.256247931407509,False
Q8WXC6,2,Myeloma-overexpressed gene 2 protein,MYEOV2,17.52271824001906,20.905222817822143,21.04882249145517,21.307965954656936,20.93058132971743,21.79931814414454,20.61117233841084,21.679055884474284,21.242232511631784,22.16601938520816,20.000249224842346,21.038436795016256,19.89067978439117,21.693375356485777,20.763527903881588,20.654271848930797,20.628094619151774,20.78117637299938,21.727303950652615,20.66954645908689,9,0.791468596654539,0.746501038845899,0.798823546685696,-0.327614657297908,False
Q8WXH0,4,Nesprin-2,SYNE2,18.588821880796168,21.586355101320702,20.558122591128825,19.919601378224172,20.83440902465473,20.18980203097482,20.80397658274246,19.803307181594445,20.20108386859124,20.595257514399467,20.464845621093986,22.20766216838986,22.01610290502284,21.695032935705157,20.70542603022792,22.060114636781197,21.136045775897898,22.505981386132927,19.407427787485616,20.979626333667035,8,2.11408614003769,0.0221946936670748,0.244466286728116,2.47271868380602,False
Q8WZ42,10,Titin,TTN,23.477194367872308,25.426648537921483,23.236828606810345,23.51484723190248,24.149457803024116,21.489258837486982,21.839125147109606,23.439588156283445,19.47154201060102,21.25347741581536,23.05820300580038,25.932815449342584,19.503306293795507,22.485462829970082,25.284062586427524,25.595539853985848,25.70205774852277,26.03236106095543,26.66810186104535,25.353100147942218,1,3.74229932415621,0.00804872625301896,0.179270862063884,2.93252914859144,False
Q92499,10,ATP-dependent RNA helicase DDX1,DDX1,24.399540432095773,22.118303625301447,21.362146629132816,21.68079722229411,23.748046205405366,22.334501287374238,24.11822709308124,23.51944062635039,23.936355754110956,24.442758334598324,22.955802810045284,21.640515639472007,21.447183851782526,23.179424579532743,20.698701876938564,23.05537015725176,22.61815325249731,23.927688286123193,22.75088412727494,23.442210181922718,3,0.619035330999305,0.170721100184611,0.521118528909864,-1.41933120996879,False
Q92522,5,Histone H1x,H1FX,24.22056598227769,22.714839734743574,19.546084728233954,24.238507329998782,22.820442806536338,23.27664068399547,22.82265352150907,24.470879145993475,23.363078405042295,24.096728568451447,23.63405551329778,21.80509894390859,23.32246419523283,23.72766373238671,24.02332339512178,24.018382446391282,23.308227385652412,22.9380460468738,24.023044640662384,24.225150119769054,2,1.05023124985762,0.472337622114441,0.696510122357518,0.73209548961437,False
Q92530,5,Proteasome inhibitor PI31 subunit,PSMF1,22.645415607926417,22.638934858769176,22.900709118565015,22.54423502565815,23.38814212102554,22.376647066615305,23.063652935337384,22.63048720200187,23.72418832349177,23.07315530234895,23.089462726922964,20.989921768082155,21.839829130822064,23.50767750001416,22.583405909188908,23.269736438049296,23.224305226743798,23.27177315520817,23.842648799452768,22.895265178302143,0,1.054691878032,0.872812167084135,0.825812662811676,-0.162087762813496,False
Q92575,3,UBX domain-containing protein 4,UBXN4,19.526990852994214,21.573982029939412,22.415751766489073,20.107016669102165,22.658885118596316,22.61236629255282,21.696387781728433,22.165820842894913,22.68933336646119,19.88294093529356,21.968037914049432,22.08938830982071,21.617454682810425,22.053967573296365,21.635771401738555,21.1742910762403,22.067434592625418,22.08278197261423,21.097093854670742,20.73794672477622,4,0.876369082742979,0.778617389579923,0.810332388735812,0.284821742433041,False
Q92597,10,Protein NDRG1,NDRG1,25.52971427995975,25.299162639187056,25.04879898079296,24.954474566274634,24.965844182587684,25.77087921457008,25.762516913298285,26.316114833488474,26.01135100021846,26.453100278819782,25.192788838643867,25.09722089762256,25.284500979297803,26.273299273019457,25.64753985361224,26.27790549750862,26.490194053953676,26.170361787294045,26.252713687926462,26.219891275582377,0,1.20311222044798,0.0972086155487384,0.427872205634169,1.73740265032557,False
Q92599,8,Septin-8,2020-09-08 00:00:00,20.36071703589813,21.55497241239228,20.108013010909765,21.500438336129925,20.539990441336307,21.133193029751027,18.89941107151931,21.31622751878634,21.994951834454422,23.326472220658538,18.787163438784532,17.67975103567042,17.912108499310786,21.49441218487468,21.83789772484102,22.299247938539377,22.341718330276905,18.440402688383884,22.026387885070953,18.129478033362002,1,0.763000416936913,0.174090321132767,0.523546616129746,-1.40771563022515,False
Q92667,2,"A-kinase anchor protein 1, mitochondrial",AKAP1,20.74825344974176,20.800281034841554,20.423976408791724,22.404406979435215,21.09577969108215,20.08362915360213,20.966902858283174,21.247033299377666,21.933652083105734,22.254150749824515,20.804818975034134,20.985699380310585,21.69144523958323,22.503911515822047,21.521467098511707,21.698056633637368,22.22322137806981,22.487459445500786,21.902700653263963,20.731690829288606,4,1.31516422532662,0.199045640029973,0.544755748559004,1.32684368074351,False
Q92734,8,Protein TFG,TFG,23.362091393154653,23.7254373565532,22.82391038920218,23.85248381296444,21.362674669304972,23.18094151744833,23.209569420307126,23.920059726886347,23.8295043917795,23.62440234168755,22.58628088870557,22.39853869719109,23.92956990757671,23.4266614763539,23.814565523379503,23.85052492915604,23.52238657967679,22.88410316848781,23.844754451059472,22.315699760870956,0,0.9662699537391,0.922253749982505,0.827857818900173,-0.0987949767797791,False
Q92781,7,11-cis retinol dehydrogenase,RDH5,22.621771144265548,22.133196292929256,22.30669333075866,21.59508438789517,22.040801650675643,23.371084149324997,23.682162766273606,21.66850237720001,21.13313136758173,22.621989757804467,23.58715151809414,20.843404924868018,18.81177763062709,21.971115007818835,20.223602656424283,22.03929826692318,24.10623819853212,23.42004020304115,22.93872345429787,24.488221068605796,3,1.42121454484405,0.881720431749008,0.825812662811676,-0.150641232401281,False
Q92783,4,Signal transducing adapter molecule 1,STAM,21.73355320717002,22.472098118805032,20.769679791482186,21.199603851249258,19.98497856882997,22.809131347565625,21.700536794234992,20.224918117902618,20.80267101908841,22.97153891382067,21.179018956316078,22.11975613379805,21.163461848430618,21.83883029734375,21.643113052190593,21.58973159673608,22.37151737554436,21.538856092487855,21.589986532847874,18.7937044426864,4,0.862514002217722,0.854437265299094,0.821068367518388,-0.185770541639878,False
Q92804,4,TATA-binding protein-associated factor 2N,TAF15,19.58548676252752,21.42448216374652,21.817713189047037,22.08550836190053,22.334942991997785,21.048115027939517,21.685359678912068,22.57216338483486,22.747269716811875,22.567308635084146,21.250822226817796,22.248843411642127,21.74571731108928,22.249598288931153,22.0594192622791,21.955870214758296,22.269977609145535,22.28073764716086,22.274349948525433,21.42222706956018,8,1.00917327374616,0.579134030516811,0.741312801161535,0.563542508937059,False
Q92841,10,Probable ATP-dependent RNA helicase DDX17,DDX17,23.394799793572695,22.892211496263922,21.9785161640675,21.989360116658105,21.591112909024712,24.254036281670853,24.378027062608332,23.7517045628297,24.39653482807656,24.762744315356663,23.659382749508737,21.222052161128627,22.376293944036057,24.60406581066199,24.467271766164128,24.395640054432146,24.19487302694666,24.03671631616186,24.68456347836447,24.489851934678686,0,1.3077739599747,0.203972196997703,0.544755748559004,1.31183580128271,False
Q92882,7,Osteoclast-stimulating factor 1,OSTF1,20.32918646737524,21.532991441550205,22.537756523461976,21.579345200504488,22.912627241627117,23.793265024377085,23.34218635089921,23.39367557169794,23.527166399036943,23.281509184234316,23.24271676390479,23.463051632646724,23.63056242783126,24.290277440738024,22.976912741989246,23.601290557244617,23.456985661893693,23.328664168301867,24.156433170532107,23.619779321614054,1,1.62123892078265,0.00274533586232036,0.124769845734801,3.40010026500936,False
Q92890,5,Ubiquitin fusion degradation protein 1 homolog,UFD1L,19.818915175364243,20.7262192774645,20.43788231823652,20.556775201918857,21.515943985034294,20.379350354255717,21.693638649066756,20.8739221597625,19.39601888333913,20.178234645366224,20.258439954966306,21.93418872745032,22.63199225713442,20.887653651274952,20.596914914170117,20.905723620859835,22.358959201272334,20.322034081361817,21.472252981310607,20.137968869170788,5,1.63057647661839,0.134365545977088,0.486433579823015,1.55825887883412,False
Q92905,9,COP9 signalosome complex subunit 5,COPS5,23.408798502183075,22.107019309337335,22.05164091231613,18.631750056994292,18.112829191159424,23.11268465201014,23.14575866199916,22.426725420261043,22.709570444163106,22.90425202517484,19.404129509298894,20.813540904200377,22.537989343466847,22.117368714406407,22.654940436921073,21.13412020420233,22.095356617583768,22.640175917293902,22.873899501877958,21.278443235170432,2,0.729607429883753,0.85890037733756,0.821714813561017,-0.180008683741726,False
Q92930,3,Ras-related protein Rab-8B,RAB8B,17.285598984098073,19.13611807390775,18.66607582395325,19.667927904653578,19.220926926247362,19.019107361135255,19.67894122410476,18.81597903785627,20.216638934083033,20.34759189611752,19.516858317480096,20.206883134785034,20.444526474554294,19.892024167773652,20.674429533991713,21.22839849563698,20.25041368257186,20.469002272155766,19.15804410400308,21.080890247717196,11,2.00443830020493,0.00379631931541978,0.143190922277685,3.26068786614701,False
Q92945,13,Far upstream element-binding protein 2,KHSRP,23.25542604476854,23.90303102414651,22.416312522733048,24.91509141769185,21.584705108629098,23.363816594268776,21.805469394824343,23.900810412863844,24.072273940014814,24.65174409738362,23.447589619121047,22.055896284124888,20.12691248915899,24.11502772993937,24.0582460657229,24.20113804866347,23.846440880712315,23.564008420136947,23.579014530524212,23.96913993426277,0,0.915188554842217,0.856872818680289,0.82112175216731,-0.182625465609159,False
Q92973,8,Transportin-1,TNPO1,20.648263799333204,16.545349725167718,23.053325259518342,20.852105431991433,19.328815458385275,22.498718317012507,23.653339333114957,22.584861366731705,23.70553859130705,23.26785671421832,20.152398175873554,17.77964600619459,19.862591094698736,23.431348725770256,23.69534336473131,23.276082219884596,23.572653161691715,23.438504518688394,22.51032978223685,23.316854965818077,3,1.24891141230104,0.50495698184026,0.715497513978022,0.678549251058287,False
Q93008,8,Probable ubiquitin carboxyl-terminal hydrolase FAF-X,USP9X,17.705123197947653,18.943373976963812,19.805152990036174,20.472314243657117,20.480270653738412,20.198175069022653,20.61953667956231,18.756564889843272,20.94019862307337,20.769535353431124,19.376572453545077,20.5816086024208,18.911186226031326,21.47354433827713,19.49802466746818,19.79393563518702,19.15013634737205,21.561969022990827,19.234849357274243,18.18314339893058,10,1.02488197462855,0.842844620555344,0.819283344390874,-0.200767323936544,False
Q93052,26,Lipoma-preferred partner,LPP,26.491293601787362,25.920309686719012,25.963139355183475,26.951161280928748,25.992828855365268,26.690982429416394,26.78120939818875,26.616019815677493,26.64042994125314,26.803400382552848,24.97265147927606,25.490348335477606,25.50602653427628,26.913659391509036,25.81936369188232,26.549000792744717,26.42988600560192,26.46080591693765,26.742199625044424,26.444749528997985,0,0.824240688848892,0.0845677774487348,0.418710352294526,-1.81191309566522,False
Q93062,4,RNA-binding protein with multiple splicing,RBPMS,20.399657675855824,19.62847958852791,19.79130673004209,19.455433043144193,21.085693582079227,20.440267505499897,20.352747543286334,19.50666235894351,20.358963707878814,21.26581673357704,20.75124669048279,18.46260060888559,21.4485202011334,20.772744782050555,18.598938606162125,21.88577965319688,18.860063338407787,20.013587851873474,20.821010213665584,20.297999797350474,7,1.17209019020533,0.93135292192708,0.830224077374221,-0.0871995097532093,False
Q969E4,3,Transcription elongation factor A protein-like 3,TCEAL3,21.52210914799063,19.686534110843116,18.280493911999002,19.65429078912169,15.402183606397175,19.532428395835904,19.229878880229915,19.829205672060723,18.35072611395436,21.619379030378898,19.90320053545235,20.26598535717306,19.815398833966984,20.28585210795654,19.335441874563724,19.562132432491495,19.675640004175868,19.030162737874843,20.054454952564676,19.722809283158707,10,0.844270796483417,0.409834109247232,0.668891502267805,0.84126746246468,False
Q969G5,12,Protein kinase C delta-binding protein,PRKCDBP,27.278180651690807,26.697539662150795,27.2992982016663,26.950560233117322,26.90251911879862,28.327489794920716,27.363298520672497,27.289658547971463,27.16437444419747,27.338098610190837,27.552846987089765,27.150897350112146,27.569253424149817,27.664567364068056,26.971648534188905,27.33992556594857,28.10757294494039,27.653849437701698,27.76915359890207,27.209624252862294,0,1.15312462569748,0.160755933713339,0.521118528909864,1.45480309550557,False
Q969H8,2,Myeloid-derived growth factor,MYDGF,23.15236477619618,20.431127939451873,19.062412702444593,23.328727100198442,22.425980703722352,24.01772447901402,21.455853362289172,23.657224323461424,18.570259362751884,21.637098513312502,22.286520787700518,23.319248300425347,24.12540133474784,22.256372087269018,25.098045449441663,21.970958683432517,21.50889073719257,21.64530933536121,22.616734698642688,20.926106913679646,9,1.45813675548932,0.23095229699236,0.573518903263941,1.23430169113442,False
Q969T9,2,WW domain-binding protein 2,WBP2,23.84859600121123,20.64556331348579,20.08200764716534,22.675211693681053,20.976608726436158,20.302814780066633,20.797612629098104,21.315800454288414,20.720863131775676,21.289507709661468,24.05201310116672,22.173750324417814,22.55940242343804,23.622372078603153,20.022153598006327,21.35129285684442,21.22565229336587,23.31861376123082,24.333945274405153,21.19625786927343,2,2.2225364377609,0.0585600718298774,0.359803391382992,2.00228584263836,False
Q969X1,2,Protein lifeguard 3,TMBIM1,19.837112211180152,21.362496273111134,18.1398155349007,21.615272525066814,20.05605913147484,19.74884392005062,20.884677643732033,21.792814490022742,21.76748861942862,20.889543215734474,20.068772776755093,21.28897958130985,21.438033634201613,20.1421299164387,20.922966235787914,21.584679944510913,19.88483008560168,20.408494542329112,21.057642488692096,21.87751290888402,8,1.04962566751579,0.545570126090953,0.730613623538725,0.61454049485897,False
Q969Z3,4,Mitochondrial amidoxime reducing component 2,2020-03-02 00:00:00,20.402684965611336,18.66515442965258,20.264479453917406,20.023902933193856,20.4805966801646,20.37724433221725,19.789778852470064,20.434941931931412,20.52518119035003,21.01847100393018,19.955372046180567,20.89925223479536,21.765971459635306,21.435943051853666,19.580914924326798,20.391950687384533,21.84341600138831,20.918246571338486,21.734065583323716,21.686669281924594,5,1.87022227143064,0.0219047066161872,0.244466286728116,2.47885138480217,False
Q96A00,3,Protein phosphatase 1 regulatory subunit 14A,PPP1R14A,21.44049873992697,21.040982191940497,21.07769538401244,18.466754762850492,21.462672918088053,23.260677797675967,21.207964848508784,21.896732143190572,21.524980512234098,21.415895408598264,10.57662536872001,20.58997632741319,17.857119656189774,20.19872891527803,20.71418145519026,18.651574183766492,20.211271655452215,21.18534957563703,22.17434380872587,17.912201192119465,9,0.420407725886271,0.0301965640475441,0.27325797600272,-2.32752406029241,False
Q96AB3,5,"Isochorismatase domain-containing protein 2, mitochondrial",ISOC2,23.497493899698583,23.53242788499719,24.1747844288692,24.297627899514257,23.53288114953411,23.118075627797566,22.799515271825303,24.455022251294373,24.079124356688926,22.730860443156097,23.534753173271756,23.40765044860029,24.142691140014527,22.482456718208745,23.823162666731122,22.170370142795356,22.356043715650397,24.057805827493628,23.633808212001632,21.434273776339044,1,0.757771118315318,0.138451107158209,0.487227709966479,-1.54120575621111,False
Q96AC1,21,Fermitin family homolog 2,FERMT2,26.27895125352924,25.609419842055186,26.080627142662706,26.52928109886644,26.062385488174804,26.642760303431956,26.523952862782647,26.1605619344231,26.402418640164072,26.140592812867364,25.76139425498089,25.860409805679414,26.081624341568766,26.179163345305707,25.743545249522906,26.059413312067136,26.346090403962307,26.70566102862264,26.145650682879843,25.98603850127567,0,0.897325989916859,0.284046278774412,0.601035960943796,-1.09986755061001,False
Q96AD5,8,Patatin-like phospholipase domain-containing protein 2,PNPLA2,23.255582648561518,20.41308405026041,22.659122532251608,22.17046543414098,21.050407759871145,21.746598715814763,21.765515642960445,21.208545698644297,23.027643758307658,17.96600224199976,23.424990043874097,24.43111309807588,22.116876739133236,22.045432093867834,20.02172263869806,23.8058042061462,24.00978157977485,22.86177448193786,20.802529580969395,23.18939927356403,4,2.18306347418694,0.0827399489143424,0.417224105855535,1.82347439976148,False
Q96AE4,7,Far upstream element-binding protein 1,FUBP1,21.22491428891332,22.32302857690154,21.300989680700006,22.237372392186828,19.294257962965947,21.782960959589044,21.50926539176987,21.084060101354357,22.373592743241883,22.608843494953778,21.74888051925384,20.400689894683104,20.194375456937728,23.429788000759743,22.864531404878555,21.874255882051912,22.437298108675336,20.69461535974827,23.19845825730053,21.433225809700865,2,1.33429749096623,0.59591367643294,0.747184243702463,0.538611485543055,False
Q96AG4,5,Leucine-rich repeat-containing protein 59,LRRC59,21.633035400703665,20.431461510561075,22.804015644465725,19.48792682369277,20.347376991988035,22.671388391137004,21.78577976396854,23.841554158942763,22.00301442950512,21.152214372036735,21.478259368744734,22.07379994871695,21.42047477881214,22.1094481146153,19.958976434253294,21.297662919181867,22.515837969856914,21.835007067519317,21.421203561093456,21.41210501206042,10,0.731735414779673,0.881825146460635,0.825812662811676,-0.150506806834717,False
Q96AM1,1,Mas-related G-protein coupled receptor member F,MRGPRF,21.490221886477865,21.186319873721583,21.35208259571313,20.987298668266913,20.70877665073534,21.36997581177478,20.912589797291073,21.24907265556467,21.14649698559709,21.089006989692354,20.72815550925751,21.04392844464951,21.278648514357727,20.847302364256144,21.58946592274682,21.229114164048887,20.435278323796513,21.18279489532857,21.08190399985977,21.08145138092491,8,0.942637807381534,0.650896479821745,0.760966574422578,-0.459187146231632,False
Q96AP7,1,Endothelial cell-selective adhesion molecule,ESAM,20.903750243958626,21.39537302600593,20.516182163289603,21.514873251958942,20.29605870591772,20.33605628600222,20.89066048375341,21.52359703593127,21.002818528520194,20.703005412709942,21.31012611381442,20.457404827583254,22.16941028432918,21.77400618846831,21.249816243547855,20.14863587848659,21.892232660066576,20.55545535740815,20.673606926114974,21.26639413223011,7,1.24438186647252,0.418060202074736,0.67072686746708,0.826333329718958,False
Q96AQ6,6,Pre-B-cell leukemia transcription factor-interacting protein 1,PBXIP1,21.193216488091444,21.17985524135103,21.752926484270052,21.92286823827391,21.572869878270893,20.795579902774662,20.997934562005995,21.232482582493905,20.67051486801834,21.62145132454246,19.06475431740639,20.720615010183565,22.3961797408276,22.157526506269004,21.63986179931394,21.224005071924715,21.539202916716814,21.20383610433414,20.22938489677951,20.52363573201439,5,0.989310832606596,0.534525759976975,0.727049936758826,-0.631681341472281,False
Q96AT9,3,Ribulose-phosphate 3-epimerase;Ribulose-phosphate 3-epimerase-like protein 1,RPE;RPEL1,22.17328917559355,22.625135174403052,22.196944191663864,22.323587997928314,22.66684718008143,21.82683271421098,21.208952488486354,21.500412914392047,21.89591079057498,21.929163066439862,22.464108874250044,21.85837963794399,22.73212171364908,22.10666383354075,22.004040712563214,21.486141667916264,22.10051976750328,21.537510560049675,21.497147466023236,22.048517338256605,6,0.958435064533178,0.815606174720564,0.815079242072796,-0.236197632489377,False
Q96B97,10,SH3 domain-containing kinase-binding protein 1,SH3KBP1,20.849818204031497,23.09272274619148,21.00671516760574,22.003893769194924,20.91334184742081,22.593199373066,22.622761508020893,21.410217344649666,21.876977841072346,22.279620716079485,20.94092207206492,21.23388899199581,22.913687250054018,22.026711850761206,20.810772158647104,21.76810177096511,22.52148360528338,23.258018607688946,22.27471042102372,21.593086977497777,1,1.06222625269414,0.847674924331075,0.819918955074362,0.194513078246178,False
Q9NVJ2,3,ADP-ribosylation factor-like protein 8B;ADP-ribosylation factor-like protein 8A,ARL8B;ARL8A,20.81765235652383,21.00705482223915,20.46450183209319,21.02580660307915,20.798784320601918,21.377292713528377,20.450769189518585,21.30469999683288,20.82494713831213,20.610752574985895,20.881560344895597,21.449131911968845,21.27327574018981,20.77526649295099,21.46011474810315,20.973945543015816,21.36064315959099,20.76186690730039,21.609170059398735,19.899750891947672,8,1.16091535016069,0.488168070623042,0.709249011116845,0.705850356910677,False
Q96BW5,8,Phosphotriesterase-related protein,PTER,23.07896509866647,20.26045212090134,21.66895920454585,22.571585872896275,20.142721944671763,20.728986293306377,22.69960606286239,22.613811566731954,22.44959131859565,23.441492034998994,20.721306949243147,19.991420088394303,20.70883619259448,23.064943488119525,22.130430794137915,21.714433284147564,23.081638198297338,23.541073194274315,19.8803250660679,22.87012897249829,0,0.963660350651597,0.71780086552384,0.79069031954819,-0.366390179961676,False
Q96C19,6,EF-hand domain-containing protein D2,EFHD2,22.395494779044526,23.335514290305778,21.013120513517165,23.254412511502082,20.74713085141987,22.148503575427178,20.85684504090664,22.487250458240684,23.05019825317383,21.42190071280248,21.203048067290332,22.156240264571036,22.743121375007505,21.14495417881712,22.403988021322274,21.7254821695914,22.192105945581165,21.389014257956216,22.268883774253673,19.940415760924758,4,0.724246397078728,0.405732747767098,0.666605052619602,-0.848784776442828,False
Q96C23,3,Aldose 1-epimerase,GALM,20.95350930080377,20.625160966413663,21.08612479720102,21.880885402768353,20.619693122755482,21.80030334377526,20.5049293539866,22.59524100657615,22.0015439832707,21.668293608167566,21.378412919482308,19.99834827976963,21.068529262306907,21.884723107058598,21.187695535253646,20.492621541040283,22.67602648520925,21.164654789065217,22.096387090933753,22.379463970804355,2,1.07727721984179,0.864538417322572,0.824256658905437,0.172738905471283,False
Q96C86,3,m7GpppX diphosphatase,DCPS,21.747131028537105,22.19941327161165,19.58730573194184,21.315335065590865,21.34349093927195,22.70200781975562,21.87192009936959,22.375189526429423,23.00163052160783,22.292881997937723,21.89703343750985,22.111572161474395,22.74320053160229,22.691015711039594,22.795529978764222,22.731079616927463,22.303332402369833,22.586506814751594,21.48086812103005,22.28203411179618,5,1.27116825071415,0.103554752659629,0.437355574810954,1.70309480543683,False
Q96CM8,10,"Acyl-CoA synthetase family member 2, mitochondrial",ACSF2,21.99232551222896,23.324892625798263,23.505560529183125,23.74189719351006,20.093285789732096,22.919282865478074,22.470402227382674,22.83517792444574,22.85922653052163,21.493774844138056,20.997830606874135,20.318900854470293,22.089968524916763,21.32437052527972,20.882866634188478,19.636592681695966,20.965139593484558,21.474907358920724,21.954589338464285,21.60631492599323,0,0.346274085910782,0.00388419105859304,0.143190922277685,-3.25080464379176,False
Q96CN7,4,Isochorismatase domain-containing protein 1,ISOC1,24.703012626112827,24.419624794376823,24.933581532906185,24.71774196039419,24.294024047774812,24.344489118933872,24.889644533809065,23.991619281994176,24.407026804467346,23.84814396485718,24.018025933861573,24.647986673101535,23.42294495053675,23.651287820584592,23.734376596156512,24.6174325893568,24.359296150218235,24.782579917761524,23.508328421375627,25.03131169077585,0,0.863041276102003,0.212172960047704,0.555931941352656,-1.28746965247492,False
Q96CV9,6,Optineurin,OPTN,19.906075439931428,20.8714634729092,20.05475620120595,20.466590663897524,20.618151150298385,21.239656503605975,20.526163449522492,21.055923336207155,20.281251382949133,18.221891874532496,20.863839746652552,22.062965796106873,19.1209017399962,20.484974449377393,21.540120969214307,21.183932647261408,18.31329961742945,19.46409820192475,21.553532949851988,18.05530519800866,6,1.22736175466532,0.904101965378597,0.826708499711055,-0.121969872018714,False
Q96CX2,10,BTB/POZ domain-containing protein KCTD12,KCTD12,24.826218275171577,25.89148427031848,24.05766956146693,24.79074750951883,23.12061471053698,24.834528474142562,24.77273903086604,25.128548786902908,25.47311355697592,26.135903235693245,24.49754891946542,23.475870508394202,24.610918238283247,25.6479985628784,25.960576767366664,24.732847903846057,24.757891166449774,24.62673154607799,26.093920901353393,25.125230727532454,0,1.01667489490274,0.886153578774696,0.825812662811676,0.144952723108451,False
Q96DB5,3,Regulator of microtubule dynamics protein 1,RMDN1,22.977358856142462,20.907638958665665,21.879101280249987,19.915365449009776,20.5148594648358,22.31042115099931,21.119711408182106,21.00838082756276,20.921536816830606,20.231724032614423,21.747046310765686,20.076628248114748,21.49406535125906,20.735265216708324,19.2715966942023,21.49605332398935,21.302556672408166,20.84581576877433,19.680494368595294,21.632589161500345,4,0.731142746540192,0.412808854347946,0.668891502267805,-0.835845122250483,False
Q96DC8,8,"Enoyl-CoA hydratase domain-containing protein 3, mitochondrial",ECHDC3,24.564085674545183,23.46090592014386,24.940599228623505,24.41192960611232,23.076969493434024,23.973101487593397,20.38543907406004,22.36228842409599,23.74888593157122,21.553448949727663,22.114031259927938,24.10140065854256,22.97924752396786,20.79079132249415,23.026353600769724,22.718751099895307,20.371517375544357,21.554141119105253,20.527835157963025,22.563668788926606,0,0.429717073639101,0.0277800314712082,0.272440420479985,-2.36718387674526,False
Q96DG6,8,Carboxymethylenebutenolidase homolog,CMBL,22.338350233907626,22.977536348416425,22.864563337590965,22.7461371201323,22.83149887345568,22.71462907350491,23.613430501073914,23.581746670828235,23.123274081699595,22.983073544943288,22.367243718125945,21.779255731154468,20.834359983752066,23.295267891820853,23.56359207576416,24.176282056362794,23.777788848310124,22.72448663004537,23.48494482608715,23.401047183827274,1,1.13186460056781,0.904683666946603,0.826708499711055,-0.121226201441589,False
Q96EM0,3,Trans-3-hydroxy-L-proline dehydratase,L3HYPDH,21.716513007017742,21.920023707778505,22.45489794966256,21.843788933598475,21.386707398052835,20.313765275392846,21.12970708624921,19.947131405130325,21.22987488507925,20.99062003108349,22.325434494520973,21.894112169465583,21.74768424409271,23.872495895763276,20.461443638879658,21.96252959424181,21.100865240455335,21.003062940529492,21.81682480828373,21.736988150681725,4,1.56496953400497,0.161021035940112,0.521118528909864,1.45383670857085,False
Q96EY8,3,"Cob(I)yrinic acid a,c-diamide adenosyltransferase, mitochondrial",MMAB,22.24453754225926,22.107758299500244,22.284874414029446,21.983580622005757,20.034279496810388,21.895827216219693,21.90532715486924,21.142061861451605,20.138386497583163,19.980936700302358,20.534167669654288,21.574740343548065,21.15564915647622,21.75536750682921,19.769038685580078,19.534684138854242,21.73389654649411,21.451825103645337,21.16907924599461,19.86085599407617,10,0.679186557565261,0.217057641442831,0.55792310220854,-1.27330188294228,False
Q96F85,4,CB1 cannabinoid receptor-interacting protein 1,CNRIP1,22.66841743328803,23.817005050758876,22.62345863030213,22.698454534456403,23.86841121916178,23.131028195786612,22.30345732452986,23.091120295788432,22.118227831014046,24.011399205649827,19.048002476375625,24.143809215372833,23.455416856368636,24.28947091012375,22.28513414096628,23.805655520683747,23.582272888231408,24.02130697253068,23.203515913806896,23.22734581738879,0,1.26519040113909,0.884910683445213,0.825812662811676,0.146547073156888,False
Q96FJ2,3,"Dynein light chain 2, cytoplasmic",DYNLL2,24.53032566000143,23.944741665501613,21.82023194274029,24.397395458443302,23.312946273746384,20.184663483243707,23.524696711750344,21.630506280853208,23.715421311578055,23.860956728706505,22.69009003948023,23.525742030814317,24.584322175169785,22.619944622336853,24.53652599899356,23.511979476925212,23.525714102171793,21.92682690215985,21.134595039574773,23.811430440028165,0,0.981281281379824,0.855258681378283,0.821068367518388,0.184709618216954,False
Q96FV2,9,Secernin-2,SCRN2,26.068143040082298,25.590547782707525,25.443017206151296,26.228982468881867,25.973573529876546,24.936024273578514,25.328648046170013,24.3403752302576,25.870595444562312,24.095011457436105,24.734261612142948,25.840770907476927,25.833574891342714,25.508578787242143,25.850754752490843,24.117781251593936,25.541442376986673,25.62628155131485,24.896889451740893,24.91289457535536,0,0.901038882371543,0.681505237747462,0.774270699342087,-0.416272185508984,False
Q96FW1,8,Ubiquitin thioesterase OTUB1,OTUB1,24.030429770860646,24.521208222046383,24.441187535594214,23.771492539942415,23.93383878473523,23.557560341934536,23.007855372917952,23.326250871311533,23.971388818193326,23.555136020217635,22.957726066349743,23.576850495272353,23.055922019249213,23.34590135357009,24.624785138054076,24.14359787017971,23.905973108140078,23.535736027180324,23.380073235593446,22.086470279845283,0,0.826989937624387,0.20309919384257,0.544755748559004,-1.31447441100613,False
Q96FZ7,2,Charged multivesicular body protein 6,CHMP6,20.464800866959447,19.896522548249248,20.6528825061568,21.26937329586203,20.39088307402403,18.815087086029795,19.8701418635201,20.72341534472072,21.195183938827356,19.890582924623434,19.986303839010795,20.22474582383173,21.18314938851558,19.628490943928956,20.779944903235794,21.568557236362892,18.70205205572258,19.017364478522744,21.00994011371323,19.412450386082035,4,0.974792942992438,0.672022548347962,0.768734109029445,-0.42947861987679,False
Q96G03,15,Phosphoglucomutase-2,PGM2,24.99267003392632,24.31147630515468,24.380655890010463,24.99873060219427,24.91219454504833,25.13111151872642,25.60637368678446,25.832107790778302,25.131865117819363,25.789201163616887,24.39006658127931,23.30710115682304,24.55302617181982,25.727822505846493,25.34282763543609,25.92059505508577,26.04505584683933,25.404765306136266,25.185352589788092,26.017816268234313,0,1.14320046841694,0.74733471926431,0.798823546685696,0.326496239577352,False
Q96GK7,5,Fumarylacetoacetate hydrolase domain-containing protein 2A;Fumarylacetoacetate hydrolase domain-containing protein 2B,FAHD2A;FAHD2B,21.744306634534073,23.326014385469804,22.164606896681242,21.98864831291272,20.362674669304972,21.861094646363455,21.78551497032916,21.413103845886766,21.782767322819833,21.942495219054294,21.147758387696783,21.418829312539525,20.466025427037547,22.412507657564664,20.34934076578965,21.68637915247115,21.82185282806822,21.564028205985508,19.271376221365095,21.597469545806515,1,0.652862964157776,0.102302122393623,0.437355574810954,-1.70972139835448,False
Q96H20,2,Vacuolar-sorting protein SNF8,SNF8,21.398419333648157,20.089529336003466,21.56777321411968,20.440966427732153,19.72076854935014,21.283597161095432,20.542317453038645,20.66254358906697,21.000295172505655,22.196706067402296,20.38383847090611,21.958126761097787,22.000578379934794,21.762799594776123,20.58537841357984,20.96963211600278,21.992801068659798,22.202565701264348,18.65813066237277,20.43462367489749,12,1.26161476447905,0.63295705790796,0.7585186811081,0.484747913680074,False
Q96HC4,12,PDZ and LIM domain protein 5,PDLIM5,23.873412500221193,21.670858775156216,23.074840580173145,23.607558145557213,23.222215977205746,24.466061987449045,24.57798723159719,23.857209498361495,24.40468366079131,24.3388129475817,22.298349311502513,20.974094734146988,21.97217547529236,24.121628524691626,24.049744456035288,24.108288616819262,23.157788624617208,23.615606408082613,24.317477695120168,24.101008016708725,0,0.803731459049232,0.244738247564557,0.58311339070537,-1.19733816592152,False
Q96HE7,6,ERO1-like protein alpha,ERO1L,20.864130590181627,21.343844923459475,20.19822834954249,21.545713014171618,20.37895148003208,22.437946578677366,21.464563061261714,20.254876480669257,21.74666747182969,21.835036378136618,20.15575224305401,20.1613159706601,21.691092432682378,21.077531940320263,20.611177763044143,22.201058917284435,21.947959904677834,22.20017431074619,20.69653200951306,21.66920192118343,0,1.03577874984806,0.916490416048719,0.827540449847929,0.1061465456078,False
Q96I99,16,"Succinyl-CoA ligase [GDP-forming] subunit beta, mitochondrial",SUCLG2,25.178828492105776,23.68053837563314,25.928013315903815,25.74511712451812,24.365343448854954,25.832896556496912,25.343901351685695,24.731656382830405,26.21239691769712,25.43944249681401,24.56989000511233,25.027559827564197,24.91627414137152,25.32658425388287,25.038350653725928,24.993567188706983,24.92394179557161,25.128747056675024,25.194431081821843,25.222877716091393,0,0.776508711517255,0.406214307278911,0.666605052619602,-0.84789962026391,False
Q96IJ6,3,Mannose-1-phosphate guanyltransferase alpha,GMPPA,21.53452079946218,20.791466741068547,19.503287255367184,21.392928644182263,19.87013638625646,20.69635960687084,21.95240977554078,21.574803157752793,21.24866355515261,21.44247140408788,20.08343096408105,21.74647450235178,21.150834220298897,19.772005885726646,21.168976663706843,21.558588312139857,21.51266067847178,21.15869258247683,21.270884822165886,21.533228091445242,4,1.0283652371277,0.768099914923705,0.807231985594737,0.298771756320939,False
Q96IU4,8,Alpha/beta hydrolase domain-containing protein 14B,ABHD14B,26.465500552456742,26.298734179537053,26.704749652115936,26.5133502888164,26.49903739147834,27.05127218240051,26.72589940285077,26.50710197575163,26.643899349837096,26.249522455156683,26.07306166040296,25.411091933165736,25.577523027816042,26.950010786667892,25.8478223393078,26.938809980685093,26.47111270280079,26.681584468455075,26.45747607239763,26.94437934963846,0,0.901138915979771,0.1901812146314,0.534740430164704,-1.35459889343271,False
Q96IX5,2,Up-regulated during skeletal muscle growth protein 5,USMG5,21.67282819086253,23.25570354810051,21.9612289709822,22.12386760739198,21.474851950431816,21.744536974898814,19.659497102166483,19.830534977453663,22.46908238515407,21.6813692664929,20.989468376938653,19.95910709336942,22.106775866622062,22.167676248051542,21.28256107171581,21.89534663468196,22.525606882444432,22.208957173873145,21.54287778330547,22.36425528006065,2,0.968276156696324,0.766734207899134,0.807231985594737,0.300587583266696,False
Q96IZ0,2,PRKC apoptosis WT1 regulator protein,PAWR,21.427476846508334,18.542758389239562,20.494459588369107,19.981194527241083,20.550560744440308,19.057605164439575,21.086349125960247,21.938593353523693,20.565702771327555,21.262531455095562,21.799260177464365,21.50760390346625,21.662315611742255,21.010671647114798,21.801273412676306,21.409394202965345,21.52995361038143,20.72501762480319,21.716270372193602,21.390565916086548,7,1.62666672181797,0.0148329148405224,0.210432875997758,2.65837161678883,False
Q96JQ2,2,Calmin,CLMN,21.656234906266036,21.106157370191013,21.157245675826925,21.27670551027838,21.92383204143866,20.600219690525144,19.55319975956712,19.454248527043024,21.743996824138904,19.831483003700328,21.026963770988633,20.97683921043699,21.216896559724056,20.43200748105369,21.41197022348149,20.681419962401137,20.961022400706817,20.69526585726026,20.83915794898949,20.889237795445997,11,0.915183475335612,0.770826579366825,0.807535787260068,0.295149484603658,False
Q96JY6,5,PDZ and LIM domain protein 2,PDLIM2,22.086771713480733,21.10609503221366,19.8794869604032,22.515369253920476,22.07690235230355,22.437811857534193,21.802462689682013,22.021534859898463,22.40964878923085,22.62404517633102,22.82484560953197,21.727533847027114,19.73919044265733,22.94031494366097,21.992940897795666,22.134570117719644,22.64256302879028,23.010399656795766,22.042001005704694,20.586047058398876,7,1.13186319976944,0.873424789809537,0.825812662811676,0.161299888612452,False
Q96K17,5,Transcription factor BTF3 homolog 4,BTF3L4,20.70146785473977,22.73058005474405,21.988031401309723,23.303423924297554,21.707313202131086,23.7590324599476,24.228442866186096,23.982455025185637,24.340848283337003,21.49654152808805,20.615904901826806,22.566270016418358,22.456209067162735,22.58219119091074,22.837007275379655,23.93689358902906,23.45394639372297,23.888091576915894,23.94199535390517,21.478106616256206,0,0.883647524238891,0.914008010569186,0.826745231285015,-0.109314870576943,False
Q96KP4,17,Cytosolic non-specific dipeptidase,CNDP2,25.994573859107195,25.77966471593095,26.178261985891226,25.772118573816805,26.37503462088014,25.765689357361204,26.357047364886757,25.80822821295142,26.431215364731518,26.46259893837003,25.859257707164716,25.917802462475212,26.501275024401714,26.15625295730433,26.339540362754693,25.974084554816148,26.161967999553575,26.100327383216168,26.36118775733864,26.520615045939024,0,1.06157003070408,0.513443655092093,0.721090302628091,0.66494485027509,False
Q96LJ7,2,Dehydrogenase/reductase SDR family member 1,DHRS1,21.435425979054084,20.99987518684855,20.47306925922363,21.21191839668213,21.10410562337154,21.852327193524367,21.458497683883813,21.30316590479014,21.741950310792443,21.46254081997302,20.860904216724084,20.32063945024313,20.682729473384864,20.026350447739425,20.65289583448552,20.927733979685375,20.664705460568012,20.697864918238032,20.42445787895791,20.14520885171562,11,0.581436316952082,0.00214835589110201,0.113801199931822,-3.50493658616327,False
Q96MM6,10,Heat shock 70 kDa protein 12B,HSPA12B,21.214711967097013,21.586542325718604,21.527054429985732,22.445857116933006,21.375833034056647,22.086863202933984,21.31315711931867,21.75140632766912,22.712851262263495,23.260790282760418,20.580368049853664,19.75663547048845,21.92387690147799,21.449792906815205,22.110396217464785,21.471107823999283,22.918782860578908,22.51942137453307,22.663089809835444,22.948644176317252,0,1.01918539658043,0.787403727297482,0.811510678024041,-0.273212180835798,False
Q96PD5,14,N-acetylmuramoyl-L-alanine amidase,PGLYRP2,23.67225477229164,24.387426610541628,23.735031240538696,24.838309707729476,23.696843939646385,24.833056630064476,25.126385060638302,25.80055422884113,25.08014911939868,24.63658955982137,24.309998042343853,24.14286149406085,22.029423482847974,25.065508942905993,23.313199131344426,25.617093719737017,25.168437649202172,25.2211979181448,25.18717286422812,26.116543640797182,0,1.17539932755764,0.904752459944996,0.826708499711055,0.121138258370545,False
Q96PU8,2,Protein quaking,QKI,20.240259620161538,21.384990922484707,22.501113735816915,21.723178028120472,20.761369536540016,19.613216147749608,21.614157586055864,20.92210310520035,21.87048488293051,22.261383665408772,20.16472110750593,21.290209341236316,20.666773424011318,20.67257579196581,21.006913719946034,19.413946835904433,21.01407871085789,20.720480175359583,19.436536487109848,19.949117268645125,9,0.514732006471544,0.0283359841925518,0.272440420479985,-2.35778504973568,False
Q96Q06,71,Perilipin-4,PLIN4,30.858120601403314,31.874262193738616,31.360346816166704,31.552277944010758,31.080132074759785,31.260558191722687,31.658681886692147,31.250062537777946,31.469333034094007,30.937580528089164,30.591960485697445,31.386074413443435,31.313195631471466,30.421609321103457,31.14630221784269,31.223875373859112,31.457740967441072,32.00265743022459,30.816176447387175,30.95142506425654,0,0.892408659886628,0.261516353431648,0.587927183588789,-1.15441058499754,False
Q96Q89,3,Kinesin-like protein KIF20B,KIF20B,26.830663279016562,29.35880213011645,28.382306216969166,26.30151712752458,28.78362429125139,28.87824794229931,28.956967383136686,29.094962454264135,27.45201312491759,27.886943761715848,28.41310777154325,28.31326628409963,27.57603370574075,28.666561736395757,22.54350232728982,28.56003352125974,28.874068597330005,28.845481072032165,28.346188058120813,28.03009638966304,2,0.888896402835935,0.535998139350403,0.727049936758826,-0.629385261453221,False
Q96QK1,25,Vacuolar protein sorting-associated protein 35,VPS35,26.080154366673874,25.948588635771838,26.41310718201437,25.85003657994302,25.35617469547948,24.967862726392923,25.898873362229917,25.680857988925712,26.005285628283655,25.90868812509215,25.369403929042807,25.613700892057793,25.52887452225531,25.726869602878637,25.86218583837565,25.940876151476925,25.836383614195803,25.99335052216154,25.85652174959134,25.922984449253402,0,0.945924132138495,0.771062423885309,0.807535787260068,-0.29483636458193,False
Q96R05,4,Retinoid-binding protein 7,RBP7,21.616496894482516,21.041706129919557,20.5587503163618,22.76924747291115,22.03275191362811,20.67125281914581,22.305790306651833,20.90516987042005,18.17172794322451,20.21134253261641,20.445647291378283,22.410659543146895,22.039523280537434,22.914461731813358,20.65490885739101,22.10915635984029,20.606846174200808,20.271167311735244,19.761485646388763,19.720815845309037,3,1.04619273008799,0.89376250690734,0.826708499711055,0.13520045768576,False
Q96RW7,3,Hemicentin-1,HMCN1,23.504246246801095,23.3658275983597,23.57366213832423,24.391957073969575,24.879944109182038,21.896278627661612,23.510403507155335,23.785451897654376,24.341329556103908,21.601257767090456,23.04995721336348,24.03420469979388,22.630618573656065,24.83225858171653,25.268460737799934,21.471370299218943,22.600487502096765,20.575929551916246,26.143398949662807,25.000257087449558,8,1.54839607917253,0.900580921970756,0.826708499711055,0.1264728395417,False
Q96S66,5,Chloride channel CLIC-like protein 1,CLCC1,22.596496849076036,22.654235061605913,24.578799015871166,22.53889657665104,24.3558288664295,23.65430754255707,21.805077571073728,21.976132858999637,22.011376070106234,21.856706883146437,24.67147951642796,23.200190291480148,23.81268037790341,22.383030683034,24.59431543329874,21.694945944338606,22.336153537904202,21.967394516901642,22.196075019779084,21.692134203286194,1,1.08767721008798,0.886973171748223,0.825812662811676,0.143901584401905,False
Q96S97,2,Myeloid-associated differentiation marker,MYADM,20.895631243664393,22.377300728404318,21.85640472579829,21.834311704942117,21.407192659054047,22.376263573257823,22.4429196678092,21.193953694493253,21.11180903276818,21.742478935125874,21.37051118444359,22.193965090992208,20.81209545659288,21.82057464537812,22.21545466227669,20.73993058239398,21.247036038525128,21.398099325433687,20.839257104215722,21.797307685969667,9,0.822133649826393,0.338413540085971,0.626458497370308,-0.980030293573593,False
Q96TC7,3,Regulator of microtubule dynamics protein 3,RMDN3,20.753847681965723,21.63745370786655,20.505757377677355,20.293538582188745,21.43865108699122,20.147497936857274,22.232042370169875,20.964071129675663,21.796000390749345,21.427403601564375,21.828051156780397,20.707570149541866,20.239883628878125,21.204216888829908,19.48651782211224,21.029782360219535,19.58096093838249,21.902778583636724,21.08919104573184,20.457138522296304,4,0.805844749465458,0.321971965070555,0.61820388738581,-1.01473946803385,False
Q99426,4,Tubulin-folding cofactor B,TBCB,16.931667854500343,20.758483649517675,19.5917917897928,18.324271141405806,20.59884844865546,19.49209656307026,19.037057415518927,21.18287101026316,18.926856984144873,20.181997801768677,21.33962411128798,21.119070930726092,21.445397548328664,20.360632060990437,20.677095925039986,20.290222094709847,21.351430170180336,20.668534425248197,19.382683777434238,18.87600269538295,12,1.76890430122596,0.0324557973855258,0.274703142797361,2.29300987116762,False
Q99436,5,Proteasome subunit beta type-7,PSMB7,23.59666169083134,24.259583501243785,23.850026497140313,23.517057263034825,23.75175200882198,24.231965831251973,23.800154390220886,23.65906869936655,23.88066830309082,23.420821601218677,23.53392405405148,23.88193229076154,24.249173214505987,24.173491623779007,23.83686809299174,23.99150981101519,23.94209117613591,24.099696256897253,23.88929815597204,23.734890761532647,0,1.09085550734503,0.432076572356102,0.679014768252282,0.801308665291624,False
Q99439,3,Calponin-2,CNN2,22.38976696572335,20.754356525744537,22.42518573247659,22.645510151018712,22.567795735014727,22.62886458922995,21.418858074281815,21.889981297007512,21.84518162205218,22.812669770611063,22.260490821280367,20.498373144030232,21.856517211504112,21.074288974638257,21.951991940956898,21.541582863335627,23.09948285200041,20.84431767676674,22.13454208011802,21.084382987921607,1,0.746593030998865,0.165087359103136,0.521118528909864,-1.43917275154539,False
Q99447,3,Ethanolamine-phosphate cytidylyltransferase,PCYT2,20.885246450945093,19.18801201071331,20.640021786175204,21.472307492272417,21.86798359438467,20.96110996606284,19.19259929066102,14.851280286405974,20.092252062751133,20.326014817579065,22.89814000746491,19.844524546840912,21.155718591517907,23.150223739934546,21.55639658944623,23.03255479360519,23.49033901324037,20.460014017248795,19.486173895639805,19.251531734521524,9,2.91443752948479,0.0543120149551566,0.353332145682743,2.04031872346634,False
Q99460,17,26S proteasome non-ATPase regulatory subunit 1,PSMD1,23.910904649190737,24.16207602733035,24.79502240433789,24.246285951301758,23.79525052433531,24.12306954487508,24.848725347842738,23.525609074602638,24.281500872146466,23.974051760501858,23.567425135481155,23.257508741637157,23.677840974490586,24.854940162222395,24.263239663282775,24.286294991728862,24.920602410764634,24.19629897447798,24.22512620776261,24.167974645173715,0,1.00365342357168,0.914492927757887,0.826745231285015,-0.108695875412536,False
Q99471,6,Prefoldin subunit 5,PFDN5,23.61739081635175,23.020143658840965,23.680993865781673,24.062691050413857,24.05269691187691,24.400001180779153,23.10827038402261,23.20926121979303,23.940574824551657,22.484885631484275,23.5525104326815,23.0148386783317,23.614442762467988,22.768290279643434,23.754690832946313,22.12571184235661,22.730328277453825,24.096485180491864,22.808566770956954,23.864559801667653,0,0.807044419174127,0.276377644636174,0.593131287249533,-1.11806421725367,False
Q99497,14,Protein deglycase DJ-1,PARK7,28.341435652093708,28.603071719708318,28.524125880731123,28.629278254534384,28.987068029194592,28.995049110765517,28.755932740782544,28.73314526673356,28.690608771030085,28.400632858925647,28.38177043972422,28.619513076432696,28.660447267327772,28.454811040069565,28.797671956200254,28.738651955348637,28.89136037401498,28.90480710546683,28.674262845672025,28.55792651132064,0,0.997591079031168,0.984762927739606,0.843797505224354,0.0193305945293381,False
Q99536,13,Synaptic vesicle membrane protein VAT-1 homolog,VAT1,26.831363871498883,26.4384435602347,26.862532542521524,26.323001127336735,26.287300849981275,26.418275211556818,26.652364025730954,26.928037425638887,26.80865574602707,27.28737127020674,25.889821339731835,26.316083283952345,26.558023880272785,26.906049899887893,26.41492422869239,26.781288258903814,26.677971810537755,26.52039548104584,26.871653308112617,26.93836052613119,0,0.934415566570482,0.519840377348244,0.721310207615658,-0.654773687654851,False
Q99538,3,Legumain,LGMN,22.211307058271416,23.82630997096051,22.89851959355048,23.319243961566507,23.776665319990965,22.51525230484481,23.415674848457506,22.47743862584236,23.322317737369257,24.381522877535208,23.096892288223298,22.826374314271227,23.281929457030998,23.681931749080466,23.127475149651055,23.742123211186602,22.420200269446198,23.73244870904636,24.11133182622797,22.856701452494953,0,1.00718000441867,0.806519541512014,0.813589620325639,0.248084029542447,False
Q99584,3,Protein S100-A13,S100A13,20.653044447893187,22.850802450954333,22.071775579995705,23.70827270746986,21.734808669158667,22.056738139364594,22.301236333954666,22.99138159836817,21.439064678874008,22.849417642913675,21.25271780550791,21.54337388718519,22.18302688485016,23.04990935672201,22.0255966458281,23.11057736658137,23.814499269463415,23.084051926422642,22.57652161768899,23.37742663770774,0,1.23755169315255,0.34889745307781,0.63152204513882,0.958502497191677,False
Q99598,3,Translin-associated protein X,TSNAX,20.400035526058574,21.57495606455107,21.046305802049563,20.48888088194923,21.639250183097015,21.141902728723565,20.908339966634603,21.850820350354812,21.657172350051503,21.3123356980419,21.214683121583278,19.998702198800675,21.613703177094678,21.030681320244664,20.42242620010605,21.151774260793367,20.851479700974288,20.76377964982345,20.354700869467,21.98720797459154,6,0.85628527462651,0.370382649829581,0.647421492064222,-0.91572160262634,False
Q99614,2,Tetratricopeptide repeat protein 1,TTC1,20.15480611858312,20.422763496721355,20.208516486526566,20.153351019058235,19.92039367019915,20.00194842410124,19.01502758173764,17.976274816919865,21.297978195430282,19.7463994146454,20.269798907319096,20.787364729013504,21.08462296854026,20.813773025456786,21.57057298010534,20.253607083438514,21.26379864168094,19.89150145867172,21.318094610168565,21.787777033184497,9,1.88914303544372,0.00888113812771149,0.181482743058785,2.88890335005559,False
Q99623,6,Prohibitin-2,PHB2,22.945377541573666,24.469255815936165,23.489380459804146,23.425211687384213,23.534785451319255,21.933398804171688,22.82133021448154,23.643175994772644,23.734725665477136,22.67276127531792,20.484753229969854,21.944619705710398,22.674413691535747,22.8531218374614,23.08021267638553,21.841850516566197,23.10552104633716,22.8944470372191,22.191729434686174,23.16711071025542,1,0.568088235777591,0.0222519721284347,0.244466286728116,-2.47151619790682,False
Q99627,6,COP9 signalosome complex subunit 8,COPS8,22.461008071153334,21.225581373969963,22.53427219881044,20.330907502893364,21.12516723889937,19.613547611833972,23.02365815630767,23.303695317849506,23.26603442647163,22.993019217479453,20.611999314877643,20.636451370366796,21.094958071725546,22.878872696323686,21.563255602818888,23.779396695710467,22.844997979422413,24.19770243649003,22.380028562505426,23.12868052710745,1,1.28670503814769,0.495587406666264,0.709261894965122,0.693720202405391,False
Q99685,14,Monoglyceride lipase,MGLL,26.147736272178523,26.267078646165597,26.256915900485932,26.23153782287409,26.81609033555899,26.30385740086533,27.299823300910145,26.232544539487463,26.515951276443612,25.603701467509545,25.980753196188004,26.274742488571448,25.97979857055066,26.227995533967658,25.85896820983608,26.316897842725357,26.66853448963381,26.712259668554623,25.555497338832627,25.49587512956644,0,0.827593952497514,0.212463078194743,0.555931941352656,-1.28662116062628,False
Q99714,14,3-hydroxyacyl-CoA dehydrogenase type-2,HSD17B10,25.91911166038816,25.628730192901727,25.487589523175778,26.01190366521302,24.66195437383766,26.28158017788385,26.301618310122763,26.172486393148564,26.3132239354472,26.576001908157092,24.10928944780087,24.97504169515302,24.731781526358358,26.023378348883607,25.99874411143026,25.98614029713019,26.114299516110293,25.531644275691484,26.03064145043617,26.30966576507882,0,0.814107220360499,0.135725848979026,0.486433579823015,-1.55253382232333,False
Q99729,4,Heterogeneous nuclear ribonucleoprotein A/B,HNRNPAB,21.013099585098104,19.06079488424544,20.285794839727018,18.936232894178065,21.125746607267907,20.046896184380568,20.21550315233417,20.190282515410548,19.083976655139818,13.153876648785626,20.24551181643205,19.494918331743342,19.52711571262296,18.485515414943603,20.593096342490174,17.68868365904119,19.813129472118973,19.574641697691742,19.783809139874183,18.700436282461364,8,0.734553663665216,0.910025787466124,0.826708499711055,0.114399848368304,False
Q99733,10,Nucleosome assembly protein 1-like 4,NAP1L4,23.944643861742872,23.956885696068845,24.233335258561812,23.841632934170722,23.179893969998915,24.627742994796453,24.32270089198954,23.386915038985197,23.899831812720837,24.019964922395232,23.61140557727451,23.761281304133462,22.95855286404782,23.79959469193496,23.1808908217865,23.774239061134715,23.97803248077532,23.84632021044976,23.90312039611703,23.653045797089504,0,0.802075942320251,0.1522602143394,0.506147554975687,-1.48648166371482,False
Q99798,32,"Aconitate hydratase, mitochondrial",ACO2,27.491921478752715,27.875052757532956,28.05249628818404,27.85795572571308,27.572131012082707,27.66101722607864,27.481736905241497,27.183451802865875,27.813079774222526,27.177570557655308,26.695241112112985,27.467210307075177,26.876523459559376,27.42629464284574,27.38506081873153,26.828520798006117,27.294071535560917,27.43419471660759,27.37785186661553,27.38524851724932,0,0.757634720110078,0.00958862073664446,0.181482743058785,-2.85480281040084,False
Q99829,8,Copine-1,CPNE1,23.070226904957607,21.73195173576567,21.9938724988639,21.579444727601967,23.1646850732723,23.922367505099622,22.09262347168411,22.83605508861851,23.77510973251698,23.425526092225184,22.118069252575086,21.789034920452682,21.618213552765283,23.62774239338506,23.840065895673362,23.3006624179974,22.82528912612008,22.85511142232827,22.076621210880123,22.640050887365998,0,0.917561325731428,0.799166156914519,0.812593916944395,-0.257729944932983,False
Q99832,11,T-complex protein 1 subunit eta,CCT7,21.521294088603565,24.03132793252293,21.473249179832393,22.328452052588347,21.13448750845659,24.2749260048753,22.523645293150423,22.58777284304676,23.93204863464468,23.486392807581588,22.466561468370738,21.834040796097703,23.229475276867394,22.64437379931553,23.466732171952295,21.736970695623597,23.75464715159453,22.344347175452228,23.487124045768446,23.16048698838478,0,0.896729547887711,0.830592517095592,0.818226127002315,0.216668812607291,False
Q99961,5,Endophilin-A2,SH3GL1,21.012875477459097,21.73867271787727,21.088638667251942,19.365833372979434,19.14531405510903,21.71565735661699,20.577936381518377,20.662842113726022,19.561701447767735,22.186966028947467,21.826396103336144,20.957325668902662,20.70268728629688,21.642577441416094,21.19468368486452,21.535750025366294,21.85260844995251,20.462393720948587,21.86703087533879,21.804741051777707,8,1.35541875821116,0.0921284813689506,0.423185026411948,1.76628027644834,False
Q9BPX5,3,Actin-related protein 2/3 complex subunit 5-like protein,ARPC5L,19.923518235668425,20.043572225681782,20.42010526610226,19.049986748440674,20.097360532139444,19.961001871953144,19.985407754755666,20.479516124019405,20.231976612672877,20.379822671603556,20.053995194431945,21.215957868792103,20.469932276656756,20.411045059203598,19.89348374156251,20.110047663294324,21.071024339638495,21.365367051264315,20.769955219718018,20.68018652625258,10,1.49648709154623,0.0379870280075814,0.300084413217238,2.21702096531553,False
Q9BR76,8,Coronin-1B,CORO1B,23.235256740943523,22.389842421359337,19.411843248651422,22.68907006399494,22.655876743290456,23.949552976372445,23.69173232994514,23.20234671892003,23.909088295574485,24.332177556727554,21.999273008212707,21.75001202152561,23.45051446730135,23.667932885994038,22.920998011523043,23.442628668686037,23.915005891617536,24.035575225556414,24.194653345097098,22.6475908170296,2,1.04657559900141,0.534995733797012,0.727049936758826,0.630948076151957,False
Q9BRA2,4,Thioredoxin domain-containing protein 17,TXNDC17,24.21944753863394,22.64514992609014,23.937515647259215,23.573735716888432,24.676538983160196,24.3224020022584,24.38295804696509,23.584999204151174,24.199880506905075,24.252004605037953,24.429138088959288,24.01368710176921,23.220923634401352,24.104366547958378,23.215947067934454,24.30545499176318,24.458895995599242,24.272681443652406,24.40086290655799,22.97059699605557,0,0.973688191277575,0.881874438884417,0.825812662811676,-0.150443529587111,False
Q9BRF8,7,Serine/threonine-protein phosphatase CPPED1,CPPED1,22.80959238865955,21.946230620457374,21.578061151879428,23.63499054003756,23.696363274344822,24.97658345639759,24.45288629886561,24.793755264635063,24.073166335805244,24.150624079075083,20.75736661261567,24.483377176985375,23.63625011361679,23.828458528418917,24.187870153390016,23.789130651425165,24.697781826480725,24.06432483082643,24.101611671277254,23.874494165059694,0,1.01492223767387,0.742019403714078,0.798823546685696,0.333634333317538,False
Q9BRG1,5,Vacuolar protein-sorting-associated protein 25,VPS25,21.932389240330966,22.220855329375553,22.47886210316758,22.0628069963745,21.906026821102838,22.251133288412184,22.20279340522461,21.654572567824474,22.167296170210506,22.270426412829814,21.4331975010853,20.998434010205784,21.3631914614242,20.335457452864492,19.59111724614311,22.287051386442,22.38067510945063,22.089642974022365,21.64379485957866,21.020497334835518,10,0.65705231018199,0.00778200413667103,0.176846314359072,-2.94742805201271,False
Q9BRP8,2,Partner of Y14 and mago,WIBG,20.085227243569665,20.107280312511435,22.20342746839606,22.066122167203236,20.143721144438665,19.496805510880154,19.396006020126237,21.93862417342609,20.067404101930634,21.21019292737372,20.026870647420807,20.26454314879173,20.591925900063785,19.14278379604534,21.0957673014359,17.91064109731541,19.90817903911836,20.053823880561513,22.174111953232785,18.39689155433596,4,0.654066545139057,0.171076881360608,0.521118528909864,-1.41809598162678,False
Q9BRQ8,4,Apoptosis-inducing factor 2,AIFM2,22.680132333422446,23.036682185858414,22.627465102967978,22.415794711417327,20.6452476182961,21.35501482118153,22.222977828464423,21.577141175031066,22.344753415669143,21.409416021986054,21.093369892714755,22.02264864518521,20.512402638425424,22.06215066293709,21.99573633558561,22.555019251028956,19.26147837999116,22.370874262836338,22.4451038798094,21.23638608136666,3,0.772069766410932,0.26263253240683,0.587927183588789,-1.15162848885656,False
Q9BRT3,2,Migration and invasion enhancer 1,MIEN1,19.99351950251537,18.951607242099627,20.76146000524094,20.843623201830237,20.63822561081395,18.758088596622546,19.118261262634288,16.835986764366638,19.417951284262895,20.657443566935033,20.490280308067586,21.153524228906996,20.37212249966984,19.040962965661112,19.86897267962608,20.144759672426957,21.291248848534774,20.851014441273705,19.39048001715038,20.396894329423514,7,1.38916461729407,0.103519784709657,0.437355574810954,1.7032788601682,False
Q9BRX8,11,Redox-regulatory protein FAM213A,FAM213A,26.80622271320491,26.495266435780792,26.879722116257874,26.609051918620192,26.1053569624186,26.09456427830371,26.926379719398653,25.568513344592937,26.59455154898415,25.97156815813306,25.504149065142084,25.378674431159613,26.196402380737418,26.45006720493936,25.612926361292406,26.529326357417307,26.996156564026595,26.59672665706948,24.58726101936882,26.030026513653006,0,0.795876710027311,0.120444812454854,0.468473175942793,-1.61980646153383,False
Q9BS26,9,Endoplasmic reticulum resident protein 44,ERP44,23.925742233257807,23.306370218040804,22.98504765507353,23.078973863723515,23.826435871169352,24.564595441410578,23.963263949499872,23.600081483682313,24.31113062882578,24.48990888531359,22.98259768189532,24.023446327116076,24.43827824921305,23.929242363908998,23.912120832802167,25.10173357829377,24.292938083853365,22.947116758911374,24.581736230640477,23.494032309488656,0,1.15833641349698,0.543317271272492,0.730408413405023,0.618021701375289,False
Q9BS40,3,Latexin,LXN,20.515667730323038,22.577490356973332,22.643346239980545,19.535889156856324,21.953317295512257,23.07313753401869,21.822927713809236,23.670804807417518,21.63365213569328,23.844124513387058,22.729151650094934,22.51965429104058,20.646705236592474,21.460189302331845,21.423657453435347,21.192418844767,24.574571880779466,24.13847926915649,24.272462005323455,21.867828820483226,2,1.42497133528539,0.499183700514238,0.712046075963366,0.687878011762214,False
Q9BSJ8,35,Extended synaptotagmin-1,ESYT1,26.960154841191056,26.505204102357855,26.490724595371795,26.701715639381558,26.09946125111018,27.107802788221765,26.667598539426116,26.083701305609324,26.91528387501658,27.113218367107752,26.398112808984557,26.65559272813446,26.56038363551717,27.064754953929697,26.407844104712076,27.244015584378996,27.368815461034885,27.169874335422904,26.463944679748458,26.88380390939537,0,1.1158974173765,0.349084395066887,0.63152204513882,0.95812267244941,False
Q9BSL1,2,Ubiquitin-associated domain-containing protein 1,UBAC1,19.595501903998887,20.745798480200946,21.827173396960916,20.434273506399066,20.424873613993036,20.44543745069643,22.299197417920016,20.305942916524824,20.28495364565499,21.526024721239374,21.766305194192114,20.04418631730333,21.459923189559955,21.840417097491667,21.89930696451992,22.618000017710944,21.70585742108506,22.041143751489805,21.87218540855843,21.657438404698187,4,1.71627741281804,0.0165982872347134,0.216813824767178,2.60701673927516,False
Q9BT78,9,COP9 signalosome complex subunit 4,COPS4,21.7321533574173,21.954813180773254,22.960792187188655,20.47845812271953,22.132404759494143,20.793580908414594,23.69093728627514,23.114498765319432,23.433836550754613,22.661653065922984,22.0818454602138,22.676107445869462,21.474842615838014,20.72760021810988,22.669800595835586,23.186081726685853,22.407804612078255,22.30939011928319,22.732124420078023,22.21357002134808,4,0.850760942763006,0.902683335134354,0.826708499711055,-0.123783802980725,False
Q9BTV4,12,Transmembrane protein 43,TMEM43,22.068266869126198,23.18982221425588,22.02679645531131,22.733133761677475,21.35461088827283,23.98916434011227,22.715208395670945,23.69755023060433,22.907133955663003,23.999975025584543,23.11917526516518,21.622619097187226,22.759080039500272,23.573824654696264,23.78918187782889,23.706332250245723,23.567246298272966,23.112334272890944,22.557034326471907,24.98644187503154,0,1.34948067129612,0.245223048803022,0.58311339070537,1.19606728279563,False
Q9BUF5,20,Tubulin beta-6 chain,TUBB6,26.13932115407052,25.962577021966204,26.39152868660319,25.80286578574673,25.68096307445564,25.443048292337814,26.131554058250043,25.781263950070834,26.55185222794972,24.75844548951154,26.26423948452358,26.24035218186108,25.730537851873912,26.215170240817688,25.213719198629672,26.539532428567767,26.817961861948447,26.801080593701315,26.17186876033432,25.885998451878127,0,1.24800449817014,0.142683042038755,0.495190015417898,1.52397504928362,False
Q9BUN8,2,Derlin-1,DERL1,19.78131503111532,21.01135654496166,20.648327037102224,20.511591023593585,19.05620473313806,20.92019747897448,18.848427494908922,21.06460861287754,20.830121029807692,20.8884531926419,19.69047370154592,19.67140415635221,20.3364559663159,20.672905679018424,19.156570478291798,20.59672620312904,19.853075591456335,18.706595171029434,18.12206375427746,20.00998926381726,9,0.631087861509898,0.0848784090275871,0.418710352294526,-1.80996992645141,False
Q9BUT1,5,3-hydroxybutyrate dehydrogenase type 2,BDH2,22.50853078055268,20.58560596066575,20.86151976954845,21.043140508220066,21.141053124311142,22.956128959076217,22.225166616640685,22.901284905563696,22.433173680167837,23.008494621557347,21.030489616062003,23.301808516021445,22.498847253153645,21.232243554319297,22.981528401526123,21.602837379177505,22.53660886736738,21.963949648935916,22.907512590443645,21.567864287020047,2,1.09401352119037,0.565972004215765,0.732675882289056,0.583354036680307,False
Q9BVC6,3,Transmembrane protein 109,TMEM109,24.35765641186283,23.95855024695406,23.59190946810037,24.132185915024134,23.450105111774263,23.07259532644878,24.19100821175485,24.40860505306254,23.67067814988128,23.501783655025395,23.3880696584028,23.321840413159677,23.73403050762724,24.678609030532645,24.419462436400856,24.542546766371967,24.014017568053493,24.20311211168506,24.084099465439845,24.35099836473578,0,1.1849976613956,0.298558722254811,0.608461038679821,1.06638455401465,False
Q9BVG4,3,Protein PBDC1,PBDC1,20.838246588200214,20.61049097521828,21.380796216901917,21.16013765246948,21.342661528542973,20.02329745494474,20.996603733061054,21.406701342593802,21.10004848973156,20.69611255467972,21.889059742427364,21.320830149538967,21.73998936177002,21.975347202024707,21.969173097937656,21.622109323287,21.48124895063482,21.95274957275067,20.95539905788113,21.00479086633428,8,1.54486342785428,0.015823030059617,0.213408620082281,2.62890123188484,False
Q9BVK6,4,Transmembrane emp24 domain-containing protein 9,TMED9,21.704773446815523,21.611670748645565,22.44466686429965,21.31127557420816,22.43296141250652,22.175094026433374,21.747514017507736,22.255693093521984,22.37702126614025,22.71389881432479,20.713349839619987,22.225199585384306,20.801960221911326,22.81330596819214,23.10652197014181,22.021842609373866,23.115528880826464,21.631214348096925,22.713738038299937,22.36654151712935,4,1.16339919874324,0.825471113521672,0.817624247495614,0.223332446671502,False
Q9BW30,9,Tubulin polymerization-promoting protein family member 3,TPPP3,23.677589178574472,24.995327447986828,23.868542781918645,24.717007059591417,24.251185040911196,23.300008534096666,22.479311328656284,23.46291891320077,24.53899081204446,24.698008547964577,21.778117054352656,24.67708254804452,23.02793223697367,22.734016889313168,23.140231918380955,23.117781251593932,23.13435460200637,23.796498670604713,24.559570972837726,22.431381569153515,0,0.626575473364962,0.0496326849193566,0.338835504947756,-2.08542961371153,False
Q9BW60,1,Elongation of very long chain fatty acids protein 1,ELOVL1,20.379233162244013,19.287680608427838,20.06772231134378,19.941494978653797,20.114687946538865,19.19479185509001,21.58390924579138,18.79150626299841,20.17458509062743,20.332878895610378,20.31835062062888,19.51622999924645,19.877675166591953,20.745777734450286,20.863320564672524,20.18576185384713,20.7519000323115,20.24662393929412,19.834896244260516,19.46899735481638,4,1.05052079143981,0.550561281224547,0.730786710248407,0.606855095222241,False
Q9BWD1,7,"Acetyl-CoA acetyltransferase, cytosolic",ACAT2,21.715602565914143,23.849274039996633,23.994331212561296,23.32461259187731,22.108382032898856,23.940666804635725,24.494285088220455,23.109031934068256,23.4650294575435,24.197986453583393,21.58755999975065,23.20077732477952,21.322881219383994,22.551249815886237,21.26313608464606,23.963260888110653,22.98285142996397,24.002449841475254,23.779615845818252,22.227599327192994,0,0.653121827870719,0.0548326834601173,0.35525066816155,-2.03551699992402,False
Q9BX66,31,Sorbin and SH3 domain-containing protein 1,SORBS1,27.21962593544892,27.126834835157293,27.345634955274402,27.674166214120383,27.477709081944287,27.357567527157208,27.522339873104276,26.435881108340674,27.29633302700468,26.27983329219447,26.87070387614112,28.043135825263537,27.479093411051064,26.62925185568949,26.7693545016927,26.40492055925609,27.126122041386065,27.13417119920454,26.762047107229115,26.29961451572925,0,0.877766060961953,0.289532707977403,0.603321843609166,-1.08706711970249,False
Q9BX68,4,"Histidine triad nucleotide-binding protein 2, mitochondrial",HINT2,23.39457145069522,22.539891705061237,24.234135137025632,24.421191297890974,22.50295941814664,21.942400941791327,24.187818275397014,22.397559791859916,23.58317562376697,23.00506996009586,22.418775470509786,23.099295960182598,22.428833113744496,22.27091502147254,23.029206922407816,20.84778367069072,23.40629131581398,21.450455754271946,21.75340387808558,21.548200877610928,2,0.490193682506366,0.0123517544703609,0.198938501065838,-2.74130407475818,False
Q9BXK5,6,Bcl-2-like protein 13,BCL2L13,20.38751391946159,20.499060763121793,22.92228172937152,20.48622916072904,22.399917748983814,19.94522810090835,23.23621432531296,22.548657072721795,21.965263655490276,21.232817575199128,20.451216643381493,20.142676089093563,20.503290969971815,19.786834311018897,20.170502342365566,21.086448140410283,20.816753905124422,20.079851294265364,19.713297873491463,20.538406819441455,6,0.331642052542102,0.00675054997990442,0.175323277667773,-3.01007992430728,False
Q9BXN1,10,Asporin,ASPN,25.615934523476984,26.221482181587657,23.913177727299267,25.19937720840205,24.377796478389342,24.78216528255395,23.958206871100668,26.227129507553894,25.389029008290358,24.664680545821135,23.430128678836773,24.642483886520555,26.189701553381372,26.451630189844227,27.01831512249869,25.25720518827517,23.696496574688915,24.416264013725122,26.05452493025445,24.800985070785547,0,1.29178439669338,0.7145998433207,0.789207019147749,0.370749608117318,False
Q9BXS5,1,AP-1 complex subunit mu-1,AP1M1,19.28590461840806,20.21164338329139,19.13547718690982,18.81879825472077,20.63817567602649,19.73145642640558,20.72856197362933,20.61923808453165,18.283976657600086,20.116350997826437,19.541224067667965,18.85445932170551,18.772612216753576,19.660103616796693,19.917864804448403,19.014493000377374,19.51401890816922,21.1478030752364,18.69704071382028,20.567186430165858,12,0.890750605338102,0.617366197623345,0.755192054657026,-0.507231599157166,False
Q9BXW6,3,Oxysterol-binding protein-related protein 1,OSBPL1A,19.154236293605553,19.520268716773515,19.37216405382786,19.320608088372072,20.866645148670898,21.787408659497938,22.393736392796725,20.53751940799569,22.02142615338429,20.93368367046713,19.142739641524635,22.085784673906296,20.83842318695842,20.096395498086927,19.471219048949152,22.342730964612393,20.189238785360917,22.162591725273302,19.593651085529647,22.04285475903433,4,1.16662796800807,0.642309919194737,0.759476558552735,0.471381719651633,False
Q9BXX0,11,EMILIN-2,EMILIN2,22.868712325855473,20.21283032039931,20.07614633434386,22.599851357605026,20.221365796999617,20.931325637728882,18.357173210629835,22.605158216267743,21.16685893143736,22.529795227338266,18.859869487237866,28.610257545256342,20.53295050826606,19.881672438068648,20.44561298779498,17.74861929943008,22.554186546731504,26.135954610843026,22.92439758087472,20.97369273452694,3,14.5398440080328,0.522160250879239,0.721310207615658,0.651102131096924,False
Q9BY32,4,Inosine triphosphate pyrophosphatase,ITPA,22.358768225860814,20.174914446878883,21.953159686448604,21.36756343079665,21.330258198632027,21.234440915635066,19.838199902848523,23.327171640393303,23.298447899175564,22.06996832719878,21.866359533915837,18.46845234714248,20.9077325254509,19.486641775461,21.732851532597483,19.563063646274003,19.733391577976217,21.154756597493634,20.02104069842407,19.850763647631357,5,0.366790563540296,0.0092427022102116,0.181482743058785,-2.8711636785441,False
Q9BZL4,6,Protein phosphatase 1 regulatory subunit 12C,PPP1R12C,20.91203420408835,19.896446357058824,20.554604135011125,21.831424178164998,16.115534097833336,21.23462442650959,18.728121136365015,19.375913504646864,21.90324819680697,20.919200597681893,19.84472694229642,22.095707370569194,18.95771171025658,21.544919829733587,20.580700338770875,20.791939700653177,19.77957029786323,21.249420141178906,21.06360715665688,19.89288183714944,9,1.06496598851293,0.482803522234507,0.705049346435958,0.714687669095708,False
Q9BZV1,5,UBX domain-containing protein 6,UBXN6,20.27500829035473,23.258672717010384,22.55153693586671,23.090020133001687,21.264334464744337,22.8003819369189,20.99236522623974,21.45132229824805,23.07734637518394,23.248678033101033,19.90687465762467,21.83518856641462,22.41887211622515,21.161457974811018,21.769307097217318,21.030545946822397,22.137669593822515,23.42756305838817,20.171920367175225,23.18579807691397,3,0.75053383280949,0.329388083864469,0.620838122156971,-0.998934565358928,False
Q9BZV2,1,Thiamine transporter 2,SLC19A3,22.27022801850688,21.41430808614916,22.388827139304063,22.55409356482828,21.085404373159523,21.524892259942202,21.891952477095845,21.182703845948957,21.477428243325008,22.482128513316287,22.955553684457886,23.964233160777503,22.064343009964137,22.254191175271714,22.255117282977785,19.95232854019931,21.44192942894776,21.37906212418106,22.203515962119155,22.903623660370187,4,1.46148269167988,0.398425127724215,0.662759156764724,0.862300672818232,False
Q9C005,3,Protein dpy-30 homolog,DPY30,20.267020840363056,23.38286121302318,21.608113028484837,23.248071465194133,22.5163245709171,20.75169173893827,22.851163033337613,22.93920904362739,18.670877691509656,21.19960531485849,20.286452615144324,21.08722216276944,16.44174131463714,20.30010233548948,20.613779558232423,19.0041887097893,21.022674008112322,20.385838829319272,20.661822588171226,18.4368937405321,8,0.243054664340533,0.00644381293793894,0.175323277667773,-3.03049950979456,False
Q9C0B1,3,Alpha-ketoglutarate-dependent dioxygenase FTO,FTO,19.4613290232122,20.641997252397303,21.10331094223423,20.246426993295017,21.67056465685272,21.377806238764133,21.153346058139874,21.10722332417274,19.611409422408588,21.249315014391517,19.569649101397324,19.866952637321976,20.80092408894351,20.37021096322865,21.558998694922817,21.671312721761197,20.639157736320943,20.185587809539893,20.394872972563608,19.83272526604545,7,0.832401607539081,0.443063726407555,0.683685726064029,-0.782043721811444,False
Q9C0C2,32,182 kDa tankyrase-1-binding protein,TNKS1BP1,25.359762299900297,24.92555494640817,25.193058987819306,26.343822047206324,25.244041975038648,24.52130468858938,24.986416078423712,25.228012410585514,24.773590217412444,25.0584167443007,23.995584001113805,25.006353061350026,25.43763658798453,25.04663545137195,25.13988221651501,24.4263295727949,24.717910144315947,24.692463014510615,25.69936324859365,24.888220499570565,0,0.828981883329583,0.248827063418138,0.583149616570681,-1.1866783326718,False
Q9C0E8,5,Protein lunapark,LNP,20.15951276160119,20.966196930905515,20.393240989737482,21.266470798599748,20.627396697035262,20.166412752034397,20.869315059878627,20.54138263493438,21.11382035839079,18.687542081277485,21.65373102541491,20.840969121349993,20.546131140109576,20.68112843479441,21.750396633388643,20.622615834207796,18.791637586382887,19.95564824940445,21.622538921547616,20.40463907221558,10,1.2224784916672,0.567528411136109,0.732675882289056,0.580999130388043,False
Q9GZP4,5,PITH domain-containing protein 1,PITHD1,21.769739533886685,20.999256523390546,21.456159188086716,21.87429113366075,21.796658324329925,21.09072423451918,22.250266230423332,21.593706146979958,20.968632023593432,21.38783922735715,22.04678891104444,22.371922993963363,20.869934428978787,22.333998015873377,21.421060208363276,22.2144492866178,22.11030487376345,21.047101441087907,21.186743497244713,21.44809631139766,8,1.17173655405175,0.506422214906933,0.715810942831439,0.676191288550974,False
Q9GZS3,2,"WD repeat-containing protein 61;WD repeat-containing protein 61, N-terminally processed",WDR61,20.081781575169064,19.496616840501964,20.756205729956374,20.015993051730852,20.786530151194214,20.08696629799072,20.749551722706514,19.949952007051202,20.274125516565288,19.89769224316042,19.18560583901241,22.070981657956107,20.840181366961097,22.17309522453461,20.383935691243302,20.453981631288215,22.43542877776659,20.236032943263574,21.779548112066706,21.149235246765357,12,2.15827022308622,0.0319775603888083,0.273698145271085,2.30012718021347,False
Q9GZT3,3,"SRA stem-loop-interacting RNA-binding protein, mitochondrial",SLIRP,23.53756736173249,23.9379429752944,26.835812268898408,19.51023427335567,23.688196715070575,24.76723152216961,20.12944630010202,24.14693843118562,26.13038186389692,22.92674993821367,24.73387942886909,24.572063091151158,24.553041113637565,24.814482334432938,23.21527896648661,22.28538892687484,20.542682666421367,24.622700278033964,25.662167052037713,24.3616100706357,8,0.76654782061449,0.649687213710647,0.760966574422578,0.460900213777772,False
Q9GZZ9,3,Ubiquitin-like modifier-activating enzyme 5,UBA5,21.255116885182453,19.627880176204663,19.228288094740428,18.13252850487547,20.107575951765075,20.379210048392157,21.252135907080067,20.132609280275403,21.56337519003124,20.3956022511316,20.278556004111028,20.23139961766847,20.355320809991653,20.60176242078937,20.21733562489842,20.554384477839164,19.72983694955082,20.57404449715212,20.108732702575523,20.432177081271444,10,0.887880493636679,0.754537144687404,0.802778333272415,0.316851423521166,False
Q9H008,6,Phospholysine phosphohistidine inorganic pyrophosphate phosphatase,LHPP,22.844020854541146,23.58977746764179,21.89502676793116,21.931159162384063,22.336721519195187,25.04837976691464,24.997389923437442,25.410050639396804,24.70682187200467,23.647650098371475,23.65281000586668,24.21276920116964,23.283319835102517,23.029574060469322,21.470558927665206,24.050484544403627,24.763084655532484,23.430496139184907,23.474940544165914,23.511755069018793,2,0.723704920017128,0.651826845197607,0.760966574422578,-0.457870125840754,False
Q9H074,6,Polyadenylate-binding protein-interacting protein 1,PAIP1,20.890903205513045,20.608207777859402,21.238401275046513,21.206257734720484,20.78285272779193,23.18606376666183,21.493991385100205,22.667481205230576,23.131601539661894,22.97036865496279,20.55320164865621,20.971345027016035,20.564327598955895,21.934410972846322,22.680791840215154,20.726672953394846,21.720732056359378,21.417879975015982,21.85804607648287,22.14176040638867,3,0.690030561304741,0.26854092785063,0.587927183588789,-1.13704578710719,False
Q9H0A8,2,COMM domain-containing protein 4,COMMD4,21.350262531196847,21.47818511616042,21.50943044468894,21.464498774716752,21.480442659032956,21.436849639171072,21.483704528430778,21.38261692435539,21.29891745004737,21.626053082246667,20.7456836269095,21.259216614387636,20.95950856557999,20.77355273366275,21.356924812191295,21.310832900015125,21.23150138549626,21.04919496891926,21.20391976140137,20.340524413997027,12,0.75769797189035,0.0528254108346617,0.347752097771272,-2.05425907522474,False
Q9H0E2,4,Toll-interacting protein,TOLLIP,23.245718297254495,22.589086168275273,23.17453441085395,22.330611886835754,22.38659905914685,21.36638475524219,22.94939905582443,20.994394309955172,21.55272856087869,21.08395164317624,22.599760976736736,21.05092015472439,23.168830461811808,23.033946646397236,21.38198773098219,23.674442849866058,22.48158062754294,23.721580399186074,20.79376994012812,20.70375948304131,1,1.2050598124117,0.829325401292861,0.818226127002315,0.218316551851908,False
Q9H0R4,3,Haloacid dehalogenase-like hydrolase domain-containing protein 2,HDHD2,20.864586980379,21.284702014060215,21.299418307512102,22.44812081016919,20.620498051909866,21.132776967732028,21.350198413922108,22.237995673048264,24.142957525317755,23.5220526593405,21.212014389213376,21.49216856230045,20.995679327960676,23.35209451629331,21.219303790154477,23.383089408947846,20.920692104997425,24.00018495628279,22.06666353848867,20.993184540779218,1,1.03524061124048,0.880348821450487,0.825812662811676,0.152402275877776,False
Q9H0U4,8,Ras-related protein Rab-1B;Putative Ras-related protein Rab-1C,RAB1B;RAB1C,23.74581862081605,23.964253034306605,24.942138551282735,24.375495083604072,24.082681817758875,24.713293991531,25.044070870843925,24.815693799225894,25.060691503395528,24.659498094518202,24.570249488087065,23.771945701934037,24.134498754001335,24.88215755503533,24.038653238731104,24.672405777656024,24.68175357735916,24.598273213155682,24.835824844873347,24.078913753095936,0,0.910673682195623,0.550621619196259,0.730786710248407,-0.606762412988319,False
Q9H0W9,8,Ester hydrolase C11orf54,C11orf54,24.576118113348087,24.019797082088417,23.24854811271802,24.781152147865722,24.673545033651436,24.261667587699836,23.622724452180325,23.585983374351624,25.008716234684766,23.253592866823663,22.90606036868271,23.346692018661866,23.954521610728484,23.816265619631054,24.004362972339834,23.930157575233377,24.3796077202476,23.874035760643263,22.81954505548568,24.123450333440932,0,0.737449652326167,0.171615673847082,0.521118528909864,-1.41622928699491,False
Q9H223,27,EH domain-containing protein 4,EHD4,25.209242281717835,23.86533475459881,24.692912342637033,24.226323268752395,24.792799912876127,24.920862157354698,25.008103627328925,24.933112364086025,25.143807265302524,25.52896481233667,24.499909582100464,24.787122121078106,24.692787394742492,25.31988545663985,24.693807193536934,24.639915730235167,24.254249399020463,24.486948182657255,24.92987801939009,24.525302349129554,0,0.877528153379194,0.417873941870241,0.67072686746708,-0.826669404317825,False
Q9H299,5,SH3 domain-binding glutamic acid-rich-like protein 3,SH3BGRL3,25.40309404179153,25.432987656765206,23.718272145256808,25.825700322692292,24.564160053565875,25.337194350227925,24.299011918951162,25.24000406989591,25.805230679677834,25.702543857965537,24.056767054483178,25.14570279233536,24.980679807527522,24.77048842276473,26.022742286035648,25.797827935053746,26.022628423650307,25.043224645659375,25.116569693328962,25.42537145333636,0,1.05783664844193,0.712909596155038,0.788969552900123,0.373054490977176,False
Q9H2D6,6,TRIO and F-actin-binding protein,TRIOBP,23.134688386373288,23.864771754851773,22.351865450497453,22.978664874905895,22.543568707070186,23.170702934912065,23.30687466685612,23.275788853911205,23.904853111873344,23.51757298164703,22.542542011296604,22.66046098159454,22.12402791089767,22.083574312408995,23.500320917664812,22.063053373401694,23.286624862502475,21.983934658123598,24.274566242832364,21.960401724720235,2,0.75320001638865,0.0880807122641386,0.419883675208394,-1.79028938986803,False
Q9H2U2,8,"Inorganic pyrophosphatase 2, mitochondrial",PPA2,23.57702347581325,23.30864182147169,23.838080193574612,23.7955749131262,21.899209890172806,23.922728554955327,23.155396797704633,23.123202834200292,23.88395819439145,23.70153920177723,22.745255575541155,21.983771743300387,23.155312744267793,23.822226254215092,24.296818414114778,24.0287381378319,22.202042698600565,23.366365801765184,23.783336313347196,23.397324991335132,0,0.952668545006073,0.663275928022972,0.766605691647668,-0.441729283963587,False
Q9H3G5,4,Probable serine carboxypeptidase CPVL,CPVL,19.479074948872874,19.01211163406702,21.421031239900604,19.573500889824086,19.897218802141843,21.324527676046465,21.16874980589225,20.620589496213377,21.831420645225094,21.523984224045805,21.03799444065431,20.54543093611114,20.27615488641078,20.364244164161665,20.35122856919567,21.294190931084252,21.19953647697336,21.252082833586396,20.701038314065922,18.968699028833868,11,0.904447492007993,0.96762688400231,0.840871075182162,0.0410797580209488,False
Q9H3K6,2,BolA-like protein 2,BOLA2,21.286138708586858,21.00327416483922,20.933862897127632,21.68088999116151,19.606450923757762,21.521018568881345,21.774416238982376,20.846654642816944,21.263799310391118,21.72841604648389,20.803351827408484,21.770270924370323,21.795759091838427,21.93149126139799,20.65060758873752,21.435958209665557,22.37123100341766,22.090934369781923,21.367600548708896,22.053706011493972,6,1.36306551378733,0.127867859456505,0.476682051757318,1.58628923719239,False
Q9H3Q1,5,Cdc42 effector protein 4,CDC42EP4,22.309073788667195,21.562720545181627,22.22241265200109,23.05719852733871,22.687573877412365,22.95880731757374,22.85000794760905,23.219190687489267,22.38513702921899,22.602346046026312,23.011210787883815,19.762855840695195,21.627245950657755,22.669173558314345,22.3224738664803,22.679531095778657,23.20032414938816,22.251546473894045,22.697338941114555,19.90717187772537,0,0.812666627444008,0.18737870607603,0.53240815837221,-1.36358616347893,False
Q9H3S7,5,Tyrosine-protein phosphatase non-receptor type 23,PTPN23,22.272942105832136,21.308347149713775,22.99046806662295,23.550422724917176,20.811962521969985,23.58973242806602,23.366506839508425,23.9046808773936,22.372254746354056,22.161042627674185,21.913642440254108,20.917094345943738,17.369194627815148,22.655717499189475,21.28867989945146,23.686201481662437,23.28206217562186,23.755849468463975,22.21502781260197,23.54843506234334,7,0.885146131564819,0.29464859395164,0.606452439173249,-1.0752883225204,False
Q9H425,6,Uncharacterized protein C1orf198,C1orf198,20.59180130817017,21.056517071917895,17.96397581719053,22.607289712206196,21.31758503128936,21.375908926388977,20.750908595640663,19.13493520092155,20.304353101038526,21.56713833707778,22.011872580682915,19.731504684789176,21.82636231796651,23.29826458882894,22.34202368164494,20.815716619984745,22.534905315829644,21.589989495754782,21.979452212959607,21.00315154346766,2,1.85760055502362,0.0567013434305399,0.35525066816155,2.01861319161604,False
Q9H444,4,Charged multivesicular body protein 4b,CHMP4B,20.575701535328115,21.056271241116068,19.942949533309836,21.25530052998872,20.79689418452013,21.141075495305895,21.061621560701756,20.690296948074966,21.526545061753982,20.765924639466327,20.52662570864996,22.27646082670335,21.35259452450837,22.15386792702639,20.834276850007242,22.094995625735795,21.754776653747296,20.998666500112783,20.717967910310783,22.083111919358693,8,1.59843139342259,0.0555500690342932,0.35525066816155,2.02896751801753,False
Q9H4A4,19,Aminopeptidase B,RNPEP,25.054831540729502,25.05786891405554,25.66987162897231,25.202248083321944,25.74225778373545,25.66580622977575,25.90962002756054,25.368530355877375,25.686689466688406,25.5276327664663,25.4551616095012,24.714844448622753,25.982935523371804,24.892994384854994,24.962619340989356,25.66615440942292,23.991214993186674,24.98463697832545,24.603183427574837,25.6750729283708,0,0.804165691156093,0.0849161971293183,0.418710352294526,-1.80973396280451,False
Q9H4G4,5,Golgi-associated plant pathogenesis-related protein 1,GLIPR2,22.125749268190393,22.799554403078208,20.230598607787847,22.191389634431843,22.43554296782827,19.897454737814428,21.433719531427613,22.842312145230014,22.00934040996339,23.600546919679143,22.233917125937808,21.88583982362305,23.403801467282936,21.812542649343467,22.547011914150932,21.067078184371518,23.41245097693462,23.498537409226074,22.41731425108999,20.95972103656753,2,1.20701550061056,0.444824518701319,0.685173298790309,0.778983806736717,False
Q9H4M9,24,EH domain-containing protein 1,EHD1,26.195204528172805,25.676498440450388,26.012194831700267,25.66408301705378,25.304068386329867,26.176376453525254,27.81017520113366,27.017291180800086,26.991789650591436,26.882284642404503,26.283029979425766,25.51269322191796,25.569125265147633,26.61666020661483,25.994070956784228,26.662341278906684,26.218463309630547,26.91318017347756,26.34954274939969,26.114304351080765,0,0.820400211118268,0.458660414534312,0.69086707470759,-0.755192672609626,False
Q9H7C9,5,Mth938 domain-containing protein,AAMDC,23.374450115864104,22.95695810779576,22.332489881678434,23.521078624831745,24.22037835201772,22.6193031270019,22.45834721777773,22.473232081296548,23.550817667101594,21.892363541328905,22.609552943010183,23.708595316800505,21.468071741928306,23.40000812430054,23.058795149997504,22.077731813454783,22.76678158148059,22.491792679592727,22.95843894413635,23.218052275918595,0,0.867830438023775,0.602412673009648,0.750269498002461,-0.529048420294676,False
Q9H8G2,1,Caspase activity and apoptosis inhibitor 1,CAAP1,22.709823058073727,22.04274892459623,22.16829438995526,21.33161673439026,21.943482034818278,22.199199089181622,23.006508121323495,20.367220013863715,16.288185112927334,19.978331045130734,22.127333511462403,18.741063198439523,20.739821699729543,19.90275225359734,22.006410076039014,21.54071616350542,22.166735867767414,20.01034179515014,21.045694983786486,21.95637443958928,10,0.70578228973733,0.782578463144242,0.811450985241191,-0.279583031475641,False
Q9H8H3,5,Methyltransferase-like protein 7A,METTL7A,24.796030316001954,22.359859490775907,24.730163248998714,24.43775514276542,24.616024342755317,22.83818238877691,24.487585961067495,23.82355910891958,23.85047651053464,24.835248531136326,25.330302974386054,24.428954989908473,24.399000679161603,25.156134979216937,24.392632169558297,24.517391607852332,25.2880793516756,24.354117532426343,24.639090845846454,24.03184219088879,0,1.36840964344091,0.0768565590176943,0.406844594708366,1.86226246723931,False
Q9H8L6,5,Multimerin-2,MMRN2,20.69080092968792,19.847563718728026,20.360573534439972,21.979325047973198,21.14143840807385,21.361279370825347,20.631866861334924,20.74154748588035,20.99477794943291,20.721097098815594,18.15867682764712,20.251972292447913,20.689972127057025,20.98300318036195,19.48691525094481,21.505165035081397,20.52991084929125,21.351907487879878,21.22187718762088,20.744066562933746,3,0.856747232588857,0.311397335201682,0.613979024606205,-1.0377236155384,False
Q9H8Y8,3,Golgi reassembly-stacking protein 2,GORASP2,20.22281037237694,19.419283278971196,20.217076156628092,19.889203641373626,20.286318822260416,19.598102437197785,20.151189639655275,20.056150621759556,20.275155211022444,20.294790597250746,21.78539479314654,19.54435131297948,22.801291977377385,20.279453953335626,22.57197849601798,20.211489359169047,20.465372274025917,20.261341440169247,20.239269116320003,20.19797059808845,6,2.32387211527615,0.0313894249974118,0.27325797600272,2.30901553063061,False
Q9H9Q2,2,COP9 signalosome complex subunit 7b,COPS7B,20.315088375582647,19.092358895990728,20.28821756355729,16.570499048918798,20.50378498066721,18.452309541044006,19.42667305688056,18.780964333816005,20.339269607764535,20.681197609042414,19.12555051051919,20.238496258065858,21.153540766008675,18.511393646129036,20.412187572256773,20.356011804903048,18.521487906500948,20.748329308991373,19.0472036905074,20.001790134034582,11,1.18727840967231,0.465862842080976,0.69086707470759,0.742979218454272,False
Q9HA64,4,Ketosamine-3-kinase,FN3KRP,20.263425853735438,20.449854816558762,21.659328148859785,20.298867549110632,20.601829286420305,22.07114120449157,21.672278688525832,21.011431544088342,21.809277987225098,20.885923148939128,20.546069867967297,21.196035257556986,16.21042669025756,21.975240210902356,20.49644904244216,21.01360147603507,22.23038349853085,21.59963474279056,22.17351926429713,20.382106379853244,5,1.06423489946601,0.586729655118313,0.743447109981051,-0.552213119126017,False
Q9HAV7,2,"GrpE protein homolog 1, mitochondrial",GRPEL1,19.870872385954268,17.36972925315498,18.89684062876838,20.353102682426815,19.61389781605446,20.003408123067633,19.61857762989976,19.32173952576572,20.405752170381543,19.680625269985878,20.103579744027623,21.31577963981514,19.158489483474014,20.289815085002438,20.07594037995776,21.009785911515593,18.75475692763665,19.678607786032362,19.893654340204378,19.59139082928658,7,1.39621889912477,0.208248095314605,0.548362697862882,1.29903798307314,False
Q9HB40,3,Retinoid-inducible serine carboxypeptidase,SCPEP1,19.628811230586965,22.012234977988477,22.197906448601817,20.806891428347104,21.00481061164668,17.827069328687344,21.446127807367716,20.153366300893367,20.38183857892737,22.515343964406245,20.88875575972392,16.322298659032793,18.706091181011935,20.809542632036088,19.889710081782347,20.881920407505476,20.141116962412106,20.26475402760379,21.68937543050303,20.461124420786646,8,0.568103769088183,0.191938398044672,0.537857928627357,-1.34901714475296,False
Q9HB71,6,Calcyclin-binding protein,CACYBP,23.640379701403546,22.755572591240213,20.995760384517595,22.987032739844718,22.973285547509906,23.058447831495425,23.865890180509645,23.54618443028082,23.211337235405527,22.43914221685853,21.750340640649316,19.601900822823623,19.07326053432951,19.1906603664597,22.568786732960728,19.509210083059376,23.08548379473023,23.804141104794446,20.56060606387646,22.65892856060975,4,0.488110198259921,0.00459257992823336,0.159015256816369,-3.17826371273346,False
Q9HBL0,65,Tensin-1,TNS1,27.770671188837365,28.403236924085856,27.831344987753763,28.321588688115508,27.478757609951796,27.82443544857937,28.199356155224717,27.64906212273935,28.016891585109004,27.174652047847804,27.335070467385467,27.824149173442798,27.62542990271793,27.656145120450418,27.62530904368525,27.68908592467166,27.84935662987041,28.00458361493956,27.45952540242204,27.589279217433756,0,0.850193420982074,0.184935065102929,0.53240815837221,-1.3715099710516,False
Q9HC35,6,Echinoderm microtubule-associated protein-like 4,EML4,21.862029333695144,20.52265704533947,21.116882350990068,21.07617287241683,20.937655298670993,21.47731382218487,18.569593846307512,19.143709714333088,22.735870551463282,20.981122638573126,22.17799382461078,20.929360148793652,20.977888846272872,21.709866066108646,20.908734719959156,21.77172943047897,20.707143818888426,21.89317188315936,21.977652476589228,22.53041714320353,2,1.35657198652755,0.11203431209109,0.452941459078393,1.65994966166838,False
Q9HC38,11,Glyoxalase domain-containing protein 4,GLOD4,25.38065382122482,24.086381799992253,24.77984214649007,24.612734011759887,24.866703405249517,24.301267947532658,24.960627685557743,25.172322586415238,25.359397090767374,25.18020483133439,25.341771240862645,25.092374609548447,24.670978247296155,24.31637919281132,25.38617884589322,25.64083281226494,25.090921481656704,25.09669035649177,25.168089998174803,24.903252543577363,0,1.13808715955366,0.31978661893896,0.617581871743622,1.01944531655555,False
Q9HCB6,7,Spondin-1,SPON1,21.973365365705018,22.969352421020496,22.41554711382778,21.803073555952512,22.184824345235462,23.25949677522287,23.21289630106603,23.109579550336317,22.49895830124218,24.06495535393033,23.5200906090111,23.813569821575637,23.100069513284396,22.95435953160614,24.566465720148308,23.063600611996844,23.44784858156043,22.391380100692103,23.588614754761203,23.586031849001,3,1.52148573265148,0.0227601382156533,0.248404079019307,2.46097258670721,False
Q9HCC0,6,"Methylcrotonoyl-CoA carboxylase beta chain, mitochondrial",MCCC2,21.751266260596328,21.88187478255592,21.648514790935575,22.182375006580564,21.1877560804816,21.07781374052616,21.989149409826844,19.409692713714755,21.13765168727251,20.555042345817988,22.419624986061066,22.369053077853135,20.06217992374708,20.072489728874945,20.280351925326183,22.597241702976433,20.875562140046036,22.27177315520817,22.31921448477395,22.279854331182964,5,1.32714197298557,0.490866277662699,0.709261894965122,0.701426735384282,False
Q9HCU0,4,Endosialin,CD248,21.434885799812932,18.121807824064494,21.14127316790742,21.59940602736976,21.272318836669523,21.690881374073967,21.29959152405353,20.108593691342872,21.423129288521576,21.418197536332716,20.13506478718627,20.24997050497041,20.14425719551353,20.89581634193923,20.159872553144233,20.64970666854581,21.60400550346047,21.639838045205344,21.398741478983208,19.62470370648247,8,0.769378475491472,0.4638332936909,0.69086707470759,-0.746409295222447,False
Q9HDC9,10,Adipocyte plasma membrane-associated protein,APMAP,25.883806276090393,26.10741079639348,25.78566065404785,25.32170024676448,24.945119777848333,25.65751444175987,25.576600966975835,25.483318878793852,25.133906217412157,24.908260406428813,24.468915503252028,25.614232831241395,24.90215718601613,25.2007721943956,25.271810869797022,25.520701634855826,25.148523308140042,25.4959729397245,25.283131811198178,25.336832357685008,0,0.82744256833326,0.166186749815707,0.521118528909864,-1.43525835596276,False
Q9NP72,7,Ras-related protein Rab-18,RAB18,22.122661820723152,23.29644690986907,22.25240119620417,23.025313767614875,23.335683720032844,22.690067196490457,22.110148290767725,22.244193298552737,23.113831194989103,23.68686579812357,23.24497023594399,23.289738220809312,23.634151362811377,22.754095525895263,23.083360512582086,23.68741243977126,23.0942581481159,23.278541277053076,21.69362331297172,23.52156963025323,1,1.2494887944927,0.251388284236841,0.583149616570681,1.18006790766139,False
Q9NP74,12,Palmdelphin,PALMD,24.738242793353493,24.93815433968039,24.879904664250788,25.615345335132233,25.049142042775415,25.22773497966816,24.05200442005129,24.0234250124018,24.553279688656964,23.365632201297448,23.682012803648828,23.680395615748075,24.455860548006335,24.003843454269038,23.80378215068346,23.267686925141376,24.74150533438851,25.125231349004395,24.32770508427595,24.068010698806834,0,0.680313489481143,0.0456026166821632,0.32800665024696,-2.12746229944091,False
Q9NP79,1,Vacuolar protein sorting-associated protein VTA1 homolog,VTA1,22.261001097399518,21.15386183773122,21.798209382765176,22.057395049371763,22.22706456197741,22.23551599598622,22.27093706859985,21.999662542648558,22.26115114680783,22.67807560424141,22.083582065906132,22.093704875417945,22.36412150019524,22.290911594776844,22.292785338557174,22.33380866007222,22.630150494114357,22.426932210356977,22.21858336189584,22.4063627635971,0,1.13491790678865,0.302435582130444,0.611114865961753,1.05763871242368,False
Q9NP97,3,Dynein light chain roadblock-type 1;Dynein light chain roadblock-type 2,DYNLRB1;DYNLRB2,22.865841309487628,21.96973242155307,22.90986328742066,23.070395193731056,22.639649501804975,24.0842188757867,23.838790213401932,23.88538377423099,23.594886186733927,24.640163187945333,22.00731329369591,22.47640560786378,23.37552360458397,22.2375165357143,23.171385041073634,24.002902737357626,24.311589296818948,23.535231500145674,24.098221241438782,24.288815431638966,0,1.01223195944075,0.99795239348557,0.843797505224354,0.00259754059004062,False
Q9NPH2,9,Inositol-3-phosphate synthase 1,ISYNA1,23.427431908280113,22.962739301830744,22.843212155592273,23.50858880708919,23.3576815422328,24.729825593479248,21.60900416469745,23.58539295280015,24.82604707952073,25.12847298530279,22.988231373901385,22.13546899908774,23.004553628158806,23.424899824229712,24.49822787546427,23.074378599401662,23.939839979672392,22.635645609589307,24.682074472987026,22.86173572451732,0,0.76572393728491,0.505485060766264,0.715497513978022,-0.677698981660814,False
Q9NPJ3,2,"Acyl-coenzyme A thioesterase 13;Acyl-coenzyme A thioesterase 13, N-terminally processed",ACOT13,21.618775985601754,21.52453443436878,21.013759486750125,18.976509842560628,20.083079664719953,22.609109676943596,19.846981717959583,22.038851954328603,20.32312587289122,22.24891891651486,20.613395381408967,21.031479577661823,21.05892920124659,20.17451709281832,19.796002275055653,20.673513393050303,21.300585067055604,20.779609595880995,21.231268574660373,20.571860586127634,8,0.648197441290158,0.44877989821214,0.685569866640652,-0.772137050886579,False
Q9NQ29,2,Putative RNA-binding protein Luc7-like 1;Putative RNA-binding protein Luc7-like 2,LUC7L;LUC7L2,19.58837986509343,19.525612358597183,20.232659497026344,19.53013146407449,20.445903711468187,19.537482701277717,17.817965510514156,19.985735863405072,20.378821315639584,21.497711702572538,19.805722972904693,19.819666605132117,19.860213709301657,19.178054024367515,20.35991798435747,18.97255955184149,20.32673246341292,19.383078135662718,20.64623132507447,20.658017288840814,8,0.931590263435808,0.899288838517773,0.826708499711055,0.128125919237471,False
Q9NQC3,11,Reticulon-4,RTN4,28.075775776853085,28.366672722511417,27.851684114542266,28.23869443018147,28.64883082659881,28.48058323208712,28.42960285719606,28.077836470681298,28.3111379025089,27.935689254604394,28.213332678699857,28.204680582707333,28.046494491204026,28.942826237285,28.51692859613232,28.643824903973098,28.357866584491898,28.864206967934457,28.020172055451113,28.14424538381402,0,1.12455577650808,0.304464506337683,0.613004169071843,1.05309355396389,False
Q9NQG5,5,Regulation of nuclear pre-mRNA domain-containing protein 1B,RPRD1B,20.757980635594873,20.721533051468324,21.404738245819473,20.33561297466174,19.959266779003112,18.656337277808134,19.088518737958246,19.640222521235415,21.3691502779613,21.236638459901684,20.044245582814224,18.686227822964028,20.826606058778978,20.6113833891255,20.712361784937393,20.712531246903186,19.095038725583045,19.973157481439728,21.039655642036415,20.346857399853455,10,0.864695265986349,0.776860800679005,0.809519958509786,-0.287147522429322,False
Q9NQR4,12,Omega-amidase NIT2,NIT2,24.921910080856165,24.559672060072934,25.094631084977046,25.50969904981368,24.867382891572337,25.23565162131332,25.179623530773465,24.828266111597106,24.68237714526847,24.58667602404603,24.482157492835775,24.119285091646976,24.75913140015251,25.104213673130065,24.95750747439255,25.43101216274052,25.135162982219747,25.16203628334652,24.81205613787727,24.42160504010786,0,0.939768419789688,0.556428275873872,0.731996907067397,-0.597867998337681,False
Q9NQW7,8,Xaa-Pro aminopeptidase 1,XPNPEP1,23.697963651671273,23.057632581015305,22.567401106708854,22.91518013856464,23.121558914679998,21.398444408807702,21.515745110905815,20.473572459979476,22.254170448129944,22.325502353905026,21.84631441091179,22.2148951475643,22.92250172737626,19.14539166751066,23.990540489534094,22.277669673697087,20.64422316190087,20.679645438579033,22.302411930712395,21.803747388076538,0,0.809811539505138,0.24729449779127,0.583149616570681,-1.19065829410174,False
Q9NR12,4,PDZ and LIM domain protein 7,PDLIM7,21.28724763067944,21.287504957604842,21.218583975923273,22.02194552362752,21.408906079683664,23.065963933518283,23.083847878373764,22.123473991994697,21.974316745128633,23.920703935563694,21.01578418799714,21.21147535254833,20.419868383843838,23.50897147989286,21.841731504910772,23.575186322069573,20.88382665776287,20.890176351055274,21.704331347018112,21.879442016304267,4,0.796905016307905,0.281167543712717,0.59687397298761,-1.10665591348106,False
Q9NR19,13,"Acetyl-coenzyme A synthetase, cytoplasmic",ACSS2,24.140617174986737,24.19934134000842,24.660636315716918,23.566222315439067,22.69682209469744,23.573222526803768,24.539150173959957,23.318218816605434,23.913617713019164,23.67031297768067,22.28018163878756,22.17065383523944,23.0027328096072,23.926063097896836,19.509696972332552,23.89676547632375,23.99957667079667,23.67122038329361,23.70962015740866,23.64218827880863,0,0.671779472669483,0.0455386125494261,0.32800665024696,-2.12815651090038,False
Q9NR28,2,"Diablo homolog, mitochondrial",DIABLO,18.70684858469719,19.929462333857863,21.365012853083815,20.084471925908186,21.569841247767748,20.944678282502394,18.32495743621007,22.060858734864915,19.976519804288202,21.737809748402267,20.21018701685392,19.72146347921977,19.791621797361422,20.022524353928777,19.163829052317396,20.33481878474291,19.59775258846303,18.674288402332973,20.9885345775006,20.369442830022617,8,0.541094055006869,0.214112814070345,0.55792310220854,-1.28181327612532,False
Q9NR31,7,GTP-binding protein SAR1a,SAR1A,25.810848070168976,25.41283067174366,26.204852400310553,25.56537460394028,25.75243528972557,26.489912790307446,26.40752461321522,25.306922156464683,25.622042208396913,25.71197459090593,25.928469805255265,25.461288156219528,25.604643781244945,25.71834494216597,25.392537476568805,25.120832043529397,25.53761940014641,25.505791623912327,25.29158745269763,24.502195708346488,0,0.740589060958812,0.030301168771728,0.27325797600272,-2.32587429887727,False
Q9NR45,8,Sialic acid synthase,NANS,21.671263784896087,22.675055375723854,21.789280481358727,21.556623544153847,21.911761718655203,23.68491126873434,24.40677161276669,23.774416416760296,24.14759232706436,24.146744265055727,22.151607116245547,21.636989946201826,22.354159454316846,24.353792985526763,23.11859461000914,23.987189577628023,24.15993163496681,24.364208542812342,23.823065510820456,24.29483006942948,0,1.26216596361183,0.127507463467094,0.476445128823285,1.58787842013339,False
Q9NR56,2,Muscleblind-like protein 1;Muscleblind-like protein 3;Muscleblind-like protein 2,MBNL1;MBNL3;MBNL2,19.792987084327713,20.866457643226855,20.480183881290955,20.2540661095868,19.779260304342827,19.309411275023663,18.57066994525094,21.044971304809717,20.693196389159418,20.023083580161963,20.034452988987088,19.85318736756263,20.176025012322672,19.817443709212956,20.081639778815042,20.122516186277206,19.791462086568995,19.88188261234542,20.09115716586776,20.13516053392479,11,0.848851680124371,0.76882594899441,0.807231985594737,-0.297806849419088,False
Q9NRN5,7,Olfactomedin-like protein 3,OLFML3,21.459070253822468,23.10165944927114,19.6657749968015,20.476214843909947,21.017670494423278,22.033880197219524,21.639542020691696,22.533935662825378,19.946625694900376,22.81527933095155,22.957813193871946,22.84039840122737,20.703401423524745,20.30325949874933,23.745837603138387,24.102889493312535,18.098592752347308,22.6097817296478,22.708607958493648,20.640138787791965,10,1.71997238543012,0.553372404950499,0.730895477929307,0.602542743385479,False
Q9NRP0,1,Oligosaccharyltransferase complex subunit OSTC,OSTC,21.111438142556437,22.594385908605137,20.326416087661567,20.68357769670138,20.495473939331372,20.301939385250524,21.943481682971232,21.664291063413405,22.070319120437702,22.66224747458443,20.29655530354548,21.637647932632362,21.025893127877485,21.637882794498232,21.754705567630605,21.18951773341882,21.14049964029613,21.22971067265357,21.440694769551236,21.589263786444523,10,0.813375199801275,0.788147616978441,0.811510678024041,-0.272231051404904,False
Q9NRV9,9,Heme-binding protein 1,HEBP1,24.10368781446738,24.91638646263881,23.583056849874325,23.978683741186448,22.176639439872645,25.064339491622835,24.88648436176005,24.19003657463791,24.904390338800933,24.83922864768546,23.906145805186437,23.349414895862274,24.016762929255563,24.201143908790176,24.208134427111126,24.744917478024075,24.230172930874403,24.440499686791725,24.8101923243161,24.439434878006473,0,0.889627448514346,0.909782644888574,0.826708499711055,-0.114710420855303,False
Q9NRX4,9,14 kDa phosphohistidine phosphatase,PHPT1,25.623740657283047,24.753848139827248,25.94070423463126,25.94112711460149,25.66686948364783,26.12508424487964,25.64950234576569,25.773660768175073,25.75606390674914,25.591878982797454,25.744172686305813,25.386613845763932,25.917252571413016,25.577022876129245,25.784065549302767,25.658126926818156,25.941568889951576,25.95113919826134,25.653807851006803,25.5100326391845,0,1.00288205570317,0.848472555797743,0.819918955074362,0.193481082607465,False
Q9NS86,6,LanC-like protein 2,LANCL2,19.942483814864005,21.06979049767035,21.926923241330087,19.69670308424107,22.017977539638476,22.93857356320738,22.136289340944767,20.051370089439217,21.27200177798357,22.41403728512229,22.108200083926782,20.942975167650868,22.027819583174757,21.935428727762606,20.448574577829685,21.8685731763652,22.35014657394009,21.696710358047657,22.349576969868494,20.178251267860624,4,1.0354699443721,0.572947542613733,0.735939313452343,0.572825519179328,False
Q9NSE4,14,"Isoleucine--tRNA ligase, mitochondrial",IARS2,21.458163335718993,23.976020244651565,21.754531750513618,23.86672391513355,22.127567784346216,22.729811838395886,22.8361718623993,23.792263710410865,24.134958559407952,23.81898981770441,22.35129257571374,22.143619720909328,19.832642954017363,22.666790524370878,22.786791712139646,20.485436384147306,21.513093374486328,23.98688948770929,21.68713846980539,23.499291277129977,1,0.58226616278337,0.0650624107090499,0.372185602375831,-1.94858195362885,False
Q9NT62,2,Ubiquitin-like-conjugating enzyme ATG3,ATG3,21.636724123152423,22.23513767452247,21.268990678082535,18.05508023508607,20.98050657901972,19.41090670696474,21.347958621134016,22.136537472701903,22.715774226708938,21.995713541666696,19.692905596726945,21.765513233594206,20.083731833648464,19.89632497989839,20.196626288520786,20.850380782176764,22.53631089102163,22.63310165513577,22.666166809387153,21.560080609016413,8,0.994218770408213,0.98460145115196,0.843797505224354,0.0195354798606411,False
Q9NTK5,11,Obg-like ATPase 1,OLA1,23.26029021799715,22.738099785189835,24.43055935097372,23.17677790973262,20.604197861522888,24.97785807560823,24.895445826559463,23.993771506276953,24.52581314402261,24.374241092701393,22.257279478739296,24.031092634437766,22.991671948292726,24.78612546920656,24.674410928553495,24.3759970389152,24.109604046869364,24.86899961270744,24.510064455256675,24.110132648965344,1,1.1189865156627,0.346852503190743,0.630980493438796,0.962666482708588,False
Q9NUJ1,5,"Mycophenolic acid acyl-glucuronide esterase, mitochondrial",ABHD10,21.011039710050305,21.282207439880953,21.75300178346725,21.455975226261884,22.4198713130703,22.66921723991078,21.968128374440386,21.60940426275338,22.118307645959206,21.82941906194504,20.979542526854704,20.5997167613303,20.7016189021012,21.898555217180135,20.884483582511308,19.90013968126082,21.383493961333233,21.61671325230642,21.778735058906097,20.773641416816076,2,0.604251564372571,0.0162478633774846,0.215632223675004,-2.61678670504833,False
Q9NUP9,4,Protein lin-7 homolog C;Protein lin-7 homolog A,LIN7C;LIN7A,22.49989019606459,21.916006589452547,21.566324585371028,21.809725654297743,20.11494955077562,21.507602807388775,20.94987174126614,21.86525768698753,21.614880293103337,22.453318090896307,20.57781145811648,19.194347441613814,20.291492305350637,20.133973621510485,20.91992091266525,21.0168419283155,22.021609995201135,18.884876388300583,21.977888635542264,20.415703740078783,3,0.533217125911773,0.0123236043466555,0.198938501065838,-2.7423328779131,False
Q9NUQ9,8,Protein FAM49B,FAM49B,24.220517588778215,23.74267688855924,24.2618551040186,24.37334405436872,24.012892561500504,24.693752856484537,24.239359561429,23.500149089611686,24.565234439870466,24.087474973666012,23.82389302679477,21.518323226741103,23.56702916587115,24.14915713986395,24.104072140574484,24.390444535662425,24.508402524694517,24.072693154990645,23.947733524705527,24.47000318262337,0,0.876273131170976,0.270890575711203,0.587927183588789,-1.13131235299796,False
Q9NUU7,3,ATP-dependent RNA helicase DDX19A;ATP-dependent RNA helicase DDX19B,DDX19A;DDX19B,20.90624629175642,21.173986373505667,19.704182355343935,20.294023847931935,21.05232133007802,20.280526021873765,22.09625760076931,21.231981973045343,20.044626280146975,21.42282502359174,21.60415627815638,20.532865669351658,20.661655981443584,22.665879297950042,22.90317524755741,21.6013933462469,23.14737401390916,21.7955721112122,20.293949402552634,22.296773631895185,4,2.09129935963379,0.0328454217780101,0.276589718891896,2.28728224509529,False
Q9NVA2,14,Septin-11,2020-09-11 00:00:00,26.46619613976132,25.953423799062914,26.104787860516673,25.84368017427303,25.385406793916165,25.94766184709508,26.08947295127306,25.902114892460325,25.95131154047085,26.555370179610183,25.398239362291324,26.193778122594885,25.54691078387335,26.382970193943997,26.184346419774016,26.294026651536143,26.005585661872242,26.350566069800074,26.217458745722826,26.23111948078727,0,1.04244638803453,0.712740142788793,0.788969552900123,0.373285677446923,False
Q9NVD7,11,Alpha-parvin,PARVA,26.512016275015554,25.5379809625465,25.72663542935764,25.72169269648574,26.31350200320883,26.840225692681035,26.811191756305995,26.14486957244008,26.54642484622401,26.138249929752682,25.130042707050222,25.91465946904566,24.7194282596044,26.28898677524093,26.22040318160559,26.060628724978862,26.604624840583625,26.329566443940656,25.681100329554916,25.958047291077282,0,0.806093321852393,0.123838839480254,0.472275082413764,-1.6042727701034,False
Q9NVE7,4,Pantothenate kinase 4,PANK4,20.677355398622968,20.565006123952923,20.21915661690322,18.71209056564383,20.26272780102859,19.616597859336057,19.73021391469633,20.083279693678257,19.886000838363834,20.259123678290766,19.079852115191322,21.396320003870976,20.981076732975716,21.096051138366736,19.87366617940615,21.87864463439548,19.540443009555556,21.854318843817953,19.91576408995618,21.239870386124284,7,1.83604778105854,0.0820477587604865,0.417224105855535,1.82791066113018,False
Q9NVS9,5,Pyridoxine-5-phosphate oxidase,PNPO,21.301812562395682,21.962941224617648,20.86151976954845,22.728518854119265,19.067539199994897,20.68414480637058,22.62303939649119,21.039923702507462,22.451725467617663,22.980866967272085,19.76733397903933,21.709733537799107,20.17174268082195,21.913512828999462,22.06182329304759,23.055620256071993,22.13351059162296,22.83345898225834,21.541080927872187,21.19940294849491,0,0.992375457258116,0.884512789255719,0.825812662811676,0.147057562523226,False
Q9NWV4,5,UPF0587 protein C1orf123,C1orf123,23.95088977075742,21.895207434476447,21.881553850731247,23.76909476867962,22.68941948674443,22.95504680835723,24.04344813970704,23.84039993689295,23.59469497466726,23.848462489805126,21.900152997467654,21.051009966723107,23.895957750272693,23.97336658071578,22.303461532780535,23.9043533130366,23.879285793553617,23.972874350236612,23.195161246894596,24.314057044280652,0,1.07193244184862,0.983331751286713,0.843797505224354,-0.021146535897379,False
Q9NX14,2,"NADH dehydrogenase [ubiquinone] 1 beta subcomplex subunit 11, mitochondrial",NDUFB11,22.062788424535107,21.297796837528843,22.13984480373604,23.141855647658517,20.117667426486644,21.968523762659355,22.06643463964846,20.67473272894425,22.064479812291225,20.136968641768807,23.21000975751492,20.001847872477573,22.65583055112307,22.28742567898272,21.95917081859982,21.594662359792636,22.52752167966633,20.006852527790876,19.962764730031317,21.356233715959846,6,1.07559462961354,0.981701465672076,0.843797505224354,-0.0232152054006982,False
Q9NX40,1,OCIA domain-containing protein 1,OCIAD1,20.852121431061907,21.800603864854963,21.2207220024399,21.852216107609838,20.536088574048595,19.6247163477456,21.559281834132086,21.902658440963343,20.706919177767148,21.51092305682208,19.48655223489313,20.453419068142523,21.114809687653633,19.346931260666967,21.04375131981223,20.280773188232565,19.744725575403198,21.001778805479365,18.742624453176386,17.680041366007732,8,0.471447844548901,0.00578762705754659,0.174374622303767,-3.07753189774716,False
Q9NX46,4,Poly(ADP-ribose) glycohydrolase ARH3,ADPRHL2,20.187711957128524,20.099219665474973,20.58767771912185,18.94419814941758,20.551613796265794,20.71537951452833,20.591240832551353,18.71780212318695,19.68916284152858,21.404606630396945,21.03924145798259,20.333033247964114,20.9687190574116,21.945020785898844,20.550139488394368,20.71683893706153,21.82127994877269,21.3411916182342,20.692519939638892,21.75422700310841,8,1.83755091801461,0.0101986037737877,0.183899398151153,2.82728135214973,False
Q9NX63,3,MICOS complex subunit MIC19,CHCHD3,21.453195414404963,21.479676084175082,22.19984831902553,22.809536758905036,21.843862189414224,21.0485336787006,20.406255042358033,21.923100345515433,18.246191969996428,19.933875799251656,21.52347520673779,20.505862220301058,21.798445980942127,21.807503604596704,21.66397531325263,20.8133521270505,21.668354824373775,20.71443172740309,21.631935167798368,20.732185703247463,3,0.884092872038042,0.689750341737802,0.777340920468375,0.404850438209405,False
Q9NXA8,2,"NAD-dependent protein deacylase sirtuin-5, mitochondrial",SIRT5,19.597106669514012,20.071236164480403,19.472164737871402,18.844335713393463,20.74849033948623,21.113085456302453,20.880530631513494,18.962859391790815,21.21228475287946,19.526852849555812,19.711372351964254,19.78583057553509,21.17338180319424,20.622491636370746,18.739609346159906,20.76578016414778,17.91744129627916,19.98332425494048,19.325788324806783,19.872076232881287,6,0.852076077120709,0.539357301471573,0.729692264899217,-0.624159588975607,False
Q9NXG2,4,THUMP domain-containing protein 1,THUMPD1,21.352671041081297,22.088852291898885,21.325946342343837,19.58455119602652,17.524616733166738,21.716768190197094,21.946707708117977,20.500128206562067,19.61058965720739,22.528603094661324,21.954220614313357,19.868792742062787,18.099364678098674,20.55128570248353,19.959488064007225,20.892487590280798,22.394620684121815,20.049873299019158,21.250943771839008,20.577688183622747,7,0.770338154033681,0.653946955274302,0.761003945946475,-0.454871981182324,False
Q9NY15,10,Stabilin-1,STAB1,17.878801343847087,21.123629041752437,17.901291453484376,22.094604718862055,23.05748247416523,19.69640465519299,22.409244282692036,22.148657996390188,23.410126977846726,22.61439810290939,22.285996180192747,22.18355177179953,22.3067238798506,22.626499622618013,22.27014584357875,22.269736438049293,22.36258928994051,21.968321727670013,21.94163217572686,22.005655314105354,8,1.10700142172451,0.102731330350045,0.437355574810954,1.70744306333042,False
Q9NY33,11,Dipeptidyl peptidase 3,DPP3,22.817180872144036,23.874180717089658,24.015222733885825,22.949737593916293,22.385840458920075,22.876559156188165,24.402946762300854,23.118313258679,23.591152972522288,23.568268120794173,22.782498418323268,22.98879700577917,21.279854614441444,23.782423166317137,23.09713927042161,23.812257237061576,23.88948687900124,24.231044637218265,23.31940086142259,23.72076043269776,0,0.986127950257936,0.820889101562753,0.817197073956267,-0.229303054359038,False
Q9NYL9,5,Tropomodulin-3,TMOD3,21.53052699906266,22.970363873315886,20.508087233849583,22.46798639550241,20.675049438257414,22.485874672179982,20.36493877824353,21.87301934681634,23.05054973713915,22.475429939129686,22.82188387775126,22.10477903269405,22.220513369919452,20.885378016841397,21.269667681706437,22.16177609742124,22.532473727803836,22.254158977032308,22.899291552329313,23.221776879628347,3,1.193121008608,0.316739638913583,0.615712669870206,1.02604444154585,False
Q9NYU2,23,UDP-glucose:glycoprotein glucosyltransferase 1,UGGT1,23.709060869956556,24.274883628481838,23.55072995684947,23.17097739415285,23.307892145879716,23.837722964267755,24.481519817477746,24.957576456891267,25.018050627011192,24.883792737602008,23.810277094182844,22.697708510257517,23.490704428039177,25.429714800331446,24.481765041756834,24.14782675579301,24.248868742200724,24.089010592892194,24.178048437993017,23.752615348252306,0,0.947274548584394,0.757243120632607,0.804232691629066,-0.313235815151605,False
Q9NZ01,4,Very-long-chain enoyl-CoA reductase,TECR,22.719442748312783,21.76094099694171,19.196608237177987,19.451022955258562,22.209458125181072,20.97102651677705,22.781238448929084,21.54523344510692,21.91438400349285,21.960312206733725,20.551556738711238,21.947671100735164,21.628642855853503,23.05371426892544,20.50712427595267,22.262929476342563,22.428252327731627,22.802146220530233,21.27074026113026,22.197890981353744,5,1.19922275265741,0.376031162593167,0.651005541947793,0.904752042170297,False
Q9NZ08,18,Endoplasmic reticulum aminopeptidase 1,ERAP1,24.112072518155095,24.701002478192855,22.490413785650553,25.027604346883788,22.83856527863673,22.419473918605885,23.273394007103093,20.413902164660744,23.610479957920433,22.234982686092938,22.88569675520075,22.786609814753245,25.050434489212858,24.352969735008536,24.656045285209434,22.088478469063702,22.865983376811393,24.806024491634208,24.261530843816146,24.789142918137127,0,1.4710839225002,0.137338436271633,0.486825883959794,1.5458082877805,False
Q9NZ32,3,Actin-related protein 10,ACTR10,22.153382844996365,21.438282776417093,20.87435951622514,21.77050630445203,22.426083179146932,21.3562984212235,21.234154111119754,20.67110162771296,22.091156866774,22.736103100886172,21.532066487107922,20.911323960964342,21.01201672407961,22.40799651135075,21.741858898945956,21.016636401562405,21.86031502683043,21.94350139876247,20.559580834351173,21.69281233410777,6,0.842136163673759,0.5219366022748,0.721310207615658,-0.651455696143542,False
Q9NZ45,3,CDGSH iron-sulfur domain-containing protein 1,CISD1,22.16945138451748,22.091245682927557,19.971055949717986,21.579345200504488,21.8317807619781,19.21505787228099,22.691674643106275,22.896739184526094,20.507088707733814,22.167377862139293,13.068619293994995,22.497472564607992,21.955141671942638,22.52679640967395,13.927811894311,21.58509581663397,20.130214225083193,20.68838465787688,20.167265801968536,22.707958656591558,10,0.781517755501571,0.14865311619392,0.501229162150809,-1.50036956644603,False
Q9NZA1,5,Chloride intracellular channel protein 5,CLIC5,22.30460708102096,23.12905291296048,22.141307488931513,20.757045768836154,21.032239637172218,22.98492910481177,22.318154304334854,24.029804138642636,22.76844576786633,23.462619745821346,22.201378066413437,21.63525381485611,21.858646529661947,22.002872852166607,23.97430834758078,20.28329747647073,22.18541606894907,22.429345344280637,22.409172227735674,23.524905710125356,1,0.856637770127393,0.564536213511864,0.732675882289056,-0.58552940831922,False
Q9NZD4,4,Alpha-hemoglobin-stabilizing protein,AHSP,21.74055637630969,22.47533502308103,23.166308145815893,21.538666247050692,23.328990242009287,21.206985595183937,22.29529692202363,22.181922955515333,21.441661024148342,22.421849344835344,18.71798838103234,22.453045299744243,21.025705282519304,22.7679660594273,20.905553004986793,22.906504052633636,22.546048331929462,23.33087519561723,22.11040314354379,22.065656558973807,1,0.957534290429829,0.492314952261457,0.709261894965122,-0.699057472886796,False
Q9NZL9,5,Methionine adenosyltransferase 2 subunit beta,MAT2B,24.832589090290906,26.24663915650054,24.659615962017842,19.754368206116695,21.285522545070783,25.691494565101912,25.648365183427206,25.196623644906968,25.93985995784749,25.291148974450827,21.06630468127703,24.457947555086566,23.375222055402848,26.66803631611494,19.736294092865,26.83181003448298,26.13989871235493,26.059736559024536,26.866580570487024,26.515233708470273,0,1.60274381337807,0.686577971095034,0.774818436677217,0.409238465052409,False
Q9NZM1,27,Myoferlin,MYOF,21.960272280595625,23.44043889977427,23.45804266788618,22.15665677576836,24.31589656022539,24.44275461395698,23.666700223680472,20.55592116953317,24.086350458566997,24.770799660251956,21.988069947456495,22.06486366369476,24.17145712624406,24.2226537748148,24.695650402783205,23.63891461179503,23.69744872298171,20.173915205169443,24.830031700313278,22.03306996903336,2,0.99641963873218,0.82689516018156,0.818187832819081,-0.221478542551406,False
Q9NZN4,36,EH domain-containing protein 2,EHD2,30.873171539596417,30.793377912064543,30.563725266407964,30.497780639846926,30.43430368740203,30.780269638235985,31.14067072502943,30.502450897115313,30.59954809414234,30.227129674683418,30.045644644021376,30.389824020030623,30.35303270585043,30.782005106359904,30.236309623698787,30.668064869425297,30.352398610072587,30.569313047618408,30.034389427520914,30.233230249600187,0,0.825359793089582,0.0430483507780152,0.318812921823578,-2.15587714407238,False
Q9NZP8,2,Complement C1r subcomponent-like protein,C1RL,19.013231317016917,19.46912178497581,19.060522435910976,19.47255402161026,17.762113963568893,19.311182546103893,19.122754073662897,20.303360269317363,19.26897565287358,19.427881123155906,21.46060134946933,19.739952631185304,18.728196818275148,19.087078714085745,20.92969852507323,18.816189053895112,19.719210222052386,18.925829515554124,21.553968611954314,18.69978421689506,4,1.82888363699969,0.1880604443744,0.53240815837221,1.36139017229451,False
Q9NZR1,3,Tropomodulin-2,TMOD2,21.79585085771945,21.1822357630999,21.10313755143507,22.055313842164256,18.776182173444532,22.450187233471052,21.82852916984999,23.251183583831722,23.818411702262182,22.835730581051447,20.26725914418709,23.314081688017236,21.95047906150103,22.733934194374832,23.0804007998121,21.519813660791662,22.33385301774984,21.75673263984553,22.336192059589006,23.211067274861776,5,1.06630145126065,0.449096150816262,0.685569866640652,0.771591211307699,False
Q9NZU5,15,LIM and cysteine-rich domains protein 1,LMCD1,24.171008488998854,23.58284952226982,23.49234450322731,24.060731834625123,23.040560676522198,25.35415845290893,25.455307256278257,24.175922045165017,24.546869672461902,26.326083437286602,24.604524874546936,23.71001795279084,24.395601675136998,25.89023073615906,23.305112513260102,26.5287634862616,24.94614250987383,23.414673964873014,25.093801737185814,24.780197073589374,0,1.18517944277562,0.510892786971804,0.718858449781335,0.669020596840623,False
Q9NZZ3,3,Charged multivesicular body protein 5,CHMP5,21.432781596005572,21.66467203064286,22.00430581198313,22.79957476702151,20.79814912010175,20.778978178811062,20.00225476440341,21.480236190260484,20.32635389574545,21.204431120011865,20.210945056984997,20.877330550106088,20.689907467489775,20.348815451598576,20.49856226244924,19.518007031296538,21.576239610763917,20.56315737184654,20.75956388296736,20.1711312285311,1,0.552940378046238,0.0267642655546737,0.270731567753698,-2.38481497979348,False
Q9P000,3,COMM domain-containing protein 9,COMMD9,22.60899868855424,21.37214041962588,21.403285659788295,22.449101549702625,22.724516320402472,22.948418596306094,22.47853346304032,22.21461714148699,22.56425826076773,22.91463248884141,21.054841663778493,22.792450094047098,21.547297473679727,21.989427321101655,22.609679603398018,23.49465207626765,23.233825429334033,22.70678156851655,22.66860485293488,22.53488367045383,2,1.11992204750426,0.73589849335164,0.797388814095911,0.341876329005214,False
Q9P0L0,5,Vesicle-associated membrane protein-associated protein A,VAPA,22.298438467025264,24.21134989874895,20.363450662099776,23.035742473318546,22.39069289717673,22.83759532037996,23.184558512902747,23.389284830738543,23.25433993056805,23.178457629165205,23.404390430540193,21.886771016742603,19.964819212548022,23.23040689583968,22.284766840491375,23.768986663415426,22.736066640687667,23.09764745886173,23.445785661874602,23.499937211790815,2,0.965226680540909,0.849613756772504,0.819923011135721,-0.192004942700874,False
Q9P0U1,1,Mitochondrial import receptor subunit TOM7 homolog,TOMM7,20.345495710718776,19.90491423710592,20.251372873065495,20.712635150126253,20.404001897556043,19.26058639819918,20.45950954336126,19.877463465503702,20.571466393581982,20.20044400979978,20.52481353233259,20.33010532811682,20.152288921426134,20.700415043589718,20.18596567440184,20.37200601228402,20.392082299829813,20.214614808735078,19.918473377214166,20.169914072430146,2,1.04372820143618,0.657970696139348,0.763304689342174,0.449193447847338,False
Q9P0V9,8,Septin-10,2020-09-10 00:00:00,21.831305501784684,21.279523269209594,20.709161667684054,20.558694821640906,20.66227212786868,22.397024552557607,21.206927098344718,20.398658048906054,20.67659822542986,22.56859296327062,21.865656780076463,18.605721106600935,20.9551303700405,22.40058588368222,23.326246450936004,21.19437362399686,20.14346653801062,21.285349802718905,20.69452168465583,22.241532143450325,1,1.23432017699851,0.930652194138597,0.830111878942504,0.0880920199954994,False
Q9P121,4,Neurotrimin,NTM,21.587353571852866,18.715898809386807,21.29968032192833,21.24961243819464,21.58432729141052,21.353346950878624,21.229885156483835,20.444523350623886,20.64022614329018,21.017564845341948,21.167452595487593,20.00968629764676,20.372472717661257,20.110228043367886,21.173873250341497,20.38392109279353,20.986299290765047,20.083720741884118,20.85231973907193,20.854556555891456,11,0.750884146476068,0.365144944380937,0.644379893917954,-0.925993505143051,False
Q9P1F3,2,Costars family protein ABRACL,ABRACL,21.500301429510774,20.62354364250924,21.914090717111577,23.28974181427055,22.12673758232772,22.624592795275525,19.531257683447382,21.861479637964663,20.23410407901069,20.461587334362857,20.932334244291024,20.022989025245256,22.173462745414497,21.146099170607076,22.40879013120997,20.045375783583964,21.394201265692416,19.542949597921837,17.724802346596686,19.885090130756257,9,0.579093048819301,0.0812924329668423,0.417224105855535,-1.83278889250344,False
Q9P225,4,"Dynein heavy chain 2, axonemal",DNAH2,20.3910664198183,21.554168501266474,20.72378586995218,20.888657543179686,19.77653303243239,20.542102301965777,20.302311830737956,21.050913973393413,20.83229672658132,20.648290699052595,23.466887570632668,20.36537429547504,22.915790436765555,19.90218960196161,23.394203165933675,21.678628421407456,23.204249032775305,21.545000419189062,23.290577765095637,21.567741064006572,7,3.55491456608185,0.00382861381711426,0.143190922277685,3.25702993959092,False
Q9P2E9,37,Ribosome-binding protein 1,RRBP1,24.624481900460086,25.13231167191041,24.405011796862645,24.649935945170903,22.37943064323187,24.65689967491065,24.671589275583997,24.390073897077418,25.360718948431455,25.13355271827105,24.655813458024273,23.568200946581413,23.905478987791962,24.80204732503446,25.326910595317138,24.961593610632953,24.71179741907327,24.756801885329757,25.71622613877572,24.091128882642874,0,1.05788470361692,0.730103509684236,0.796028445773527,0.349701820402309,False
Q9P2J5,7,"Leucine--tRNA ligase, cytoplasmic",LARS,21.615081469903302,21.38888982853708,20.469760568721153,20.740055008994393,18.363620336912206,21.92270448777584,22.206630461139827,21.14050858936729,21.276252517113488,22.47637005814263,21.91854246683416,21.33869475662151,18.905581075887252,22.053612934722906,21.928410769583028,21.01272581984327,20.40528933903587,21.186616249162057,21.192569076277547,21.764692697507687,5,0.941421879456044,0.980599651904386,0.843797505224354,0.0246133553667244,False
Q9P2R3,5,Rabankyrin-5,ANKFY1,20.558964175371944,18.97717171151326,20.36136029619647,21.868156460774127,22.25579361828039,19.869039976879797,22.435112889053787,22.15113376694808,20.520840320512015,22.32214854757275,23.17026692055339,20.007115733978935,20.296681607313808,22.890549889020072,21.09465015996621,22.43318897279973,22.31989813207202,22.495568695709593,19.778802830839915,21.511918178661542,8,1.40361145920604,0.39338394229187,0.659915516841869,0.871718312742844,False
Q9P2R7,10,"Succinyl-CoA ligase [ADP-forming] subunit beta, mitochondrial",SUCLA2,22.697015799471064,24.425288393101646,23.592747202841657,23.87191365425735,20.717289274030538,23.59560166199914,23.737709876972822,22.25358875800272,23.595268534855396,23.27517306132067,22.166852631798346,23.490927747705264,21.931371438024915,23.447056697104973,21.967738582720536,23.103942055537306,23.64678865543399,22.920999069223463,23.095979185071492,22.923947449733642,0,0.731417690370475,0.435858038108495,0.679564756804511,-0.794644384388115,False
Q9UBC2,6,Epidermal growth factor receptor substrate 15-like 1,EPS15L1,19.408999278792823,21.1758532954032,20.740896255595157,20.967636820669284,20.68944944368627,21.106574439879452,21.094976012019327,21.348000250642134,20.95153180809079,21.425560250576357,19.625254994048035,20.435121497786163,21.715422043523557,20.984864345229322,20.56271708282723,20.685700655266803,21.727385255291896,20.710003869240172,21.817847563423754,21.091728898413283,7,1.07431891992177,0.881101137743712,0.825812662811676,0.151436297956739,False
Q9UBE0,6,"SUMO-activating enzyme subunit 1;SUMO-activating enzyme subunit 1, N-terminally processed",SAE1,23.307580827681907,20.93135991424449,22.114253089833298,22.185418840756835,22.977148448496386,23.591656173214897,23.835836242279825,22.379328147536317,23.54013318677719,23.280376400004776,21.5459090332146,20.65169292556603,22.054499779249134,23.864430896243704,23.531065076367014,21.155512662239687,22.29329080870882,22.31221995125569,22.5711315711983,22.614524951803116,0,0.723565976139728,0.178505075281547,0.528663623258471,-1.39276526859427,False
Q9UBG0,8,C-type mannose receptor 2,MRC2,21.65104503332406,19.7926412012172,21.840576314034525,21.467475597547317,22.398629392244356,21.714712475120184,20.282617348192712,21.421155836750934,22.409039956215366,22.236813665922366,21.315760657248596,20.499953025598113,21.485833882355664,21.010149555754246,22.91090486314811,20.70725584007816,18.979702159930454,20.90061794602367,20.094863653578997,21.648027975269667,6,0.744297736626729,0.182474074280744,0.53240815837221,-1.37957455602146,False
Q9UBI6,4,Guanine nucleotide-binding protein G(I)/G(S)/G(O) subunit gamma-12,GNG12,25.548263548315834,21.997201782810755,24.527800201540664,24.398242027684738,24.5318283822815,24.475772708888517,21.4785539385623,24.04477088476739,24.57185499830915,23.862534582879675,23.217578699241106,23.808927839331016,22.77084509758818,19.822360085613695,24.449175636264552,20.032580204126294,19.44205668519999,22.1428043193719,23.156041895827126,19.867478475638006,0,0.347651369133686,0.00304782705065647,0.12640310548859,-3.35525444225912,False
Q9UBQ0,6,Vacuolar protein sorting-associated protein 29,VPS29,23.019528049888084,24.78758512629146,23.02874714780141,23.50688913445328,23.38424067287637,22.73352095651356,22.701922997228184,22.899037593315523,22.724188323491774,22.1127490785662,22.9460558778913,23.63713951492594,22.79984471585588,21.17045756368937,23.873018109485468,23.426764680127523,23.010589428693194,23.061524567833743,23.181256567046574,23.189406570525367,0,0.918983453487529,0.845529528511162,0.819386444260236,-0.197289924721548,False
Q9UBQ5,2,Eukaryotic translation initiation factor 3 subunit K,EIF3K,20.5977876056828,19.48535824299827,20.91266391651178,22.967843031894194,22.442711001172924,22.636192486369218,21.35756515534507,22.89442121906685,21.160252727577515,22.002896795553113,19.189914361273665,21.241621679180536,23.221246728795848,21.640077829685385,21.02109555889698,22.417220265802044,22.43008650522574,23.13328803722374,21.909030450675843,22.451439522035397,4,1.15882192280219,0.645525884569161,0.760737113067147,0.46680600639669,False
Q9UBQ7,10,Glyoxylate reductase/hydroxypyruvate reductase,GRHPR,25.791447142161964,25.591970616505044,26.028259721894827,26.044488503328306,25.57561007430941,26.364383754085278,26.01056612414383,26.256771922030733,26.423026982899163,26.211025491621633,25.224709577392975,25.56618361361848,25.643070917819433,25.81198487191629,25.793921683610424,26.45637982791561,26.006527111754878,25.768868947300255,25.975255491039544,25.8588746370134,0,0.862103726268109,0.113442311664617,0.456778093633507,-1.65305578198162,False
Q9UBR2,5,Cathepsin Z,CTSZ,22.915096608980072,22.56180667582618,23.367265854867906,23.300302397913043,20.57340347826279,23.844599017196465,22.864151512269544,23.213470491719338,23.204210948778357,24.639574332818423,22.506161279786404,22.3558453032939,23.43479380656857,23.056498173911688,21.199435079281976,22.132058279853528,23.423196282588652,23.229236631269323,23.557152868421596,22.891331782212337,2,0.757788484512668,0.473764299889695,0.697374128392804,-0.729709238903033,False
Q9UBS4,3,DnaJ homolog subfamily B member 11,DNAJB11,20.92237047696463,22.546210626738315,21.99127513372444,22.57163590567037,21.512603570910088,21.636221840762442,22.071846299069417,17.17219395747748,22.150587227362806,22.696593863559308,21.37795906384199,21.307369535011073,21.344538949950714,22.701983744248896,22.69759857099466,22.527749764443882,21.555930492888066,20.710146915697173,22.31735980287325,22.019236277060198,7,1.02833434001682,0.548754876346411,0.730613623538725,0.609632319392714,False
Q9UBT2,4,SUMO-activating enzyme subunit 2,UBA2,19.901883827812984,21.382485777110702,19.261451621926877,20.689860336331098,19.17812992448764,22.5663681256596,20.225688537403695,19.344026188433357,22.07811254357204,22.316541486333403,21.812314777903364,21.12930196849444,21.76793833930715,22.466444652304848,19.77141763909406,22.019254677002525,19.360402714424374,20.839683294412488,21.372144473853844,21.862037222933466,1,1.2126355195054,0.270435742256995,0.587927183588789,1.13241933645594,False
Q9UBW8,5,COP9 signalosome complex subunit 7a,COPS7A,19.177021698607707,21.60251637420551,21.297233001509593,21.271083099422256,21.500601008417956,20.356583510650555,21.49253211096067,21.649309309720454,21.304306329384936,21.28935755796452,20.139041637730962,20.42056821186642,21.820599026053205,20.394897842080127,21.72334883418667,21.239845914580716,21.93432581093284,21.343909349217554,21.11669034298238,21.177686185723402,5,1.01253950306089,0.913019960610406,0.826745231285015,0.110576249130731,False
Q9UBX5,8,Fibulin-5,FBLN5,24.828500974659704,23.467528706424236,23.789498159811643,22.424547016860462,21.587629842081324,24.471419197618552,23.133847264912486,22.384428217802213,23.81028289620035,23.31840066526654,23.2516423712122,22.65769166618747,24.59244484474947,24.21122933947293,25.029365274932967,23.116583099344275,22.31521634530816,23.52865654204106,24.818498779516986,24.0730656399792,0,1.32425879719169,0.309528818550348,0.613979024606205,1.04184195593904,False
Q9UBY9,2,Heat shock protein beta-7,HSPB7,10.069840350224275,20.238759762858287,20.25586075835464,14.03796363468926,19.710383346695906,20.9635155272433,17.174613473606517,18.844813967221178,18.612993381012323,20.573102257600656,23.665592694798327,20.8845048844778,21.4608900653951,18.896590913857835,23.468368319069928,20.38049624744338,19.28067530334889,21.390978627184325,18.962982323605388,19.458933539513836,8,4.53167039877665,0.0177812240323516,0.2269058628652,2.57541268992724,False
Q9UD71,4,Protein phosphatase 1 regulatory subunit 1B,PPP1R1B,22.908361480420247,22.951706082115926,23.77075123233417,21.813350051982095,23.006370479781324,23.773517202279354,21.182498560379603,22.981213752689634,18.384106243579158,22.442167533099077,19.389919946321736,16.882518819591564,21.51967259873643,22.534664252675267,22.41449574330118,20.583743793692697,22.02889037419572,21.889102752735024,19.494946218244646,22.18986700618163,5,0.418501342408743,0.0567483660469359,0.35525066816155,-2.01819428592257,False
Q9UDY2,7,Tight junction protein ZO-2,TJP2,19.343742119476875,21.900247132359173,21.31652349417838,20.198373076158248,19.068998187182338,18.029085984783627,21.15683058291333,19.83212852883905,19.199375069702747,20.88627067265203,19.255948246703188,19.695348890002844,20.983915087820456,16.703142214029572,18.155504231581787,21.225921871279304,22.990857769352612,19.277571518006113,20.694952704439213,20.745047691531937,5,1.25314887532232,0.833557061501147,0.819265653095417,-0.212816155682646,False
Q9UEU0,3,Vesicle transport through interaction with t-SNAREs homolog 1B,VTI1B,20.584661576847317,20.841905632649315,20.170760225510065,19.854010842568805,20.310841111171385,20.28387262985519,20.22929491137317,20.124395547465753,20.48522244883384,20.115250188644247,19.901056364991433,19.641213124617906,20.37397498301912,19.341861494057596,19.79095322741238,19.617745972905677,20.251658816458892,19.806818961787663,19.742985762704297,19.23638608136666,1,0.699944714742805,0.0212520616028215,0.244466286728116,-2.49293572675828,False
Q9UEY8,13,Gamma-adducin,ADD3,25.305666235951808,24.873183453575532,24.296948668442692,25.083673987215555,24.65904210025066,25.17753672373974,24.09056184730833,25.169469367891516,25.490920525540165,25.253039580128146,23.651284172371106,24.690620922272704,24.73622380766119,24.13904461105791,25.260751721229006,24.166357466288986,25.27318069400487,24.864347564846465,25.47567237252946,25.057628014785166,0,0.889203999532886,0.3844552265272,0.65469462881483,-0.888593229364644,False
Q9UFH2,3,"Dynein heavy chain 17, axonemal",DNAH17,23.317415940308482,22.020698008527283,22.761618520512645,22.990202588205587,22.659423270311937,23.15603692654179,22.692650501739845,23.060433933848678,24.864382976716545,22.74817134270267,22.58357681316037,22.477905307336535,22.85002050203653,22.789787877736085,22.93765592490931,22.725222273483208,23.114531215655937,22.30525330563849,22.30384907754343,22.101827345912753,3,0.663549051916637,0.149727547934102,0.502808000359564,-1.49620424235535,False
Q9UFN0,6,Protein NipSnap homolog 3A,NIPSNAP3A,22.97740268366718,23.33874117500968,21.634891138335785,22.895548901179556,20.32556400795451,22.754604444068907,21.211615744138346,21.384925925086314,22.55111333162581,20.748062084870753,19.361331585981073,22.23776051637637,21.92826867059515,20.606830919397076,20.2345138973087,21.11250192253246,20.731741772772615,21.815240667575512,21.968203995050768,20.035856494102696,2,0.492645513208431,0.0419282877093499,0.314522477872934,-2.16882226072056,False
Q9UGI8,8,Testin,TES,19.139497481332565,21.583055968767198,22.824485938340132,22.07387870604777,20.04201279670188,20.583854438760596,21.739744382578923,22.070397902305345,18.93267812500613,23.44123864164788,19.765836812037694,21.946262371283872,21.618564254908524,22.577388565452647,21.498491871629735,21.121465320724024,20.94827991333893,21.848189987058394,21.91249386050525,19.7683431892515,3,0.797024740469832,0.918111697391865,0.827540449847929,0.104077888720684,False
Q9UHA4,3,Ragulator complex protein LAMTOR3,LAMTOR3,20.15505735111595,22.00878817972275,20.872642920172506,21.123954390590505,22.25239766330635,19.627530581882457,21.407069771635694,19.85098410874508,21.085681741228854,19.91492450281688,20.39340860425002,20.369773309030233,21.470457711552253,19.3645380973133,20.822965928562514,21.042302389883478,20.00587909548553,21.50156702686704,20.270643879058483,21.750211284191035,12,0.85686231290992,0.721709934268972,0.79236564064944,-0.36107628286966,False
Q9UHB6,3,LIM domain and actin-binding protein 1,LIMA1,21.819404816969463,15.972315034072828,19.074752078823643,20.96095425515972,20.369075135225106,21.361847528769438,22.21062992631264,20.08651006650504,22.49517253485198,20.497048141089017,21.575557433933547,18.46041442700685,21.25770493437324,21.588921137979806,21.756472638084926,20.75897715447154,21.800793370188057,22.035161357225835,21.001717957255167,20.751110149887236,9,1.105790724254,0.321504746308361,0.618143294404304,1.01574367323059,False
Q9UHD8,16,Septin-9,2020-09-09 00:00:00,25.200998673742497,24.124854205782388,23.8315866123307,25.094160958606388,23.894741307447497,25.12265055262908,24.598246070580995,25.66350424482341,25.434504458952986,25.852644563172614,24.49953213555743,23.872561641384088,24.295060323284503,24.520382062724813,25.874680024895074,24.252822038202055,25.36434096359429,24.205143451014294,25.636288316313838,25.85251910723658,0,0.989234821925199,0.880406591300634,0.825812662811676,-0.152328093831173,False
Q9UHD9,8,Ubiquilin-2,UBQLN2,20.774880733517097,19.922309953601086,20.64227914507088,21.054712894289974,21.256323613864645,20.35644097297906,20.666071069679518,21.493933498597954,23.181727590814578,23.182707996417225,19.909695488007728,20.272622120017683,20.440512210880065,20.786529475502963,21.98366727497597,22.857713976525883,23.70144089786523,21.395922342743187,22.16519595088108,23.864246288173383,1,1.57186152164477,0.267353323851882,0.587927183588789,1.13995777007589,False
Q9UHG3,11,Prenylcysteine oxidase 1,PCYOX1,25.550144437510777,24.993563632522868,25.202080987346218,24.871100811054845,25.301556667515463,24.506848465415477,25.18273736411212,24.631212021039193,24.548252699859823,24.517412735613217,24.64125914137942,25.385056172007157,24.463461307271505,25.5946071885009,25.196194515717583,24.71157928709241,24.688186261475945,24.959323600532706,24.62285425487209,24.84610370420304,0,0.987010013357028,0.908677878872781,0.826708499711055,-0.116121714386954,False
Q9UHL4,6,Dipeptidyl peptidase 2,DPP7,21.318886357355336,20.5625682738172,21.99838120724446,20.162016680898127,20.775635612109877,20.69962196984904,21.96043710206588,22.482415376461656,21.571777285737237,21.69415735668592,22.054015096678476,21.024818797529612,20.02161786473885,20.991967836908305,20.267550809567428,22.258829829727187,21.890003373844735,20.596813694868718,18.483398698283093,20.962207512222196,5,0.807436373318391,0.281359756062181,0.59687397298761,-1.10620108351346,False
Q9UHQ9,6,NADH-cytochrome b5 reductase 1,CYB5R1,21.784415327928667,21.98968978837176,21.53679361568491,22.835937230027625,20.391768580413142,22.484766586386915,23.13942679129473,21.88016189388858,23.41944170791595,22.036475668419325,19.91357805656188,20.635732956355326,21.658641587450923,23.453887515634634,22.237089649020792,23.008009848522153,23.16041510028891,22.42914983507096,22.096849244865084,23.140017049373146,2,1.09924892339149,0.954097893136578,0.838236223008712,0.0582646973021775,False
Q9UHV9,3,Prefoldin subunit 2,PFDN2,23.006104661337453,20.816526253794173,22.436548577045862,21.71435831272475,21.94119713147365,22.09140955965095,21.66380384076644,22.17639258297085,21.93186699983223,21.540259508106963,20.910127225133458,20.741021855240096,21.760363507585645,21.45421381517896,22.023152145190917,21.773615863439986,21.70536525981199,22.11130563258255,22.322286624822972,22.070143543468205,0,0.827827671532299,0.385440886124664,0.65469462881483,-0.886717858340676,False
Q9UHX1,3,Poly(U)-binding-splicing factor PUF60,PUF60,22.826884186385936,22.653343675374643,22.078051837618414,21.006377104754048,22.633465222989447,22.049482323361797,22.047594612309098,21.44859790592199,22.838931158080435,23.51026370739127,22.966765366905882,22.8041780946875,22.081860484555637,22.862798013567943,22.956299217116552,22.678622055835334,23.008212501106964,23.11138686769847,22.53192220103829,22.755525850858433,6,1.25864460672861,0.120415780959691,0.468473175942793,1.61994090899239,False
Q9UHY7,4,Enolase-phosphatase E1,ENOPH1,22.336048287877496,22.874080433785977,22.59146071175571,22.412700816845437,22.284600488562038,22.4665573333907,22.221877439810687,21.618513288403403,22.624128128924035,22.74899051280562,22.15340178379513,19.162410740994165,21.82253358538729,22.096346308873297,21.23493646696138,20.722079481496205,22.254663460884792,22.461034370947882,21.864159268019517,22.23531975204213,6,0.647473842562522,0.0290126375088609,0.27325797600272,-2.34657303041314,False
Q9UI09,3,NADH dehydrogenase [ubiquinone] 1 alpha subcomplex subunit 12,NDUFA12,20.339204307820026,21.871248331074217,20.594385617334027,21.572061114208456,21.06686324297513,21.872667862589125,20.14284170063577,20.032781062944956,22.377621532221323,20.259353669264115,20.443386333819852,20.436880958951853,20.469729052538174,20.152259940254773,20.673109888891087,19.78876963168581,20.10365433454969,20.39540470724928,20.32098673307423,20.18974690669845,6,0.525555534981869,0.0331580766779205,0.277812355780077,-2.28273106995494,False
Q9UI12,3,V-type proton ATPase subunit H,ATP6V1H,17.356845918924574,20.205534877683487,19.82378286459041,14.805750868584962,20.568747094205833,19.87555985500284,21.153577022125212,20.568195357135384,18.83924496735251,21.12420161482909,20.185053220669236,20.52984649092413,19.88950073737244,20.447056697104966,20.187086026745884,19.399581119202374,19.755064256124264,20.307169534052598,20.19027799267569,19.984350733978406,12,0.99260849861114,0.246217226268332,0.583149616570681,1.19346700244736,False
Q9UI30,1,Multifunctional methyltransferase subunit TRM112-like protein,TRMT112,21.589262088138806,21.844439785034968,21.763639922672393,22.422883999588205,19.45071704368468,20.14738356004081,21.61012604067681,21.859213547291308,21.67504361648197,20.568964122274693,20.573929033279466,21.207310133352284,21.375423095193348,19.282338078618846,21.471597178530722,21.14739947989686,21.848739668735448,20.29615799061294,20.619688946431175,21.735617653332692,8,0.760703932717427,0.40318572581962,0.666318713990859,-0.853477720192921,False
Q9UIJ7,7,"GTP:AMP phosphotransferase AK3, mitochondrial",AK3,23.709187929275938,23.81235306633921,22.29232587078918,23.749436076628317,22.566218209174572,24.44577245477105,23.450852681230806,23.788763161471866,23.743635223380124,23.4032370023058,22.286408856669336,21.700373508657673,22.793804015958035,23.64634061818874,22.063965379619127,22.646572158403902,23.955922989369732,23.04913842701175,23.267701128460523,23.329447033337825,2,0.668520347524391,0.0417193164404747,0.314522477872934,-2.17127214176409,False
Q9UIQ6,10,"Leucyl-cystinyl aminopeptidase;Leucyl-cystinyl aminopeptidase, pregnancy serum form",LNPEP,22.961915429259687,24.10962721865357,23.103837913131695,23.49849219526887,21.676184469080294,21.56016191370634,24.341398454231598,22.59095300811589,23.167913222970277,23.360549301004227,21.132454731846806,23.350254478547285,23.83367244159316,22.943326262676432,23.15448602879533,23.678751953758095,24.21794914836156,23.201904649298125,23.58280406673874,23.527600707414198,0,1.11093009878524,0.557030168100354,0.731996907067397,0.596948836790206,False
Q9UJ70,9,N-acetyl-D-glucosamine kinase,NAGK,23.276055083241125,23.444266365290478,23.77256141908611,22.75255097628896,23.579548819528256,23.68930346915775,24.791279778627896,24.164437910192483,23.876112750940408,24.929733360356337,23.275934369687977,22.64322873399483,23.299163614630785,24.413939172101767,22.88679805263884,22.439891378535147,24.610399275462804,23.836197711780763,24.519879609983562,24.513555412476737,0,0.922052602956543,0.540961118755858,0.729692264899217,-0.621670795570501,False
Q9UJU6,9,Drebrin-like protein,DBNL,23.7021829958716,24.210317558782975,24.506866041469788,23.869982403341783,24.021255831577403,24.142212819007597,23.566329898650746,22.929364056129636,24.98297738159405,23.764534532206422,24.457981178157247,24.036772543510118,23.95579939343429,20.93765428261641,24.363555390298025,23.77598561954686,24.81826827350614,23.26229290094381,25.12245634143673,21.552223568461415,0,0.989405095515735,0.462232193924607,0.69086707470759,-0.74912160263853,False
Q9UJW0,7,Dynactin subunit 4,DCTN4,21.00219006098827,19.847665901727005,18.8087657200193,20.24580003442161,20.989791967133872,20.775144337219835,20.679885088494856,21.73910760349092,21.45999971959287,21.958896805235998,21.29610086673434,19.269754091352727,22.12633922018886,23.397415321289593,21.439290182352778,20.546217974836075,22.634313141886935,20.66243260456487,20.523473631171864,20.653437760807442,2,1.66318365085214,0.269729514193132,0.587927183588789,1.13414088930615,False
Q9UJX2,2,Cell division cycle protein 23 homolog,CDC23,25.550321330149423,26.35366859927552,26.174754670001207,24.286163718617185,26.738044526665686,26.73915042291856,25.892951440385463,25.895360781259765,24.89389965420603,25.277232989106484,25.565164457468562,25.453149666239128,25.720187644117757,25.329688730651103,25.461281215150294,25.24683840737263,25.65367316320569,25.727223584332783,25.948468022578467,24.78553812161067,8,0.738247931411161,0.297757405228707,0.608461038679821,-1.06820238449249,False
Q9UJZ1,7,"Stomatin-like protein 2, mitochondrial",STOML2,22.159356533586365,21.12228661552061,22.198912142333327,22.429303736085803,19.813913602778438,22.302452274356014,21.90392511876192,22.239172269594825,22.472707824838917,21.899144352421285,18.579825420242955,19.831951598656524,21.7077555890773,22.100349738295872,21.603867674811887,21.448544881258616,21.987015910170122,21.801626091592773,21.391552919915778,22.358176499827668,1,0.741410247180526,0.186454762766907,0.53240815837221,-1.36657246893358,False
Q9UK45,2,U6 snRNA-associated Sm-like protein LSm7,LSM7,21.79177713759805,21.335589140575,21.602549895191046,22.111256496541813,22.12805731472127,21.654017629359366,21.248970418020917,22.450025610185847,22.495323858836077,21.825489419234938,21.430108873703357,21.30693194227401,21.588114591250733,22.21924722664178,21.552311200221734,22.412346159700725,22.371666889130143,24.093472575258815,21.48710330681336,21.993528588438036,4,1.32291783610957,0.552849537677159,0.730786710248407,0.603343962307364,False
Q9UKG1,11,DCC-interacting protein 13-alpha,APPL1,21.271433176910346,21.110485399713944,20.306945338241466,19.03368454698078,20.31278093854162,22.26891799442453,23.859457621685273,23.335175270851092,22.400926697214803,23.327752178319958,22.665015858838537,23.14806253514252,20.039895366340353,23.391313852945107,21.384122910881672,23.730421824657203,23.726844427640785,23.83947080045345,23.65961606970763,22.486066987057225,3,1.68994861097152,0.0151332498252544,0.210966091138595,2.64924066104538,False
Q9UKK9,11,ADP-sugar pyrophosphatase,NUDT5,23.528742731764254,24.64322521716508,23.416815859853727,24.191829125655676,24.19585646707391,24.627152331516598,24.470597832392244,25.22577256784084,24.773336809225214,24.282829642653677,23.75145061347769,23.688616287488564,24.16687667797845,24.63080219313412,23.563827560142524,25.400127752207915,25.25780387154435,24.886589304795006,24.010762643203243,24.494883134340494,0,1.06854409059955,0.827592161876904,0.818187832819081,0.220571437044085,False
Q9UKY7,5,Protein CDV3 homolog,CDV3,21.01112216154573,23.43452259108869,23.660143234867743,24.471463078061895,20.992784372360845,22.202750113580763,23.235850971818813,23.899069269918428,23.01240713942416,23.661493548752485,21.465634236777,21.84739220394986,23.11937615036752,22.639436549374974,20.23356689190278,23.446162229947618,23.62152816724332,23.77281191047476,23.62261827746984,22.927192838821778,1,0.79807888676899,0.5222009644818,0.721310207615658,-0.651037776147385,False
Q9UL25,6,Ras-related protein Rab-21,RAB21,21.897430237066015,23.067458316433594,22.38141940088832,20.800300823245337,22.16126936086439,22.793107056418,21.94836451617263,22.50037878320897,21.426356266144314,20.704751642010365,22.359444226299033,20.51266061458731,20.678264738895646,23.366034697617646,20.14762572049173,21.866208265481948,22.002291519848562,22.048968787992106,21.420423579138824,21.57170971230508,0,0.835581626239417,0.370751828566514,0.647421492064222,-0.915001260378484,False
Q9UL46,9,Proteasome activator complex subunit 2,PSME2,22.83123545501023,23.583881459463072,22.84820651328844,23.97509471075585,23.259846339016327,24.883945406081256,24.955046369199447,25.352686674316374,24.884192899802485,24.708469414029494,23.272580546257956,23.81528683603234,22.595324476525654,23.75806549883693,23.734077691120657,24.72433871744588,24.608426410743483,24.569094335875967,24.633292938672785,24.1896568255245,0,0.834946956935306,0.500760585856627,0.713069120052468,-0.685323937431812,False
Q9ULA0,12,Aspartyl aminopeptidase,DNPEP,24.06678021865883,24.384952926773177,24.487637438120927,25.47941846115727,24.741199002651022,24.976815289122,25.32116031298638,25.488959561587873,25.630484447537214,25.45110912564882,23.788041475730218,23.875353873354463,24.096812519422038,24.16724150288856,25.352401351094557,25.314574724852648,24.56228956462598,24.621322323011608,24.85680266769363,24.72908306549582,0,0.726904311102622,0.0409376415256344,0.314522477872934,-2.18053610621347,False
Q9ULC4,4,Malignant T-cell-amplified sequence 1,MCTS1,21.250981858389746,20.940763589797516,21.481664570908197,21.454836406278357,21.289120434893956,22.911906056851564,22.25677564779528,21.732758749043377,22.327735126143807,22.35225344794587,21.202491615094868,21.45909342901181,21.848737672704207,21.674619876782618,21.665543562467743,21.35721971956509,21.21558496671394,21.245440027548085,22.41437270924314,21.235261565950815,2,0.787679000818106,0.265680484937865,0.587927183588789,-1.1440757866732,False
Q9ULE4,2,Protein FAM184B,FAM184B,22.28648309053561,22.278735582208665,22.125726352322825,20.47824462733758,22.153650748999365,22.048776784311325,21.959469135772935,19.288540566146953,21.232433553625988,21.12175815352455,22.62428239701065,21.75702090129761,22.45690585299656,21.706905172219912,22.231828051997216,22.379799233169162,22.05072227948667,22.163479987794396,21.666884809939216,21.885372012030896,7,1.32005970228667,0.0926789709816626,0.423547374592402,1.76308575718327,False
Q9ULH7,2,MKL/myocardin-like protein 2;MKL/myocardin-like protein 1,MKL2;MKL1,21.063663900043764,23.29736225293469,17.708825117593737,21.047186961349492,22.58561527426079,20.68187141314741,21.32750604640882,22.03793998393577,22.206965618153674,21.446988151205606,21.689788515733902,21.926572709412184,21.35158085456047,20.41531011936717,21.304677031017814,20.879888044756065,21.310394847979456,21.66521965270437,22.098289128178127,20.718986104432737,7,0.749559705485423,0.993223778582165,0.843797505224354,-0.00859623984343065,False
Q9ULV4,11,Coronin-1C,CORO1C,22.027192356577213,23.959056468432795,22.26726876808913,22.141265826118445,21.117876281924424,23.045995365422836,24.60407628921398,23.91207690874462,24.435278845278287,24.855262122230336,21.827731885767367,22.257430907478852,22.788314724349487,23.99674563271761,22.62530098503942,24.29659469095216,23.161243521236674,24.198594838346455,24.276547431065286,23.657105441107376,0,0.900113830129902,0.836861422681505,0.819283344390874,0.208525768501459,False
Q9ULZ3,7,Apoptosis-associated speck-like protein containing a CARD,PYCARD,21.23412693222961,22.908717519613685,21.12271902418313,22.46246558004807,21.674942983320946,20.030230186323436,20.178571487175194,20.662842113726022,22.074963180988405,22.528873397751845,21.947357237112087,21.22037604709214,22.431155879070573,20.5526487321355,21.348169398402053,21.981975003649566,20.704645645033228,20.849391867558694,20.990525632833283,20.945375604124987,0,0.780132035956258,0.61246602608146,0.752600100252505,-0.514352816048848,False
Q9UMS0,3,"NFU1 iron-sulfur cluster scaffold homolog, mitochondrial",NFU1,21.175612646345467,20.4871000622033,20.031496863152963,20.668686189314222,20.47921501126768,20.94988366927912,21.43536608228731,19.13146648315448,20.527106281316275,21.079055209632465,20.7824729880206,20.345232004533333,19.710950687478807,21.02034826474919,20.276859489453596,19.84089313924542,21.706462927642768,19.779950344374722,20.67566288444496,18.3419247872144,10,0.852286186243926,0.358638158086484,0.640460086745567,-0.938892905184093,False
Q9UMS4,1,Pre-mRNA-processing factor 19,PRPF19,21.92884428765938,21.44771272998722,19.90850101770047,20.86688701445438,20.751882382775786,21.54354289886584,20.9798034371128,21.872467505959964,19.792418334970183,21.716469766536605,20.451954404447232,22.06648768752735,21.627368465059202,22.850499417074,21.809127156554645,21.529533438737715,21.329294615464335,21.045571811991557,21.626859976441235,21.797514797355376,8,1.40994797197782,0.133887993445921,0.486433579823015,1.56028014626678,False
Q9UMS6,11,Synaptopodin-2,SYNPO2,24.191836502922527,20.687013756979294,21.651204617565053,23.916618626640066,23.310607014486877,21.71604624566901,23.64150046126918,22.73701804960567,21.943325636182305,24.162816158078513,23.481163769558535,21.83419736401157,21.41416525249062,23.621945005677127,23.278549375631233,22.39902438264374,24.193253916139295,21.234840304693957,23.71653574422431,22.600288502882076,1,0.916580940480219,0.971151557427081,0.842169399018708,-0.0366049123819245,False
Q9UMX0,7,Ubiquilin-1,UBQLN1,21.27713540050048,21.376131519830654,20.986241894179216,23.736105466274637,21.78589543513649,23.22663389768007,23.183554025453365,23.01630223238641,22.41214666219399,23.966206552650878,21.032369485354767,22.5523158788326,21.40749608610845,23.142502740265478,22.288150626949538,23.123637856878226,23.44558357592855,22.351311456042897,23.584840470764203,22.90943450943282,0,0.96128713696682,0.808312923244232,0.813589620325639,0.245735224357259,False
Q9UMY4,4,Sorting nexin-12,SNX12,21.067912299991363,20.30114531374658,21.22848375617765,20.706633384603247,19.279152716267514,21.18379574579893,19.058193955584862,21.574247817339764,21.107840905201765,20.4769635020308,21.324485861252153,21.47337403756993,15.97244010151999,17.350251733019178,20.967331269100143,18.98135656570906,22.09503872558305,21.590805444817313,18.899251030558688,21.53041714320353,10,1.07908864541619,0.391841559547073,0.658598533853274,-0.874615352269026,False
Q9UN36,8,Protein NDRG2,NDRG2,24.517685881928827,24.47775955141451,24.801743945323597,24.790371366890994,24.37124124541852,25.663287683251998,25.158563304369803,25.165063686813223,25.794844001742543,25.449808152634937,24.13758209478643,24.316993833104146,24.604786686008662,25.74778730758559,25.242479602029423,25.20798904098813,24.88919522765558,24.28989097294748,25.904809791610695,25.58690612902671,0,1.01354982681668,0.907705248604091,0.826708499711055,-0.117364410409624,False
Q9UNH7,11,"Sorting nexin-6;Sorting nexin-6, N-terminally processed",SNX6,20.885336414156598,22.220209727005923,22.044727481786975,20.558492876646053,22.234126403074026,23.067227334610205,22.788672776037565,22.422125694560798,21.86513622842783,23.109223211098776,21.02808399068565,17.218506080455395,21.62217218693191,22.99133312724523,23.263322520838237,23.287200487898414,22.997243374965176,23.594742706106082,22.932142075352502,23.38295236337808,0,1.42177758430816,0.83900275170308,0.819283344390874,0.205747611925309,False
Q9UNM6,13,26S proteasome non-ATPase regulatory subunit 13,PSMD13,22.53992980573279,20.956262805139996,20.895084569371136,22.446921222409937,23.052807376868287,22.253844980862926,23.92636095495275,22.78068811481961,22.642299832617685,23.082067564633554,24.043493986075184,21.320928263439896,20.729848787528347,22.726345237842885,22.329376157330834,22.600982146289468,23.747861438135892,23.619229116095596,23.520234348214842,23.129202505130035,1,1.29850604874855,0.425397660031014,0.674669112819751,0.813168585147154,False
Q9UNS2,6,COP9 signalosome complex subunit 3,COPS3,23.11648619357688,21.804504393433824,23.604831171955134,22.83502049234732,22.281216510614225,22.312149303995362,24.412141584874764,24.051412842926197,23.692463925142143,23.570972909139325,23.096268376919866,21.815392582205583,22.420024317160127,22.098975579324602,23.35249871536258,23.07832274891577,22.375282649926966,22.916883843535494,22.940405773962173,23.37848078988828,0,0.684608267982205,0.177585135994916,0.527958552151401,-1.39585600144913,False
Q9UNZ2,11,NSFL1 cofactor p47,NSFL1C,23.053070716616684,23.926146851659155,23.266084867036145,23.668709577605295,23.692972222394403,23.68235480904434,23.79974473151896,22.81680088086215,24.017622781503647,23.871213419673495,22.975259840450722,24.392562013799704,24.382191812078922,23.606917243707695,24.012272910994334,24.09636469909397,23.376162973134434,24.859478959873297,24.109446918062645,22.25932387084627,0,1.26898558207755,0.441887606257878,0.683685726064029,0.78409174987561,False
Q9UPQ0,22,LIM and calponin homology domains-containing protein 1,LIMCH1,22.2201074966902,24.433794351283343,23.708652012155913,22.780762674728557,22.77740921157512,24.056957443923938,23.61156450451178,23.457551737959626,23.93809007999291,23.593115021725765,22.05997033978357,23.05300683889577,24.359081305592017,23.42832328605047,22.761467615823623,24.234216274885327,24.252954689213663,24.745680114685847,22.413980050123214,24.2152033317368,0,1.15650863197218,0.78100722047075,0.81078497116161,0.281660108564331,False
Q9UQ80,6,Proliferation-associated protein 2G4,PA2G4,20.58255472387099,22.35003391121723,22.729045012605916,20.925376183348575,21.158670537786193,20.998648404102177,21.990758214053656,21.476037806690943,22.558975449398783,22.303496887560726,22.05021021504685,21.25602917408908,22.472213272879046,19.78060288510523,21.881463811569137,22.318508776196325,22.88776945417724,21.807688196190785,22.38920213350824,22.633693225470992,0,1.18991770244761,0.514762866651036,0.721090302628091,0.662841473644929,False
Q9Y224,4,UPF0568 protein C14orf166,C14orf166,20.622391965924763,23.593828334819843,21.06305588349184,21.26857106150077,20.4070387461819,22.34850797057461,23.399436225139286,21.343765545649234,22.82781337765284,23.00506996009586,21.538505882249474,22.599984567452672,20.628191080103317,20.97441076056436,21.856690999052173,22.6028145099187,22.133398019589205,20.797289986459486,22.081656800777427,22.01717845599339,3,0.693487291831903,0.516324198983291,0.721090302628091,-0.66035593796897,False
Q9Y230,8,RuvB-like 2,RUVBL2,21.790480721418955,22.02588673119543,20.277255197312343,20.96316809035276,21.407252368014063,21.870208543297213,22.313088229835355,22.660601671655154,22.95351643271983,22.591410913230987,20.823998543705923,17.735372736543464,21.768335607080278,21.220511520833828,20.511316534929986,22.121584775820914,21.960610034455502,22.665736033815687,21.88250262410135,22.49463199063007,3,0.785725756925115,0.169664271611614,0.521118528909864,-1.42301264058075,False
Q9Y262,5,Eukaryotic translation initiation factor 3 subunit L,EIF3L,21.151785271730784,21.27529415991146,21.10183597700128,18.90070386839618,22.26857353255685,19.474538335515593,20.650525026067168,21.14544317322352,21.802439226272316,22.0155012117903,20.814197835212347,21.587782249622748,21.772612298938686,20.759386399195535,19.952927217623422,21.905061329727847,22.05137781971935,21.740857263954236,21.799259297284546,21.686243678868923,5,1.19479447826389,0.288050778296316,0.603321843609166,1.09050716971736,False
Q9Y265,10,RuvB-like 1,RUVBL1,21.581611187349587,20.83410522186691,22.728947733684674,22.318290093862824,23.28437419267353,23.62991160734169,24.28620133635243,23.772256369881426,23.472333201562726,23.456531184220058,22.826137365139036,20.77262663602932,19.124554258574353,23.597129763451623,20.49757647830369,23.920371915002498,23.648463630229973,23.533110557773494,23.756745245551443,23.559631458387333,1,0.93235992311916,0.363085901601635,0.643263472980514,-0.930058617407164,False
Q9Y266,4,Nuclear migration protein nudC,NUDC,21.16162389972465,21.314531305402483,21.95929532233341,21.735725965360356,21.238875179605127,22.894242672101903,20.822540603648807,21.906998181726674,22.570727756097288,22.82928996749362,21.63658087663676,21.12035541964391,20.61010410037149,22.3896690472312,21.507124275952666,22.49417238943301,22.23777198622548,22.37642813311204,21.80102884049171,22.167375027627106,0,0.95303632822714,0.974983439908347,0.843288256353484,-0.031740909638276,False
Q9Y277,3,Voltage-dependent anion-selective channel protein 3,VDAC3,16.254064615788568,22.07972027627258,22.181340201473823,22.56566978965243,22.083133148381965,19.61433462097595,22.165149086713406,20.19435799246851,22.168324444904087,21.833930105637478,21.960416381935495,21.678941690906438,17.101885414131704,22.173771369449184,22.200344163550085,17.958461928083768,21.97111436417255,21.19425513487156,22.02906344472332,21.606974649365764,4,0.894325063756735,0.878519574501111,0.825812662811676,-0.154751661561232,False
Q9Y281,8,Cofilin-2,CFL2,24.294870221512603,24.55326835498557,24.24596710021798,24.405979185056975,24.616255358775174,23.837084631864574,24.77182032958168,24.834159414073326,23.95077006186528,24.122822410456703,24.156738792928383,23.44846728364628,24.691173190332535,24.156370925744717,24.405828217768708,24.932508546003874,24.48565402862219,24.414289897279193,24.041097220680548,24.179814181339033,0,0.960335500790812,0.714519889922052,0.789207019147749,-0.370858589188044,False
Q9Y2B0,5,Protein canopy homolog 2,CNPY2,24.144662688528634,23.6225579581432,24.183566181165357,24.808741052613343,24.10713331606911,24.899865215516446,22.937695149903508,23.401187581500064,23.575444638472682,22.78164855307027,23.851943349152453,24.02012412322724,23.34891365635487,24.383726125342424,24.53232051357987,23.528110280480217,23.349274459637638,23.523883605091914,23.61390735360041,23.633089775197437,0,0.890432784133608,0.787994442424272,0.811510678024041,-0.272433053656886,False
Q9Y2D5,14,A-kinase anchor protein 2,AKAP2,25.31387767140859,25.09377686627921,25.584500221896345,25.439949356178335,24.217868721361977,24.668140949824636,24.308027347518973,24.647236336279118,24.110825787942456,24.607940729085517,24.833957683163693,25.02275960197456,24.49663103673865,24.690470002308974,24.87938404639017,22.84951559771851,24.439677864924423,23.15827325532931,24.7055707030537,24.113618697110176,0,0.743869645688655,0.0537454496679433,0.351022859815568,-2.04559077954908,False
Q9Y2J2,10,"Band 4.1-like protein 3;Band 4.1-like protein 3, N-terminally processed",EPB41L3,23.793096365043546,23.04692330860952,22.433925133074606,23.43789237891686,20.03090935119425,23.918752028207287,22.992881385946625,23.471252038648977,22.847029017340695,22.945333128737243,22.524493328162873,23.731330960972134,21.52451508055364,22.997667693035346,23.373223337873398,23.145890055152346,23.399754293359372,23.028494587242676,23.23633563087346,22.518831463525625,1,0.938047600984644,0.887078026691708,0.825812662811676,0.143767118605555,False
Q9Y2Q3,7,Glutathione S-transferase kappa 1,GSTK1,22.66532971826993,23.43452259108869,23.97941599940384,23.640248006664162,22.99402937832928,23.65672604624612,24.124390784569375,22.583324572458924,23.780331401529306,23.79519508490822,23.075779668898896,22.892621298339904,23.220065675566474,23.28483807788687,23.260896969081248,23.319008894367254,23.196692357240963,24.195532873898394,23.24040147210153,23.50686280552677,0,0.878356220237792,0.53422048830935,0.727049936758826,-0.632157821426437,False
Q9Y2Q5,3,Ragulator complex protein LAMTOR2,LAMTOR2,21.381531057671502,19.459127880515226,21.46486229732522,21.703942681981555,21.699484740038034,21.44798153282369,21.962341804987243,21.519708473162954,21.375040840922168,22.1035125979214,21.518675727447427,21.356641972103684,21.54705952298796,21.142526560675467,21.460331602332218,21.66866638343273,21.19243017100186,21.933856740936164,21.50216396754316,21.233087604279877,1,0.959703515086047,0.876730285574688,0.825812662811676,0.157050592952862,False
Q9Y2S2,7,Lambda-crystallin homolog,CRYL1,21.75527587359223,23.275580526510474,21.324786359745055,20.395305127902645,20.634750083937654,20.89970627251674,22.169873825113623,22.95082323203973,21.79992021850786,22.96215015512835,20.173710583682166,22.207299565783316,22.370321432371636,21.959425569516608,20.92391003050578,23.0120816157509,22.12575073454521,22.76195134907499,20.648458394119515,21.878895851224534,0,0.939691401833886,0.980251227339786,0.843797505224354,-0.0250555001507949,False
Q9Y2V2,6,Calcium-regulated heat stable protein 1,CARHSP1,22.229067260074082,23.379290533585458,23.27288462908842,23.746779790417133,22.84255953014659,22.658013295221355,25.532237485312038,25.201287412491105,24.721432458201267,24.335544514009065,22.255626420740967,24.44082767398419,22.822926743869324,24.5875379206548,23.009064727063397,25.180416349458486,24.759350876357345,24.49874444015717,24.305531781660648,25.004876196719298,0,1.12239577628753,0.41632963498872,0.670306432105353,0.829459500361708,False
Q9Y2Z0,5,Suppressor of G2 allele of SKP1 homolog,SUGT1,20.347978497960472,18.84516426239568,22.922451881913247,21.679312108564933,22.716628057649114,23.205799330865304,20.7667569884904,22.641976732154976,22.506621280104966,21.44729100864139,21.86008119683409,20.80195378378059,20.2680163706426,21.673927849773637,19.53580592872564,20.919286618892826,20.768957154991625,20.84361207032131,20.29951146242998,20.919101858646346,5,0.425557741039497,0.0658248259077145,0.373141418198809,-1.9426006778573,False
Q9Y305,7,"Acyl-coenzyme A thioesterase 9, mitochondrial",ACOT9,21.639667387217237,21.731308393484824,22.177638425924357,19.944882659487657,20.73963482053859,19.62211004880363,22.081854535642332,21.949003761063697,23.19200224613086,22.317351720212194,20.064774727751523,19.495076156807848,21.386507345296813,21.919558369305683,22.312458574360424,22.05269138249144,20.228448061518705,21.427149775322615,20.431372318461733,21.25865609337561,1,0.679780700675547,0.306712785713395,0.613768740516,-1.04808215159681,False
Q9Y371,10,Endophilin-B1,SH3GLB1,25.479497962904098,23.193022733577273,23.666506317043325,23.29519085014545,22.667828210963343,23.743992253336405,26.206698445886627,25.69568225110172,22.956748654848454,24.108638273642146,22.154343084903786,26.29673310805463,24.087475446561708,22.6577855925943,23.470343605403034,23.62819256481049,26.15545188342691,23.143122216148573,23.225312710903054,23.610537933207592,0,0.938301191635344,0.639873524045465,0.7585186811081,-0.47485507442,False
Q9Y376,2,Calcium-binding protein 39,CAB39,20.939046086036534,19.83663200151153,19.340424188071207,20.05977160266713,20.033543962005126,20.158806357311633,20.832764089840683,21.02002095286754,19.53522749730934,21.020824356046408,20.318675412500877,20.06063959540311,19.36126533274418,19.07456865574708,18.44466009914954,20.76045079611232,19.456742755920658,19.355981413285157,19.798323567320192,20.969874477340518,8,0.731530456198095,0.118778704022468,0.468473175942793,-1.62756682917499,False
Q9Y394,6,Dehydrogenase/reductase SDR family member 7,DHRS7,22.35851533739684,22.116489533685492,20.153236231336663,23.697308537858778,23.610154431046265,22.87616150729154,23.21768829172519,23.06622874905339,22.756666515735315,23.53691160007768,23.013961852804655,21.872205878421504,22.30842376663821,22.948240357830848,22.936097518016332,21.99254213228011,22.945846065411917,22.09518505443917,22.741943277623246,22.564317420254287,1,0.765995866654739,0.588248210317318,0.743447109981051,-0.549956894669471,False
Q9Y3A3,2,MOB-like protein phocein,MOB4,21.606545171330943,19.5666436003351,20.76538605307205,20.48537957952472,20.47627804181196,21.95266793023561,21.754937763348682,21.035031352624475,21.724502944590153,21.39640414547046,20.039283006669088,20.079026069991734,21.11880627854786,20.507788458062812,21.789757229796997,20.743722815094554,20.865305705212247,20.593017840287963,20.262427778431533,21.63788097978161,1,0.784858496257301,0.30966741270546,0.613979024606205,-1.04153588049626,False
Q9Y3A6,3,Transmembrane emp24 domain-containing protein 5,TMED5,21.81458757128962,20.41173218365173,20.415184409931353,21.028780163528243,17.2197737139287,20.905957863081948,19.23533101078938,20.91230593072258,21.588274681268537,18.468341213302523,19.06107574347583,21.774857846623853,20.546940532923074,20.221188365810296,20.86801403480474,21.12218190298725,21.76975070779615,21.295542543623828,20.332064503851903,20.95104241400534,8,1.22189198212889,0.261178927979995,0.587927183588789,1.15525335831882,False
Q9Y3B8,2,"Oligoribonuclease, mitochondrial",REXO2,19.91201240263099,21.200626772954518,21.43846714276821,19.83442847035361,20.832786175325595,20.19434533851545,21.202867767754114,21.332456829698128,19.181131702058995,21.122938272233203,19.39075815469371,21.44555088028485,20.63624335995826,20.867157877015803,20.61646985225312,21.188141858941403,19.790555029265857,20.97285944705503,19.731406752775637,20.408290856153894,10,0.897445518023165,0.735298736931647,0.797259687542989,-0.342685214198305,False
Q9Y3C6,2,Peptidyl-prolyl cis-trans isomerase-like 1,PPIL1,19.764176492829723,20.23027448168999,20.34427343458252,20.094475818305675,21.004974636824087,19.447151851674615,20.701028259080793,19.998058861891607,20.17107148271055,19.381725359196672,19.854865298072376,21.12851265306697,20.22331870931699,20.58799279218959,20.997554261144614,18.785322690574386,19.900485510403776,21.3201609377062,18.941928778082964,20.03977081985594,10,1.14651042484035,0.840390417716091,0.819283344390874,0.203948144655389,False
Q9Y3D6,3,Mitochondrial fission 1 protein,FIS1,22.841936436377225,22.944318054458424,23.56315131273774,22.121818954822956,21.865324034856418,22.831198683843894,21.437474299638282,21.980151093092736,23.357116149516134,22.42316721069538,22.026722512922706,20.54362923144088,20.524345867894816,22.538417124161843,23.09169021078221,25.39160896849694,21.852403288541346,22.860131743013895,21.759804243436932,22.293722276789346,0,1.28694040137887,0.592596334603374,0.744753316101235,-0.54351249488719,False
Q9Y3F4,10,Serine-threonine kinase receptor-associated protein,STRAP,24.022680453825426,23.90032244335237,22.74596859924481,22.77874872015615,22.952329461425503,24.120658676007256,23.059552425591914,23.41321474991426,23.063595841802336,24.37759969322295,21.565370861084755,22.947420774858365,22.216030162331315,24.036897075197786,24.242164339244713,23.537452214887626,23.428252327731627,21.68114214287128,23.705793495894987,22.955017870084802,0,0.82219708242543,0.266872409113875,0.587927183588789,-1.14113968046872,False
Q9Y3I0,9,tRNA-splicing ligase RtcB homolog,RTCB,20.290851735081098,21.832021654553387,21.061099546912793,20.20909084202205,22.17695269468679,21.702820913735728,20.96666930855732,22.128040600660125,20.5189402605075,22.072522833102976,21.76479833179638,21.15720009989781,20.85989233900115,22.23523989965897,20.50992046839866,22.921127019126022,21.524126435889805,22.921709535808287,21.133111439431357,22.867503503091466,3,1.47993120109764,0.188763062441642,0.53240815837221,1.35913351383994,False
Q9Y3I1,3,F-box only protein 7,FBXO7,20.964541781834406,20.349460336411703,21.023154327833982,20.951206027561085,17.84956979090915,20.723360023733694,21.462204194441558,21.431166531696146,21.412466943961594,20.808248855973847,20.844651180905938,20.030933274705134,17.844733832751118,21.945539677100655,16.77925381923661,20.525277804453665,20.91120259354778,20.021566348980762,22.156195515252016,21.46716869397867,11,0.980221730102273,0.433593083716137,0.679014768252282,-0.798631703821361,False
Q9Y3U8,3,60S ribosomal protein L36,RPL36,19.816010925542983,21.453513715966395,21.443758303943774,21.638003978381846,21.2367131185281,21.86395519577721,21.783527467375436,21.722341617929573,22.119796714992347,21.846563040813173,21.586351980190095,19.833602315522665,20.606340575707783,21.817235900095547,19.90194004578337,21.913254550883373,20.80820150886057,21.147697460665277,21.260469032319502,20.853697703566432,2,0.723806024546134,0.109586359054774,0.449353564697873,-1.67211204855518,False
Q9Y3Z3,18,Deoxynucleoside triphosphate triphosphohydrolase SAMHD1,SAMHD1,23.92683526690422,24.384253072829885,23.68681517200712,24.4826149802808,23.731314943303932,23.70911387935159,25.49461416723283,24.855129187920447,25.3319569367354,26.157015906919092,24.344558448508394,23.53159501870645,24.259848153596636,25.62840164864263,24.868054899143306,25.43946979562298,25.369905792409774,25.388098126296676,25.400972985532626,25.094393808167506,0,1.17433487417148,0.207870050362887,0.548237441134078,1.30016117814396,False
Q9Y490,114,Talin-1,TLN1,29.39135843780103,29.464845047783882,29.484489640487972,29.247333642387837,29.037642125983666,30.147667249099708,30.251119720791216,29.403973604330893,30.05420047369821,30.083742648050563,29.137240938033752,29.566335796898734,29.189725370252184,29.82316467104636,29.33157946535007,29.795373079228387,29.871197142073957,29.86357913597325,29.745671033690396,29.68015802885422,0,0.938652375309366,0.64425650260049,0.760600679732768,-0.468610881458492,False
Q9Y4G6,95,Talin-2,TLN2,27.683550736813185,27.374351530098934,27.494449098514057,27.401781650736236,27.34386415094068,28.427930360488382,28.28497253962593,27.60343879646777,28.36296613742301,27.996307285638824,27.147403065597455,27.224040020641553,27.64982153753641,28.483509490240543,27.48358873272025,28.107218284348672,28.390430246183758,28.06765182121877,27.953251931742784,27.96184712157186,0,1.03752746239038,0.752866421356211,0.802152111353787,0.319085928655416,False
Q9Y4L1,15,Hypoxia up-regulated protein 1,HYOU1,22.717650251028175,20.768816097795078,22.48742660045789,21.6805652740242,22.502909443432298,23.384549576350498,24.038526035612406,23.728005453703872,23.67058744001669,23.92904079204648,23.1171100219925,19.95267979867674,21.22291362573254,23.372142214144233,23.58868914732442,23.997184968947494,22.765892278105486,23.28803549335189,23.818539985836082,23.526016024652836,0,1.01842178236554,0.949217257358992,0.837319346889102,-0.0644683820170974,False
Q9Y4X5,1,E3 ubiquitin-protein ligase ARIH1,ARIH1,20.616442699593577,19.842031100757485,20.984830414440545,20.906856095377776,21.141964058924,22.13539615746562,20.243438143958066,21.541765875366696,20.617517830803212,21.15270968963403,21.30589616532034,20.44968873676248,20.657177113552947,19.820165912642437,20.689020811955306,20.53075731244544,20.329781416128835,19.9075580512634,20.681603341552826,21.40149665923698,7,0.761705274222183,0.260014026795698,0.587927183588789,-1.15816911210164,False
Q9Y4Y9,2,U6 snRNA-associated Sm-like protein LSm5,LSM5,23.646344880126588,22.018201755791075,23.244901652829032,23.990894918673053,23.23767443459958,23.196711895491998,22.92652607370114,23.538070833973464,23.234840461012666,23.80651865983496,22.11146471316394,20.781747339503493,21.10343002618113,23.382264300434915,23.62457552251914,23.171385995189766,23.538310409703364,22.934208866094473,23.54952661799597,23.313000679973864,0,0.783770508689501,0.135917940017927,0.486433579823015,-1.55172921491168,False
Q9Y4Z0,3,U6 snRNA-associated Sm-like protein LSm4,LSM4,22.408912954338184,21.627079259517767,23.309093374556138,21.6604298642771,21.955190830728004,21.455453887883067,22.263612344016376,23.783710833565394,21.6029133084622,22.124412064414585,21.10234624754068,21.129144823058727,21.533791344665218,21.10568995133556,21.605045011357074,22.167873650080878,23.92031698291903,19.615933025042178,23.42742218107541,21.702469283840266,5,0.866321921144896,0.284493237435907,0.601214860396153,-1.09881806899592,False
Q9Y5L4,2,Mitochondrial import inner membrane translocase subunit Tim13,TIMM13,20.639667387217237,20.920825790927875,21.9910630704913,21.314976468702437,20.848715658343885,21.24697329802501,20.889367332340083,21.733469506295357,21.208803528639343,21.938371095264976,21.479062491330662,21.087632384411467,20.57318668447749,21.29860667248231,21.162149528811202,20.966124105848653,21.495300332607286,21.542298959159144,21.424382171934987,21.674075217627816,8,0.970425624139258,0.990452753272917,0.843797505224354,-0.0121116860871473,False
Q9Y5P6,5,Mannose-1-phosphate guanyltransferase beta,GMPPB,22.58582457170344,22.682729256905947,22.893175898042195,22.753345193232157,22.691832791257927,22.48929133903673,22.23332920096173,21.840861736530435,23.403701678876445,20.917355656775786,21.64000966197751,21.24421624302048,20.27213005172537,22.568940876406373,22.51424388468151,22.560140393802527,21.27439996019769,22.527013184811043,22.913034268018524,21.811443449528465,0,0.731333784925693,0.144935970508583,0.497801806304702,-1.51497330482245,False
Q9Y5U9,1,Immediate early response 3-interacting protein 1,IER3IP1,21.998265169423973,22.06046602554158,20.942278408298105,21.82782556771859,21.096839619527945,21.26409181992863,21.260781546952234,21.31831357178861,21.48249671955142,21.000513992885725,21.348328458568197,21.182177388812246,21.486603683349262,21.54934654768734,21.07278574951886,21.568533417636253,21.611622108281143,21.11576678516882,21.68567263019927,20.75207659141448,9,0.923719810773639,0.707585823144444,0.787279413919631,-0.380327759276648,False
Q9Y5X3,10,Sorting nexin-5,SNX5,20.507508328040416,22.61453798054173,21.855175636470037,23.129469454009243,21.030021811922403,23.8583794102278,22.890906666944293,23.556891990006573,24.362460824994738,23.870837162597315,20.06738487087164,22.945392957794237,23.231697828529217,22.053612934722906,22.900953647135786,21.83064138716036,23.634512010870758,22.673533012761652,24.04194453572501,23.183990439844962,1,0.855080879250446,0.794492262283963,0.81258020413402,-0.263873991588504,False
Q9Y5Y2,2,Cytosolic Fe-S cluster assembly factor NUBP2,NUBP2,20.45537855990235,20.36266452251994,19.876515731191486,20.666532842865553,19.537709130155058,20.431538456396712,20.976677961897508,20.683218977791213,20.881844125678295,20.176611907395365,20.389406679930804,21.34181505259727,21.1694632009884,21.064415530287764,20.83084436987165,21.01750968812418,20.972709832766505,21.431884555920387,20.40412867774634,21.271537215038798,5,1.47906077254942,0.0218219923549529,0.244466286728116,2.48061453426514,False
Q9Y5Y7,4,Lymphatic vessel endothelial hyaluronic acid receptor 1,LYVE1,21.82447567558383,21.877443850571826,21.072389101179045,22.849701372293115,22.896009586882712,21.947141351658228,22.924408118801647,22.646840247978776,22.93784890730079,23.104537057428953,20.34448279172281,21.556465698905395,19.52618197275628,23.096026538098325,22.048711273602393,22.194623462951657,22.333999969116494,22.605606410386045,21.70636368883905,23.22265761598726,2,0.792530162541567,0.176711186801775,0.527958552151401,-1.39880410042122,False
Q9Y5Z4,8,Heme-binding protein 2,HEBP2,26.125368459150067,25.401887763019932,26.0826269842885,26.465871457611854,25.902329683084083,25.501500602146713,25.951842056766484,25.49664695685301,25.940518400583368,25.299723467176733,24.9987923679829,25.75609156258545,26.190273049790346,25.086647938385937,25.597399741816858,25.685837995934325,25.766763437910583,26.16606654779466,25.264891477205456,25.336402960616258,0,0.856852004341352,0.222265833426853,0.564550493478806,-1.25846451159851,False
Q9Y600,5,Cysteine sulfinic acid decarboxylase,CSAD,21.846910892769294,20.32587982035327,22.542782825440256,20.913424422918574,20.773917864541456,22.790155141825714,21.741110506482798,20.994512908750167,20.15953480517096,21.20665909801491,20.914097687748125,20.743135694506012,20.567709632606043,22.20092661046539,20.953379221940764,21.325681361731288,21.021518757570064,21.082560996923064,21.77405109018413,20.94528075237999,0,0.787168144502001,0.618468658475363,0.755192054657026,-0.505633115161626,False
Q9Y617,4,Phosphoserine aminotransferase,PSAT1,20.45537855990235,21.304504830541255,21.78479522177884,20.24768009425184,20.989506652183685,19.88326401286587,20.404014430769553,21.059541802542594,20.92768307516731,20.71137931133303,22.263472746660256,23.53923420268757,21.5600888771055,19.92153091547706,22.707353260992164,22.96773290307576,20.86537348669836,22.754393653636082,22.607682882384267,20.908740739973428,5,2.79444794826053,0.00731581084610769,0.175323277667773,2.97468899344127,False
Q9Y624,7,Junctional adhesion molecule A,F11R,21.214711967097013,23.587440664771094,20.142914731686723,24.407521649649627,21.448315569549152,21.497684682692178,23.021130068556392,23.49377196732123,22.82390345600165,21.214113673409205,21.70080763867059,21.52764726107593,24.164028315669427,20.952838961520904,23.89724755632064,20.366936154182692,23.04662229170863,19.867589541472544,21.321030630866655,22.3543597496877,3,0.830551804832071,0.540530332894484,0.729692264899217,-0.622338896504241,False
Q9Y639,3,Neuroplastin,NPTN,18.900321261404844,16.5499041179704,19.17751726433338,19.935280567137323,19.409365442591387,20.033574120987986,20.012246710813553,19.732687654055518,20.552871718484198,20.611923689665442,20.136780223422203,20.330103857778305,19.927748336052495,20.145334611291045,20.052310514612486,20.0882509144941,20.19787705705371,19.47053992139826,20.06373601005902,20.192146998818934,12,1.22542976750726,0.0905018232668804,0.421730243491225,1.7758170252164,False
Q9Y678,14,Coatomer subunit gamma-1,COPG1,22.443482924957415,21.824199758269785,22.631044087912876,22.667820555886866,22.995379883713255,22.682610658962112,24.60398244013014,23.76401856965496,23.861405768509677,23.817623906290244,23.153287711747076,21.765693344718365,22.470583179660423,24.01787026491506,22.923778984821585,24.17121288909526,24.24964791052115,24.138412832968463,23.365706774474063,24.271801988718767,0,1.22875729480229,0.268002212876385,0.587927183588789,1.13836552615934,False
Q9Y696,17,Chloride intracellular channel protein 4,CLIC4,25.907946407951584,24.21049979010983,25.998271486490353,25.217397052862346,25.695904308027124,25.926003959856402,26.175587576546235,25.97467949267287,25.73227237881085,26.226670290810446,25.804429409445376,25.03875524045244,25.732631844227217,26.142026249454148,26.48294403228829,26.048176922562803,26.331735869930725,25.92845694458929,25.842385376782257,26.020210315901178,0,1.13745159598683,0.288772037749324,0.603321843609166,1.08883129160293,False
Q9Y6B6,6,GTP-binding protein SAR1b,SAR1B,22.252028781616715,21.962595053963714,22.8665102151396,23.04312246630043,22.678221736399063,24.02345906020429,24.24863427658161,23.480278535908084,23.88911291364199,23.03145697021067,22.435880452190606,22.054329086266556,22.14564083443992,22.972160817970384,22.036012558915473,23.316193471833465,23.628234431633782,23.613600475633866,22.45459415660776,22.123282653756778,0,0.703268768872053,0.0850119112471599,0.418710352294526,-1.80913669415692,False
Q9Y6C2,12,EMILIN-1,EMILIN1,23.329550170620077,22.409659679828433,20.18276143599019,23.565217565652908,21.500508619068693,20.551347175394017,21.034367307855714,23.785082705810346,22.222394327948404,24.391743444902062,23.189516624916656,22.608164696346524,21.980657783162158,24.210775018876856,24.636747119779553,20.490625140337112,18.714236209818075,22.647084914244143,24.377390398853997,22.873622182536387,0,1.3322462043831,0.685852969839108,0.77472505509616,0.410242435988741,False
Q9Y6C9,7,Mitochondrial carrier homolog 2,MTCH2,23.87861874827177,24.579749274513468,25.1269211293106,24.49743913314847,24.22016558307063,23.326591914407313,23.063516439283458,23.70291290853283,20.197603384644996,22.594756365058387,22.918000764402755,24.903231692561995,23.352798742081205,22.785385768318644,23.896312865623294,24.292462409440578,23.027649241966955,23.104465501045127,22.996526073206503,23.2188372025108,0,0.802680168499598,0.857290534892402,0.82112175216731,-0.182086251590857,False
Q9Y6H1,4,"Coiled-coil-helix-coiled-coil-helix domain-containing protein 2;Putative coiled-coil-helix-coiled-coil-helix domain-containing protein CHCHD2P9, mitochondrial",CHCHD2;CHCHD2P9,21.667816108814776,22.36282482760705,22.031010859946715,22.732350715710293,21.62208779076335,21.49587403874564,21.88501754125767,22.876868489971958,23.052221781028326,22.97795842421024,21.23632029572951,21.607065593117504,20.0947464481275,22.67290567901842,21.843783111479507,21.11327102662738,21.775103523132213,22.136883955642418,22.826282333285757,21.476302488666438,1,0.695790637289349,0.0917195986411871,0.423185026411948,-1.7686637138448,False
Q9Y6I3,11,Epsin-1,EPN1,22.377986939000866,21.74138910040386,18.972196073517846,22.814555496577256,21.963085960196224,22.79329135068872,22.401057534589807,22.28172938561805,23.355537091382384,21.951846328378164,22.69468066934928,22.389838497616918,21.678003975531066,22.682046471758817,21.97994107022311,22.327733014497106,22.424001839606053,22.042615674500787,21.990935215107896,22.336986005585963,3,0.95433417416215,0.61865631859003,0.755192054657026,0.505361155655685,False
Q9Y6K1,4,DNA (cytosine-5)-methyltransferase 3A,DNMT3A,23.285536439017076,29.690099013941232,20.849042200786357,29.000303577424713,27.9275291850724,19.731859740173565,21.899619064596934,24.731389554734168,28.7968006762273,28.354982732091894,24.385707216267296,20.707621898168778,24.763079892025296,21.363809213922508,23.794577153270993,25.22782194081948,25.036691069194312,21.655298840999713,24.476223507873023,25.180317986009918,11,0.0826668506846967,0.153692526084511,0.507897935480662,-1.48104159382883,False
Q9Y6M9,1,NADH dehydrogenase [ubiquinone] 1 beta subcomplex subunit 9,NDUFB9,21.74268558115977,22.088657177765786,21.43742199931585,21.928553885766,21.13461653363585,21.23990036131313,21.489121386807724,21.124178763837868,20.305633068201164,21.63659693724129,21.469204665488547,21.581925315004177,21.26323448237084,21.28356413676628,20.903321622044555,21.13747932644737,21.626495799194398,21.718063838273036,21.668116012577716,21.76539130015228,6,0.986352951167521,0.902926680659039,0.826708499711055,0.123472619180984,False
Q9Y6N5,5,"Sulfide:quinone oxidoreductase, mitochondrial",SQRDL,22.59112921301342,22.139003355841112,21.079934487876333,22.181391753072862,21.324957729979626,22.323678481553735,21.370113300422496,21.356878728590804,22.516466162310817,20.467969774446317,21.289861693442692,21.050471010845765,20.705897565517308,22.742481149024236,22.062680509377554,21.410919808958695,21.68335002167549,22.30917599283945,21.282689803547623,22.463808690320555,2,0.971528723806446,0.918006882759686,0.827540449847929,-0.104211611639512,False
Q9Y6U3,11,Adseverin,SCIN,19.428688631529596,22.87114591498906,22.404707334470277,24.20853237017849,21.03832113514089,24.59677868247308,22.60452667985439,20.705849379708116,22.932139443476213,22.085314441564904,23.206613537567485,19.867306601807815,22.791984235151155,22.849799299156665,21.081458537252498,22.991575169705072,21.031097555479096,23.04120060758711,22.440918694126026,20.183568331769322,4,0.659542503360294,0.588234832941869,0.743447109981051,-0.549976757737739,False
Q9Y6X6,2,Unconventional myosin-XVI,MYO16,25.987545930467455,20.508972417162166,24.59694636258143,24.47654888615388,25.11380795420756,24.783093529774376,23.56940929158271,23.478477748883638,23.94643090113875,23.233539639920537,24.890972962256274,24.87205338172025,25.057238432725963,22.51720720926073,24.813080505192907,22.712975279939702,23.114958870925374,23.171449835519997,24.311575659664353,22.43892970319855,0,0.793345584684419,0.733344521966262,0.797221050814768,-0.345322469084459,False
O14744,6,"Protein arginine N-methyltransferase 5;Protein arginine N-methyltransferase 5, N-terminally processed",PRMT5,21.18578478163351,20.426202299168356,20.854402949850204,21.136865429962917,20.391491118206574,20.825524880183593,20.48631367581925,21.192818348634002,20.745255512615078,20.148576837486974,22.426232310802092,22.47713198598331,21.794906866328546,22.558284441523544,22.106608812782035,22.7712117515462,20.270003210860494,22.749060466220076,20.91373658894097,21.850257172273906,10,2.61068628499947,0.000630176526863999,0.073258090536328,4.02430597696943,True
P04004,13,Vitronectin;Vitronectin V65 subunit;Vitronectin V10 subunit;Somatomedin-B,VTN,26.333338799564277,26.47455123136228,25.614166186476563,25.55630121845959,26.075256417783443,26.50981540732283,26.301097408451486,26.63171250582329,26.770228941188485,27.006298065265856,26.49482937353456,26.527534309116202,26.486111568252298,27.185203159080142,26.729987685931054,26.66981454294664,27.659767980851555,27.344099474298844,27.74008013220301,27.96422608573606,0,1.73095719235773,0.000328259935264009,0.0471928029157598,4.29914088704652,True
P06576,23,"ATP synthase subunit beta, mitochondrial",ATP5B,28.816174031966185,29.155473400556442,29.200992847050834,29.193689375924745,28.718204860977668,29.505352659081524,29.111455265685322,28.994725991464087,28.941787406418605,28.936251277897437,27.8562391305397,28.851196049237355,28.277727488321652,29.02819684737202,28.798520902622908,28.467201381489886,28.61187084303722,28.36795329941593,28.609293921645047,28.510909132262622,0,0.70566882143769,0.00129984060351439,0.0937539725949958,-3.71848586295007,True
P09622,12,"Dihydrolipoyl dehydrogenase, mitochondrial",DLD,25.255086678222284,25.883620496330384,26.332783299424495,25.972941734328323,25.37336129729289,25.66630941190772,25.267480829545153,25.225298916357257,25.784109520884673,24.804024577436188,24.093369892714755,25.145597658792525,25.063386660270204,25.11311452225419,25.047280416083808,25.013080009519303,25.10067092209935,24.942679844412833,24.696002775994337,24.776636464016388,0,0.618624671041127,0.00190030985589933,0.109276808001164,-3.55722121429738,True
P10515,10,"Dihydrolipoyllysine-residue acetyltransferase component of pyruvate dehydrogenase complex, mitochondrial",DLAT,24.571163391187707,24.86069784775449,25.865891039036274,24.203984008615215,24.339410711149416,24.712598146709286,25.093238710569835,23.67339991676077,25.500010293552428,24.02239489170228,22.882805407977923,23.68475782651119,23.97033548659217,23.60614013889985,24.05214434853062,23.80021798743867,23.612672310501924,24.34792545264234,23.062549809089756,23.412156485716046,0,0.457753493829755,0.000915572157710055,0.073258090536328,-3.86670544641695,True
P10809,33,"60 kDa heat shock protein, mitochondrial",HSPD1,27.594960855153957,27.96771602576464,28.238526558918792,28.111009084880894,27.81955545689276,28.251798867648297,28.1601599125904,28.06147801221836,28.010052142387817,27.96275345768523,27.582663933428748,27.71236223950945,27.609441206578087,27.547170875658978,27.760686455420252,27.331430013856348,27.62716052392563,27.55309733869068,27.629281572733827,27.77706120372652,0,0.751718205429591,0.000897148997389853,0.073258090536328,-3.87528987376428,True
P25705,22,"ATP synthase subunit alpha, mitochondrial",ATP5A1,27.567891635234467,27.636515913404253,28.15500886010788,27.98195801761102,27.62118450076413,28.333781985776888,27.969496731021735,27.948699655079512,27.988427676686893,27.877571412429205,27.06670602537072,27.597343370206033,27.252684072982355,27.467464770134242,27.563461701810358,27.14428884777832,27.66567905034561,27.57615029562623,27.598895428464346,27.466496236491693,0,0.720294125248934,0.000795144251140387,0.073258090536328,-3.92623957336685,True
P30084,13,"Enoyl-CoA hydratase, mitochondrial",ECHS1,27.85354758740718,28.358918574536034,28.4065838297874,28.350762924246006,27.554699133466663,28.38392036463909,28.258870892518992,27.79966368940694,28.076473679027124,27.14351607643997,26.860893197237633,27.991060282335244,27.410303181242945,26.543229237327846,28.06224005904872,26.518367268033398,26.780487156529784,27.13857891770253,26.99628201691692,27.461012467765862,0,0.575793207789861,0.000665577004349067,0.073258090536328,-4.00126390785808,True
P31040,15,"Succinate dehydrogenase [ubiquinone] flavoprotein subunit, mitochondrial",SDHA,24.04449607039393,24.47912156015582,23.255971036323334,24.732641610971058,23.798857594974002,23.87626092979151,23.427708469775183,24.665228089840088,24.660620045007096,23.706819034350136,23.333461875582604,24.221174439498174,23.412141608066264,23.280082054863872,23.766036075843996,20.113126850837432,21.966214462196273,22.477850863187673,22.128225983358124,21.635090494667665,0,0.453479228267974,8.55864510934054e-05,0.0323998592747688,-4.86800868698519,True
P46060,9,Ran GTPase-activating protein 1,RANGAP1,20.88056061658674,27.18818844513868,27.1884953471134,26.824115550399203,26.797055733050332,24.52211261048603,19.713608762564675,24.69246200276425,19.860690323396636,27.340025377363478,19.141842749042613,21.067204581207488,20.31367872633796,21.122474148771627,21.392556900390534,18.555189069761525,21.699435082988447,20.425582574761982,19.881402727990388,21.350049323361983,10,0.0234330882743614,0.000283590800885957,0.0471928029157598,-4.36080900043751,True
P49327,94,Fatty acid synthase;[Acyl-carrier-protein] S-acetyltransferase;[Acyl-carrier-protein] S-malonyltransferase;3-oxoacyl-[acyl-carrier-protein] synthase;3-oxoacyl-[acyl-carrier-protein] reductase;3-hydroxyacyl-[acyl-carrier-protein] dehydratase;Enoyl-[acyl-carrier-protein] reductase;Oleoyl-[acyl-carrier-protein] hydrolase,FASN,29.683348641887886,29.753483408428295,30.674156731844572,30.21208590797737,29.35571645413675,29.174350049818766,30.440894252524597,28.901205834283584,29.938659878720294,28.116495152205516,28.066817490029596,29.224537802080427,28.012966686624768,27.201658432199878,27.98536981483281,28.656040897512796,28.64337110004394,30.340386064299178,28.41766928160125,28.89754195027225,0,0.501258255136688,0.00179903960958376,0.109276808001164,-3.580527200752,True
P51692,3,Signal transducer and activator of transcription 5B,STAT5B,19.46768770142122,20.006021080559133,19.21432521336715,19.086759415795523,19.50491924009827,20.551777626099224,20.336210115289685,19.47486516707518,19.47631113500233,19.366290775170754,20.6960109728403,20.21227135739346,19.889417197567692,21.115598164224362,21.19173713267264,20.96250084856009,20.838072616474133,21.235883917348914,20.827228178521214,20.267901121648435,9,2.08052331461141,0.000341373340711006,0.0471928029157598,4.28263099267833,True
P52815,2,"39S ribosomal protein L12, mitochondrial",MRPL12,22.56359385067765,23.341628120563428,22.46979937744867,23.84918551608535,23.342094899759,22.922897013970946,22.6782992686095,23.56127552019401,23.24437937964833,22.72809347828628,21.712865935230653,22.290175801811607,21.756149455739923,20.54682894295843,22.508523049613615,22.160600180049812,20.738640551314287,20.141929741876886,20.91619545340412,22.382882327938336,1,0.375362131475373,0.000116410482093458,0.0323998592747688,-4.73728106097403,True
P54826,3,Growth arrest-specific protein 1,GAS1,18.633510602071247,19.15241910567753,19.906856674191243,19.36840865339597,20.175103466079417,20.396084955465938,20.077792582317358,20.382616924355393,19.35009189457465,19.389731378606157,18.62867764079914,17.36581309780532,18.15377849055683,18.087613291244654,18.76796737417946,17.725818291104588,18.255346403257832,18.318951116062177,18.814360621648692,17.024814096655117,12,0.336414432583678,1.10589085285191e-05,0.0148254598043966,-5.75302894389024,True
P60228,11,Eukaryotic translation initiation factor 3 subunit E,EIF3E,24.668469710529795,25.61929542999115,25.362794613354943,23.98836724104622,25.716630079297662,25.415690979809852,25.777407006759354,25.358083277483374,24.81894381284747,25.378724842523944,25.355862268990517,25.109562340433044,19.606066481465316,26.148920010501005,23.861980672101804,21.82075776640633,22.805395618107276,22.62639051029335,21.292738821766264,22.156293253170638,1,0.472119637251138,0.00112171910546163,0.0845841232635164,-3.7808751186666,True
Q16836,13,"Hydroxyacyl-coenzyme A dehydrogenase, mitochondrial",HADH,27.360874749252655,28.05474281306882,28.08421218941545,28.288106126996386,26.464008414002233,28.541261942137105,28.687857881542612,28.257899347331623,28.573117241249417,27.241844185793404,25.62162213178355,27.74889477001664,25.750438306363026,27.164898038347467,26.352084871835565,27.21295887010484,27.443570400654632,28.0736141887333,26.40643883843354,26.912515586979815,0,0.49178199043901,0.00160793504791175,0.104568605366734,-3.62826197712985,True
Q8NBJ7,3,Sulfatase-modifying factor 2,SUMF2,21.606763430792913,16.78426372032532,19.909027761881454,19.752144874278034,21.59331293101909,21.27417945733767,20.75652602062502,21.3882696823156,20.58800574752912,20.9369943112209,21.649556947993503,21.785005209774738,21.659198326411158,22.097329774633383,21.801387540913122,22.086203329522235,21.647852982329102,22.018392989815773,21.721427527648974,21.60280131969819,6,1.94930353258636,0.00572079007587028,0.174374622303767,3.08260842606431,True
Q9BQS8,5,FYVE and coiled-coil domain-containing protein 1,FYCO1,20.254115347815016,20.269529530212438,19.267701965630987,20.034136822160136,20.06902003316957,19.32061146548114,18.986260554456393,20.101218225164665,19.73807103673268,20.178315734371726,18.982899264027623,18.895943427998674,18.724220223700357,18.889323956860196,18.599067386507578,18.420583532703297,18.763366573116013,19.001228706407296,18.942116647023727,18.69869939565731,12,0.472285444289162,6.08543594274378e-05,0.0323998592747688,-5.013509257763,True
Q9H098,2,Protein FAM107B,FAM107B,22.67058719381037,22.29960239208628,21.848564724349465,22.41977456232987,22.608112238894385,22.791023761740952,21.875405662870293,21.333066581012748,22.63430344429073,22.196940527394414,21.823033530264663,20.2761607409747,21.8317446017909,19.866869551367646,20.420927521555214,21.4196122955479,21.301655300954476,20.749652084124545,19.97871488758254,20.31886977544534,6,0.390380991179235,0.000136714238561196,0.0323998592747688,-4.66911732708731,True
Q9H488,5,GDP-fucose protein O-fucosyltransferase 1,POFUT1,22.35364673604458,22.391930636565718,22.084351604119437,22.300770303090868,22.122077780471475,22.47439414956905,22.22783495555357,21.935109279004916,21.977957321452955,22.317417442042466,18.68159358186918,21.289452770373895,20.59466842614732,20.255160876536404,20.084031475711182,19.93923655391091,20.279292184028243,20.627962393439375,22.03770297531709,21.077068777245422,8,0.352936564496399,1.78735471947479e-05,0.0148254598043966,-5.54247060532048,True
Q9NTX5,13,Ethylmalonyl-CoA decarboxylase,ECHDC1,25.74212882201642,26.308414822015493,27.233820951945056,25.78212537095611,25.51327949864358,25.728380593198253,26.72460511893541,25.58016704152828,26.03747251306567,25.2301946124757,25.083519108735608,24.99927247770343,23.935763207142074,24.504761794873012,24.14151719026063,24.941941951083034,25.05095324241708,26.088271317938332,24.6852415534091,25.4857816962873,0,0.466983813081752,0.000289358237646804,0.0471928029157598,-4.35231921228014,True
Q9UNN8,5,Endothelial protein C receptor,PROCR,21.384907423647114,17.26112787387984,19.967300330525756,20.812461184701746,20.86780983351731,23.10396602838213,24.592723289292326,24.676452457658467,24.772872111912232,24.51026370739127,22.191270519496925,19.952981847972133,24.423547765311113,24.34180962747094,22.40923951059039,24.532114957005287,25.309940448975027,24.2324769635803,24.395348221348936,25.252790237279726,2,1.67055012992163,0.0107755416212266,0.188166765385571,2.80266090641339,True
Q9UQ35,4,Serine/arginine repetitive matrix protein 2,SRRM2,20.966501665421013,21.527401410292136,22.4207836960933,18.095978052212285,20.695566270590206,20.307467471728827,21.477898577678445,22.349294098629088,22.864422631349832,22.377660194193304,23.372861935077253,23.315487392284325,23.223240759923183,23.312096862008506,23.844650390719224,23.532070022333457,22.86616968070921,23.734559841730952,23.18892531528896,22.75403749007463,11,3.02849383691968,0.000121992385145572,0.0323998592747688,4.71741268608028,True
