Accession,PeptideCounts,Name,Gene.name,NDM_B1_01,NDM_B1_02,NDM_B1_03,NDM_B1_04,NDM_B1_05,NDM_B2_06,NDM_B2_07,NDM_B2_08,NDM_B2_09,NDM_B2_10,DM_B1_11,DM_B1_12,DM_B1_13,DM_B1_14,DM_B1_15,DM_B2_16,DM_B2_17,DM_B2_18,DM_B2_19,DM_B2_20,Number of samples imputed,Fold-change (DM/NDM,pValue,qValue,tStatistic,RepeatedlySignificant
A0A075B6I0,1,,IGLV8-61,23.27331141318027,22.627682401924805,21.74125279399732,23.293915141812807,21.505868952450747,23.267478402719718,22.248589900164156,23.429541810831292,21.633493068211717,19.93492685848776,22.527662772649656,23.824268054007444,21.7266023254847,22.9374866140399,20.850829310010475,23.7232112355848,23.15681091249472,22.5802113777294,21.216398103014267,23.118218110320303,5,1.18840120463988,0.570602437903216,0.734928646267111,0.576357734137116,False
A0A075B6J9,3,,IGLV2-18,20.791192956749903,23.64860434557562,23.195203615084903,21.63912053707246,21.7330727016169,23.390013843993987,20.193849540543344,19.163065810399807,21.871884429216607,21.256440018987277,20.82886553775272,23.10366075590376,21.789880299549015,20.941950973401088,22.564643414374842,22.543843872345736,23.1764615072762,22.23439081414666,23.729776882319847,22.67646841785174,9,1.19488487951065,0.184855617292877,0.53240815837221,1.3717689822207,False
A0A075B6K0,3,,IGLV3-16,22.638616596511216,22.291925336036726,21.02653143257697,23.910213732004255,21.720386169700156,23.25936678427388,19.98535585791927,22.478143483977654,22.941211649147718,20.500971811201353,22.349320833297003,23.607451315155757,20.327779614958576,21.123025848976773,17.61581823424217,21.140008162759244,20.987117265619418,21.25541726879302,23.06726389072269,20.99621293904533,0,0.666537194808466,0.201465202785493,0.544755748559004,-1.31943700365513,False
A0A075B6K4,3,,IGLV3-10,22.376213853130658,22.854740912794398,21.94433203909987,22.964795639907294,23.24439943035614,21.848379080830846,22.86846133475407,23.516227723437975,23.35061768579265,22.205853371838344,22.66862707669642,20.417408739098462,23.071150515042316,23.211186065460357,21.254992142962028,21.396338502634926,22.443640199459914,22.2899166354962,22.63390643606912,21.45450544423387,2,0.678914168807744,0.0960163369714253,0.427035242132537,-1.74406142167842,False
A0A075B6S6,2,Ig kappa chain V-II region RPMI 6410,IGKV2D-30,26.436258485093543,26.19446245869688,25.894440319103712,27.05745550506564,26.326160758843308,26.455647814334082,25.126182757170334,26.17554018477337,25.721135835859712,25.706324313198003,26.9524124378184,26.26871425053141,25.600622116263374,26.694008215829513,25.166030082105667,26.852210356635627,25.874045615082732,26.38755670721077,27.44853379777681,26.84338724730999,0,1.26712005508721,0.238981699019647,0.580032472190133,1.21257590087812,False
A0A0A0MRZ8,3,Ig kappa chain V-III region VG,IGKV3D-11,25.439013993174765,26.0689279892207,24.724989655536298,25.65738669553885,24.965366859295205,25.353504686839468,24.808501334138146,24.98981047632094,24.908232232292505,23.670926668544823,25.14933331209092,24.409311575076558,23.965354952431458,26.0484860172496,24.67972723649723,26.36023642116229,24.929526481918792,23.25591336979926,26.04817480439615,26.783071810699173,0,1.35916092479574,0.784334672154021,0.811450985241191,0.277262930951839,False
A0A0A0MS15,2,,IGHV3-49,21.505424571667334,22.43852394374872,21.142608475515086,22.294102986190545,20.53878132680801,22.807917919461563,22.861308237446156,22.474870298268065,22.221475332604292,21.96396024037344,23.94442487923924,23.983102392733738,23.171139607487643,23.288496594426462,21.84574102740704,22.800400052468717,23.1156542245974,22.182185186731672,22.563958261181853,21.160616052090607,4,1.61247667511413,0.0293200970827833,0.27325797600272,2.34155809835712,False
A0A0B4J1V0,3,,IGHV3-15,22.43884454271536,23.019048947105894,20.72383019142318,23.22739277878638,20.421083895572007,19.181121460030848,20.7868341097708,20.57615726405693,22.987007033191666,21.23323849323539,21.882891619961132,20.998118129880563,21.976828481242666,22.26806068758503,20.847984150519274,22.416274601857054,21.96156037308078,21.97764471792899,23.475846141226864,23.208399230412176,1,1.1565973040644,0.17317911064367,0.523299809327203,1.41083914689868,False
A0A0B4J1V6,3,,IGHV3-73,21.086711410000206,21.31570337743416,21.026067453700307,20.54258143773235,21.6352490933237,21.520551162847386,21.14661450715417,22.21087385341842,22.05542402527403,20.464093965469488,20.318354184884896,22.552717791209048,22.206678306237816,20.001041637430525,21.010572544934206,22.32041730219579,17.393214221801447,20.274723954154467,22.815750397559317,21.494013847012674,9,1.18241792507282,0.632109493662707,0.7585186811081,-0.485963581199361,False
A0A0B4J1X5,4,Ig heavy chain V-III region BUT,IGHV3-74;IGHV3-66,25.39445680010668,25.509465229456328,25.827300615599935,26.566591542169718,26.177041067196782,25.219914204247143,24.964653773753657,25.5409525893912,25.59931176016641,24.849096092846775,27.069971955714767,25.477996928020026,25.171116114276366,26.25554676385567,24.70348568479109,26.84494574166848,25.716277466296493,25.798539790483144,26.91704246038623,26.702238821947784,0,1.54729262225279,0.0737294422628559,0.399711771208085,1.88394797439153,False
A0A0B4J1Y9,4,,IGHV3-72,25.117591168263424,24.71135041042801,23.738056861576986,24.541808477946606,24.890385809028867,24.41838679867557,23.45653387895054,23.96444076522917,23.88992295985875,23.42382759795623,24.472218470643273,24.45758361348596,24.526440610415975,24.38653675707757,22.86085431515886,25.23058265824011,24.267248260280986,24.37025210301826,25.753650388250996,24.927981083564845,0,1.26043637579267,0.245380781663622,0.58311339070537,1.19565420182993,False
A0A0C4DH25,3,,IGKV3D-20,23.824636183912947,23.456705510733194,22.743168256059768,21.94270790578149,22.90664296492873,22.740013448930366,22.143948119841447,22.625511951082544,22.873023341800547,21.552159537719337,24.360249783418652,22.23588629755748,22.06794951256138,23.867873778489347,21.762717075132752,23.64640636453886,22.602944710551565,23.325909791901182,24.206050498371518,23.45256950383836,1,1.54619843785997,0.193892242386496,0.539227987617833,1.34285787158442,False
A0A0C4DH34,1,,IGHV4-28,21.672410423120223,23.064852386013847,22.342464936447854,22.71863246988602,21.243599454321295,23.140654736085274,21.5666806786801,21.057877294174517,22.926977885633935,22.099719489697353,22.257770523201277,22.241113370358406,22.12637701839643,21.795366163827595,21.982762373808026,22.25897120012234,21.392847821627765,21.822266451611593,23.255952032615237,21.923401529132857,7,0.879476532151322,0.811957995622515,0.813589620325639,-0.240965595225862,False
A0A0C4DH38,3,,IGHV5-51,22.796647866346188,23.288427149262386,22.195313989876777,24.121317460830277,23.40071108418878,23.672746369072943,21.584749763729853,23.836270606505774,23.11297999261029,22.91947410540431,23.167263257248027,23.757884729117233,22.567967352101533,23.563891656856136,22.018737418828895,24.308508168281374,21.433684469538417,23.183125598084473,23.672081693480788,23.154541197947935,1,1.04101358660667,0.978684371649957,0.843797505224354,-0.0270438778696699,False
A0AVT1,11,Ubiquitin-like modifier-activating enzyme 6,UBA6,22.579297267495065,22.471990606553735,22.638873529784764,22.267488315858017,22.40799437375826,21.898704187527624,22.02484412445123,20.22276703917517,22.03525426815352,22.267561783090187,22.19230998595903,20.70305762195728,21.191546626871006,22.722820392688906,21.235339273723316,21.79501495323073,23.02156865675931,22.465412144235778,22.71516433367139,21.964426504354375,1,1.08005509306894,0.797055343929053,0.812593916944395,-0.260503431021555,False
A0FGR8,8,Extended synaptotagmin-2,ESYT2,22.67941291919849,19.1287175751576,23.49250873281536,22.917451235321092,20.994777927030093,21.95375385700433,22.273568793134512,22.136316298752725,22.214731780796974,22.6209502413413,23.75256050597046,22.079548805582025,22.586761364288858,22.73045588614439,22.6515377897863,22.751110987722694,22.313626066281,22.560741814500673,22.10173413169131,22.087198770069115,0,1.18316553843539,0.225391208852258,0.567386468521056,1.24968876439981,False
A1L0T0,9,Acetolactate synthase-like protein,ILVBL,21.601240553769625,22.863256165405925,21.62413273374123,22.841215244501882,21.982538890481894,22.04407016884894,21.584206250219847,20.950460585173275,22.660935884004797,22.734864275942364,21.090491972649776,21.55293523344867,22.706885226837436,23.57488791568143,22.004208285275773,22.341439828002226,22.899739718718134,22.933962436702444,21.580388509563978,22.11172456461764,0,1.1968291768398,0.584638938869718,0.743198187245657,0.555324205498571,False
A6NHL2,4,Tubulin alpha chain-like 3,TUBAL3,22.134098048461862,21.730185183754514,22.727359659506448,22.52026140912668,22.56821723997247,22.13888410586483,22.52124954555798,21.92597871494178,22.467385546293162,22.403942851314298,22.306568923283518,22.211587458533213,22.263242748338882,22.03131144391088,21.895491499677767,21.677711052936335,22.430620351444315,22.6233265516294,21.903739863702935,22.295485030881192,3,0.899970978325018,0.496376750729143,0.709261894965122,-0.692435837771493,False
A8K0Z3,2,WAS protein family homolog 1;Putative WAS protein family homolog 4;Putative WAS protein family homolog 3;WAS protein family homolog 2,WASH1;WASH4P;WASH3P;WASH2P,19.075163803042397,19.788359434596824,18.474209957131656,20.569982978033813,11.825333573592767,18.28852778889989,18.74095024920475,19.438858341883233,18.987473030160682,19.423110366936964,20.033880577460984,17.833712624134407,20.859597898823935,19.82300454130381,20.321296848294583,18.506394049340493,18.755763018584716,17.92846128359433,19.980658446521147,18.554345661288952,11,1.21635341535481,0.306385136874855,0.613768740516,1.04881084735993,False
Q99613,6,Eukaryotic translation initiation factor 3 subunit C;Eukaryotic translation initiation factor 3 subunit C-like protein,EIF3C;EIF3CL,22.07430413465495,20.557095503620797,22.39452217893006,21.962840664696184,22.833967957946935,21.851577956883393,22.463959088544318,19.44464286016406,22.90227059130275,22.455339052093933,20.518583867235304,20.740309657171558,21.474923541521896,20.713855866535113,22.584459290739495,21.971839904394756,20.991009824462484,22.234522144782176,21.73338007078217,19.806321169642228,5,0.636609823714879,0.183610238965879,0.53240815837221,-1.37584070161854,False
B9A064,7,Immunoglobulin lambda-like polypeptide 5;Ig lambda-1 chain C regions,IGLL5;IGLC1,30.041951845296136,30.487972981612792,30.151160914860117,31.30295980266138,30.680344981454102,29.992889643328176,29.85105869352884,30.339674031326545,30.19885322654068,29.873874759072812,30.69627842113198,29.847456376542347,29.14299693478482,30.35409402169764,29.861963409434217,30.842604342084655,30.020533710567125,30.317581490723754,30.674696377521897,30.455413414781063,0,1.01086266122676,0.704826173545833,0.785121265036417,-0.384106190523897,False
CON__P00761,8,,,30.549492639729554,30.076942970689426,31.262726447959174,30.629119878465364,31.608317394639492,31.14516306949884,30.83669496110863,30.6815018487894,30.928523520468918,30.68492105538584,31.166983597588796,30.58456575515079,31.605253631788223,29.18011839721347,30.810397965825718,30.09584746806801,30.916142441188057,30.570470449216113,31.2198685552133,30.394785310112905,0,0.930249962067059,0.459538467772225,0.69086707470759,-0.753697590620537,False
CON__P01966,6,,,32.49898191832791,32.83600115705294,33.08348804673214,31.239492601494625,33.077116837676364,32.48528617592415,32.64342492189365,32.565833990165316,31.684614376444422,32.38741386665388,32.95694193486769,33.11054181684766,31.591400511284732,33.08165845664689,31.04777921657601,32.810326236985375,32.64879769335788,32.829705462866535,32.06341457737516,32.40458519584058,0,1.0380769429402,0.987377497936179,0.843797505224354,0.0160132777846133,False
CON__P02768-1,72,Serum albumin,ALB,36.91334229748751,35.91144890307359,36.86716609402604,36.61763605351379,37.09839595579212,36.958246522201556,36.517758521770446,36.889555802265726,36.678132397508755,36.526339681625686,36.81848046929746,36.662695609478355,36.588704873146106,36.49891817209052,36.8412154341817,36.57606828171082,36.51524544797649,36.733955977089515,37.06375993672592,36.35894129321224,0,0.965266476086434,0.818407497548826,0.817186231250049,-0.23254027567171,False
CON__P05787,35,"Keratin, type II cytoskeletal 8",KRT8,30.004471821332086,28.171551237431775,28.53849517775648,27.330594829469156,28.93514514277396,28.3356600335535,28.176620914538034,29.245958977907254,29.616488880341652,29.883251443052576,29.4338339562575,28.53401882390179,28.59532083968376,29.580689066902597,30.08069334561081,28.736520751042992,29.19974565731005,28.332846956248094,29.003895150712893,28.673825476412812,0,0.962576960466133,0.520091501663594,0.721310207615658,0.654375807837847,False
CON__P07477,1,Putative trypsin-6;Trypsin-2;Trypsin-1;Alpha-trypsin chain 1;Alpha-trypsin chain 2,PRSS3P2;PRSS2;PRSS1,21.341090518548658,21.836202451417936,21.96351771086851,21.92003254574656,22.114228574956325,22.067547064495876,21.546799348509722,22.46453843788428,21.17830648030569,21.92069876783465,21.767356350888775,21.511895792814414,21.422326391383056,21.69954988515495,21.5687858294749,21.66643260231268,21.720821936390415,21.50527972255192,21.452688302244425,21.621873388724417,5,0.823517337755891,0.280082404445111,0.59687397298761,-1.10922792810719,False
CON__P08730-1,5,,,20.78525271943599,20.94393251703761,20.437846563383538,20.061675576488167,22.017639014306027,22.12916727279592,19.180808974260597,20.672461874215124,23.088956148002165,19.943309709407888,21.673132760407398,21.37249287296074,21.124992767889957,20.69512112238162,20.98863121393929,21.517693720237062,20.851672217733764,22.213331208169045,19.70776379364432,20.79555220976446,4,0.921736433854249,0.705172865879675,0.785121265036417,0.383631197050817,False
CON__P13647,10,"Keratin, type II cytoskeletal 5",KRT5,22.232076380515995,21.28177182393594,22.424285077700205,21.8172171792241,18.671772975781387,21.538115746329552,21.971841450903998,21.38539465014964,21.759330663029715,20.50504288617313,19.24810002344007,21.802781640574977,21.308992983381284,21.19380683080702,21.212765295714167,21.021345694422568,21.154074992321636,19.86232187137516,21.689421796664924,20.306680459704808,9,0.678078959424288,0.289263056214134,0.603321843609166,-1.08769212106207,False
CON__Q1RMN8,2,,,21.278467790978414,21.58557653648041,20.919797907885865,21.43497709743618,20.447784626361646,21.121840802783243,19.217757339849324,21.619989825624042,20.966046295992594,20.77555544827623,21.60348744663692,21.20152621291187,21.360118186443035,21.034187496896642,20.983102698931756,21.940508982224294,20.895808177898193,21.449735594089468,21.87654787531037,21.985235658914963,8,1.29219004178836,0.102253977887719,0.437355574810954,1.70997746953126,False
CON__Q3KNV1,25,"Keratin, type II cytoskeletal 7",KRT7,26.580972235183705,24.7000175652585,23.813457844823116,20.91035408792291,24.209638862952747,22.9096679404094,25.133104511901877,26.638408966552237,23.26897992380487,23.93030635292375,26.75013608890437,23.053821498929967,25.457406040372707,24.402497870046616,26.557577127530138,25.389516025767627,26.572011485364925,23.49334931754711,26.203508047083062,22.897026650569913,1,1.5577605532307,0.215869795405103,0.55792310220854,1.27672428625014,False
CON__Q3SX09,3,,,22.56937135107156,23.763453206583975,22.298226015413988,22.093242899291948,22.937162359880343,22.209418969979403,23.45228831055823,22.275020368622904,21.955754463629756,22.480289928862554,22.409110476053314,22.19087623115961,22.20392056364228,23.577206200779642,21.37002235906841,22.67658899291184,23.073247597038833,23.042355021973428,22.252233087871943,21.99539492149618,2,0.951943117680918,0.685847516038033,0.77472505509616,-0.41024998995974,False
CON__Q3SX28,21,Tropomyosin beta chain,TPM2,26.59647529414126,27.31014413987328,26.690548790740916,26.708626913869843,25.72823976690943,27.088307585149753,27.5875609730754,25.600799674280072,26.35448206885741,28.07064194828145,26.181152376324846,26.180216638438704,26.16614013764129,28.89201369136708,27.577069834473164,27.516936020702488,26.246440379669128,26.878297839975257,25.20903023328388,27.47813086050491,0,1.08260200162139,0.881039232125083,0.825812662811676,0.1515157794836,False
CON__Q3ZBD7,8,,,23.68428005941579,23.167019549881502,23.415527435472747,21.641886254597154,23.765042025688842,23.376548934880688,23.792052233470933,21.97316089344494,23.025102062250188,21.88324815572496,18.486698296305367,23.52689135139326,21.198862295317277,21.33803749239633,21.8820735142599,23.270928059640873,21.24706866845422,21.410953511018562,21.893230841296884,20.234024914545934,8,0.457386414982643,0.00747311991922796,0.175323277667773,-2.9653080284077,False
Q13765,5,"Nascent polypeptide-associated complex subunit alpha;Nascent polypeptide-associated complex subunit alpha, muscle-specific form",NACA,23.320513469497822,23.887805254679062,24.25526460704929,24.45064911392,24.463930118461338,24.273699978731347,23.549057925194617,24.626427544494387,23.562755065065122,23.75618419863783,23.168967307440766,22.67031040579636,23.722891464517467,24.40677668515476,23.743215761750264,23.329709175640403,24.630759880204355,23.55770385344299,22.42742327582461,24.376603291031408,0,0.799708254309752,0.169052239961199,0.521118528909864,-1.42515308230253,False
O00115,2,Deoxyribonuclease-2-alpha,DNASE2,20.955246200042755,19.4314403953508,21.21240231263498,19.890452952329895,18.892916903275964,18.28653033057614,21.48445614105069,19.75184078197049,20.79973489630301,21.359826648182096,20.011477817491773,17.7581409429383,19.479490409133128,20.12785503245394,20.576690031482872,19.354339387967354,18.979273316896055,19.14398798092366,20.155545399574496,19.020578113690352,12,0.498094770362154,0.101256277044442,0.437355574810954,-1.71530737298015,False
O00151,14,PDZ and LIM domain protein 1,PDLIM1,25.031466283515137,24.996068662737887,25.601761604472703,26.494219907300124,26.50839220157807,24.77643804707286,25.251287592219,25.9117415953894,25.730159250977483,26.143167823107934,26.178539549123098,24.577072609260032,24.612078823659605,26.763727827811415,26.303666731584354,25.870569276689054,26.081729410349457,25.18783949007714,25.950002721043017,26.164058994117042,0,1.13029801887128,0.682019483683751,0.774270699342087,0.415558175320076,False
O00159,44,Unconventional myosin-Ic,MYO1C,28.156180828039922,28.45902135618866,27.613608587319558,28.248740366687976,27.703235559603364,27.83413983907337,28.225865429037455,27.709587705780546,28.20826405051713,27.90039964699518,27.39880178303492,27.771826228588274,27.580738136376755,27.990567347877395,27.86640050665546,27.416650953317045,28.13235304720986,28.07570064624537,27.62666949194022,27.65948989025607,0,0.836389186346987,0.0837016147854575,0.418710352294526,-1.817364347923,False
O00161,5,Synaptosomal-associated protein 23,SNAP23,20.71258689984039,19.948905577717003,19.68767476768966,21.22216779902916,20.275076203253477,21.748729979353634,15.00752413111347,21.196654065185953,19.922939161984495,21.671260170525304,20.16436057292908,20.923083935981154,18.928459860808623,20.086329454742067,21.186450158422783,21.610119534308385,19.67208617482796,19.71999060030786,21.896593865102485,20.689197547703802,8,1.00040961259189,0.599848612870645,0.749006456499085,0.532815328508824,False
O00170,3,AH receptor-interacting protein,AIP,21.47438914644578,21.183523092061627,21.33123951765337,21.534406079789317,20.88120192975776,21.46497927460398,21.422737877730626,21.56839787361055,21.49282559242393,22.231133851603204,22.72309674520826,21.81646067068116,21.832008815212003,22.188026194954286,22.56034437877668,22.234696480976563,21.783467722004495,21.452306865129948,22.116402900771888,21.757748131685045,2,1.38351329469961,0.0165065349687847,0.216813824767178,2.60955590761225,False
O00203,3,AP-3 complex subunit beta-1,AP3B1,21.59591441360435,20.474208224658287,22.125864893071437,20.82874935516179,21.00837139523196,20.96380243259053,21.089059202742405,20.92959304427623,20.817894769778068,21.38173658084109,20.276880064277393,20.897330888018317,20.921598513815947,21.01107208841339,20.210753579211552,20.62272491809632,20.9052022917985,20.923583179168453,20.554885807395216,21.162261188777606,7,0.770648511359546,0.141279653551374,0.491347395312833,-1.52964176051636,False
O00217,3,"NADH dehydrogenase [ubiquinone] iron-sulfur protein 8, mitochondrial",NDUFS8,21.962041733845485,20.939293357567752,20.711266370218326,22.22623640992044,20.728304069160405,20.816265496911534,21.50308669118324,20.850476865809597,20.883267107308253,21.614619367631178,21.5817563040508,20.325090123049925,21.41565355653387,16.598938409184615,22.227593185020584,19.768734110271375,20.48492386467271,20.78265777857365,21.365378840320048,20.646763395870583,10,0.779740114663635,0.188308307241348,0.53240815837221,-1.36059332875294,False
O00231,13,26S proteasome non-ATPase regulatory subunit 11,PSMD11,23.47053231838703,23.211272333243176,24.56153001696715,23.89628462689938,23.095774231279943,22.99633292388126,23.563086342120148,23.19678122349229,23.899540124132944,23.847468402797684,24.271490930983003,23.908736976699345,22.672659493889043,24.074331295362946,23.815611169485905,23.474612591599936,23.804757189975057,24.015280562271723,23.983219662302947,24.19714437062288,0,1.21664787748041,0.313352011756068,0.613979024606205,1.03343405977485,False
O00233,6,26S proteasome non-ATPase regulatory subunit 9,PSMD9,22.3169380456165,23.913527115754405,23.40161983042779,23.02420741635541,23.701163713636838,22.90031964276033,22.31865112216463,22.86499118669388,23.051327677365602,23.47838035150268,23.779348297967047,23.195442311670682,22.45710133609072,23.665128475153896,23.388647892622853,23.327216269669268,23.555120916095824,23.965630471689366,23.497468285277535,23.884018512077045,0,1.29220020284089,0.136205473072495,0.486433579823015,1.5505265914742,False
O00244,4,Copper transport protein ATOX1,ATOX1,23.71115332790483,24.2714398666104,24.78435489187705,25.566180661755062,22.98520267656103,23.929465192393444,23.835762001676958,23.982679216317706,23.871736556019066,23.307850843967298,24.171011828181257,23.074526714619488,23.134639399336404,22.63330089100664,22.9567587551759,23.57478101988118,23.67288074392288,23.17094860286063,24.042379212166566,23.900085623822303,2,0.629940952701,0.0458213530723269,0.32800665024696,-2.12509643960987,False
O00264,7,Membrane-associated progesterone receptor component 1,PGRMC1,24.875446370935904,24.24840467038846,24.451413815537023,24.673045491500943,24.990705803359003,24.659989738729898,24.712183585901695,24.379316135463927,24.405142130293328,24.687469309272544,24.15055515976541,24.34670151666276,24.696628826356548,24.118999874788052,24.463833729621147,24.676674964538936,24.721482052229042,24.273375888030184,24.311933501499855,24.18816795295574,0,0.860776847469145,0.181338276020332,0.531816779575184,-1.38332575239762,False
O00273,4,DNA fragmentation factor subunit alpha,DFFA,20.175137097637982,24.02273977627515,24.945262173149633,22.93938388665451,25.058630851200114,23.402594037329507,24.54789716228217,22.745747329088083,22.413305832037455,23.423356100038212,24.71583745792496,23.25073112617275,21.699119423809524,19.515945500671464,23.231700453277174,23.1932096797264,25.07314368873351,20.181390189013612,23.423796053797126,21.150047674727123,6,0.670102355831484,0.259341820098799,0.587927183588789,-1.1598560688899,False
O00299,12,Chloride intracellular channel protein 1,CLIC1,27.32301632992709,27.38239461699947,27.535482975783722,27.262872860341236,27.59977961690256,28.009025287310546,27.20346832079925,27.282669038665322,27.67514349759251,27.90417605668792,27.40221639171051,27.427598081365332,27.478885082055324,28.224110056010254,27.862899722271575,27.154556039324397,27.923899982810404,27.170183151315367,27.64596685540451,27.53016750345682,0,1.04250592154205,0.668206992241893,0.768339943129565,0.434814407659996,False
O00303,5,Eukaryotic translation initiation factor 3 subunit F,EIF3F,22.56199753566488,23.37146710673745,23.21457507500685,21.531701060430493,22.977513079160886,22.478145751700705,23.241662035809846,23.0148691472924,23.07262429660783,22.75102446422516,22.929346160827976,22.978261153452483,23.459734511868355,23.383601802013317,22.874946167989528,23.179344277296217,22.827530978755448,23.01495092340579,22.511225846213005,23.191765931845755,7,1.11455148976606,0.378829599660067,0.651919973400683,0.899357881811026,False
O00330,6,"Pyruvate dehydrogenase protein X component, mitochondrial",PDHX,22.28361849445038,21.52811531347175,21.949198291073674,21.43515939997425,21.80521328859451,22.377075240702514,22.2885849640212,19.734261163609972,21.330073349794077,21.94180748723282,21.880170927092326,21.037063999155453,21.388443990921658,21.007003180196016,21.19488064448583,20.710843505325272,21.537568538848298,21.592844745843248,22.353670284278266,21.64213824976019,7,0.808978884229874,0.474307235247929,0.697554373328703,-0.728802244385377,False
O00399,1,Dynactin subunit 6,DCTN6,20.616296383626217,21.016390472210972,20.66326128725535,20.97159432414778,20.748104720720278,21.152233500304487,21.52292358389545,21.591604570406506,20.849716962745635,21.771279135088868,21.908327210322884,22.43122608388606,22.436120914049912,22.746293348966766,22.364387414878557,22.095281780954277,21.06254647116181,22.581207690325858,21.02770056547607,22.24750789970579,9,2.02194573179093,0.000722613008937892,0.073258090536328,3.96659160988847,False
O00410,20,Importin-5,IPO5,22.916759031490933,23.104881934833355,24.887913930656662,23.91168048065027,23.52854639230206,21.82995788553866,24.950110196351716,23.78511323390127,24.38187190539446,24.340077385866472,24.887163488116432,23.68357782789487,23.617289663344053,25.188429573434856,24.23108958953209,23.670675706806563,24.006485741689396,25.300412032010684,23.889844170756746,23.80278365393962,0,1.19700335323534,0.218742821648286,0.558274600234128,1.26847130031035,False
O00423,4,Echinoderm microtubule-associated protein-like 1,EML1,21.522027661468613,19.991191788795867,21.797890751644893,19.532446973664936,21.724773278795173,21.423705860441938,20.31721225796894,19.263212902337024,21.715091472042904,21.39681089702881,20.800433896359493,21.427348251370812,21.271794277432168,21.440293861212044,21.745494291156724,21.556683387377568,20.95037972478802,21.402950699806617,21.378848121694205,21.848799708414667,4,1.22102063549817,0.164051336619494,0.521118528909864,1.44288085306141,False
O00429,9,Dynamin-1-like protein,DNM1L,19.944192491414995,21.43951507802284,21.405551876496908,21.62686076378409,22.356994435573345,20.451118742885615,21.590509304158857,21.53576086081321,21.05090249744051,22.452547654199602,21.107055720217986,22.354689807370143,22.996344951972038,21.192888927044482,21.11294938443856,22.148541010129044,22.040829333318342,22.27660347135647,21.641486814495096,20.348743747538656,5,1.25507656806137,0.37562869521813,0.651005541947793,0.905530007681614,False
O00468,5,Agrin;Agrin N-terminal 110 kDa subunit;Agrin C-terminal 110 kDa subunit;Agrin C-terminal 90 kDa fragment;Agrin C-terminal 22 kDa fragment,AGRN,19.333601666682124,19.442298725386696,18.03200438741245,19.996067514437247,19.559880956602136,19.25305514774292,16.68533898371156,20.258135182049656,19.39637521987388,20.555664276086432,18.79675202028778,17.696023751988143,19.48339381409599,19.445827220376643,19.747451309519008,19.16078090999411,19.888608869154265,16.774318376105523,19.729772816359322,19.831251585710536,12,0.841691851408094,0.685115775465922,0.77472505509616,-0.41126373290409,False
O00479,2,High mobility group nucleosome-binding domain-containing protein 4,HMGN4,16.285511304911658,18.84525167455703,18.670632556634388,17.79430541268703,17.442980565333304,19.76385467710595,16.133741957015328,17.839126164187537,19.637575876769024,19.87328445460699,20.14718008169672,20.10677552504371,17.210213035894657,20.31587060629279,20.896453813663456,19.95120081382588,17.427580913067178,19.699901848446256,20.051058763206754,17.337849108483795,6,1.99904757064348,0.0685945116467207,0.3844369060632,1.92137528053833,False
O00487,7,26S proteasome non-ATPase regulatory subunit 14,PSMD14,23.104774442719783,22.131922914593805,23.912652605537133,23.710379266676227,23.01121668399196,22.241797291748927,23.48711707967952,22.963900615384826,23.32741436137619,23.412868223122615,23.337250632409248,23.06578544906352,22.912485520621164,24.316062128143738,22.94140208567004,23.94456700963345,23.37488924571668,23.417752052667197,22.657197992888666,23.61642785720849,0,1.1870816171759,0.412094447110479,0.668891502267805,0.83714505992172,False
O00499,9,Myc box-dependent-interacting protein 1,BIN1,24.265745976959586,23.235129046471616,24.013028421862405,24.704852652638625,22.88187745401032,24.460824561240823,24.19436780685559,23.5322421842534,22.331916470812452,22.920318031142024,23.818517673969872,22.175732950264795,23.047912784655157,23.52948017026811,23.97557475966126,23.14093857796259,24.127448069255685,23.742177986812386,23.604258065196444,23.593360137230327,0,0.865938060380361,0.573969618951666,0.736406810326589,-0.571288367253857,False
O00534,6,von Willebrand factor A domain-containing protein 5A,VWA5A,23.528309948140397,19.187630594864693,23.42142512885991,17.85572868886696,22.65859895872225,21.445833890835928,22.135332570039836,20.130472615888486,22.48447364599001,22.086095799996187,17.074791320761044,20.599079692419004,23.292238202919332,22.194936833385075,23.924033912333247,21.171002299663485,21.96298012182692,20.297965037551815,21.062037372348392,20.960579927130805,7,0.80761018115467,0.767459002171981,0.807231985594737,-0.299623777445765,False
O00560,3,Syntenin-1,SDCBP,20.933403709782127,21.084252753543964,21.520427433986704,21.365277181473004,21.62718736994863,21.364754556863954,20.750943033372767,20.411870540931996,21.05418159344159,21.319768610953407,19.084049208937163,20.829901154834523,22.029121133490413,21.155841680535573,21.73196578304119,21.28778066725585,21.906384344493194,20.863762794377752,20.65122690001075,21.750754367871995,12,1.11577270621697,0.965785860551632,0.839800241506769,-0.0434174166904136,False
O00571,10,ATP-dependent RNA helicase DDX3X;ATP-dependent RNA helicase DDX3Y,DDX3X;DDX3Y,21.744099228304613,20.470268139334536,23.08579655349139,20.26509083662672,22.19680136410376,21.334560878280733,21.47325623993429,20.387371383213445,23.155000092446326,22.85779931936769,22.39579860480544,23.22436537767671,23.111165023770663,20.965541030454272,22.723707280304218,22.741859962921247,20.542103925581845,22.927612966576547,21.74331741264213,23.019751257908005,7,1.3938867666723,0.178757900256001,0.528663623258471,1.39191807896506,False
O00584,5,Ribonuclease T2,RNASET2,22.864912543950236,21.51315682148164,20.44453727313503,21.00882904466005,22.546710723962953,20.609209958359703,21.406569565916868,21.850432202433794,21.717593318884855,23.410157607545926,19.011489233624577,20.230714938362595,19.565625769557155,20.07168328158794,20.869601897151792,17.24364986397748,20.214910485622983,18.833871302770433,21.866391562427076,20.974475659534804,9,0.304566434924303,0.00163888034914379,0.104568605366734,-3.62016456782011,False
O00592,4,Podocalyxin,PODXL,23.341151721357672,19.728026667049086,22.44215728580416,22.61713883028405,22.735361676127926,22.178980396766697,21.66970990895648,23.401991799294912,22.047515977493664,22.370112892853808,22.129960841319548,20.105855130948587,20.636919541023893,22.880344784248795,23.14885441888957,21.479731958654632,23.056878494491894,18.73419804969943,21.739218122807713,23.08743329603399,0,0.82867552741564,0.338162339084765,0.626458497370308,-0.980551699184384,False
O00625,4,Pirin,PIR,21.901082077408436,21.12980029178351,20.986956981113853,21.709120047403218,23.36928788631733,22.592632214982757,22.011356336573712,22.069963773045284,21.666573841449555,21.70233872879523,22.88341303543673,21.471488651872235,23.12533735615646,23.27427937305658,22.16602801258288,22.243606814435093,22.434336402645688,22.872593814623716,22.086369186493755,22.3370226000864,3,1.37829198887744,0.0788293841514336,0.409944313545591,1.84897566473571,False
O00629,3,Importin subunit alpha-3,KPNA4,22.07151833331475,21.817288561800495,19.62710776618193,20.993137487920276,20.17089170628093,20.307394079790885,20.01827021508945,19.85284263343415,20.950893634115012,20.746985485659213,19.561494275537083,22.818870840904438,22.256195741099553,20.3906444133617,20.411917202097676,21.79081961929188,21.89511773960787,22.267720667489034,20.97270153074296,21.316320723278384,7,1.9503834435974,0.0968533616794181,0.427872205634169,1.7393793434933,False
O00763,38,Acetyl-CoA carboxylase 2;Biotin carboxylase,ACACB,25.39965415932305,25.868670420806723,26.865691922371617,26.225597569327395,24.508124117982142,24.7335840055257,26.14166593531791,24.66164636031813,25.427866861635465,23.87256400467159,23.29613471038589,25.066343731799975,24.297676504266256,24.12753887424162,23.66750942604636,25.031403081449398,24.945416469099936,26.618345399534107,22.60461769275891,25.285831626239823,0,0.682503664041061,0.0460360667328215,0.32800665024696,-2.12278399993809,False
O00764,17,Pyridoxal kinase,PDXK,27.532424211858054,26.763052905382192,26.65682699137237,27.30964553732978,26.228483922388058,26.76966894963253,27.168342067262667,26.40735397163573,27.03733544388579,26.30103826679049,25.749428091347813,26.275258721689266,26.944479323137866,26.58547437544672,26.17277374782513,26.272079381662294,26.405507890387383,27.069696126157496,26.39324109532221,26.39358463504068,0,0.763010743270533,0.0525529201834227,0.347692777049084,-2.05685237918834,False
O14558,9,Heat shock protein beta-6,HSPB6,29.6017764907147,29.782879198445386,29.442933580923004,29.93833692917179,29.70093843637723,30.220901548670742,29.40852108458274,29.368075719070777,29.934688688491306,29.271233282687614,29.19280474182546,29.818919197883545,29.802302378063107,29.4410678364856,29.7117205192147,29.63679528946509,29.634144032129676,29.877807227780867,29.512460306457427,29.569052129768227,0,0.956684501010722,0.719590540106782,0.791353431452998,-0.363956009686602,False
O14561,3,"Acyl carrier protein, mitochondrial",NDUFAB1,23.701462912839528,23.118902084631273,24.193541748514864,24.267925158849497,23.274502561471774,22.81020440639984,24.26547718797064,24.13386897796549,23.924198656875376,23.06551348026227,22.36730392734441,24.14703835065022,24.37477932572738,24.02030660991449,23.02713053152441,23.58112665890687,25.197935882072724,24.005409328214984,22.469572977234215,23.039585655565375,3,1.07852882134535,0.879483612734912,0.825812662811676,-0.153513392454957,False
O14578,3,Citron Rho-interacting kinase,CIT,21.516863589309196,21.487802400519932,22.988373394642657,22.65142476698254,19.345258351756943,23.65936889990162,20.547168963124633,23.239995026804877,22.556966226008004,22.647174376431256,23.129754401311633,23.287258514839106,21.531786485514406,23.200486194246302,20.74442103680091,21.018420475870837,23.449313727232507,23.537916199031656,21.510677998732643,17.716427242785585,9,1.14267592912044,0.821173615276816,0.817197073956267,-0.228932070971838,False
O14579,4,Coatomer subunit epsilon,COPE,22.940631125342982,21.677845498686136,22.604242816836273,20.5442625262875,23.677125752091317,19.6883151393625,22.77666485032499,20.905249514521863,23.027697415820377,22.809057683629653,20.902764622658598,22.570095832409034,21.52536771089149,21.04209033864046,23.797462799650347,22.635988402035682,23.394202215418304,22.8760459648564,20.58778699622899,22.58088084129538,1,1.08084388075384,0.812153865649177,0.813589620325639,0.240709459697654,False
O14617,4,AP-3 complex subunit delta-1,AP3D1,19.991641504655977,21.435772186018774,20.59278015748651,21.80822801091974,21.947611246012492,20.27666882280491,21.274652445029755,22.60513191595141,17.727992147503237,21.461487925819423,19.306263037551965,23.04688545874455,23.44145804704452,22.85044885338909,19.45689616228798,23.30146496494058,19.548587961844238,22.8140538907882,25.090112257501602,19.777832331928195,6,3.05938476414196,0.224303789579174,0.566740821691144,1.25273147221958,False
O14618,5,Copper chaperone for superoxide dismutase,CCS,23.21776552273471,23.683945050864885,23.25045752669804,22.443476741121906,23.295988045662522,21.50032771973025,22.35944214474785,23.410200437949925,22.551035584028195,21.013482036481122,21.08520302176787,21.383293817695957,18.3992627114672,22.853588461000975,22.503988461348964,23.381376229766925,22.42206863739999,22.740223391956732,22.640757062492384,20.09805611580963,2,0.651382477620858,0.0817206215351783,0.417224105855535,-1.83001863781501,False
O14639,12,Actin-binding LIM protein 1,ABLIM1,22.71009162739077,24.077736253279795,21.559907547937694,23.231840888508234,22.940097610917306,22.511680184790627,22.99352612927937,22.940974713204177,22.76404447549729,22.75787565107416,22.337709383153342,23.739173159927915,22.955586901373103,23.2829900224145,22.74441175447386,22.492409106586976,23.789652206843332,23.32866984634422,23.589010695339773,22.411702140416573,0,1.14058112883657,0.464221492735931,0.69086707470759,0.745752519483044,False
O14735,1,CDP-diacylglycerol--inositol 3-phosphatidyltransferase,CDIPT,21.46473119013615,20.666714970107808,21.572955875667283,21.440077784826947,21.094996432941777,20.79277935060505,21.24016429818783,21.595200491599407,20.85420944266652,21.143971060388452,19.80193039678437,21.12058297484021,20.5735661000889,22.07799028783849,22.89833583026572,21.65517999189437,21.789212552784353,20.979580695001975,21.25894138995747,21.402642570412205,3,1.28241852609145,0.606739702779534,0.752218059563864,0.522709029823941,False
O14737,6,Programmed cell death protein 5,PDCD5,22.56636110629702,17.456726677468165,21.759226008259137,24.906038505472782,21.632458598853997,21.04640461693987,22.77535962428576,21.69683416390568,20.2010049683481,21.279832089287115,23.25569310563004,20.52007652329254,21.404354173412397,23.151507269165148,22.896759862525283,22.64055487130373,22.173202647686427,22.753581413542697,22.059214216950053,22.923213218127025,2,1.19383326209693,0.201710001146789,0.544755748559004,1.31869152533494,False
O14745,12,Na(+)/H(+) exchange regulatory cofactor NHE-RF1,SLC9A3R1,24.43728215775599,23.658583782980823,24.190373876979148,24.983567222667034,24.468500964205806,24.19734162475742,23.152679981715952,25.218329328716546,24.707661065990735,24.513223019765064,24.22466277933967,23.61942902707728,23.156155112984184,24.25501732086716,25.070562230241094,23.94689931187819,24.1564633378352,23.99712439538895,24.545233060538106,23.629179348511947,0,0.805892710418913,0.290469879032616,0.603321843609166,-1.08489820374128,False
O14773,8,Tripeptidyl-peptidase 1,TPP1,25.21504193275193,25.590448097201076,25.13761675670615,25.172866846721643,25.565041975910045,24.00045614163959,25.567141650720817,25.051151309166624,25.577687208672927,26.15401175324604,25.604595202670566,25.69440296307314,24.571762785310753,25.232749343400954,25.72201276777494,25.279009522074684,25.621044098516844,25.74349183824192,25.470632798272522,25.0419123509692,0,1.02984840277067,0.677470966068038,0.771097269083542,0.421881310523978,False
O14791,9,Apolipoprotein L1,APOL1,21.51804659733017,23.157529600357634,20.81297079214104,22.902969724109465,21.736936630273387,21.533660198073264,20.050124470993445,22.024935440577604,21.586066779834383,21.270998394393544,23.409979479528335,21.504505850096447,21.58137811966148,21.9095285290584,20.883598194687657,22.371954064257874,24.174378977576914,21.634513909174668,22.528559483599878,22.24225179876244,0,1.6854461368917,0.17419993834367,0.523546616129746,1.40734076027936,False
O14807,4,Ras-related protein M-Ras,MRAS,22.000776058033466,20.49662507693167,21.412205578910804,21.93179811087781,21.726159407129973,21.086493357906686,22.55363068078236,21.12529486997074,23.05981910650446,21.69877319457519,21.55018317090593,18.740052487313832,21.963475996209716,20.737706174369873,21.764536470998394,21.087849345807804,16.947565983512447,22.16520434595447,20.572778004637005,22.026109642030285,7,0.665848779766907,0.107092034411954,0.447030877785058,-1.68474433426231,False
O14818,9,Proteasome subunit alpha type-7,PSMA7,24.475517751879522,26.07812729592399,25.667831461717608,25.83950800659061,25.341139744875814,25.275913008054072,25.56615135724736,25.256080008836758,24.656417847430152,25.675978286102016,25.386143871382092,25.828218493792253,25.732020031577676,25.6958623353418,25.117641196397734,25.804215665019136,25.65993570226927,26.03059517472213,25.387441387429067,25.84928175236915,0,1.17061394762081,0.184272783763983,0.53240815837221,1.37367181202202,False
O14841,8,5-oxoprolinase,OPLAH,21.26050078138864,22.202701820120037,22.017359146689166,21.476315230546053,21.645786120234078,21.254609426358606,20.57079667106757,21.024948526035093,22.823681139561728,21.031759918984395,20.037858618790903,19.973573074912103,22.347789143951005,19.703863525112187,21.911393668665678,20.132859095492705,22.295113149588257,20.843949261652018,21.5814012364387,21.018022705230763,6,0.780286562958479,0.177439876973312,0.527958552151401,-1.39634519953187,False
O14880,4,Microsomal glutathione S-transferase 3,MGST3,25.386951974673813,25.82522889655271,26.023914261231305,25.92848882628814,24.710954058754282,24.448920540320877,25.598539107561695,25.19565720586543,25.84460408983483,24.994385773116772,24.295551417945603,25.44877020237581,24.885398073166424,24.437527244775524,24.88061763435203,24.86075213685659,25.208382047195812,24.947208149043878,25.480520980443913,25.244432559875836,0,0.72353283569114,0.0572827661817835,0.357247963014265,-2.01345518222567,False
O14907,2,Tax1-binding protein 3,TAX1BP3,22.353933767500543,21.408969902889655,21.771482715637525,21.407630284302655,21.68651492750361,22.470788860428147,22.019125372398012,20.56905995963533,23.293152060874167,22.630590251974606,22.028873891511275,21.81230208703129,22.197564769010036,23.478500105777865,22.63268527625073,21.218582110519847,22.390695822838207,22.27524411354553,22.089440920624046,21.821778254577254,0,0.985295756832954,0.475728797469369,0.69840672728157,0.726430366596632,False
P19105,7,Myosin regulatory light chain 12A;Myosin regulatory light chain 12B,MYL12A;MYL12B,23.617424068652845,22.666566191151553,23.13626767414629,22.945833946591144,23.559041295417984,23.40982171681729,23.266394071996842,23.970694502297526,23.519979654781224,22.78264277580716,22.972354906840486,23.638204402057042,23.458433221743974,23.461348406157718,23.872879394869464,22.579522396014717,24.17828658047044,23.468748075268692,22.988143694517767,23.164120039656837,0,1.10794447930583,0.700287744237391,0.783891108026164,0.39033254123477,False
O14957,1,Cytochrome b-c1 complex subunit 10,UQCR11,20.659768095915833,20.68997094099202,20.65223353302422,20.858330774319928,20.28460594034157,20.261883220615847,20.540071443499134,20.584661756809925,21.002930131967865,20.356697370685424,20.397687611315106,20.28284052916839,19.967973238919697,20.651975071655446,20.001549880384555,20.040812076928674,20.291514111274743,20.69738855144972,20.291217366063908,20.37975958674151,10,0.819987288602206,0.167407546450904,0.521118528909864,-1.43093611664463,False
O14964,6,Hepatocyte growth factor-regulated tyrosine kinase substrate,HGS,21.439963566401268,22.18147439029739,11.779987613374026,19.476691086202834,22.59823209228637,19.502904933003066,20.674264779696852,20.053781732789766,19.129183874996475,21.283524569028035,20.899542300971763,20.7947825726831,21.7180044494226,21.31996319446846,20.53821703751133,21.22306819010088,19.892873574857937,20.73599624551043,20.45239092109604,19.79886948253965,8,0.942913403373659,0.329112877475328,0.620838122156971,0.999516614231072,False
O14974,7,Protein phosphatase 1 regulatory subunit 12A,PPP1R12A,18.57178960696371,20.630980589411006,23.690769612434686,22.834562366349868,22.058211796691335,20.459755327956294,21.856918702711464,21.76841497427846,20.520434397852835,23.384561120051778,21.81192802252543,22.55012966484837,21.379120885656924,21.800086351876605,21.50286329548266,22.988612726029277,21.194146978810025,21.177508590198464,21.44091333941688,22.0391760349351,5,0.810059161987363,0.692788194420938,0.7797051644478,0.400656064301128,False
O14979,5,Heterogeneous nuclear ribonucleoprotein D-like,HNRNPDL,20.34804352964608,21.37639302950611,21.1897464114694,21.678820633098034,21.882705316781763,21.662154705964184,21.736001029332044,20.994576352026197,22.101490250041078,22.204089742022717,20.075445601249065,22.508921434789222,20.550857335774527,22.543966368687457,20.842425732530685,21.1068000136172,20.660404531595347,19.968348429475707,21.558216246641894,21.005244092815943,7,0.801961501034867,0.224451467440781,0.566740821691144,-1.25231759158753,False
O14980,11,Exportin-1,XPO1,22.512578122967668,22.260133608568477,22.816457617065176,22.625884700927035,23.10978554127207,20.848488458764496,23.255864996825032,23.756958739932685,22.992468635548093,23.37757388386051,23.82387344714065,24.30868665981793,21.331036044795987,22.4592495430075,22.82934285562627,23.33666820703311,22.879513587903737,23.23668232171468,22.275506403923856,22.11730290568251,4,1.00706990475518,0.78855476476439,0.811510678024041,0.271694172855724,False
O15013,2,Rho guanine nucleotide exchange factor 10,ARHGEF10,20.76953411990204,17.772586591623586,21.032612355869908,21.57461623218585,19.57843044080647,20.774922426936012,20.98151356184327,20.797601356174482,20.83647666645477,19.666508309470185,19.89679649320856,21.767761028108136,23.84756655792555,20.65278138724741,21.874196414868926,21.829774893603965,20.639041772674375,20.534259737597502,21.092337671408742,21.61444522558316,7,2.48262718723732,0.0513419409971273,0.343437740628752,2.06852533654884,False
O15061,20,Synemin,SYNM,23.120099076615553,23.373502228927197,23.861782075989076,24.21206683363396,23.04673129515384,23.876807533351656,24.072777210003814,22.09791588013753,23.830004342943695,23.051883431521198,22.428574961552545,23.1454161813989,23.71851252312858,23.047679382573946,22.39264059364097,22.438170380131204,24.080906999941835,24.224110117946697,22.880832025217252,21.793597231419632,0,0.811481006677434,0.206573192453742,0.545684645187056,-1.3040263551605,False
O15067,9,Phosphoribosylformylglycinamidine synthase,PFAS,21.02647523988196,23.255622615942656,22.52706150199206,22.400156309479424,20.894194162707773,21.49130280114755,21.62943372824987,20.01450086458012,21.734315096275477,22.020148487422535,20.52749222414678,20.75787465556574,20.283842041277623,22.161763694975043,20.540373589497285,22.586092450685303,21.87398626368352,20.962124159057364,19.80062147980542,22.26233070455912,1,0.818598944543982,0.217131484861593,0.55792310220854,-1.27308960468295,False
O15143,6,Actin-related protein 2/3 complex subunit 1B,ARPC1B,20.632763806491255,22.003729531088165,22.34509136039493,22.130970173264288,22.592692802210994,21.79342543588747,21.894516207581443,22.28105841227786,22.20809208743029,23.067605404887306,22.318060863421604,23.48435566883427,21.228957058609836,22.940343510863965,22.275704773616845,23.25871126019919,22.383186874874102,20.065044549553132,22.433682612203132,22.56734670390215,8,1.25662170958514,0.608155691555173,0.752218059563864,0.520639234651343,False
O15144,10,Actin-related protein 2/3 complex subunit 2,ARPC2,23.077741374750662,23.022030239426552,22.126223779326512,22.79257166389681,22.49790504007961,21.867154152782586,23.29966203107868,23.10413349357282,23.349043075651096,23.112457073208304,22.890029506415672,23.114233803058543,22.90687081925243,25.016346269899238,23.516463392222683,23.006289206632918,23.428504805910183,23.177748227903095,23.530143891775364,23.08527992981362,0,1.37217974287114,0.0654361972531476,0.373037489620656,1.94564182867266,False
O15145,6,Actin-related protein 2/3 complex subunit 3,ARPC3,23.210626107870816,23.210534831824265,23.39305843435003,24.41095216612902,23.735918476568763,23.6408983684504,23.536536637620877,23.728952865456144,24.029284301481024,24.598176414494112,24.052115490739872,23.893308568564173,23.538330338151145,25.06661601532537,24.34916871354336,22.902651296192907,23.95868822884705,24.04523804404169,24.13439670739063,24.28580627909194,0,1.16054298105929,0.277156354121295,0.593267493743694,1.11619974658657,False
O15173,8,Membrane-associated progesterone receptor component 2,PGRMC2,25.196960086723188,25.928771292518867,24.495604481721408,24.84928695229349,24.280255669787692,25.1173997539414,24.393797746429094,25.11171648762436,25.405713498259146,22.81133883424861,24.912781896092895,25.405947450573315,25.31251503247336,23.516323650792426,25.05457310502436,25.562608966302985,25.01487753895309,25.27027383071888,25.073892304561213,25.19140065696221,0,1.08556438004595,0.390610759723946,0.65797460515182,0.87693248370814,False
O15247,7,Chloride intracellular channel protein 2,CLIC2,24.30367741724575,23.243515853105592,23.550223034756584,23.459760580572272,22.678633588151637,23.595521553336408,22.594202029580845,22.42689596074889,23.72359924718906,24.243721789779023,23.00006516167923,22.10366567793303,23.01215243031564,23.045230559505466,21.983805479123195,23.02960322289865,21.91972057982299,22.930566023597354,23.951943531938113,21.964955843497012,0,0.64365195891509,0.0418224498755634,0.314522477872934,-2.17006166405339,False
O15260,3,Surfeit locus protein 4,SURF4,24.22636457503515,23.89508213620883,23.74326894598354,23.877314824200436,23.807915968819458,23.26223641459444,24.27036806338225,23.600898637148024,24.075679092369942,23.40348481699524,23.992513609633978,23.404233242152024,23.218611206900533,24.29730949781628,23.355570754280187,23.765048717581976,24.08478162659686,23.998388654919257,23.6419500674274,23.715348670015032,0,0.960629510110173,0.725548111804484,0.795526597107289,-0.355869069571268,False
O15305,7,Phosphomannomutase 2,PMM2,22.726794591033297,20.69604764278472,21.647492157495353,20.78927525526495,21.795280560717092,21.05072601018533,21.898621693312677,21.93128450325375,21.123992469591933,21.969114998866644,21.32728436986076,21.082955250862852,22.296619112840585,22.772856513563372,21.89894149098603,22.191349568681748,20.68101886294273,22.744421653043055,22.148445717416454,21.294571468114707,0,1.23756437564693,0.412721013548813,0.668891502267805,0.836004880393636,False
O15371,4,Eukaryotic translation initiation factor 3 subunit D,EIF3D,21.80544924833514,22.720917455212632,18.47928073250275,21.334857971184853,22.546100305769112,21.36442137776124,20.648253111594588,21.88955495946261,22.049234031043206,22.002832565815247,19.804904502965677,20.077770559000495,20.961221890447458,19.449271792960566,21.007203044914334,18.54770215460964,21.137429489256345,20.101775097194427,19.684087497765688,20.76168721878998,10,0.36684831743064,0.00973320008369703,0.181482743058785,-2.84813138422731,False
O15400,8,Syntaxin-7,STX7,25.115860048402087,24.579725106514363,24.926690010523455,24.84306579896447,24.34861411548811,24.94510828641557,24.684005592656348,24.39468972070698,25.246145262722106,24.543911265316943,24.50393921142176,24.48941792855836,23.909377574800995,24.401098130299882,24.751359427666344,23.447962595202448,24.604399840322348,24.6485760137467,25.067645099989484,24.286703675560844,0,0.801677199133609,0.0939449168835999,0.42417512839099,-1.75580099016824,False
O15488,4,Glycogenin-2,GYG2,22.34609657492659,21.477516130229297,22.137270123397215,19.536848411215804,22.23048347875304,21.292533425270943,22.17466987782232,22.053347161078662,21.139282960096853,20.288263142529082,20.246665693282736,21.140011910482958,20.366445234115805,19.483984898841904,20.681517566982393,20.49467107346646,20.23846867483996,20.96984044347256,21.212067311607846,19.783695952043058,4,0.428228718618119,0.012716602987859,0.199618756214225,-2.72816775968389,False
O15511,5,Actin-related protein 2/3 complex subunit 5,ARPC5,20.794859896454582,24.680312481730983,23.47666713709338,23.127364747036847,22.121343561901227,22.061139276294533,23.131299766716054,23.37254132926929,23.290630130668664,23.7045953939929,23.67694532763227,22.230825667801287,24.114556936818392,25.842297495522562,22.19955736999197,23.51573891206188,23.201569087389593,23.43271366425522,23.224159260676224,23.33034380065912,1,1.25162278044612,0.287678763846136,0.603321843609166,1.09137274976676,False
O43143,7,Pre-mRNA-splicing factor ATP-dependent RNA helicase DHX15,DHX15,22.04528370771923,22.91323122767515,22.132758092719005,21.34571056710965,23.05347916437748,21.05999014525234,22.62297386655198,21.678084361133276,22.36878622487427,22.549573331093043,23.138344299185626,22.25691707492357,20.975795928888157,20.602238220196558,22.548628459077783,22.859770708282497,22.056768931877823,21.467034043718517,22.39498998572023,21.954415143368195,9,0.934214713485133,0.670705665083601,0.768717634402391,-0.431318745425444,False
O43175,18,D-3-phosphoglycerate dehydrogenase,PHGDH,27.432651938839097,26.94126577809668,27.7272058545546,27.283091539413892,26.755136904586717,27.33307074717721,26.835437101950255,26.953862011059414,27.106138877064303,26.698624961891067,27.320526384873602,26.618153173909796,26.894675359182568,27.21729623061646,26.865521064108798,26.850559449310033,27.373860725963173,27.933816220695572,26.70478903646333,27.26536509660783,0,1.05838230044651,0.989637831445628,0.843797505224354,-0.0131455600700922,False
O43237,11,Cytoplasmic dynein 1 light intermediate chain 2,DYNC1LI2,24.300669642131677,24.092845237173375,23.310209605809565,24.175015757278377,23.651084131559237,24.253537850496038,24.413911185390045,23.683960873539487,23.7055476324405,23.843899339795687,22.320034177733476,23.513508688753376,23.51334188871628,24.7735696178792,23.528921863270167,23.856330263863246,23.705424834626346,23.5732247847973,22.4678098784508,23.675553966905227,0,0.753161437975488,0.107800261345232,0.447941514468753,-1.68113238164711,False
O43242,8,26S proteasome non-ATPase regulatory subunit 3,PSMD3,22.298566016061482,23.31538352582324,22.909896694201983,22.968006530332,20.422692909082834,20.650823351773017,22.91391084613594,22.577067677765953,22.35083312549949,22.98571781642018,22.082993169226338,22.26520759227265,23.25670369636761,23.74774229497393,22.491908239696844,23.71820531654739,23.75108882325453,23.31157115218549,20.492114240911434,23.00776831754548,1,1.48252670402917,0.309569931558112,0.613979024606205,1.04175115061191,False
O43294,9,Transforming growth factor beta-1-induced transcript 1 protein,TGFB1I1,22.90403067509044,22.073484929931695,22.847241165905757,24.309986503028256,22.418650388468528,22.65679342065976,23.720312910819075,22.827441377578232,21.884219870230496,23.091296432876298,20.845256971416,22.970982438192372,20.685095094183097,25.73367669720298,23.26461424842359,23.239717317436586,22.813282282488522,22.05651333833444,22.574452256150266,23.18898990526901,1,1.06365185717102,0.786931123805091,0.811510678024041,-0.273835648738443,False
O43301,22,Heat shock 70 kDa protein 12A,HSPA12A,26.381767794589887,24.267702859568658,26.849395576614935,25.79210152443984,26.584678461196216,26.636343596729574,26.220266151163834,24.80370370366627,25.600067669710047,25.83244099786571,26.155391764141886,25.286980369253854,25.959116049793472,26.479171149682404,25.996841656915826,25.993088395977992,26.385605733653914,26.48887536128488,25.8750735099097,25.91768208623501,0,1.03284472625506,0.584233011746681,0.743198187245657,0.555928887835721,False
O43390,8,Heterogeneous nuclear ribonucleoprotein R,HNRNPR,22.54813250393175,22.13735596219442,21.256982755189743,20.550473608041205,23.371086934003195,23.050427519403467,20.7843266216906,21.222791238042706,23.182843380641238,23.12679278368362,21.680572826035206,22.329123373598875,23.54779758396755,22.70888513920191,22.643657807615835,23.583705236990554,21.40838222479714,22.67490289893414,20.949184177962703,22.79071241163348,3,1.10467066125272,0.490965828090445,0.709261894965122,0.70126379480806,False
O43396,10,Thioredoxin-like protein 1,TXNL1,24.01909901665317,25.290830517118476,24.222058347874093,23.703872998832228,23.363641331560153,23.553153910249144,24.53249519805817,23.952123416937297,24.202723047676752,24.679280548723096,23.89812435861306,24.561075566098552,24.16259261398755,25.511424857987528,24.335813608132977,23.894067503459755,25.04382532253866,24.512262722428687,24.560704513510107,24.137897033276094,0,1.20857455967401,0.243553309467928,0.58311339070537,1.20045243117024,False
O43399,13,Tumor protein D54,TPD52L2,25.753569566120614,24.364422083458283,26.114646084978443,26.018553241319424,25.945317569219174,25.20667712190658,25.531019698808436,26.5307409556999,25.699472941157257,25.61236782052993,25.903932785871636,26.07248978992816,26.21998830987197,25.980699592149577,25.60676668230703,26.058832581403543,25.81095535750508,26.173445992340838,25.904252799717316,25.452620436155375,0,1.1191994526611,0.267999455398835,0.587927183588789,1.13837228643518,False
O43488,9,Aflatoxin B1 aldehyde reductase member 2,AKR7A2,25.6119553650088,25.785663289078208,26.426024811624355,25.499416614946337,26.103604295776364,25.750970242372492,25.956904436888212,24.934064419656043,26.066969443104718,25.729500159633336,25.93945392822552,25.62811369304707,25.014849510716246,26.00692813831839,25.74822803446509,25.53868095660818,26.162958394717645,25.765611294162394,26.08532243567874,25.773255898384566,0,1.00143054947763,0.911096328687642,0.826708499711055,-0.113032554644213,False
O43491,33,Band 4.1-like protein 2,EPB41L2,26.619497366802307,26.733075394464624,26.6301753734077,26.591421134269133,26.214221913374946,26.993198973874684,26.747440938238917,26.401565204618358,26.656709541118207,26.56702292101882,26.40097881086189,26.89510897981997,27.12679193799895,26.790244017467078,26.831567223498034,26.761113035034022,26.716347332589724,26.498244525064855,26.77150760898699,26.719932071420025,0,1.09056537565636,0.275473348248057,0.592304662705395,1.120234214886,False
O43504,6,Ragulator complex protein LAMTOR5,LAMTOR5,22.59981360118366,21.73443089951829,21.798164924516023,23.760625238638838,21.870944168832054,22.943868106394838,23.196546158100155,22.644437878683274,20.010614516315897,20.086769668010206,20.816268221028412,23.306577045999195,21.878888460642745,23.707710844712047,23.545442295224174,23.992880645287837,22.257683950264983,24.011468161510674,23.645013528985142,22.229583086742437,6,1.58081981404412,0.0945263090691409,0.42417512839099,1.75248371014383,False
O43583,4,Density-regulated protein,DENR,20.351308812747174,21.336557948208462,19.65980907124561,19.711046883935456,20.223423405239526,20.863503723585215,21.236444533507555,20.080484409745335,18.6761934691754,18.676158135227055,18.211881916397875,22.351173792228586,21.444632625073012,19.227089876323422,19.94155226628904,21.373573738865943,21.67595189383037,19.528767525896235,21.14392993668338,19.20346923117166,8,1.50907404106265,0.526551606219762,0.723704191155867,0.644176689493711,False
O43592,2,Exportin-T,XPOT,21.078777983321995,20.814147110715894,19.915909174134132,20.701392516021823,20.9884759649569,20.50801389244354,20.757280790957154,20.18664933299623,20.16231504486751,20.027600885588217,20.572698980201533,21.27210502457281,19.79649902730671,20.568375431845304,20.262388123438523,20.20004709196795,21.571225642563416,21.439635447475943,20.66907053779832,20.448930669857305,10,1.2015507264027,0.533292415879795,0.727049936758826,0.633607300818794,False
O43598,5,2-deoxynucleoside 5-phosphate N-hydrolase 1,DNPH1,22.3398309009166,22.473060615720893,21.943353809101882,23.555810938174584,22.32001109597308,22.06347926151889,22.679353836080654,22.893464381969448,22.799243671303643,22.00210980270541,22.43050563803165,21.270309271851072,21.827098309622887,22.410234417721725,22.930458487192887,22.902300671666268,22.403425655578065,21.459838766276555,21.388928948767724,22.908528488440577,1,0.851673533346076,0.305336160886622,0.613761111131612,-1.05114752228263,False
O43678,3,NADH dehydrogenase [ubiquinone] 1 alpha subcomplex subunit 2,NDUFA2,21.170766370966298,21.068102130950564,20.73479824849636,22.07779770431856,21.14267908868142,19.59327531753484,21.98996079278009,21.775677410066557,20.97968195455753,21.80630211391029,22.53736965065124,22.393294572968816,19.804013935844132,22.67379658761802,19.939284863670828,19.83189170663604,22.199900818209457,21.70040028194525,21.585407368185322,22.079405390340835,8,1.3669270929379,0.596332218946505,0.747184243702463,0.537994086436425,False
O43681,8,ATPase ASNA1,ASNA1,23.256320667314455,22.026761842468662,23.773982901616712,23.50834107071097,22.8895787615411,23.49208506197532,23.29426746939686,23.104228704992785,23.450329409784928,24.003054433742765,24.112740486008143,25.272743392706058,21.166959652295144,26.071587495501806,23.244574688693245,23.43668550469303,23.593516690716072,23.380474535857108,24.05027325531913,23.518675892378262,1,1.4664849313756,0.255491058792749,0.587851806731667,1.16958311283451,False
O43684,3,Mitotic checkpoint protein BUB3,BUB3,19.418265224232062,20.873367424749638,20.11476183389873,21.367705168459402,21.230301633286594,20.661146989650227,20.290669500756547,21.160553991489,21.311788413242326,21.523404056513485,20.967596873022217,21.241970237389882,20.070470477127163,20.20356084608708,21.007641830254904,20.66033050009711,19.144633911937532,20.19357725089433,21.347168776873595,20.202368157053503,7,0.833994838509589,0.375168070454751,0.651005541947793,-0.906421069619634,False
O43707,56,Alpha-actinin-4,ACTN4,29.13368446899533,29.406271943476543,29.048640770301997,28.46594117876705,28.760951773315064,29.150791136449968,29.317642140445248,28.739887807582566,29.278766723235055,29.550095824681776,29.10507985034212,29.068407325500402,28.99538705498633,30.28585572437996,29.37984020505853,29.077307886942915,28.99628984037599,29.12347704195673,29.11799454701653,29.29780734643652,0,1.09276660645908,0.330080254762878,0.620838122156971,0.997472149658073,False
O43708,3,Maleylacetoacetate isomerase,GSTZ1,22.867432067869554,21.775849586184833,23.021157607273192,22.08067257563711,23.621566192379106,23.042623347987217,22.912794973478398,23.04927384895651,23.078711817633803,22.017960465196094,21.870285608151427,23.315485087776008,21.287328433403662,22.839204896871884,22.655504673744293,22.307873947593432,22.136316286921836,22.468848703333293,21.84049951563538,22.47958382255505,0,0.729369265234327,0.16184616355073,0.521118528909864,-1.4508370753291,False
O43747,3,AP-1 complex subunit gamma-1,AP1G1,21.104835469814407,20.824328603164542,17.028903019830576,20.9767211680561,20.36609753848389,20.105520834046484,20.773909989582897,20.346091938827815,22.032981532159816,20.78968164003418,21.800608068449026,20.886379922232678,20.77014093663523,21.406250740331114,21.16586410183012,20.240058621110002,20.48586632457046,20.72860319232907,20.137455515224772,20.68995998094217,6,0.945520862533863,0.356642561572812,0.639615314520275,0.942880673303661,False
O43765,5,Small glutamine-rich tetratricopeptide repeat-containing protein alpha,SGTA,18.468488764367383,18.136441663894317,19.944841153130024,19.589391580196654,19.958352819361625,20.19249370740437,20.80632262829569,18.140481125433123,19.59595776861257,19.98371295723672,19.734471600707057,19.5392620328727,20.936460107282514,18.601136697644804,20.476824573637668,17.95694497213397,19.341481305302107,18.514108374725186,19.672086317142867,21.182081836808084,8,1.16027336113631,0.792172526530134,0.81186965806444,0.266927243717532,False
O43768,4,Alpha-endosulfine,ENSA,21.729868460533883,19.20130919529687,20.31799173151655,20.688506840199956,20.105500353500332,20.127903241295968,19.793666484364664,22.30166412970445,21.219179054207178,19.996201665301793,22.250767168943632,21.814819404596612,19.451450652426168,21.604213578772825,19.522593117312876,20.20959965689122,22.411999671623168,21.85945714931859,19.35114707810851,19.41620237228415,3,1.32960845518723,0.637676188755055,0.7585186811081,0.477992724935112,False
O43776,7,"Asparagine--tRNA ligase, cytoplasmic",NARS,23.343853206238233,23.99700367501766,20.77907912916061,19.566326966586107,23.09059710474363,22.575044428724176,22.883099980744767,22.007233362245316,23.286536238744414,23.49592146674468,21.32394558972892,23.649614752385908,23.363845329366416,22.99822154144323,21.478887816494474,21.261665687646527,22.13602590094055,22.254963241669806,21.136094309952764,22.554790493752126,1,0.674524382176393,0.567392736112786,0.732675882289056,-0.58120427978359,False
O43809,4,Cleavage and polyadenylation specificity factor subunit 5,NUDT21,21.347373099181855,22.194300576068457,21.93181187704716,18.4822719295276,23.385974269158876,18.42826824034603,22.03346982984615,22.151407533214208,21.762309113498826,22.244258999200856,22.559300148391358,22.085741948569723,21.43056525993099,22.707253886854822,20.475729149288703,21.86015552587491,21.981602691064285,22.03127291696248,21.87737084951149,22.230206444500293,9,1.06815673684432,0.345616760006775,0.630751551271728,0.965190876529513,False
O43813,5,LanC-like protein 1,LANCL1,21.735276615592515,23.57441610014702,22.82228365206041,22.317102010497436,20.929520842290934,22.681469244721928,23.364090891073495,21.49332310944736,22.61069224404198,22.878464577249577,22.09034759338746,22.132304752055667,22.723073532714796,23.32463175900452,23.123942403141985,21.746490168549848,21.91998673839301,22.182098843268275,22.848404122192726,23.047879321954483,2,0.920978981033148,0.829149136289343,0.818226127002315,0.218545813363107,False
O43837,3,"Isocitrate dehydrogenase [NAD] subunit beta, mitochondrial",IDH3B,22.716696468463326,22.739715991533107,22.251285412464743,22.780538084204835,21.212596399835252,24.47332518377013,21.787768044356888,20.824148573712367,21.547934996253982,22.831107097417743,22.449095400669446,20.28189182985343,22.55280347699069,22.69390920517419,22.227968773341395,21.895026919641158,21.00048517222762,23.04262392405986,21.639935490929503,22.86414564016111,2,0.758739834702734,0.57302801529263,0.735939313452343,-0.572704441651159,False
O43852,6,Calumenin,CALU,23.598599526764364,21.5343193234798,23.167631512491173,16.572343591329577,24.156980101497997,21.04194326247198,23.38349033120308,24.18321997606229,20.88617694276425,24.279273923388672,24.9033282012668,22.389189243281546,22.819952897484555,19.36162015769773,23.80879892405289,24.369398122800117,22.29272723400779,20.905503184989154,19.176943933134133,21.79408656852499,7,0.999718591871563,0.914454195516501,0.826745231285015,-0.108745315381854,False
O43865,8,Putative adenosylhomocysteinase 2,AHCYL1,23.028185876127772,23.202209550661816,24.663249567568226,23.834385156433683,23.673851975309706,23.54396966610211,23.89223444585439,23.533126950374907,23.470702265331806,23.806559448044638,24.227586616609077,22.66651540468905,23.153586922889545,24.163768564315795,22.53050532344035,22.964025022922087,23.766880916732543,23.934825158202067,23.699341584161935,22.532179500318566,0,0.855062591894976,0.292458125331686,0.605169374727376,-1.0803134438201,False
O43866,10,CD5 antigen-like,CD5L,24.72570799240592,25.515873064800353,23.242045987456326,25.147081475699448,24.777858566345746,24.08518614623122,25.02331974260341,24.099338623704288,22.985266507779187,23.314941665506915,25.14420256208052,22.94087968491551,23.520748601621445,23.12863045532451,20.581896406630968,24.328933032025706,22.312560094189738,23.522468969550633,25.2905201826302,23.762389833059427,0,0.697123347873882,0.0898079809418577,0.421730243491225,-1.77992996242748,False
O60234,5,Glia maturation factor gamma,GMFG,21.763689521140712,21.392480943228275,21.585316048660257,21.553839682122327,21.052591356163177,20.25493888619591,22.277288817715103,20.40802038649866,21.043877234943704,21.384230308772093,21.785378896806815,22.4723258541038,22.700488702590153,22.159632778214185,21.1466175646354,22.194394786757012,21.900898970636447,22.886769523991646,22.39290756437103,22.869034867783444,9,1.91355581292568,0.00282045760025618,0.124769845734801,3.38852748500791,False
O60240,32,Perilipin-1,PLIN1,31.51222166597773,31.50633935345612,31.4805163231825,31.52408147270005,31.105490809034677,31.853773194914336,31.929552279223284,31.18165599346715,31.444259039243068,30.405684867587397,30.976646639822814,31.520155993776893,31.389817710750563,31.089426750426124,30.643515621770536,31.555828627719606,31.207899898030647,31.388760719290275,30.669485351060555,31.111312370361667,0,0.834841156449961,0.18109820907222,0.531816779575184,-1.38412101584567,False
O60271,5,C-Jun-amino-terminal kinase-interacting protein 4,SPAG9,20.252283044705546,19.8311383654122,22.0147330588978,19.446508814633198,21.81486145181064,20.82403392152893,21.10005241293707,19.266840978883984,21.671302849368534,21.447717854753254,21.696912135961785,20.862458391371987,20.86704488002991,22.386862428497583,20.136075196415952,19.74418467121232,21.46972867911092,20.234483326280678,21.88120556542715,21.669327508233742,5,1.19374653695624,0.45455986743383,0.689731901520803,0.762197716669216,False
O60313,4,"Dynamin-like 120 kDa protein, mitochondrial;Dynamin-like 120 kDa protein, form S1",OPA1,19.138214332488847,21.05530687222789,20.646883321547246,20.290593995157263,20.076369303907477,19.97048703267338,21.729516404299915,21.090997499404903,21.453556512620125,20.34000580254993,21.062696987292124,19.245389603674067,22.28814566261071,21.945915224738474,21.673486330132047,21.92190630987845,20.914916631991154,19.784117684676833,20.745936452081203,19.471561303600208,8,1.42807442845778,0.433125561023603,0.679014768252282,0.799456358416997,False
O60437,44,Periplakin,PPL,24.949154757803484,25.35111970834879,23.256928534436803,21.543907959940512,20.100591200838515,22.947974415477493,20.208612801191983,24.435887767664752,24.810833538005472,24.56280796566794,24.50061578265826,23.763510503999182,22.156970078265285,25.49978813916883,25.1248313684147,23.908437697079606,24.403961230312103,22.97072666080652,23.870199537144316,24.12797642052415,1,1.0596858890677,0.230132040830498,0.573231801003012,1.23655333802675,False
O60493,7,Sorting nexin-3,SNX3,24.736302321508003,23.080500067736264,22.913994947147245,23.852460043077276,23.563824260111584,23.24386101155725,24.08819697891255,23.882984167228734,23.407434795072536,24.613274198164454,23.200585511302734,24.538546314354832,24.096267742541347,25.072296850010098,23.422248492360016,23.9664749104914,24.892622816475654,24.47694563122277,21.92600125852587,23.97923078249816,1,1.21233390619362,0.541381643325426,0.729692264899217,0.62101888410282,False
O60504,6,Vinexin,SORBS3,22.87487268896606,20.004266684586575,20.359934965631936,20.064563990561222,22.39991919205938,22.60080550278736,22.439476994786197,21.540432664568545,22.22781255259161,22.727135640823146,24.06831060132401,23.193839063429774,21.35254545292743,24.015153477615623,21.24008536214493,21.645327090883633,20.917114906799224,21.337403193130907,21.576932662944362,22.561050269931915,4,1.21162981458369,0.31391202265729,0.614100587609382,1.03220859908145,False
O60506,14,Heterogeneous nuclear ribonucleoprotein Q,SYNCRIP,25.01573806164288,24.014934567343655,24.57213445817327,23.938612834659256,23.276809894508485,24.59715311038168,24.862097945063535,24.40746567119763,24.295222907536914,25.37729961372284,24.955798780674893,25.383778709348732,24.364844337554505,25.735415542133023,25.292869390206054,24.82145843676303,24.25817976019164,24.68909936156379,24.510808283957253,24.732151485866442,0,1.19862768350609,0.064488826343202,0.371466283993823,1.95312286074116,False
O60573,1,Eukaryotic translation initiation factor 4E type 2,EIF4E2,19.653161339957638,19.43383682112363,19.44366986599804,18.73830190732723,19.402594212934677,19.41283107058833,18.961873557837567,19.396649389864383,19.672782071821484,19.67018872283764,18.9857144714868,19.439614702660307,18.940730569117964,18.45046255677871,19.18091390972836,18.716880870956906,19.25661145727458,19.178401496330043,18.73956013231831,18.663221587284053,12,0.748365691557545,0.0412586740192372,0.314522477872934,-2.17671211822605,False
O60613,5,15 kDa selenoprotein,2020-09-15 00:00:00,21.15523399564072,21.31112137371667,22.40009468419846,21.729874389877363,21.58756237917467,22.46395891362972,16.660719128192056,23.342227110755598,22.291456399049853,22.525727536453143,21.950230350033554,22.082050322863275,21.925242833412256,20.020506109253194,22.147973074993274,18.896087225635142,23.024335109222562,21.815915665635345,22.52626864455761,22.763193780032374,1,1.00244658248482,0.808254690708678,0.813589620325639,0.245811469605223,False
O60664,10,Perilipin-3,PLIN3,24.131140857978863,24.957155668818544,24.875068526676422,24.955883031415038,24.300548131887936,24.14173383356324,24.67253859347693,24.616900372477726,24.516168867915276,24.577573063782566,24.092732282318643,24.032012106675083,24.3980487110916,25.858946813994994,23.91862813963786,24.404386884488318,24.784903268396594,24.60872392701014,25.04769336327975,24.14954209610437,0,1.05138402045702,0.845477523862381,0.819386444260236,-0.197357255484929,False
O60684,3,Importin subunit alpha-7,KPNA6,16.958478399007355,21.025049677563544,19.903471314720402,22.53414462768388,22.75929100833097,19.508401075314055,22.51921339739751,20.00185278614641,22.13176998809692,19.83017372846911,19.389496324316696,22.18649838334189,21.813168679521585,22.36254562821044,22.235869856228824,21.10603587179072,21.803215937653977,21.709228477261693,20.939547715442643,21.618574921352543,6,1.13138278029572,0.216647700161946,0.55792310220854,1.27448135999949,False
O60701,14,UDP-glucose 6-dehydrogenase,UGDH,24.126372931533048,24.301158224056387,22.02322719479991,23.865178813397847,24.643653062085875,24.892650736540535,23.976172656208586,23.753969689410262,24.63271129467164,24.482352743976822,24.615365010602815,24.429163551643935,24.0244167890458,26.837671480273638,25.198322474367643,24.479174268173153,24.575316760736655,23.961881154866823,24.997745532987622,24.312554694234777,0,1.41825073286877,0.0626937506089157,0.364927681492155,1.96756902074174,False
O60716,3,Catenin delta-1,CTNND1,19.492545311637066,21.38775335837408,18.99791547496541,21.03174912944095,19.975377099071363,19.924398447463464,21.037074762548592,21.807854700494133,18.66084545403803,20.103240150869624,20.192086342810423,20.463607372475217,19.594181910568416,20.279190544619663,20.428659413104963,20.52150492362581,19.79927455353676,20.544126168623787,18.66729968089001,20.777447114977317,9,0.797236700328877,0.774402557265807,0.80799837307198,-0.290405044039896,False
O60749,12,Sorting nexin-2,SNX2,23.919255896443236,22.39811526789513,23.82366740893919,24.213208258110352,23.56981113618181,22.744857340936914,24.220556315456065,22.84076896843283,23.55986693952337,23.71174662590758,23.142679416790003,23.073037219449755,23.16162334754386,24.02059635387045,23.51551149135833,23.542091259373716,23.028729857415815,24.02495279331542,24.284272973522725,22.879662722697677,0,0.99229455958412,0.906041859258059,0.826708499711055,-0.119490106672024,False
O60763,15,General vesicular transport factor p115,USO1,23.438654215598103,23.286838013820876,23.511272069861434,23.150579557473485,21.003441687730593,21.82544423896665,22.719430427441623,21.540287686106097,22.298257788660937,22.731420451171786,22.624896035739763,22.090053500907025,19.95365091625855,22.885824315495963,23.051494950705653,22.011504844661065,23.019537483584436,23.442932218405577,22.345493559826956,23.06239656476625,1,1.17334920757051,0.800873471148407,0.812593916944395,-0.255488148524662,False
O60784,10,Target of Myb protein 1,TOM1,23.074665080377905,24.729525809281995,22.784680813221268,23.52695400401782,22.895230788747504,24.21800488447392,24.6816932754589,22.566202088199084,22.627648275334863,23.031547551988698,23.515192364246236,24.072851081749107,24.162714018207854,24.63171520551839,23.12715676483496,24.207158811837196,24.6411066630544,23.759824813068235,22.275526131623224,24.511973435164442,0,1.31080981786066,0.199567280667158,0.544755748559004,1.32524090825536,False
Q99880,7,Histone H2B type 1-L;Histone H2B type 1-M;Histone H2B type 1-N;Histone H2B type 1-H;Histone H2B type 2-F;Histone H2B type 1-C/E/F/G/I;Histone H2B type 1-D;Histone H2B type F-S;Histone H2B type 1-K;Histone H2B type 2-E;Histone H2B type 1-B;Histone H2B type 1-O;Histone H2B type 1-J;Histone H2B type 3-B;Histone H2B type 1-A,HIST1H2BL;HIST1H2BM;HIST1H2BN;HIST1H2BH;HIST2H2BF;HIST1H2BC;HIST1H2BD;H2BFS;HIST1H2BK;HIST2H2BE;HIST1H2BB;HIST1H2BO;HIST1H2BJ;HIST3H2BB;HIST1H2BA,22.804744908840828,27.435155429725366,23.128338193152498,25.202063576116473,22.328956259434026,25.43025206402364,24.146218367407293,25.261271102540835,24.64967460711103,26.388767686524403,26.123165901145516,25.76879776940588,26.782709456005964,24.56901033817566,25.640067806255136,23.933637009976877,25.638445825269073,24.451137862523336,24.666689963756127,25.21691514912466,0,1.05021442157446,0.249601271143393,0.583149616570681,1.18467476730942,False
O60884,8,DnaJ homolog subfamily A member 2,DNAJA2,22.361084288310828,21.98285183330058,21.688584898651786,22.02590402493593,21.662380302269725,21.511815945207932,20.93324727806976,19.589154919928614,22.277774688496276,22.4801286308912,17.701546583884713,21.678150555454724,20.212455340704174,20.339746147482522,21.638111768281153,22.18450418003929,22.273925425079753,21.88998592342144,18.44804305999622,19.702235692145592,6,0.635549623105066,0.0732928545090219,0.399711771208085,-1.88703946390693,False
O60888,3,Protein CutA,CUTA,24.330185923055357,24.349686719870082,24.79840996683292,25.177428512511533,22.972649311913035,24.839464708741538,24.87956766438576,25.672689739476763,24.910477402856706,24.53301414623054,24.338129902856927,24.243457152364,23.779356402600673,24.352834149060794,24.760938862016957,23.219246153226514,24.384063864008027,24.281654159565203,22.222157026049242,24.16074203854193,0,0.580842833347469,0.033822194686625,0.279147114906974,-2.27319312603661,False
O60925,5,Prefoldin subunit 1,PFDN1,20.157935762845927,22.01009637755522,20.36598765638855,22.40899364372398,21.720454107412625,21.665459913050995,21.695080013735463,21.776655878987366,21.56927027591083,20.751356922942815,21.825576260704512,22.319954655768054,22.762166682209063,21.44538231445493,21.99815113134905,21.58410885321068,22.0555359811543,22.10518392339427,22.03157586828175,21.780470961743422,4,1.37343264592461,0.0695770805538049,0.387121936640409,1.91402695473099,False
O60936,7,Nucleolar protein 3,NOL3,23.984978097430897,24.375501752223666,23.52714621070467,24.282175565210878,23.41890859454091,24.905037979330768,24.43788563740842,24.12078065585714,24.18474691522688,21.879699063606914,23.49215205680284,24.058227329448822,24.045477370825218,23.63515026699317,22.83682357741394,23.815550900595728,23.010549299510814,24.496223421459536,22.975458964977253,23.830607983621498,0,0.778257309860072,0.378451915996793,0.651919973400683,-0.900084347855428,False
O75083,19,WD repeat-containing protein 1,WDR1,25.92209230461189,25.812832141414276,26.113093998418954,25.58201296991963,25.537669889855174,25.690767161176176,25.76717302459655,25.285863877186525,25.65384974614749,26.30830738645071,25.728995329724373,25.370935812359964,25.013319351785885,26.141750061946965,25.911672611172953,25.392235430516156,25.412219182752587,25.413549399585758,26.136416213856826,26.0739930489413,0,0.945230076303678,0.547495739909269,0.730613623538725,-0.611571022595426,False
O75116,10,Rho-associated protein kinase 2,ROCK2,15.641939692524337,22.694701325344788,23.18526911361872,23.097033100456752,20.542586810995118,22.083401632697267,21.782585476931207,20.88673736335415,22.14514244443066,22.948241841219648,22.762930637697846,22.51122174359709,21.400508926332652,22.295798649289416,21.153776683580023,20.402884167995442,22.049728683294518,20.37949417943982,22.671055245232516,19.936495648841454,9,0.719414970121735,0.93963977700657,0.83402584273531,0.0766499360859036,False
O75131,9,Copine-3,CPNE3,23.34085750353583,22.625147672630174,22.775000439175212,23.04659396573433,22.463537902679583,23.110973836937386,23.88680384763713,23.637613758239894,24.164433527849543,23.5786932411014,22.902101363206175,22.202979855530735,23.54545372793042,24.186584738221498,24.870957031575234,22.40003054308371,23.532382058362288,22.23255166119332,22.55656638291368,22.859165342900827,0,0.900073214343683,0.653739186152649,0.761003945946475,-0.455165609044993,False
O75150,2,E3 ubiquitin-protein ligase BRE1B,RNF40,23.08087727976481,24.42087608719663,24.59837503967873,19.301404488348425,21.37710902549365,24.9458926163626,24.730708286312456,19.839447937941156,25.778759057720748,23.342365948246496,24.86122658921229,24.368600790642116,23.210978820506643,25.197397602799914,24.044789229726177,25.80211088788157,19.3342056557963,25.73610705911354,19.667736214683806,25.284301289310665,5,1.48990564695094,0.524514519365783,0.722158764334251,0.647385334715845,False
O75223,5,Gamma-glutamylcyclotransferase,GGCT,22.050927220300462,22.30943199011708,20.823639773551115,21.19788739185638,22.315676169731987,21.68923921930041,22.48780690589186,20.49277502547173,22.78130642333117,22.701800217056718,22.742243318936975,22.081239509938115,22.67432581956231,23.2635880321924,22.247788075021692,21.978523751435862,21.874915082556182,22.810499943852193,23.03031143820239,21.859569294109946,3,1.34832371070983,0.0946061802527675,0.42417512839099,1.75202935749361,False
O75323,4,Protein NipSnap homolog 2,GBAS,22.244295051602986,22.650964754143537,23.69537763054632,22.384675742969296,21.49220438192182,22.898171255528457,22.546358726737026,22.396149895875656,22.696097236895405,22.10218745284338,20.8363104603608,23.08379059260963,21.02975407830828,22.035561791433242,22.025300834605154,22.724015137008497,21.627543786452414,21.408380621852633,20.52217222358292,22.557158981724683,1,0.65872047446126,0.0512329925439713,0.343437740628752,-2.06958760814797,False
O75340,5,Programmed cell death protein 6,PDCD6,21.357009844699885,22.911235392896398,21.512653946927394,20.481352632617885,21.93697077532366,21.997438744607194,20.7330412100047,21.949803014194554,22.71687872290497,22.051881220240016,20.693704018829724,20.189508151320588,20.824831896856185,21.63382001417296,22.655527870713417,20.668467177208516,21.731419783486853,20.510069948081945,20.62426089827815,21.213353825351202,2,0.596184517331259,0.0700070246989499,0.387121936640409,-1.91084027228009,False
O75347,5,Tubulin-specific chaperone A,TBCA,23.46800591583365,23.045099309159877,23.933341873286704,22.44074275870476,22.99175518150891,23.277829120816268,22.882396347154437,23.026423542005794,22.432365061481544,22.007607569703193,22.822137102332988,23.959651732552096,23.599927101934654,22.979431896345343,21.267820475601596,23.297969106095294,23.56639632366647,23.389399394251402,23.21132602758573,23.416200854500435,0,1.20427938386924,0.508993643982988,0.718013241235623,0.672062444466745,False
O75348,3,V-type proton ATPase subunit G 1,ATP6V1G1,21.280157395369205,21.21433649867641,21.05113993255529,21.320515111545006,21.569982702384074,22.62946971270286,19.625031581300753,22.067800678597532,21.573929599598284,22.07877241836417,21.39118301337803,22.081355816400343,22.397888801397208,22.777857395133026,21.50284640791143,21.29265306185612,21.888968202766282,20.390315951975893,21.76148471036872,23.27883715721941,3,1.4157746586036,0.263606763018919,0.587927183588789,1.14920735877281,False
O75351,4,Vacuolar protein sorting-associated protein 4B,VPS4B,22.500076665338916,21.57435829142565,20.855850924741535,22.15188133983423,20.878341558595373,20.587112189007247,22.418811808158146,21.220777165098585,22.444014599937088,22.62940424927566,22.814721863475434,21.803455847778633,21.72929425180412,22.933716635821042,22.84713191517573,22.708360936506168,22.885725180694116,22.461266256022228,20.548724130655966,22.184632778635404,2,1.40806228985617,0.136767036617513,0.486433579823015,1.54818387428843,False
O75352,2,Mannose-P-dolichol utilization defect 1 protein,MPDU1,20.669100590930746,19.822064790935634,19.679452920905227,21.616859229465135,19.804006469170655,21.62322284754884,20.930921226811645,19.268456135569764,19.965659897545937,20.369586025242366,21.13303028874241,21.010109042207652,20.97250772459159,19.50364066818196,20.764757248546132,19.71835376662094,21.816471147789926,19.6350047869911,20.855600039355565,20.792253100201055,7,1.14425348590029,0.516199010844779,0.721090302628091,0.660555074445674,False
O75367,3,Core histone macro-H2A.1,H2AFY,24.24195207713663,22.39638486471651,21.415667576385857,22.548601981696773,21.59321877262444,23.423810804414902,20.203699887050547,22.20962708964735,21.694188319437,23.74792406851355,24.587170270044133,21.537836509692763,21.522512636088717,23.15007623202293,21.87651209703042,22.95224427879006,23.142034123277583,22.508339495073923,23.634361248502103,21.353703702732155,0,1.14067163855565,0.585667976239375,0.743447109981051,0.553792256387978,False
O75368,6,SH3 domain-binding glutamic acid-rich-like protein,SH3BGRL,25.93935522756242,25.484105167142292,25.62900241692992,25.332506830754742,25.05548241888145,24.681391742576967,26.086154090317184,25.70539665685275,25.569613418941547,25.962085563274467,25.053741227106492,24.775140922984242,25.33939395142808,26.326569092000977,25.69969705933841,25.488869079443052,25.372283965916292,24.959939397115342,25.33280126937924,25.476459130312158,0,0.884609941214757,0.442844246390066,0.683685726064029,-0.782425658046531,False
O75369,98,Filamin-B,FLNB,28.32184232861619,28.131679127119565,28.089530425481996,26.767135315004882,27.652140190209302,28.407443142192246,27.89417701664219,27.485097879645632,27.890008991352666,28.333895839657913,27.563038016475307,28.184782064329706,26.57908255099154,28.14595428579367,28.57589542410389,27.235804734437025,27.878691883250674,27.258551963454604,28.15097950674498,27.476428770748075,0,0.903189957698177,0.428749188342936,0.67803988047098,-0.807202763916216,False
O75390,12,"Citrate synthase, mitochondrial",CS,23.596504419850223,25.986342056081668,25.557227869679775,25.935472407897496,23.300904476818914,23.886700484168642,24.720072616702147,24.93126984280321,25.53572778679742,24.586871629310803,22.70676552920147,23.383013960925116,24.060221255493932,24.48171521209363,24.04001356331685,23.3135940380742,23.683669696930426,24.911846652326346,23.259256513274405,24.219171490971462,0,0.499022932423665,0.0128031471475116,0.199618756214225,-2.72510430497808,False
O75396,7,Vesicle-trafficking protein SEC22b,SEC22B,24.32842748426513,24.02500737768194,24.348662316237736,24.10103762340066,24.702429347629646,24.448287454156333,24.38913762274454,24.645955204963293,24.35754145389408,24.680979903264767,24.178552002619508,24.15609941264175,24.555279013539064,24.92121845877356,24.749970410972193,24.04473786893763,24.799769303499815,24.722500781515183,24.24758473904291,23.730189115742633,0,1.02355824798053,0.964998479185526,0.839800241506769,0.0444172775290034,False
O75410,5,Transforming acidic coiled-coil-containing protein 1,TACC1,19.68077273982611,19.26378598834616,18.961589201602518,19.159787394018572,19.112757062077733,19.775865765299173,19.84321744820651,19.97746177221581,19.30731776471033,19.83854267898399,20.210222877646626,19.8231513488751,20.073664370570928,19.982091306148778,20.09678284364874,19.87622372300167,19.805576181039733,19.64346994948297,19.641848749666988,18.655081100154025,10,1.18883779524156,0.168093011186025,0.521118528909864,1.42852035946354,False
O75431,1,Metaxin-2,MTX2,21.294987471426882,20.44131192928042,20.987255773180213,20.876601131515493,20.22678903408458,21.041143508001213,21.042267126258455,20.21514626635985,20.667183656953934,20.885693613671513,19.9171321522133,21.15949882438259,20.60419054513201,20.821901776896343,20.640700157613693,20.292211588254354,20.734237238460853,20.846768119977842,20.47587804270313,20.76983963508434,10,0.902972714073418,0.548064301528652,0.730613623538725,-0.610695310696545,False
O75436,9,Vacuolar protein sorting-associated protein 26A,VPS26A,25.010008431718013,24.23321644573399,24.32783200583494,24.033465793315674,24.224587081804113,24.051832315558066,23.882637784311317,24.144028012550006,25.377660685222136,24.28854333627025,23.92200395778865,24.856384788981675,24.313528908438187,24.332073743105234,24.417481692490952,24.142597652916304,24.514009141915892,24.334473994923464,24.68268440651809,24.252115519025917,0,0.975667097228636,0.924382938930894,0.827954854844858,0.0960804719286113,False
O75477,4,Erlin-1,ERLIN1,20.58818193236991,19.911780248641183,19.471668149288053,20.587559860878283,19.997209444711604,19.49154576326598,19.86797388748121,20.313310544699537,20.25427695353639,20.76354715197652,20.52789353903826,20.747328309398892,20.778087243995,20.997156896976037,20.736993987840943,20.647783354558136,20.70921025231587,20.864310800597906,20.72691513086275,20.704985773843816,10,1.47583243573816,0.0113570615499248,0.192250429940061,2.77908563155793,False
O75489,6,"NADH dehydrogenase [ubiquinone] iron-sulfur protein 3, mitochondrial",NDUFS3,21.88442472644065,23.66399062245648,22.297400438601386,23.43961450004056,22.428475276545758,23.3393334503081,22.84068490118068,22.51146111957065,22.707591242768324,22.084436825676033,21.32187897154116,23.12576886686107,22.852742172359054,21.54944929831841,22.685109511885067,22.262877618374112,22.428868973513406,22.624748884083775,21.970130459866436,22.478720909708077,2,0.752790928309508,0.204167945757978,0.544755748559004,-1.31124537187853,False
O75531,2,"Barrier-to-autointegration factor;Barrier-to-autointegration factor, N-terminally processed",BANF1,21.292489733267974,24.316886559435424,23.020627105023504,25.002232415000208,25.47788580939921,21.36207394639171,21.334711168110754,25.357797120176038,22.445397931721025,23.970182537875463,20.695270782463158,16.602337717743865,24.554857541447248,22.63653632196258,24.729144708201588,22.672215740892725,23.905064055429275,20.999223054460323,23.966594527247675,22.315008611639776,5,0.590528600179193,0.239155841559864,0.580032472190133,-1.21211089144118,False
O75533,5,Splicing factor 3B subunit 1,SF3B1,20.314790573504585,20.84230184297515,21.972067259509156,21.378772410888647,22.045452065552666,20.20845345564622,19.568628722459245,21.93942917428184,22.113893426478096,21.773382538693536,22.397606001429654,21.330001529400654,22.923786196661787,20.209834389992903,18.67933226593183,20.471345455438556,21.42557622297216,20.007640381281366,22.564612065651744,22.020983092944228,7,1.17796284426795,0.980576821984129,0.843797505224354,-0.0246423259877268,False
O75569,2,Interferon-inducible double-stranded RNA-dependent protein kinase activator A,PRKRA,20.188334439106026,22.662900621286965,21.602126468206134,20.832478236756195,22.70407300818472,20.53179199824781,22.81684432941056,20.928513272344357,20.541959497597333,20.84456205503823,19.662363827399147,21.442834489306588,21.609137521358175,20.446076803566694,21.19558334310106,20.596020540213672,21.609903652323947,21.681065327530597,21.488819134837755,21.30642895072741,8,0.713700719158802,0.506569472509841,0.715810942831439,-0.675954523945056,False
O75608,6,Acyl-protein thioesterase 1,LYPLA1,24.621810787109467,23.912366505890155,24.178855476876706,23.478624032940832,22.951834035948465,22.69897075528294,23.644571011535252,23.875177085520903,22.465786608829838,23.80792520355165,21.412882623590065,23.561764054838918,20.810245978606645,22.955636309561925,23.75246725326806,23.55422627400076,22.63982903273154,21.696199546875267,24.33769747173109,22.916104068571915,0,0.765266770847797,0.0604326754897267,0.363237063220638,-1.98629726638095,False
O75643,6,U5 small nuclear ribonucleoprotein 200 kDa helicase,SNRNP200,18.888180167989844,20.592118837638544,21.00296783527554,19.990178631315356,21.626152808959322,20.906264158084035,20.31189333346135,19.932685884696888,20.832747338257512,20.78066417324646,20.977844450609155,20.57615221150803,20.349472927569288,20.99817439433036,20.62834377759559,21.406427004090173,19.699972591471134,19.924715977209843,20.82088998224956,21.013325600024096,6,1.06274101400697,0.639538471603694,0.7585186811081,0.475333193366468,False
O75781,18,Paralemmin-1,PALM,24.65778681868195,24.99324972879306,24.19530429898678,25.20136911588947,24.469905382961688,25.138041151166618,24.80200751328514,25.043702861205947,24.56750113782656,24.573804252286784,25.07865505697758,25.02521987347739,24.725223444313816,24.98750483563729,24.880311618520064,24.49403612437353,24.877532596052045,24.678703945377748,25.045068600724385,24.99413199194032,0,1.07084269387566,0.477274867032061,0.699438532860795,0.723855481751758,False
O75821,3,Eukaryotic translation initiation factor 3 subunit G,EIF3G,21.60538210248538,18.64655955617949,21.754806241955063,22.273418187185577,20.02140613637654,21.18139037729936,22.077725738244986,20.643653443786096,21.410158001957026,22.225561173069686,22.31544941495075,22.283589289989703,22.37868321090817,22.138944633442136,22.432971024904386,22.35718427835103,20.41065280083563,21.73935360466302,21.608720715915045,22.196809664255277,6,1.48583850701554,0.0582405005861114,0.359803391382992,2.00505978277882,False
O75828,12,Carbonyl reductase [NADPH] 3,CBR3,24.88979803695828,23.957111424019075,24.553221812291465,24.01563793816781,23.75137231536137,24.542129541584153,23.64905710109023,23.575976006017626,24.65551365397994,24.53223796938484,23.87269742478177,22.50754979674611,23.02178989806097,24.963807279447856,24.090163186886215,24.20014451868419,23.598336862916835,23.339466407328278,23.40556590817722,24.124721143557583,0,0.740725513024019,0.0902238013581364,0.421730243491225,-1.77746179317762,False
O75832,4,26S proteasome non-ATPase regulatory subunit 10,PSMD10,22.620944650601285,23.77573469996415,23.741647616507635,20.84656611757831,20.267692612150103,22.311139958938934,20.81420696764464,22.195747427175416,21.81279261864551,22.359606178417472,21.483308805890864,21.769606929018437,22.530133778632838,19.8826475531842,22.417702588370343,21.761110978813054,20.735121957641223,23.161676202703173,22.731800065778643,21.452782996140105,1,0.893544768606589,0.564781317606829,0.732675882289056,-0.585157848179857,False
O75874,25,Isocitrate dehydrogenase [NADP] cytoplasmic,IDH1,28.230765391292334,28.00408745912255,28.771128929519517,28.4379907214258,28.12513000021884,27.95502676577624,28.233295248256002,27.753693545237212,28.23938752492352,27.755897737104895,27.136152835092144,27.876602951979606,27.834230966704414,27.834520879362227,28.003348435448043,28.121322036078666,27.989040988863078,28.22928486199155,27.996854366773025,27.98015549516131,0,0.839081331179485,0.0699726300109929,0.387121936640409,-1.91109456515512,False
O75882,6,Attractin,ATRN,20.920117769399546,20.73191144763865,20.207949772011887,19.664996296334387,22.537081241195477,20.731549479442894,22.08164591148226,21.90029366521368,22.13064199000307,21.213409181653212,22.162150728831893,20.60718074019001,20.69211265365458,22.986074647010334,21.775058465975885,21.349780512737546,21.17954245095198,20.01282441361843,20.151405545596244,21.533540611543312,3,0.884614757650524,0.93342786418762,0.830734542298933,0.0845570997617958,False
O75891,43,Cytosolic 10-formyltetrahydrofolate dehydrogenase,ALDH1L1,27.43650805176016,27.334756847650485,28.080834686086035,27.15824110758017,26.522204330092464,27.65197991324674,28.11450360259936,25.680677513112144,26.740561836553155,26.402756106935428,26.345527743139822,27.738141746422418,27.13882895318259,26.452129776145853,27.22608680005777,27.673822076661498,26.829827589804577,28.078716463523172,26.89493137562169,27.365483564060003,0,0.961075394017073,0.828623675917598,0.818226127002315,0.219229332009457,False
O75915,5,PRA1 family protein 3,ARL6IP5,25.670944529634703,24.106502990222403,25.254478827062147,25.24333342124953,25.647402605551637,25.390062276676822,25.399148802086838,24.72992437592749,25.76631178607229,24.82932970262715,25.34955638203951,25.336544135361578,25.76529719425393,24.958743542004786,24.915506695631567,25.12819084931365,25.744098365900335,25.46735558844717,24.88081980481197,24.91306877114803,0,1.00448878653415,0.84381636078242,0.819283344390874,0.199508468810454,False
O75935,7,Dynactin subunit 3,DCTN3,20.465959359008593,20.468662749672017,19.862952939650658,20.545443650175567,20.415542594209864,20.48186272281324,21.22793049712187,20.40998813106431,20.382802492099533,20.423829734719256,21.44280649492506,21.716715806200405,20.78029049834366,22.021731330452447,20.50100779010476,21.647575548143323,20.49299704719101,21.598531946211402,21.13873966255702,20.416855430822064,5,1.6992294447693,0.0140773594644087,0.204853677638634,2.68213927468033,False
O75937,2,DnaJ homolog subfamily C member 8,DNAJC8,21.46232487716645,22.734116422735475,21.453622475600284,23.41488194813196,19.935469615670215,23.30968947222714,21.332384791454302,20.82009150093819,21.241527573213393,23.120143006420825,20.909189620770857,23.557788792053575,23.658429888333842,23.46254521353864,23.539311303360623,22.925019683078613,22.278297753322732,22.889007576582518,23.328765286325325,22.882753513798885,6,1.71850151067017,0.0315657884872626,0.27325797600272,2.30633421376812,False
O75947,8,"ATP synthase subunit d, mitochondrial",ATP5H,24.378788706029034,25.70004559567614,25.093075334739964,24.83229800875049,24.876404262316083,24.106498454033648,24.68506370343069,24.883209962604003,29.328639824587164,24.700092459431406,23.50526111844878,25.051873786401696,24.3400857367996,24.751786012774065,24.37697962115824,22.8058425556275,24.931843972563343,24.381322670534146,23.92164954903162,23.16243503125057,0,0.214625013863371,0.0314762985196899,0.27325797600272,-2.30769303335929,False
O75955,4,Flotillin-1,FLOT1,21.6099932753733,22.111041521016755,17.794533718549147,21.25986830584825,21.241800967803357,21.510994087190443,19.653017317828315,21.611415458054836,21.481519927163323,22.311151648376267,22.89699476960583,21.92855297259908,20.141826481684685,22.548797110178242,21.696101055637833,19.169848522504974,21.678925854839857,21.361104414927354,22.944938926285307,21.506594021125785,7,1.39889627693021,0.34688327096912,0.630980493438796,0.962603708383896,False
O76003,8,Glutaredoxin-3,GLRX3,23.36542894239929,23.30971324448866,22.726043137097054,23.433938687639706,23.393683155108082,23.91990291748177,24.00491632069066,22.83259154753277,23.715309633903534,23.40351376701009,23.62096624273007,23.611938863286444,23.084027438535095,24.192976925934794,23.221527641916687,23.310929661963197,23.586499047840107,24.067878285368202,21.74340840237184,23.375294694973693,0,0.995094366761488,0.914476083711083,0.826745231285015,-0.108717376048753,False
O76024,4,Wolframin,WFS1,20.81477779652001,20.449716756725923,20.3886100327055,20.979092335058965,20.816723835230956,20.37812582038894,19.771786514463717,19.158332456064354,21.93280766907494,20.840610342784313,20.97248665943037,18.54807649644019,19.7508254436924,19.725218294651135,19.50140836339994,20.971219005065294,19.632471435405563,20.725666434820614,16.806982315091048,21.72893402069659,7,0.735361290163522,0.164318449896605,0.521118528909864,-1.44192300126692,False
O76062,1,Delta(14)-sterol reductase,TM7SF2,21.286188199005903,20.767274753510563,20.940064970091246,20.723624215676924,21.091432372412715,21.150638995880694,20.687218832215304,20.353878344610077,21.408868047100935,20.39449559185512,20.010486864144077,20.143179391933987,20.460804863691077,19.960510471382438,20.103302819968572,20.287311745005542,20.232541903005405,20.694365792253848,19.824366076673513,20.453183593217073,10,0.620499946617111,0.00608108287783803,0.174374622303767,-3.05589326465058,False
O76070,12,Gamma-synuclein,SNCG,25.653186635421033,26.161329991048696,26.377642628940883,26.857695525973526,26.34123259081299,26.338863322676588,26.835668813168205,26.046701904104587,25.669330945675657,26.37096094818274,26.593510140429007,26.355368441265025,27.272370474510733,26.22825955306711,26.09284615877062,26.528187762581886,26.56476912402201,26.733332418963386,26.47883059985966,26.36679630100485,0,1.18146748785842,0.16859196389241,0.521118528909864,1.42676690897414,False
O94760,5,"N(G),N(G)-dimethylarginine dimethylaminohydrolase 1",DDAH1,20.66640042195315,22.01574386315281,21.544407607903015,21.767471823114207,21.550145216447564,20.763843118418325,21.514189940773008,22.409474651371653,20.77008563428352,21.924154226746772,20.41845530619504,21.719068755589053,21.69314242276014,21.353688736868534,20.907135003480175,21.203425390165947,21.175338842022263,20.568930719243482,21.899992957989554,21.40622367644914,9,0.816396324111536,0.385572388450144,0.65469462881483,-0.886467892775197,False
O94788,15,Retinal dehydrogenase 2,ALDH1A2,25.532655369228628,24.772804443872758,23.998434695845642,23.74148055037471,24.06472756304285,24.68453434937286,23.520076788295277,25.351503037001034,25.361249268676975,25.034153347237,24.40337342158377,23.287653714027492,24.648743121726163,24.869278034334805,25.9933944721102,23.276971217720163,25.0022582143424,24.131191344635706,24.612471628348878,24.338136190516675,1,0.865280360083569,0.656576637010994,0.762380788992729,-0.451159112247002,False
O94804,3,Serine/threonine-protein kinase 10,STK10,25.16634994418876,24.94135768216126,26.20430830186447,25.99120195294579,24.828884025939953,26.116364153439243,24.622962690900685,25.325043391503737,25.546753540933505,24.54219016930981,24.427465775908903,24.529197939411837,25.395723670049296,24.368699539706828,21.426995804315517,24.738098798919708,24.466843452990553,24.88412101426333,25.048247744066757,21.98955968016525,8,0.52582701795628,0.0133176893952043,0.200846196860595,-2.70728667244101,False
O94826,14,Mitochondrial import receptor subunit TOM70,TOMM70A,22.636593884438454,23.130739858731744,22.011695368959217,22.834524829242522,21.965274954522684,22.032035711082056,23.18951930769883,22.44453905014195,23.716422005300682,22.46340397410539,20.961072417122875,22.53015265273718,22.104769677447713,22.24457821319523,21.93607606755628,21.063285035208185,21.428255681269615,22.40010835013383,21.523378576949412,22.094530232063928,1,0.562187390133361,0.0106108079054049,0.187261291641828,-2.8095599688844,False
O94875,9,Sorbin and SH3 domain-containing protein 2,SORBS2,23.10174159277337,22.69544889931956,22.80388229262636,22.675662260126227,22.526734417718576,22.351874024969284,21.17072162461366,22.99284965453543,22.871512181792063,22.692844608327242,21.423880516455668,20.808580253863347,21.05146367950207,22.198609435988335,22.76936917131274,22.348828050165174,22.58446266555572,21.412674889206446,22.583943254275365,21.045661566245812,4,0.639015642673356,0.0247627570381773,0.259572233750645,-2.42145084721341,False
O94903,3,Proline synthase co-transcribed bacterial homolog protein,PROSC,22.948532185396367,21.30269015252599,23.3243316837125,20.28976855038732,21.285214603602757,22.263606355714792,22.068940443712965,23.35873941290173,23.54300672275106,19.73136352592363,22.291411447028956,22.18964911686483,22.12759214973356,23.18589975405689,22.58557116005535,21.41459212150569,22.246588021382657,23.293780625167035,21.79596716087731,21.814076413427635,1,0.901534834389096,0.544856926673134,0.730613623538725,0.61564172949494,False
O94905,9,Erlin-2,ERLIN2,23.317421839412532,23.798989522445243,23.170518532685673,22.70137360588583,22.251391271680077,23.247227731252064,23.50033440519879,23.09779100614882,24.197557987903306,23.65995664535926,22.30082977917196,22.61233295797646,23.613513341578784,23.886185793263635,23.48530681155018,22.540383335115038,21.566407525264708,23.097783364337467,23.957866817605336,22.27255463746556,0,0.897688420987749,0.253459278091538,0.584799131712123,-1.17475954225721,False
O94911,4,ATP-binding cassette sub-family A member 8,ABCA8,21.127470358377934,21.879964430469112,21.043234585932467,21.843493420849846,21.00473319548361,20.287089214706324,20.886329521353293,22.194417461540894,22.13955571750641,20.624043321456504,19.05575043559897,21.57415081848096,22.281550702110568,22.0026321617911,21.858463163731326,22.35583605209555,21.936048984263778,20.328124291669038,21.01368178421512,21.90631692401894,4,1.17929308146768,0.754905909190089,0.802778333272415,0.316358442968571,False
O94919,3,Endonuclease domain-containing 1 protein,ENDOD1,20.49665523911335,19.040608907740182,22.05261318265325,21.725060095721012,18.64301603878978,20.717493354493886,19.741892176242672,21.760324700558968,20.647765996407404,21.10554444901875,20.466067072261623,22.256758175183414,20.6700546525077,21.236435210006793,20.61789216482701,21.6704886135622,20.196992639139133,19.516043277952644,21.51687793639677,20.331737595031694,9,1.05417991873276,0.573066979703221,0.735939313452343,0.572645819718262,False
O94973,11,AP-2 complex subunit alpha-2,AP2A2,21.653257191885526,23.42483714731601,20.70718904886262,21.678423444974303,20.623554157886236,22.00519309825037,22.187163604024704,21.043606480843813,22.701417468587398,23.13186430997537,22.21173649587499,23.348400180888202,23.404843912194888,22.281711978825804,22.876772173206536,23.200626108867183,21.69173419663334,22.191409775722725,21.25333256599375,22.80437812301643,2,1.26982170421673,0.119533507090344,0.468473175942793,1.62403985351885,False
O94979,10,Protein transport protein Sec31A,SEC31A,22.072969435332098,22.14947832109662,20.87270164669642,19.597715485135147,21.452684263757114,18.90612564897115,21.67648135967803,19.401222225995067,23.05926756792235,22.4661483405703,21.706469806004804,22.364744396384783,20.95760129238352,22.645399173381925,20.86634725218884,22.367223886155504,22.50038026223275,21.866261066542204,20.634090122848015,21.808910591445887,0,1.14464869983947,0.243854902973674,0.58311339070537,1.19965869820621,False
O95168,2,NADH dehydrogenase [ubiquinone] 1 beta subcomplex subunit 4,NDUFB4,21.804789351548656,21.633886136196924,21.66033800861346,20.69246393940001,20.274312656767815,22.257375826441955,21.10477330310494,20.58178940963375,22.402950408229252,20.421952326348855,21.306986715221804,20.821414960310666,20.604919970182664,20.544573063831525,21.855873309709654,20.508963078501207,20.510915215458272,20.79594492297641,21.49194883156392,21.122944789524635,7,0.739178253768742,0.321567790918373,0.618143294404304,-1.01560811015333,False
O95169,2,"NADH dehydrogenase [ubiquinone] 1 beta subcomplex subunit 8, mitochondrial",NDUFB8,21.015493418299997,20.78862336820725,19.7051620841038,20.969909738272303,20.853486317312573,21.174651463777256,21.105703446496683,20.791617777354478,21.37601709979212,20.406199496455944,21.533473002060337,19.826552613302695,21.233241358720793,20.545824848615467,21.306962902413638,20.021019561395757,20.365364308081816,20.80389100941567,21.277204564354346,20.457060924184773,10,1.02264725556329,0.771685333470645,0.807678264279843,-0.294009500913399,False
O95197,3,Reticulon-3,RTN3,22.699259614553466,25.34946708615419,24.087479162362197,25.441569651560663,23.234747206824185,22.798081659768368,24.403930343284035,24.200467113613474,24.37973918340509,25.427088777786537,23.00775758163888,23.927395567614617,24.62612860112464,24.849684262303516,23.65749061531385,22.88904337204942,24.133354322970174,23.98818443437396,26.422463064533396,22.23862707766576,1,0.974496082362454,0.639323815164789,0.7585186811081,-0.475639566764117,False
O95202,6,"LETM1 and EF-hand domain-containing protein 1, mitochondrial",LETM1,21.843347098087758,22.646814071208116,20.913478172793916,23.84927034243084,21.490528223444993,22.023874376349944,22.56566322311774,22.429484930642488,22.013031753568686,21.083437694308817,20.327174402739693,17.435872412784573,19.463182253770917,22.857018650349694,20.933406920048547,21.299913980150542,19.621839161851497,20.315917922814723,19.990321923903377,20.416607580951172,7,0.356070111334166,0.00200058047495735,0.110627267935027,-3.53532021131494,False
O95210,7,Starch-binding domain-containing protein 1,STBD1,22.368534999889295,22.91548042084399,22.45561426661974,23.189504271521542,21.64065612108263,22.302249924059353,24.44854665518883,19.976236967501794,21.282629106232697,24.116159792174784,20.09280043631279,20.80268564025108,22.008911988658014,20.23758620840734,22.587199327729618,22.120128772125703,21.439346751066594,21.97557848017584,21.54938681397583,19.088710418814607,2,0.356939719549307,0.0275261250494015,0.272440420479985,-2.37153438687793,False
O95292,6,Vesicle-associated membrane protein-associated protein B/C,VAPB,23.68456968906983,22.944391794379158,23.953625798893224,23.407848237796223,23.562561907348517,22.85177646426354,23.538435063963988,23.03549536287274,22.655781432582604,23.38412856789226,23.341137849429483,22.562355845371187,23.01022155180872,22.860361215322968,23.851630811475587,23.251793660774574,24.24561202546991,23.451523547252318,23.544256573002684,23.21990200282025,0,1.05185730959516,0.88674187832172,0.825812662811676,0.144198204327519,False
O95295,3,SNARE-associated protein Snapin,SNAPIN,20.563552180368138,20.344057772023778,20.853778482051947,20.07815137941909,20.262502837517566,20.603106939508816,20.743504327574655,20.892553196942064,19.71429927077859,20.271303280583773,20.392743404751865,18.271965280720043,19.06219021317064,20.736600875644132,21.03814977533365,20.16671180753138,19.415332776742016,19.837980054499887,20.05144038691791,19.90746015992171,8,0.758308025254086,0.0968961930450018,0.427872205634169,-1.73914069282442,False
O95299,3,"NADH dehydrogenase [ubiquinone] 1 alpha subcomplex subunit 10, mitochondrial",NDUFA10,22.094798770949918,21.331423298714746,21.709344404502687,21.283382169645982,21.692132800546734,21.800003608357006,22.33551254643666,21.308664357418895,22.19781745742199,21.265742261983313,21.02706373097987,21.171566342321004,21.039873753208187,21.129484246625204,21.14905936052489,21.250349135942532,20.915526370094835,20.93140140187981,20.94179980227319,20.681311936210992,7,0.610087024417112,0.00602362561081768,0.174374622303767,-3.06004938008342,False
O95336,11,6-phosphogluconolactonase,PGLS,25.98924620303577,25.833633060711275,25.844811950100894,26.100665287607832,25.855993534375823,26.044084286063722,26.827115355074966,25.527169403311643,25.785198542116284,25.642634411054146,25.31410381375233,25.624228978973676,25.543325274833098,27.393376932865888,25.8854565469937,26.799691573729728,25.624472624545017,25.88687145222718,25.641037339268628,25.606566595858972,0,1.06246051448107,0.956790365823955,0.838745919712787,-0.0548433674676465,False
O95340,3,Bifunctional 3-phosphoadenosine 5-phosphosulfate synthase 2;Sulfate adenylyltransferase;Adenylyl-sulfate kinase,PAPSS2,20.60093424151087,21.10516427873046,21.036648513796298,20.994504974346192,21.316181326013698,20.995967123459042,20.100481704006548,21.099373936780534,20.909601045164464,21.789014337572915,21.371035360485127,20.129103729410648,21.886745193334765,22.016985168970756,20.747591993197165,21.44476510779611,21.188276529989086,20.895229993102582,21.71319619827033,21.068988803654374,6,1.20814885458564,0.379666746326223,0.65200788821375,0.897749353495111,False
O95359,10,Transforming acidic coiled-coil-containing protein 2,TACC2,19.106568101805745,19.678211019610522,22.258554294069665,22.681433124340877,22.67135294838323,18.49802600160136,21.328553028081718,18.92561508013206,21.57472206024599,19.23728948321579,21.196012376014345,16.35145663992087,15.355557707210211,18.57328383315434,18.263786490357457,18.508328192608626,20.188199629997406,20.67140055762611,18.826232211312774,18.37785029004538,12,0.296401874850835,0.00877989205431193,0.181482743058785,-2.89399490276455,False
O95372,2,Acyl-protein thioesterase 2,LYPLA2,21.245447568135578,21.495590871396903,22.78048465254324,21.97364970214316,21.550453077426972,21.42527893901424,21.683660825831243,21.49177586223204,21.201515916915934,21.471048721283832,21.78625829344128,21.327731368145965,22.163404853475544,21.89668631368241,21.769180821358074,22.656895243852855,23.028383357433714,21.56340063866674,20.99676461138621,22.470163405132315,4,1.40605781562758,0.248609129104597,0.583149616570681,1.18724316699449,False
O95373,9,Importin-7,IPO7,20.946297863182636,22.300658737350968,22.194378827476054,20.413293470516287,20.889884110202765,19.77018915492843,21.3472094427725,20.364086981010274,22.232557145863133,22.643659007778126,22.111453697913085,23.189225778973235,21.91009769733141,21.297447219769644,20.92599974603513,22.45535626709611,20.255618225948925,22.854574722158418,22.171435493231346,22.084050707963893,4,1.46065999867922,0.169166548158054,0.521118528909864,1.42475284196696,False
O95379,2,Tumor necrosis factor alpha-induced protein 8,TNFAIP8,19.24453914970016,21.727441444561865,19.666058903836053,21.10605207944724,22.281298082004625,22.04535306157409,21.39432723761486,21.40711203859806,22.17422631140893,19.747521503849452,21.853220530222448,21.546096297163285,21.24877724366417,21.402917346137357,20.74444891101464,20.743955041480252,20.94304677018037,21.922468429798943,19.81342076554327,20.629418827703553,9,0.88622130356544,0.989536011694569,0.843797505224354,0.0132747376333624,False
O95394,5,Phosphoacetylglucosamine mutase,PGM3,22.348343096621537,22.973178923856686,22.65952384006338,22.602656497664352,22.481939563260934,22.572248356380292,22.901256610239106,18.525340591660985,23.219971225754144,23.12261523570405,22.75577589148227,22.11358560035434,21.795913570050303,20.84234711524879,22.971955932975767,21.993668768789185,23.331551196623344,22.196000717971174,22.959806651041056,22.722760677414986,0,0.902148738428246,0.954233987024771,0.838236223008712,0.0580917457528851,False
O95445,4,Apolipoprotein M,APOM,21.245397503460907,21.34384073585523,22.01640167248435,20.786004546829737,23.017446467332825,22.516862977318016,20.00713060976288,21.661883768846714,21.88852998160805,20.1755765764251,23.190741587579804,22.73901139443782,22.04955950656217,19.54193757032725,21.95310791782068,22.815396587537798,22.152981477038796,22.92053940848467,20.886637809780716,22.857909705887973,7,1.62098455360248,0.179568487255704,0.530055352527977,1.38920832421417,False
O95479,12,GDH/6PGL endoplasmic bifunctional protein;Glucose 1-dehydrogenase;6-phosphogluconolactonase,H6PD,23.29872929188354,21.78481240533082,21.166670744266714,22.836427225451526,22.295391678505574,23.21337227738196,21.600635896313612,20.69994371400324,24.63653233161584,24.403443435873253,23.32170668901946,22.04106576440904,21.038187472101804,24.377858824900596,23.95208324029346,22.646572419692873,20.97527185170686,21.387373328787554,23.185525993958127,23.364262086829186,0,0.789670953243233,0.948236720118575,0.837319346889102,0.0657150302898839,False
O95571,4,"Persulfide dioxygenase ETHE1, mitochondrial",ETHE1,22.753119774581076,22.82897074177558,23.240473983984273,22.239546800714145,22.197218601630727,21.960731584660508,21.736810831661046,22.212365946777826,21.994800384328276,21.946020174313315,21.801317533145177,20.853064130430543,18.285296766512083,21.214355041310494,20.7352374154507,20.62363139143998,21.363929571736456,20.70372129141197,22.208295500118332,21.398294113087058,8,0.490206890844735,0.000874213677132952,0.073258090536328,-3.88622485958218,False
O95573,5,Long-chain-fatty-acid--CoA ligase 3,ACSL3,21.720592213816577,21.678676698919045,19.861644152235712,21.532177429962232,20.429247228290418,20.71181206359685,20.38899042934766,19.807673300273102,21.78025090906203,21.28081917187327,13.91352983948491,20.708910740332787,20.63788041154658,20.9263728984889,19.909913678931723,19.24096793871774,18.33316159842764,19.995227590390623,19.687567736168187,20.09247455415176,7,0.447177844122909,0.0282699611228,0.272440420479985,-2.35889225395524,False
O95747,8,Serine/threonine-protein kinase OSR1,OXSR1,22.494364558807963,16.587644039777107,22.08415674419894,21.300006669212507,21.174607292676683,21.22859871167228,21.652633302096678,19.59277762193511,20.057054874910826,20.842400376557098,23.022154247652136,17.626114907293424,20.510375413792563,21.492631354822553,20.83247620257913,19.99158828384421,21.335111229414427,21.413933069718848,20.27364342774243,20.7367905329211,1,0.989232695032236,0.973920477254459,0.84324817206139,0.0330900979873019,False
O95782,13,AP-2 complex subunit alpha-1,AP2A1,23.554281682354535,21.42271458635402,22.943825379016843,22.434012570663334,22.554110768771793,22.523045617489757,22.87952680836088,22.17626485065317,23.286760539370036,24.088623491010125,23.134600261869018,22.878713529562887,23.4554801972424,24.006941748408607,24.428317424008462,23.987184480700087,22.496979686665476,23.095894658431384,22.633233316877906,23.64548469869301,0,1.32270286071708,0.0774772012421792,0.408028770028777,1.85805066364076,False
O95793,2,Double-stranded RNA-binding protein Staufen homolog 1,STAU1,23.517489824548623,22.67502739332575,22.392777335601515,22.711337431781864,22.651255847884624,21.16816892816737,23.56687639120396,21.19314667223518,23.508655925742666,20.494863078815676,22.480084885735916,18.078559601348545,22.84353273008784,20.361231501809357,23.169835702030742,23.312600936967325,19.956174706707817,24.066691111313652,19.118660460108025,24.495294042893114,9,1.01880628283345,0.422216141371146,0.673310065329544,-0.818859113488884,False
O95810,20,Serum deprivation-response protein,SDPR,28.415324853969928,28.17230984196115,28.037325703342884,28.2611746488229,27.883117408676238,27.9613693305425,28.110829311828326,27.854393302051808,28.320083659221304,27.132649542434077,27.33864120332357,28.100351607106514,27.383628200842107,27.51720510091563,27.694345641609786,27.589694455386873,27.829837420399,28.184692407320153,27.673612694103067,28.146262087283592,0,0.826897582570902,0.0878376823278814,0.419883675208394,-1.79176105787102,False
O95817,14,BAG family molecular chaperone regulator 3,BAG3,22.360821246525155,24.77084115348881,21.718705729297202,23.764789571650883,23.417911108449527,22.929940133723107,23.430381198793388,23.52853853646377,23.399705327123783,22.99038710183338,22.699436963020045,23.66785194370712,21.283408812286265,24.85097908652648,23.546294937035686,22.993752084156394,23.895548366778474,23.404653395525035,23.425304670218257,22.082829737371554,0,1.01496002647769,0.911241023131566,0.826708499711055,-0.112847768149604,False
O95825,3,Quinone oxidoreductase-like protein 1,CRYZL1,20.692165184576588,20.6073620422126,20.71137371329027,21.856371943155878,21.38401131341339,19.061822260528654,22.439051868223526,22.14313449593872,21.741246563666188,22.046628487899063,22.239574236328703,21.701106225411777,20.83632473001942,22.533112442409937,22.16076916959636,21.57782681413461,20.76869177581576,20.91408087239618,22.412107568504876,21.61758029330733,7,1.209745572615,0.308604922874014,0.613979024606205,1.04388480371663,False
O95831,13,"Apoptosis-inducing factor 1, mitochondrial",AIFM1,23.142150957610813,24.130291677643417,23.199856813778343,24.336007702110493,22.800511613948462,25.01830495972141,22.716326149945264,22.39151096791383,23.951875328968953,23.067769006797068,22.269315403773746,23.363537748316098,21.924370432035477,23.052092864590044,23.06129025538975,21.90585920829817,23.920430700947165,24.304326787292013,23.300680178356284,20.702342180956474,0,0.634543588534923,0.122619011600179,0.470870497200125,-1.60981405352122,False
O95865,13,"N(G),N(G)-dimethylarginine dimethylaminohydrolase 2",DDAH2,27.487118487211262,27.002366806288887,27.352020661835294,27.24262928464922,27.399992022832233,27.66093345027898,27.36435945006085,27.012594090448253,27.177494361146678,26.8976001760172,26.93896078627575,27.1789628468607,26.698381852970567,27.497609516335867,27.263724226433684,27.26384272561043,27.374208847909806,27.062927030470203,27.233204383297448,27.014601976453594,0,0.929709347851555,0.416875106263548,0.670306432105353,-0.828473251078882,False
O95881,2,Thioredoxin domain-containing protein 12,TXNDC12,21.26122994290558,21.43098414854479,21.578085469551777,21.328476798379175,21.212513069516206,21.81242183381159,21.90335979948707,21.458483593587022,21.996624283117338,22.27597739257535,21.933913330648036,20.290345347161647,21.282055892177457,22.559389884419172,21.583551300459117,20.87287432803967,19.82626528421036,20.708496132966022,21.907410209529676,21.69863232643884,4,0.855455052791796,0.250283258600967,0.583149616570681,-1.18291371749423,False
O96000,3,NADH dehydrogenase [ubiquinone] 1 beta subcomplex subunit 10,NDUFB10,21.82551143741341,18.148694819697912,19.45351100926457,23.143595881207755,19.885060083805993,20.863953098015017,21.39162822846076,20.88594056254773,21.126776492383975,20.681016231369746,20.885831875326595,21.015349113042014,19.935588723638894,22.72820757775831,22.55699660119231,20.331231638278183,21.263213254304965,21.240240734155954,20.777136258171588,21.017210624659803,7,1.03981371555475,0.39381850470528,0.659915516841869,0.870903414296599,False
P00167,6,Cytochrome b5,CYB5A,24.18626852312723,26.482546529806395,25.788430180667902,24.186257412002547,24.959056373413386,24.834150688783932,25.127931273656642,25.179518912388662,25.35057142875599,25.118620225349442,23.10515258925541,25.597767913260576,24.769312865693482,25.429773288308176,25.18887533696494,23.613902491652162,25.800653186409527,24.802611751131472,25.496029245791505,24.369451808580685,0,0.82900366621776,0.395090392471748,0.660046657917471,-0.868521703386244,False
P00325,25,Alcohol dehydrogenase 1B;Alcohol dehydrogenase 1A,ADH1B;ADH1A,31.976010842184575,30.301250876620003,31.091122941563828,31.048100507698674,30.958850304606297,31.362942961448205,31.272466495488622,31.273509786491235,30.803521148244542,30.300592751964665,30.397915896044786,30.837986531550673,30.14635065982497,30.540786955347883,30.82501699896722,30.274640545337753,30.216360084036246,31.118148300022213,30.48902932585428,31.012181115521127,0,0.714873479787386,0.0279320306646669,0.272440420479985,-2.36459704912875,False
P00326,15,Alcohol dehydrogenase 1C,ADH1C,22.35141777969206,21.242018178183535,21.390567928623526,21.89647320310991,20.867884614435212,21.01690292064641,20.919731666552632,21.93574656519017,23.299367644728342,20.601777593745513,19.752547568246833,22.297977350038686,21.08780738856877,22.056019469852764,21.789551859877577,20.584678759852597,21.681597933437185,20.97911952191668,21.982465599949748,21.73087713460955,4,0.807550292154593,0.684791732299552,0.77472505509616,-0.411712798068497,False
P00338,25,L-lactate dehydrogenase A chain,LDHA,29.738061157480942,29.18956848051902,29.716540857736128,29.534244620045207,29.597164327126997,29.59719231402263,29.791907168855243,29.361596352090814,29.71460661678243,28.95755698853621,29.23212387174486,29.434549459950908,29.183420358125726,29.790090241670793,29.500497912452225,29.43506640376485,29.622832039517235,29.76654439625155,29.316259159569313,29.35269984746253,0,0.956844872890129,0.653441642377539,0.761003945946475,-0.455586181095998,False
P00352,31,Retinal dehydrogenase 1,ALDH1A1,30.526090719678667,30.278799307869704,30.161668157400584,29.827897659683167,30.03541000189318,30.536256335018045,29.760572796153998,30.089393296517102,29.793230446561047,30.15672946848895,29.50127699607849,29.985026883091532,29.76324069880266,29.856052801053238,30.350559408836258,29.876091059439847,29.934916570215297,30.02064300493139,29.808376217695272,30.309813439366465,0,0.879242659495178,0.190521882391265,0.534791872968984,-1.35351357571735,False
P00367,21,"Glutamate dehydrogenase 1, mitochondrial;Glutamate dehydrogenase 2, mitochondrial",GLUD1;GLUD2,24.077148583984457,26.791225640107765,25.98634550484014,26.806537147682253,25.14197929449035,24.962447839128952,25.182723449246822,26.021248075842653,25.53607079013116,26.227571083055082,24.928608990466664,25.82431054273078,25.331348160351748,24.446020534773066,25.917239312147707,25.56509779296059,25.880770432717355,25.284774383382665,25.346576354231807,25.243483510877805,0,0.735756824729704,0.339394439370852,0.626458497370308,-0.977996840082963,False
P00387,13,NADH-cytochrome b5 reductase 3;NADH-cytochrome b5 reductase 3 membrane-bound form;NADH-cytochrome b5 reductase 3 soluble form,CYB5R3,27.4422758379435,27.72082669658879,27.159179153004185,27.36605432179615,27.112442146126188,27.78824638396171,26.67611334340516,27.474130881407188,27.65719114627952,27.29874463449728,27.2722430119635,27.832179186362886,26.942472816121498,28.149185981096384,27.13640856657242,27.46287653270177,28.021357535067708,27.59007394766967,27.102344810631337,27.062188501954072,0,1.08465886422083,0.632280266973488,0.7585186811081,0.485718579970737,False
P00390,8,"Glutathione reductase, mitochondrial",GSR,24.2364164799908,23.390821043465603,23.386869044483092,23.57638316800761,22.422946373980896,23.641814397447753,24.07197521240183,23.048357098756448,23.17196708892509,23.6966070087466,23.583971896695942,23.418657774425277,22.86481270104146,25.426706449264845,24.4440069741609,24.08305587131227,23.874351508365965,24.20002438333465,23.122303756044676,23.841135580181156,0,1.34574635235678,0.171552301480406,0.521118528909864,1.41644860155304,False
P00395,1,Cytochrome c oxidase subunit 1,MT-CO1,22.001618291278564,22.840203426783145,22.780950858009717,22.179136033058874,22.795282882316325,22.060950167252912,23.107728004740267,22.372400391995548,22.878368879971603,22.052256734874177,22.86673881141763,22.32661076963318,21.919542249190368,22.65880624930507,22.16475734868084,22.55089592183555,22.52747991528007,22.390677418180633,21.68937826999446,22.903511215548477,9,0.921448449878415,0.661212892203782,0.764926272027872,-0.444628799973304,False
P00403,4,Cytochrome c oxidase subunit 2,MT-CO2,24.238687896921586,25.53129151884973,25.242601255667093,25.70780798590383,24.796635370404267,23.971014395626817,25.494459636338778,24.760071117683903,25.335454265786062,24.71722305769059,23.26303210372827,24.55768966489791,23.966223660298162,24.576379282933434,24.76768150544491,25.026800509661687,23.473232635993934,24.752280693626894,24.10246295442291,25.01503097821761,0,0.640614899644329,0.0309821105510537,0.27325797600272,-2.31526147571514,False
P00441,9,Superoxide dismutase [Cu-Zn],SOD1,29.299560816094317,28.931473047507325,29.139116596803266,29.558281294593428,29.22034685754039,29.204111148721694,29.25967608713218,29.52472400020051,29.064173027555817,28.479776174171825,28.735814292597205,28.85016642349778,28.233252609811068,29.105924950296295,28.805977029654677,28.9686027746065,29.28413815872483,28.38151246033212,28.945290463595963,28.76790962335424,0,0.785118128669649,0.0234787987938519,0.251287908601313,-2.44643019521214,False
P00450,46,Ceruloplasmin,CP,29.54678862034426,29.389594046051545,29.051058044152725,29.440436531272322,29.616547346499996,29.212089955289883,29.069392121214296,29.70826133372894,28.90317766907423,28.466753616381602,29.729416866022166,30.085150948617034,29.108852226310475,29.354860300086365,29.31647277150786,29.973636722789678,30.012578206095522,29.33585623786655,29.837963778318702,30.119468060105305,0,1.39317035974405,0.00978264093651893,0.181482743058785,2.84587172527859,False
P00488,20,Coagulation factor XIII A chain,F13A1,25.004759787678367,26.035435907947676,25.465439489177978,24.304182197144947,25.101141732724585,25.79326662425448,26.173339021228017,23.859834386495677,25.736863816935667,25.760204977849465,26.415660843818966,25.981699485296726,26.553850444190967,25.324182612097193,26.476644374217212,25.939757054354804,25.248789852279934,26.721699770067467,26.172452373883953,25.256788996945115,0,1.54938707687081,0.0278039985093166,0.272440420479985,2.36677512080459,False
P00491,12,Purine nucleoside phosphorylase,PNP,24.556470222929295,25.83213406553844,25.531861542230125,23.853658597758113,25.568603283218057,24.508029743063613,25.357734207890104,24.3998927637833,24.25850351135565,24.480503806574028,25.534984307361352,24.39581341368224,22.19502756596951,25.179588179719424,24.51912066652281,25.172301306901275,24.906455343598164,25.283037851562312,24.465433552293394,24.33536975790748,0,0.926584755881216,0.50378550651852,0.715497513978022,-0.680437263348552,False
P00492,11,Hypoxanthine-guanine phosphoribosyltransferase,HPRT1,23.38129120978812,25.17360260280301,23.098259901951685,22.735251052856654,22.257938252494416,22.94291954406924,23.795503600077534,22.73827388930021,22.616989290295027,23.58161619306278,23.888114791649155,23.131456544524344,22.23446684447332,24.420254816606974,22.982019038616045,23.938538739842592,23.52046701464947,23.216709292249494,23.502543670786853,23.449093821430537,0,1.14449729647547,0.563103452031886,0.732675882289056,0.587703042670255,False
P00505,9,"Aspartate aminotransferase, mitochondrial",GOT2,23.847999246541296,22.278429113249945,22.3839427990947,21.578392026809947,20.845914649664525,22.994405644768563,22.04444388086332,22.81825997044695,23.154617054546904,23.487622479307312,22.885559680340407,22.16901673830775,24.483288305382736,23.85772243049661,24.458797653360886,22.911817767406845,22.987511157862528,21.73386227568221,23.380935921347998,23.27558649101617,1,1.46262926998353,0.0901650730866869,0.421730243491225,1.77780978755566,False
P00558,29,Phosphoglycerate kinase 1,PGK1,29.549202919949288,29.575952709989355,29.764825843588433,29.589460124658956,29.627551276353145,29.515802519193883,29.652966612344947,29.241561775220816,29.81431142525946,29.495238010686922,29.387390887210405,29.443273057539333,29.46240816436142,30.00398550044132,29.40353443815103,29.818116306018002,29.27909407226397,29.76858341691457,29.61230613215929,29.60960465218078,0,1.00849980938096,0.971918007457374,0.842393701872033,-0.0356319497139486,False
P00568,11,Adenylate kinase isoenzyme 1,AK1,25.796562595106757,26.08798478859651,26.051081257787754,25.625618673375314,26.29847550755531,25.920306618826952,25.930192596753464,25.703429998405753,25.7932119002657,25.15596694243899,26.229462527407794,25.27315863849282,24.337356897573393,25.82669772265834,25.328339612957215,25.697474337025703,25.58884943236244,26.200392300795315,25.536306953246587,25.32860714139027,0,0.879121004804988,0.149443388591303,0.502808000359564,-1.49730347431691,False
P00734,28,Prothrombin;Activation peptide fragment 1;Activation peptide fragment 2;Thrombin light chain;Thrombin heavy chain,F2,27.057113296821466,27.214266405943928,27.11234532457068,26.891340597074052,26.851054758454552,27.07925580400487,26.89418964708563,27.422463383077375,26.811812285241672,26.566453602408625,26.92215686193772,27.220359960799478,26.37087292175414,27.17564071581297,27.339380232694367,27.25840661643426,27.579101365867803,26.628621956779334,26.435304025654688,27.478922389309055,0,1.06801019717084,0.766210189083742,0.807231985594737,0.301284586509418,False
P00736,15,Complement C1r subcomponent;Complement C1r subcomponent heavy chain;Complement C1r subcomponent light chain,C1R,25.147193124609316,24.629477527836215,24.545389365756733,24.438149760839988,24.96204076510203,24.108102271873452,24.81144551613034,24.77780954932476,24.580454419508943,24.842332648087158,24.883187259720447,25.10432920401761,24.431954912207665,25.081063557025548,24.88758947582857,24.85347002226515,25.263289013602016,25.207467678953076,25.21429969484989,24.451704138349267,0,1.21941439349203,0.143629642386634,0.497006182878051,1.52017868203081,False
P00738,30,Haptoglobin;Haptoglobin alpha chain;Haptoglobin beta chain,HP,30.454175242493143,30.657069950568687,30.494566553520425,32.28799844996449,31.72149180003641,31.19920833381463,29.590226399984335,31.297113923899012,30.655565790737796,30.8493440418376,31.83443104039551,32.16468444509032,30.487196504718476,31.222671580350635,31.94160821438698,31.63201366046433,32.7951078020387,30.896540776175577,32.27207430844052,32.07869874413252,0,1.72509050818144,0.0122300862320552,0.198938501065838,2.74576679306273,False
P00739,20,Haptoglobin-related protein,HPR,24.367253563326823,23.41928558803723,24.403412841129388,24.69627511888038,25.201570855911125,24.641296938195026,22.15452621712632,24.397126447465332,23.960889095112208,23.264142506587937,24.171117053822545,22.78333189627406,21.783008093586165,23.07518383454993,24.413549281292376,24.75198923485721,25.019707087887497,21.963214173443525,23.42777543550095,24.733320990633974,1,0.906289004639538,0.316820516660763,0.615712669870206,-1.02586870121398,False
P00746,9,Complement factor D,CFD,22.913251917793126,23.716647943087843,21.73204078297393,21.58827502807647,21.87229296618146,22.460175920863502,23.11732154054843,23.483045763948947,23.884042988810474,22.41090221116755,21.202502872466027,24.28592259640832,24.936258422031784,24.217968072178532,21.799061959677246,22.756859490234035,21.812765904549156,21.73802423518803,23.246946991094436,23.354137514470136,0,0.951148030029851,0.637333924490262,0.7585186811081,0.478481894566389,False
P00747,27,"Plasminogen;Plasmin heavy chain A;Activation peptide;Angiostatin;Plasmin heavy chain A, short form;Plasmin light chain B",PLG,26.681172584968156,26.42945475586202,25.99805894155115,26.17273620087218,25.919576134584368,26.093068880678437,25.9855613495427,26.35718430906896,25.787337501465636,25.77631112775373,27.213706491249855,26.73554267661243,25.552694910039804,27.132844955357122,26.490670224543905,26.54296175750798,27.075477466189838,26.666561106655482,26.92643432398232,27.11556005279587,0,1.63129472740291,0.00293890665023531,0.125011106872925,3.37087921624209,False
P00748,4,Coagulation factor XII;Coagulation factor XIIa heavy chain;Beta-factor XIIa part 1;Coagulation factor XIIa light chain,F12,24.56697971536469,23.98475716351367,21.254943178962115,23.120326589585833,23.76004615755779,22.987939284471377,23.105009653414847,23.718876207442793,21.80129187969193,22.3260475566028,21.765642852080738,24.668229767022222,23.82488803058807,24.299181678689916,22.870877556617874,23.435684851001476,24.245853455584047,24.081445522703326,23.846804601055933,24.566919678014372,1,1.82805929831851,0.101997452884492,0.437355574810954,1.71134361476694,False
P00751,29,Complement factor B;Complement factor B Ba fragment;Complement factor B Bb fragment,CFB,27.72077536064936,27.268946586777968,27.01182040278222,27.644834704039273,27.809638352415444,27.57102937762715,27.15146359953839,27.588098022885585,27.103136927224654,26.979261864134262,28.427014714792506,28.10558491357438,27.20161878993596,27.605869141212317,27.968220235606406,27.729940514452135,28.284439260866517,27.649381884551964,28.226924027298686,28.48064772320644,0,1.55323832496912,0.00226377555141684,0.113801199931822,3.48260203895737,False
P00813,5,Adenosine deaminase,ADA,21.317268356938612,22.767440709332117,22.02691192986544,21.93926444131302,23.16252230809506,21.515263034716877,22.706957731750638,22.498557496060855,22.13687705808452,22.00173605820062,19.855887254879594,20.1538978038755,23.27086435163488,21.41579997716355,23.904688632393857,22.005253022095708,22.309940491813162,22.036455972520237,21.96382570551771,20.639679194731258,5,0.898531943352819,0.331063605227784,0.621344828365596,-0.995398192480231,False
P00846,1,ATP synthase subunit a,MT-ATP6,22.50967084561694,22.957786459055402,20.062146457802697,20.66767931852939,20.11121325431938,19.0831553367204,20.64798531950998,20.790716960296947,21.099537946537534,21.687138792034244,20.07101359283073,20.36804888894148,20.566781088875786,20.58649192321606,19.357664155702167,20.78721466666881,21.002229044740847,21.358889463871662,20.07425476620105,20.727373688308518,7,0.531583972056704,0.251845768637451,0.583149616570681,-1.1788924757644,False
P00915,17,Carbonic anhydrase 1,CA1,30.13260430423279,31.273516408104765,31.016856731006644,29.541413580153396,31.240362713693653,30.609574074931068,30.68547968402464,30.43735960818754,29.572381200331268,30.244589112485777,31.427768200568213,31.4677485394668,29.37744841837371,31.624702123849232,28.831926959912597,30.747950814056168,30.771245080945242,31.54741558087724,30.71383088641816,30.60452193710463,0,1.29301466076169,0.484483678252535,0.70563943339286,0.71191374166582,False
P00918,14,Carbonic anhydrase 2,CA2,27.361639819411764,29.162960660182318,28.847750060452945,26.414294366876497,28.86312981590691,28.437164512125438,28.069418317879332,27.451934182770582,27.249231356696022,27.439052983126754,28.929030848805297,28.675232897930837,26.531530532525288,28.46517783446181,26.377800846961954,28.135321019900598,28.020791901449833,28.70554474650619,28.35913650130124,27.760952161759604,0,1.06601123371012,0.858426628831379,0.821714813561017,0.180619990793217,False
P00966,16,Argininosuccinate synthase,ASS1,25.399009444158914,25.03765036285469,25.942632356908334,26.01706860766219,25.885243728839463,25.656644893630993,25.896931789992543,25.120955722650592,24.92393747433262,25.186162284556953,25.40982904152031,24.812070256669692,25.07587877924087,24.95675289859128,24.982971900971293,25.99950273894932,25.06216496928762,25.648850524422716,25.111198086620607,24.912758892973038,0,0.832624129068382,0.111408369411808,0.451878757376586,-1.66303799155011,False
P01008,17,Antithrombin-III,SERPINC1,27.059947719985935,26.656327770217416,27.20532853691818,27.481693178401216,27.195807181511864,27.66060907714246,26.132184089374878,28.183268520902324,27.04494043992151,25.653408364645422,27.153310466451444,27.426678624364804,25.984031139477676,26.84052796332148,27.26764404309624,26.539084887819023,28.074097123666196,26.533687433025836,26.67015325072774,27.77986343652086,0,0.979604017027439,0.998820044820061,0.843898074451799,-0.00149685940102473,False
P01009,27,Alpha-1-antitrypsin;Short peptide from AAT,SERPINA1,32.11350522335534,31.124873935013945,32.03420533883919,32.18344343313226,32.36818416860118,31.857015579613734,31.82655291784508,30.850301434034503,31.908711607016578,31.150187560916496,32.22722097783599,32.03700671096526,31.469226229981942,31.68953837223972,31.96071594348758,32.28797670025976,32.298005890832606,31.79727140710037,32.39566560321066,32.8362316326226,0,1.24529763247154,0.0578816625351913,0.359631025519553,2.00819079016436,False
P01011,12,Alpha-1-antichymotrypsin;Alpha-1-antichymotrypsin His-Pro-less,SERPINA3,25.65978448872811,24.933637427959226,25.444767048321463,26.209558902506807,26.222497572081135,26.47721977437574,25.635598789349434,26.696011494835332,24.26415152264547,19.314706006388583,26.633715925455586,26.789542668396557,25.12756604241787,23.497209059151857,22.256938090167463,25.011756284594426,26.657846401615743,25.736061888287793,26.148131182872703,26.833733880220834,0,1.16169412594527,0.611506757497623,0.752555933614109,0.515750035799704,False
P01019,11,Angiotensinogen;Angiotensin-1;Angiotensin-2;Angiotensin-3;Angiotensin-4;Angiotensin 1-9;Angiotensin 1-7;Angiotensin 1-5;Angiotensin 1-4,AGT,25.715592577110026,26.13555160997939,26.18755760435705,26.62923997315071,25.66652111895395,26.323807577747573,27.169139891266223,26.661141667777326,25.982846221699138,26.16806299644972,26.163244969033208,26.991703059363964,26.822235111478353,27.017959209809156,26.384958405633384,26.39577454660531,26.73696731791276,25.380005454262584,26.134127353881464,26.76269061126706,0,1.09627957008109,0.30222015112529,0.611114865961753,1.05812259411993,False
P01023,64,Alpha-2-macroglobulin,A2M,31.121073224051546,30.402846384464212,30.34401039235782,30.76928539828434,30.84192347861679,29.924381942076877,30.985506189093375,30.998849035194862,30.119410505997852,30.549696739646425,31.20138300779059,30.49554253672035,29.595985528212395,31.52371675958563,30.008379532016164,31.05133790239401,30.216195180825483,30.093212969692452,31.503777257216093,30.861778519962375,0,1.11629393934659,0.837636643054719,0.819283344390874,0.207519805637321,False
P01024,103,Complement C3;Complement C3 beta chain;C3-beta-c;Complement C3 alpha chain;C3a anaphylatoxin;Acylation stimulating protein;Complement C3b alpha chain;Complement C3c alpha chain fragment 1;Complement C3dg fragment;Complement C3g fragment;Complement C3d fragment;Complement C3f fragment;Complement C3c alpha chain fragment 2,C3,30.959374517533124,31.301898185773307,30.794178242600502,31.08049140097439,31.27919284718268,30.759066289560888,30.869720274799924,31.37270797977113,30.432995655776885,30.66069428148998,31.538838496312113,31.496049631883462,30.050999964184424,31.247272267392855,31.192625074867248,30.678505794137177,31.553402836851323,31.201345270144117,31.70451536160508,31.707966884567526,0,1.29407557681174,0.13125608972148,0.480671835578707,1.57152855138775,False
P01031,27,Complement C5;Complement C5 beta chain;Complement C5 alpha chain;C5a anaphylatoxin;Complement C5 alpha chain,C5,24.708194333107024,24.47636700740972,24.40650995953161,24.646603167311717,25.44243437228019,24.789130131903335,24.98721690311809,25.359888426944764,23.76555487325726,23.974780051259053,25.680160652509763,24.734423511085794,24.74651464045256,25.56946874784156,25.504422518295918,25.29057234019224,25.59171654690855,24.829362392716007,25.457932153563668,25.868945089962857,0,1.59452303376884,0.00746153730340836,0.175323277667773,2.96599223660897,False
P01034,1,Cystatin-C,CST3,22.04849695565157,22.10396421033066,21.363171536630507,20.967790875516275,21.468071929428014,21.32690960845969,22.960493443696386,22.070574427628564,21.767250980011262,19.845104040968202,20.81036658927637,21.723011911851668,22.710166952848795,22.98476160404481,22.669258070086528,22.166905458832623,22.01493542687045,22.56865209133872,21.91580466610248,22.212430491756827,7,1.37518053827155,0.115176484043527,0.461520388620022,1.64466363270101,False
P01040,1,"Cystatin-A;Cystatin-A, N-terminally processed",CSTA,21.54676472911045,21.02496111291579,20.758534018699404,21.623189093627907,22.217863649878943,20.389200271142446,21.419935319211376,22.37631023181337,22.604180400617295,20.79307297726539,21.31030817018984,21.337195075968303,20.78771752831132,20.566559952266292,18.816605839046908,20.61487264812519,19.738511432144,21.851045425934075,20.636437262462294,19.56613320129966,8,0.546804635288558,0.0247821115240655,0.259572233750645,-2.4210836048331,False
P01042,22,Kininogen-1;Kininogen-1 heavy chain;T-kinin;Bradykinin;Lysyl-bradykinin;Kininogen-1 light chain;Low molecular weight growth-promoting factor,KNG1,27.823373673087367,27.706807740510083,27.664889887718545,26.586490785339354,27.298613524107726,26.81348774246105,27.030767007272786,28.174444249048943,26.52504753788778,27.024015077263538,27.15482229498158,27.791440484228016,27.170110992110235,27.3285746535827,27.443015859417265,27.56432377468585,27.665537066553494,27.762117693203372,27.360668686445855,28.047731060260137,0,1.14235299902609,0.186158673208304,0.53240815837221,1.36753195257598,False
P01116,5,"GTPase KRas;GTPase KRas, N-terminally processed;GTPase HRas;GTPase HRas, N-terminally processed;GTPase NRas",KRAS;HRAS;NRAS,23.788796467253793,23.2853493958686,22.191784876265363,22.08233234695833,23.52767236704801,23.64575042742856,21.767891079571644,22.66048487933573,22.985673837379842,23.504342663772128,21.893289893767243,23.220091429470106,21.079528957565692,23.17755144255874,22.93662630918762,22.35678647328718,22.799035089731174,22.74335191648833,22.197404082933268,22.522303036015597,1,0.712132405506455,0.188785627501193,0.53240815837221,-1.35906115003715,False
P01591,6,Immunoglobulin J chain,IGJ,23.34785024120324,26.44795276696065,23.82445535841984,27.28467775465701,25.852647695258522,25.05605979053166,25.314107855766313,25.42763388532579,23.59986159699774,24.874001841729505,25.811817018466705,24.89083577077765,25.094824868848985,23.82152056985736,22.887932873061168,25.670283327890722,23.440381719311883,26.277254356204036,25.778527462683318,23.82640308107014,0,0.719179084342594,0.496135781745682,0.709261894965122,-0.692827801208896,False
P01594,2,Ig kappa chain V-I region AU;Ig kappa chain V-I region AG,,24.559038717532413,24.119434440201605,22.98610318089926,25.087358634215317,25.326394033545384,25.461993769824375,23.02885424632863,23.922344638716165,25.290275283218158,23.50294186507753,24.61028494275868,24.755880943613892,22.93230121096449,24.587389605244677,23.37925188136048,24.89006334766935,24.503297568354313,23.43564445477169,24.854189997096352,23.453832419279593,1,0.822918968121733,0.623507875250601,0.7570989037989,-0.49834356065646,False
P04432,4,Ig kappa chain V-I region Daudi;Ig kappa chain V-I region DEE,,23.626070857135797,20.6692144993599,22.13132807912679,22.2470507554338,22.54464635792815,22.468062689638415,23.138592673742167,22.68746918835109,22.90527400756756,21.84056884367005,21.31359243508462,22.822173963127053,24.058778418552784,21.233858106115505,23.336015529669243,22.83474214414726,23.10285526579339,19.86558280526505,23.816184305754373,21.323397077604298,8,1.16038415281594,0.911650710357303,0.826708499711055,-0.11232458634047,False
P01599,2,Ig kappa chain V-I region Gal,,23.96252924981122,22.354708384926248,22.358408257266202,23.029229622471018,22.359163987462406,21.930656011637748,23.24005253964674,22.99589744520139,21.73409126468493,22.14103205449445,24.029942341745457,22.701230699170814,22.329662728364053,24.898456211292164,22.038515821675674,24.248388848446428,22.932592122886078,22.49160972410059,24.10737481003867,24.240152483048202,1,2.09614486561847,0.051076687399726,0.343437740628752,2.07111516852785,False
P01602,2,Ig kappa chain V-I region HK102,IGKV1-5,23.938374079530263,24.062710789227,23.982837188194146,25.379220489180867,24.540079525927755,24.04620821032927,24.784661445797802,22.978016005498148,22.8591104814305,24.071895835814306,24.42731129839179,23.62394699914462,23.559408553306287,24.575270470028684,22.922925586131065,25.33347605153996,24.613651770737135,24.125870987509018,25.599149740909652,22.600044449496636,0,1.1257600075752,0.83956732391852,0.819283344390874,0.205015414513338,False
P01619,5,Ig kappa chain V-III region B6,,26.70155639071474,25.99932930023238,25.710233956084803,26.7755669151577,26.662684578970048,26.320532149670996,25.683406444403367,25.78861243865981,26.345534641919066,25.90195806475149,26.766121383699247,26.336950483612597,25.94809780244024,26.70530183311726,25.799497255985916,27.14069808917195,26.172575365348777,26.246776584455887,26.772148187949043,27.033097933684488,0,1.29286034485345,0.127307502631532,0.476445128823285,1.5887617754618,False
P01624,2,Ig kappa chain V-III region POM,IGKV3D-7,25.64161795411782,25.323991737605194,24.05275048737508,25.728598305734156,24.700088148139848,24.42559246028053,24.269686466122895,24.66677613098601,25.30687166925877,24.003018667373098,24.83555551186565,25.00336792592031,24.624931789253182,26.949787446610863,24.636295655053395,26.57969868092667,24.439323103728363,25.293800834654878,26.24076160285817,26.27145534548605,0,1.80381520731049,0.0532903582315517,0.349426255643834,2.04986172771216,False
P01700,3,Ig lambda chain V-I region HA,,20.698458632081973,23.119479529942033,22.991602418203016,24.018750624514315,23.66314337020377,21.333812308608486,21.48182607138177,23.830995491740815,23.327093001657627,23.320077351732824,23.51812648178888,22.246569083021335,24.22976179281529,23.66995885538106,24.622078007679846,24.61074465294012,23.168211768690743,24.086565211915133,25.140320340287182,22.478282596676795,3,1.88127029602617,0.0441201833945978,0.322432542423785,2.14377241752099,False
P01705,1,Ig lambda chain V-II region NEI,,20.576635261309868,19.419652635096742,16.738740001026944,19.902001199814986,18.164606456297676,21.117813176091566,17.4998704568485,17.731873151351646,16.805647895583085,17.308741157439744,18.415934393912526,18.983680329901933,17.64780332377852,17.866124549048447,16.015180217642843,20.059726656404898,17.79344942059947,19.516602209559046,18.368678975872857,17.527955268079694,2,0.529074685952412,0.591093143153235,0.744753316101235,-0.545737739050497,False
P01714,2,Ig lambda chain V-III region SH,,10.704528361501357,19.547368140702858,19.812889225278603,21.015206841927217,22.097924358469296,20.76245550057594,19.63582703327892,19.05831284837587,18.43201718799654,18.268253213300177,21.340001323029725,20.738782567805234,22.978053188359066,21.35778179779363,15.663182450330886,20.872377902951396,19.2223747652498,21.41498112293268,19.35772074172117,18.231397938815366,6,1.76659111985677,0.29817196731809,0.608461038679821,1.06726149074386,False
P01742,4,Ig heavy chain V-I region EU,IGHV1-69-2,23.478683867809277,22.67957731997578,23.787700085772908,24.236165044797975,21.24047758736018,23.388166402611215,21.644801519889498,23.58238149711456,23.083300105404525,23.400350225750287,22.63319236732936,24.093100065411985,23.567049042695874,24.459716188729544,20.2699221417862,23.30162834939086,23.238074246907026,23.179718732423368,23.56028641369997,22.066876218477724,1,1.05247177237672,0.974704312503745,0.843288256353484,-0.0320951921668802,False
P0DP03,3,Ig heavy chain V-III region CAM;Ig heavy chain V-III region 23,IGHV3-23,23.630854113661034,25.02856872189731,22.522419702745015,23.816945309138546,24.190636812925728,23.22365242026901,23.91018552254965,24.034236651094517,23.130636716203423,23.059413315328253,23.86129783144388,23.658706022987328,23.278527896663046,25.596517707625104,21.731854865635377,23.893526926722377,23.601554739379363,23.653089020090025,24.204820857681327,24.605212815404425,0,1.23467010739905,0.685981153441344,0.77472505509616,0.410064897979045,False
P01780,4,Ig heavy chain V-III region JON;Ig heavy chain V-III region WEA;Ig heavy chain V-III region TRO,IGHV3-21,25.134817530926703,25.18359347229316,24.96436771166297,26.1048518862202,25.612930352518077,24.86623882926435,24.25386464278181,24.050287326890114,25.02580969266301,24.207013766345714,25.848573471876676,23.028292417387036,24.699427407160265,25.728492478623586,23.637687100904962,26.099668456380698,24.962246161013386,24.686817432524634,25.94529642894728,25.84579109276263,0,1.23132815649758,0.741750899471412,0.798823546685696,0.333995383202703,False
P0DP04,3,Ig heavy chain V-III region DOB,,22.626486994230778,20.72301305323929,22.895655104233445,24.036733740418356,22.930617429801906,22.685164554578456,21.149912155493315,21.101221056791516,22.60868742714723,21.69301024312842,21.680386999797783,22.234842215209344,22.164056395627384,21.77459689724609,20.442322634662222,23.03983937973839,21.508472839150844,22.556628350843813,21.834807981171245,23.330967476423325,1,0.726556771462117,0.635986348728607,0.7585186811081,-0.480409027561548,False
P01834,8,Ig kappa chain C region,IGKC,32.43689858654344,31.565282090573582,31.82956457819242,32.30412370199337,31.891431903638583,31.725368915990543,31.440813263928835,31.72371570535195,31.898406623906894,31.380878799971793,32.32621588272932,31.50225628680936,31.26154684384957,32.41250099149847,31.331463703995926,32.5563282283822,31.61937368870669,31.791814482954692,32.21790893072207,32.50667592990839,0,1.1879615648572,0.454852116112779,0.689731901520803,0.761697202298654,False
P01857,16,Ig gamma-1 chain C region,IGHG1,33.376004612812714,33.183514074366705,32.16722928405723,33.5740303288211,32.801006328659625,33.26662529763153,32.25374896891532,33.03916827517524,32.99543217244728,32.18605103862258,32.88437715542338,32.65209047752909,32.28056524811159,33.351431318892246,32.25773364584012,32.87223201164743,32.695130604556944,33.02903215752237,33.2324971803299,32.95806476766521,0,0.951750859601429,0.742493095009477,0.798823546685696,-0.332997484872178,False
P01859,16,Ig gamma-2 chain C region,IGHG2,31.193652172754103,31.36291914933763,30.949108283350867,31.459351668770942,31.016285789397497,31.106637004163886,30.519705313208526,30.638603200825646,30.909175205108113,30.016744411646993,31.88959797397794,30.338389693369514,31.17313274716977,31.4238891728637,30.912435957283186,32.20751337003457,31.123914040793917,31.025580238503366,32.11967562777426,32.05121419621582,0,1.54383050151492,0.0181483425904312,0.228081706496062,2.56600614648688,False
P01860,15,Ig gamma-3 chain C region,IGHG3,26.8453767065753,25.95349447508003,26.72798084989902,28.75625332028992,27.091453229634194,27.59252844364204,26.493201374078442,26.726690254599912,28.01144735636859,25.33546025277809,27.276955725164186,27.021519461344365,25.551094266288345,27.67666366085016,26.339685873394956,28.180315421744353,26.341802854829407,26.73225490021966,26.832887310065033,26.993889400194917,0,0.913922747422246,0.87549326975696,0.825812662811676,-0.158640455058438,False
P01861,12,Ig gamma-4 chain C region,IGHG4,25.01254919133556,27.942258846991123,27.894081184281738,26.798544156014973,24.86609366833255,25.48008480514444,27.49743128118527,25.816174592942534,25.709793911082816,27.103597141624746,26.636380877942674,26.001203393993567,25.8468772346404,25.46065911221644,25.897369147840646,27.85312255324128,25.360823872722264,21.96779837776198,27.312083418043567,28.25510685984075,0,0.868773074163134,0.580421112340951,0.741815536043608,-0.561617515824062,False
P01871,21,Ig mu chain C region,IGHM,29.518818243472342,30.694690643128894,28.159981107699682,30.182724304051582,29.932158886958785,29.06579385536216,29.92980439068835,29.241629471357975,27.94827004786505,27.874374047655678,30.031916644487087,27.834018678831136,28.729775714399132,29.554909924359478,26.936773738749782,29.96489675020027,28.333844184888676,29.592335580058485,30.181848073741712,29.442971484319564,0,0.919192583876905,0.623869445158917,0.7570989037989,-0.49782158422088,False
P01876,16,Ig alpha-1 chain C region,IGHA1,25.471340009479558,30.65002093254532,30.965721294992147,31.569511471033643,31.178399143088658,30.100051772492748,30.1025507870872,30.638417835217897,30.606399969821855,30.212332469094555,30.954864180232203,31.749539209108978,29.274597168022233,30.471638262389188,30.23620784223402,30.805624107002036,29.584107557718667,29.86210219972181,30.006991097880217,30.603261717088888,0,0.943454241532272,0.711178896202023,0.788733295532262,0.37541667738068,False
P01877,12,Ig alpha-2 chain C region,IGHA2,24.05385549085371,27.17818980882126,25.465760146090755,26.139928949802464,25.909427819323355,25.691611120912874,25.91395926018783,25.191574356000306,25.994515754937968,26.57676275356857,24.946290415828514,26.84709371169323,25.53532850097705,25.94374378978916,25.047249184193948,26.055037816103535,23.88418901222607,25.640826411105795,26.195484623944566,25.9229067083859,0,0.857723661579371,0.564171496610299,0.732675882289056,-0.586082447231435,False
P01880,7,Ig delta chain C region,IGHD,24.978594278506755,23.833813559717242,23.48115703697981,25.51663155567165,22.65320962541351,22.734274204628246,22.64552148241771,23.933810044657633,26.69692443257548,25.383399577595863,24.259220117612198,22.930937406614014,23.079721196803742,20.643419218803498,24.930986206792248,25.13248921071983,24.22213895657709,20.793467381432418,21.949323770431256,22.816341141879068,5,0.430428477372658,0.098251871340926,0.430059986382201,-1.73163341503359,False
P01892,12,"HLA class I histocompatibility antigen, A-2 alpha chain",HLA-A,20.788913576615283,23.803518071040763,24.08933700674181,25.629291111830124,23.588211636542386,22.693718395242623,23.281307860220945,24.193353668516597,22.687758241484634,23.44568345507163,24.06405154607814,21.723648005618518,23.714075898455004,22.390907412560992,20.7184537305819,22.02821909672518,22.897298767458263,22.28416209843778,23.78377119781716,23.215135215090072,2,0.556567045052968,0.157280127377707,0.515644929219471,-1.46759484163599,False
P01903,6,"HLA class II histocompatibility antigen, DR alpha chain",HLA-DRA,23.63279479244783,23.265168027243448,19.73922275803726,24.66686725631488,21.201181933384667,22.627605863156916,23.756154855040982,24.00179458073283,22.779858883500616,24.935764646788687,22.79545945327159,22.96113081184767,23.745494692369327,24.641133029446127,23.314103066824767,22.072722441090818,21.886445698274937,22.428870564427562,23.145616011086283,22.32772227708788,0,0.762811762118161,0.796844356837273,0.812593916944395,-0.260780770631453,False
P02042,15,Hemoglobin subunit delta,HBD,30.85066824936035,32.15657046560824,32.09069540493731,30.321575820767425,32.30033364312034,31.361531268220823,30.992697822748877,31.367064556052835,30.479480738000195,31.101366897957764,31.945158046935415,31.78434413964855,29.45546608684702,31.89244742497473,29.510031233394855,31.568735305944188,31.529706951359554,31.668399311223553,31.293866007024427,30.944441657061965,0,0.977085513474172,0.672382107079519,0.768734109029445,-0.428976459080611,False
P02452,15,Collagen alpha-1(I) chain,COL1A1,21.672555471917928,24.18699671547478,22.21832576415047,24.22171005436663,23.723664567224475,23.11660332897518,16.519323968421663,25.22463862049691,22.42016718974758,24.11633937533789,25.32765491489292,21.712668362294263,22.096079435406953,22.877140155167478,22.852601599022297,20.310315384479168,24.880910338965755,23.473195830657655,26.050109440875286,24.777793561961108,0,1.39383387229341,0.443446639618264,0.683685726064029,0.78137765924994,False
P02462,6,Collagen alpha-1(IV) chain;Arresten,COL4A1,19.90641082352107,22.86800968640274,21.17537670188623,22.153106553003088,22.80621558190206,22.33873605432273,20.731467994677363,21.925116518755868,21.6319797961836,23.606762100570716,26.17063770135975,21.37500694641571,24.001150020882886,24.910848468140742,19.381274438109575,24.939377373038827,22.657377616115873,21.95981901202981,22.09353525555988,22.863865200369176,4,3.35348964433395,0.121625999351766,0.469229580064874,1.61435923002649,False
P02511,13,Alpha-crystallin B chain,CRYAB,29.920836727908316,29.673160869463512,29.643866280873585,29.398603739155963,30.22151469280971,29.99407646659482,30.352796763627815,28.695348846527413,30.17966761024741,29.091919236109753,29.55348431308384,29.881583725861017,30.378592743253304,30.101456153417278,29.513306032784044,30.056719611985645,30.40527432025695,30.245760168715506,29.693606770033703,29.571235484511494,0,1.13221157659632,0.275497462121188,0.592304662705395,1.12017628228403,False
P02545,46,Prelamin-A/C;Lamin-A/C,LMNA,29.991126998426815,29.560094534546483,29.697797556907013,28.540652281801133,30.098291354131135,29.986767261612382,29.05954217795266,29.65511650845361,29.743613397280495,30.244106652827522,29.83936976572963,29.777655502284226,29.049953253033742,29.729753522776704,29.84906721033843,29.10907826559338,29.591489908276333,29.207189864522928,30.40189903347032,29.134958909985645,0,0.931695497836351,0.676043703921728,0.770266151119016,-0.423869030488798,False
P02549,55,"Spectrin alpha chain, erythrocytic 1",SPTA1,24.898903215750995,27.458314570333958,23.48117720601656,21.433186078606244,24.538372628157838,22.730613987244883,24.15770602192731,24.395726773340034,22.63885650895675,24.346509255823733,22.493695984323512,26.634485587436746,22.22794560165609,26.429716649384176,23.341488346117735,24.90607334071953,24.751032636068736,24.601293881204967,25.068910520914415,25.34056294158347,0,1.62369503120619,0.384957703613104,0.65469462881483,0.887636794445598,False
P02647,26,Apolipoprotein A-I;Proapolipoprotein A-I;Truncated apolipoprotein A-I,APOA1,31.53838800218803,31.153536104848303,31.39565489481013,31.361463237271852,30.822320639099765,31.226318312637567,31.069388758027753,31.866992670444215,31.035368968161716,30.454000553338695,31.14423285912993,31.58931685347419,31.01277475071772,31.64435054964309,30.757705914573002,31.17604346901217,30.99800071613391,31.47040034143618,31.42425925405715,31.698970762506622,0,1.06551269240181,0.546550544691587,0.730613623538725,0.613027904362107,False
P02649,15,Apolipoprotein E,APOE,25.22694133256457,25.80710005451075,25.75355716415065,24.623451176023757,25.03508291566328,24.854154308175847,25.041970181771084,26.10965537994908,24.116965316404688,25.001833719930396,25.81763955043017,25.029465158179633,24.528620251371358,25.72432427597737,24.81705079027399,26.251780201701997,25.289046745676362,24.63700558053882,25.74381156732658,25.317009667670643,0,1.15124968917002,0.547795107315326,0.730613623538725,0.611109869760527,False
P02652,8,Apolipoprotein A-II;Proapolipoprotein A-II;Truncated apolipoprotein A-II,APOA2,29.12576709626138,28.892593908727637,29.24061041552226,29.445787543878748,29.26067764582614,28.470689896503927,29.160629529056454,29.84473853511411,28.702822633028838,28.11466163705656,28.99782189096147,29.727142524158136,28.612709250687722,28.279529927714883,28.947107131912944,28.941882510742662,29.199388621726897,29.845462292172982,28.68680093819503,29.56267074205379,0,1.03893040108634,0.799337942370676,0.812593916944395,0.257504320227024,False
P02654,4,Apolipoprotein C-I;Truncated apolipoprotein C-I,APOC1,26.154305204424368,25.027145002742543,25.391069797979217,25.573664433227595,23.98155538592688,24.85442061125113,24.17789403513574,25.78608275452581,24.5532272766608,24.40975291900969,24.491076393755502,25.0783844962759,23.537664709471706,24.483426850272615,23.731280227517853,25.05877235362437,24.34239579914655,24.83114169140011,25.015760712054636,24.420124348785276,0,0.6573835908474,0.0840744145309086,0.418710352294526,-1.81501212825575,False
P02655,4,Apolipoprotein C-II;Proapolipoprotein C-II,APOC2,23.684667853619178,24.303765765225258,24.609609742692548,23.676040222555745,23.050319546974066,24.596877956533337,22.785467494682052,25.23880393000534,21.46010333344574,22.556828361395954,23.51680273042408,24.265813716781718,23.450086934697772,23.83854828342496,23.344029557277143,25.1007554786928,22.288103740359766,24.657401589084795,24.733167153075982,24.322175316396685,1,1.04791140523731,0.412149065657916,0.668891502267805,0.837045625208316,False
P02656,4,Apolipoprotein C-III,APOC3,25.457086109917107,25.835110518601272,25.512107953340088,25.91628622310442,24.773761443176493,24.591587017927687,24.529987489296783,26.76408475819221,24.740684263899116,24.674337807789765,25.390910572445918,25.110045207116112,25.204244519035456,25.883436298100328,24.753106414284986,25.86131056746922,25.778089576624623,25.934259912122013,26.181758094970252,24.779995770830517,0,1.06436225767295,0.447874644901913,0.685569866640652,0.773700780237623,False
P02671,35,Fibrinogen alpha chain;Fibrinopeptide A;Fibrinogen alpha chain,FGA,29.629638278892823,29.73575445505047,28.965572878701884,29.717985595066647,30.110610940083266,29.695540213990093,29.16114325745117,30.365220681596597,28.97983230031116,29.01788002459986,30.400962831014823,30.229276237455412,28.83942036807896,29.218332013254326,29.181571431917934,29.285686935905773,30.17175849620931,29.8089424273311,30.92610398904871,28.617016703072718,0,1.16649620865086,0.637475173687629,0.7585186811081,0.478280004544317,False
P02675,33,Fibrinogen beta chain;Fibrinopeptide B;Fibrinogen beta chain,FGB,30.47452129396474,30.269838872787243,29.76904873899826,30.13400126493546,30.654910480299502,30.270222443836808,30.017883963809545,30.760737981276304,29.733061722413975,29.81244831596759,30.946482615937647,30.703353706355205,29.793880462723976,30.31568630486734,29.89501791605325,29.896592857698437,30.755256354244555,30.713874155099017,31.422111421638935,29.574552440937413,0,1.21613037912153,0.339022620129994,0.626458497370308,0.978767162830333,False
P02679,25,Fibrinogen gamma chain,FGG,29.962314230696336,30.239429566022284,29.321845785954235,29.913221591727613,30.049069104408687,29.760746316011712,29.660169056052144,30.422684165109498,29.244799725805517,29.478988401176455,30.561090757597693,30.247408731873225,29.341982245017892,30.149418172697946,29.429613990086594,29.84215394257706,30.22028790538044,30.30370781948151,30.982790661916958,29.299066182571117,0,1.22438972367219,0.277113470995777,0.593267493743694,1.11630232220086,False
P02724,2,Glycophorin-A,GYPA,24.027457632654855,24.260675748866007,23.588486937491293,24.09602515166368,24.650770723984007,23.56817886343475,23.512018822949994,23.657862379955695,23.405524558938254,23.766971861310854,23.878713951189756,24.290988607974622,22.82895691064949,24.27649847848377,20.765049821819993,23.205527050422646,23.87045905912588,23.4981555764977,23.77409902908509,24.40482676305659,8,0.935155971658664,0.292773981216174,0.605169374727376,-1.07958717375517,False
P02730,22,Band 3 anion transport protein,SLC4A1,27.499374516554813,28.846610287913574,26.944433579721373,25.661835171140652,27.42292744504924,25.60763328927427,27.052966751068386,27.138613781325542,26.184553296732837,26.738960869959865,25.673980812715172,27.835187909520613,25.087730677460335,28.47775068595166,25.663364737212607,27.054511611742488,27.262296263834802,27.240213970903547,27.386868070439245,27.44657791795905,0,1.18795292916921,0.994036032026322,0.843797505224354,0.00756580205521216,False
P02743,7,Serum amyloid P-component;Serum amyloid P-component(1-203),APCS,25.018172986465263,25.235570943826012,24.930809025670527,24.636974672739335,25.52088390667043,25.669882955389255,24.627796915421037,25.306938819022964,24.314595252746066,24.443739707838578,24.585362792962446,25.799704976890734,24.99028350989052,24.889865056435042,24.594660677631538,24.657412033387608,25.225252185309824,25.594541591299524,25.180427707559534,25.18170138120738,0,1.05242718558943,0.640304463321785,0.7585186811081,0.474240290667985,False
P02747,3,Complement C1q subcomponent subunit C,C1QC,22.852625363988462,24.472419298801103,22.669617641886692,22.878977740883432,23.04998565707153,22.38516042245789,23.350090420095224,22.250377899608008,23.50442027851575,22.497943879256695,22.887768117562697,22.356053258649947,22.670538268817637,22.129404130211164,22.567197895627853,22.89490724556152,23.64073321217396,22.1248158354957,23.8112897810862,22.074848399249568,0,0.804494109105269,0.367846414723913,0.645446865644454,-0.920683311831225,False
P02748,15,Complement component C9;Complement component C9a;Complement component C9b,C9,25.0582315114973,26.019956186272772,25.009252873760815,24.835291764676718,24.89083663833358,23.928118814793365,23.649441119897645,25.764699866600033,24.632785255674563,24.47240393671877,26.283198510397817,25.74517562766212,24.008102438899655,26.010218082940053,24.643587788925416,26.134351909865565,26.324453525062218,25.21208779551816,25.95668012660694,26.428829072628986,0,2.00623002036034,0.0109311752741646,0.1888961215003,2.79623473987208,False
P02749,13,Beta-2-glycoprotein 1,APOH,26.39701520966746,27.104425474696097,26.31108884701325,27.754443638248304,25.837201717809254,25.891724545541198,26.422498089904174,27.421441452462794,25.652857549880757,26.657912650449713,26.797853150352328,27.253633539530913,25.005372805828973,26.24789315135479,26.85517612965716,26.382995310124365,27.227016565642664,26.495878379570545,26.75713397656951,26.654645144012814,0,1.00375746273676,0.937817867643867,0.832868896373937,0.078968506683037,False
P02750,11,Leucine-rich alpha-2-glycoprotein,LRG1,25.428734493587417,24.452906585396168,26.024900105378805,26.529526473970282,25.955115141022638,25.523637589301533,25.77238770878712,27.027506634509635,25.490949957641586,24.86582697315045,27.109399330393046,26.922674117332228,25.200217788779458,25.28769694361044,25.2145556637542,26.04079499273517,25.488969651815037,25.780503508119075,26.296163327517824,25.838986299647203,0,1.11674195060444,0.510574355305384,0.718858449781335,0.669530183405623,False
P02751,25,Fibronectin;Anastellin;Ugl-Y1;Ugl-Y2;Ugl-Y3,FN1,23.72196851009244,24.55911674733978,23.105712828050144,22.97992590213766,20.71980066092745,22.592716546716346,23.085765801746632,23.33693885007305,22.93289709864156,23.942196113859282,23.096456504674542,23.849721538214975,21.1845769288575,24.77153561365863,25.45012833519346,22.588480171830113,23.59087270050729,23.00939886547556,24.504199758973634,23.855477661323107,0,1.46971629895975,0.324986623881597,0.619186017833498,1.00828439911623,False
P02753,9,Retinol-binding protein 4;Plasma retinol-binding protein(1-182);Plasma retinol-binding protein(1-181);Plasma retinol-binding protein(1-179);Plasma retinol-binding protein(1-176),RBP4,24.65159093534725,25.012398554100223,24.892157819948658,24.88490032592115,24.27724698713682,24.17590502208116,24.618783554974282,25.23150120047138,24.299644913019808,24.557664319328985,24.70060960490889,24.191527563113574,23.578085852915855,25.408974619674648,24.45778394710069,24.126442444569392,25.183280113576807,24.654218465332356,24.780989470887796,24.426846705925747,0,0.973125937285639,0.621348641720231,0.756189145336418,-0.501463651058253,False
P02760,13,Protein AMBP;Alpha-1-microglobulin;Inter-alpha-trypsin inhibitor light chain;Trypstatin,AMBP,26.591482131143277,26.3805058060534,27.052561256419615,26.988904311321825,26.668994825792115,26.630040018277626,26.48176919415959,27.25285475961466,26.727495489805335,26.602965557869794,27.083880618470758,27.164921418440958,26.099129832210203,26.180516673724277,26.62699743384406,25.954512222914566,26.479618244665076,26.485896204365172,27.25853830213999,26.96420431360864,0,0.956189669983603,0.563906675353918,0.732675882289056,-0.586484125128499,False
P02763,10,Alpha-1-acid glycoprotein 1,ORM1,29.17271139660529,29.160986056232506,29.04258057002529,29.987557442877563,29.571861100009887,29.188354789117064,29.063027393945884,29.93662583942288,29.06194516970361,28.46432959895942,29.613888496457314,29.129880809046657,29.010698486801157,29.53168946394005,29.526541344777236,29.947810362844894,29.395562635016393,29.28417050834407,29.387801157259666,30.018767712159043,0,1.15035727322108,0.215849083156639,0.55792310220854,1.27678409104473,False
P02765,11,Alpha-2-HS-glycoprotein;Alpha-2-HS-glycoprotein chain A;Alpha-2-HS-glycoprotein chain B,AHSG,28.249931100971992,28.755551942026127,28.235471700241344,28.685258409603442,28.251013146746658,27.972041526721192,28.339826769086706,28.70973270564537,28.28389119414403,28.09066419906055,28.500842215799672,28.180326028717552,28.085459495576416,29.308306738738395,28.281125612963976,28.583883545575898,28.70520707665329,28.691093055660797,28.537308179159847,28.619638139677864,0,1.17488093600438,0.203364857522668,0.544755748559004,1.31367051846424,False
P02766,7,Transthyretin,TTR,28.485787223296995,28.748584618586563,28.84044145944972,28.88482163888319,28.441397355582428,28.800454885733135,28.49424717468862,29.18876374939234,27.811310958164928,28.638627252483218,28.366862102025234,28.557919381412475,28.143208103575827,28.59809646877218,27.989100491827955,28.088952097057476,28.866084735639067,28.42471619793399,28.385029259042877,28.358032533276905,0,0.833882363999729,0.108309142243474,0.448072365279072,-1.67854952572341,False
P02774,29,Vitamin D-binding protein,GC,28.902237906859533,29.411341171973774,29.074957404564397,29.426119792264217,29.21815968150493,29.375866073962644,29.267494403398846,29.658410121831285,28.787590309313618,29.116523981191914,29.343147272765865,29.2917792135032,29.148796023289503,29.754425099340203,29.11615594893842,29.601379491859646,28.96389357869296,29.066217728246887,29.551594611753195,29.298149214753007,0,1.05944803893352,0.500212844250696,0.712901083529544,0.686210591930301,False
P02775,2,Platelet basic protein;Connective tissue-activating peptide III;TC-2;Connective tissue-activating peptide III(1-81);Beta-thromboglobulin;Neutrophil-activating peptide 2(74);Neutrophil-activating peptide 2(73);Neutrophil-activating peptide 2;TC-1;Neutrophil-activating peptide 2(1-66);Neutrophil-activating peptide 2(1-63),PPBP,20.00849098420614,21.567548688628587,18.453081831634165,21.43365358443737,21.654652805319525,20.965451395248373,20.658160173654732,21.06792441342513,21.36580111293873,19.207954304442513,22.68376842090429,23.482963208522417,20.850702339339822,22.471365535088648,20.308521229783697,21.796421804754768,21.367419659010153,21.803759642987266,22.812576495576117,21.869279625826877,6,2.44253250462684,0.0104842449295778,0.187017232351442,2.81493019995301,False
P02776,2,"Platelet factor 4;Platelet factor 4, short form;Platelet factor 4 variant;Platelet factor 4 variant(4-74);Platelet factor 4 variant(5-74);Platelet factor 4 variant(6-74)",PF4;PF4V1,21.262249072994283,21.903604095178284,20.460832586216014,21.34399718552767,20.443637115751006,22.088817729153458,20.919061302514006,20.301249831279005,18.698238937207503,20.63320015531713,21.413816217713425,21.155193539408113,19.680175745318074,20.556213321840477,21.80187314054885,21.41409386781689,21.25273533062898,21.450115899959926,22.498376935282028,20.765702031337312,5,1.20422163503288,0.319245419790057,0.617357741330602,1.02061420207468,False
P02787,56,Serotransferrin,TF,32.89566640574142,32.304589100691715,32.76449370141564,32.53992569103831,32.8157054019334,32.367979823236624,32.426574213234204,32.65657359681379,32.02029560666215,32.56065097641073,32.625850374408884,33.02711484552195,32.62459951084947,32.777818978100875,32.61469264383008,33.31551515982955,32.822989496570294,33.082748620943335,32.71096536689207,33.02616379293893,0,1.28163471560702,0.00847375942638742,0.179922858472445,2.90973962396521,False
P02790,23,Hemopexin,HPX,31.09769093804678,31.144926250978212,31.136679787266957,31.158887434121546,31.088192098029396,30.959711521390517,31.111557899329984,31.336424925768366,30.833311662371052,30.7391989008975,31.313735162951552,31.476490417783285,30.920720576680328,31.14150514306772,31.008501581448044,31.304062815495996,31.376825681303107,31.172084609921445,31.308387406006375,31.345763967889486,0,1.13487312130461,0.0819600569653742,0.417224105855535,1.82847506688443,False
P02792,10,Ferritin light chain,FTL,27.779775644830284,28.4354011626177,27.92426194681028,28.72213716319765,28.166854707861376,28.704595047357202,28.93669894015781,28.555116769626785,28.236665240610673,27.737674172273564,28.166357662971706,27.127110482841548,27.2950805472459,29.186064085521753,27.73598431982136,28.44710850913014,27.384162082508237,27.044675667046413,28.12734344859646,27.36498784641224,0,0.756793995036332,0.0416746349805431,0.314522477872934,-2.17179741253924,False
P02794,11,"Ferritin heavy chain;Ferritin heavy chain, N-terminally processed",FTH1,27.08799795255055,27.661893946421166,26.202055716549683,28.062462070194602,26.68237054169255,27.975537390813958,27.481070489877734,27.721888587543575,27.404178843552586,26.7720388965511,26.890523170121288,26.178403117918485,26.320119692562077,27.466427784608214,27.293266195313244,26.542821527185165,27.039525199883105,25.794810834194685,27.375322020680517,25.738326397649406,0,0.649768033568344,0.0249252761683674,0.259572233750645,-2.41837537031815,False
P02795,3,Metallothionein-2;Metallothionein-1G,MT2A;MT1G,20.11048877777085,20.660332212456353,20.60232121360462,20.347525563208375,20.506280660509784,20.356896894638265,20.63545748676492,20.929101271504305,20.141126556720128,19.975279482976962,20.62816610109385,20.89740320204133,21.34071865740513,20.42936751479377,20.815628421648306,20.81833754626137,21.13849534283652,19.40747042787677,21.8395694062854,21.09649790866768,8,1.406619043588,0.144367451173034,0.497801806304702,1.51723394126313,False
P03950,2,Angiogenin,ANG,21.726886366441807,21.63700776657943,22.0579664762899,21.852700983263198,21.13206823071892,22.32397140954608,21.768083834594236,22.352793594134177,20.06130585659445,22.35020141214815,22.525228191962928,21.218075920175416,22.536027629212143,18.446264210254302,22.49236695322435,19.32688936803066,22.098921248923208,21.921672257210144,22.066253929653435,21.354499817287817,5,0.989559449859134,0.519762691543846,0.721310207615658,-0.65489679412651,False
P03952,13,Plasma kallikrein;Plasma kallikrein heavy chain;Plasma kallikrein light chain,KLKB1,22.408721490089153,21.663884138578258,21.767923617067925,22.058243303158118,21.935346610577927,21.47125326920291,21.767823657226753,21.3146300407698,20.77856789632754,22.077597364093485,20.95208701298473,22.086820720899162,22.383047104792706,23.407450661656682,21.951849479108333,22.554046889018938,22.152377899099925,23.10594939313677,22.21129245968389,23.181835270352956,1,1.77178072413169,0.0302075516131571,0.27325797600272,2.32735052368977,False
P04003,16,C4b-binding protein alpha chain,C4BPA,23.53948295894459,26.099755533170004,25.135384341006134,25.393465925932563,24.726994293790856,23.867191368164683,25.25171112430943,25.56109816234067,23.472811688079176,24.598637735977107,25.412340501073153,24.816263885770294,23.23807312942804,26.603064507252256,24.706021948023377,24.74483488950764,25.585983856767385,25.684310480987918,25.652187433773378,25.2520802844839,0,1.38659511003815,0.294367804618629,0.606452439173249,1.07593097040173,False
P04040,29,Catalase,CAT,30.74004284151046,30.188398471545284,29.91675519120364,29.388211016857696,29.820231719246202,29.576356517517304,29.961560443072212,29.58133256770507,29.33661354172446,29.28648669517351,29.64183387357203,29.676761518572878,28.72700427927536,29.777136134761342,28.75954751186348,29.951015660920422,29.984737566619835,30.077674200856602,29.22309913743696,29.657046227381958,0,0.856688527791782,0.21654708702133,0.55792310220854,-1.27477110617962,False
P04075,24,Fructose-bisphosphate aldolase A,ALDOA,27.834902997504358,29.14290613460109,28.56609741921943,28.38599923501315,27.910513679643863,27.623398325648992,27.87350309585312,27.65828300617059,27.728172137216177,28.65980504525163,28.07287358947698,27.58637514026825,27.91200334619542,28.702925455656793,27.16284375698301,28.333673402113956,27.982330707179443,28.81486033089317,28.82648999669065,27.776924707544573,0,1.07254466276921,0.922097128321764,0.827857818900173,-0.098994683741581,False
P04080,5,Cystatin-B,CSTB,27.042563312613847,27.607248981000513,27.97323317278637,27.428439041642847,28.019957569487076,26.929525490993726,27.24816261906766,27.386992433857614,27.122660621413946,27.39767389958882,27.22837620776196,26.545131580221156,26.546076847228356,27.77579491838203,27.476433080970914,27.445452228102482,27.832134113529268,27.226670289569068,27.48016106049294,27.57382195547951,0,0.984721609811129,0.551303152787601,0.730786710248407,-0.605715914715045,False
P04083,24,Annexin A1,ANXA1,29.168771747511215,29.88641526797809,29.441604110117225,29.537709392880704,30.19682431437371,29.018176902113822,30.041717761995727,29.926065660516713,29.832582530137977,29.410654170299754,29.40048013439439,29.48232214231402,30.223364881542146,30.202043110508317,30.218501971907088,29.762228911145016,30.452675647470443,29.854671594313412,29.757526932546234,29.70173696298778,0,1.19109016633389,0.143805538574143,0.497006182878051,1.51947551704704,False
P04114,115,Apolipoprotein B-100;Apolipoprotein B-48,APOB,27.092644029822953,28.9424698970693,26.56195508480029,28.120820934628668,26.505273706541647,26.055897632505186,27.36646734665003,27.54253622628475,25.77090330714824,26.978205831261896,28.603529204012574,26.754302969143442,24.145233977157552,29.001314837264104,27.50039584479195,27.901880309627135,28.386567488103733,28.040244794422712,27.72441374730319,27.46082380192558,0,1.61803417837543,0.343332264248252,0.62953495777516,0.969873997831942,False
P04179,9,"Superoxide dismutase [Mn], mitochondrial",SOD2,26.601191830467393,27.589027696213563,26.443513244913888,27.45135264093646,26.287613739544387,26.410390643641215,26.966623196645877,27.376029634406358,26.25225773923109,26.83012048568054,26.51952230677349,26.184704508526064,26.211119161982417,27.3065515964741,25.779123707745363,26.89782891724015,26.54053551830257,25.854915733662832,26.483933175216748,26.761085389549727,0,0.776120742605648,0.112216438411231,0.452941459078393,-1.65905381568412,False
P04180,2,Phosphatidylcholine-sterol acyltransferase,LCAT,20.607419650175654,19.23529758859634,20.519954592828608,19.558679546598885,20.315018967157638,19.966938534473943,19.821559686386877,19.973474698789065,20.448802587080223,20.658135668281684,20.301831380675676,20.480935355169443,20.876038059208625,20.284416342076536,21.27779121115368,20.159114008508656,20.14115826065955,20.89952025801293,20.414192771245585,20.974486220202547,10,1.36326895055356,0.0746445427096483,0.401100882140137,1.87751990351133,False
P04196,13,Histidine-rich glycoprotein,HRG,26.179102354272487,26.433222831233877,25.91455677341918,26.185403275028822,25.693950608354452,25.653990270178472,25.62889047376224,26.060128335136124,25.80066946134844,25.97828265175652,24.85652845086296,26.61858433657813,26.23951412585338,26.659128968867478,26.271150851416838,25.611021485134295,26.452737750008925,25.762379600840557,26.965128049203713,27.137914498518303,0,1.4083936943291,0.201047464990528,0.544755748559004,1.32071076982035,False
P04216,4,Thy-1 membrane glycoprotein,THY1,23.77577623601325,25.54005647490021,24.230329940062827,22.89413137568089,24.298839434216394,24.180498315120897,23.914581959292406,23.952765536822156,24.636234129151944,24.18302257883977,23.686504372973797,21.156178079661213,24.353005449464042,24.23404624626864,25.57473933751871,23.072116620062456,23.92158458811153,23.041532433189072,24.587362864116347,24.253907922053404,0,0.876075252704845,0.387969542233416,0.657189567517688,-0.881921037162157,False
P04217,15,Alpha-1B-glycoprotein,A1BG,27.75819087736051,28.062769297616807,27.15948156869213,28.012674501739532,27.282986887907676,27.610303433518375,27.397568479612197,28.202851686432385,27.106692286609967,26.792439802340535,27.948570706544345,28.213124342344038,26.84266349873479,27.80505456241686,27.704318119861853,27.79046534481088,27.748100243389235,27.38377566472428,28.086252045820935,28.67138537595976,0,1.24052556961457,0.194274646952373,0.539227987617833,1.34165811695234,False
P04233,3,HLA class II histocompatibility antigen gamma chain,CD74,19.715007789568556,20.975482160138228,20.199512880561347,22.97489261488983,22.236731534782688,22.57809683203844,21.089815573605293,21.22561048001737,22.087790540975117,22.02492924119029,21.855371732700892,20.913896744051257,20.48970024863409,22.78716888895576,22.629728363652823,20.746356395589174,21.284241870257695,20.8984495717108,21.610856340363245,21.231346112188007,5,0.857191589629848,0.872771975038646,0.825812662811676,-0.162139456175831,False
P04264,19,"Keratin, type II cytoskeletal 1",KRT1,22.23220836234457,20.625284391007234,19.069899839024185,20.274935197575545,22.331958160122635,19.76399112463286,20.27869066045225,22.77749893446595,22.994217020384784,23.938592717286248,22.777905193489964,25.30232130814379,23.182910798997597,23.097091852349777,22.148671853259504,22.617525352372425,22.344725942083507,21.844701238296064,22.460389677333993,22.02285428900669,0,2.82992929973119,0.0211949459214443,0.244466286728116,2.49418746516698,False
P04271,3,Protein S100-B,S100B,25.71304005151148,27.922112237909406,26.26103938226241,27.302638781111547,27.65352553344617,27.17346172679458,27.071246709074885,26.50296080221846,26.004916845148173,25.990459835994017,25.139083567642995,26.405810947081633,24.568743000224,26.48256022912704,26.715343899264894,25.984883432399336,26.233539312026885,25.61870737482939,26.2217697590171,27.361951832078738,0,0.710421161585938,0.0482446436876565,0.332092812787646,-2.0995471675517,False
P04275,61,von Willebrand factor;von Willebrand antigen 2,VWF,26.396185990718713,26.00416128344799,25.4316383083487,26.952719918379962,25.356781560045928,26.449555865336233,26.284454248406337,26.0979079242222,24.793735203531376,26.6379368274833,25.40848141931617,25.951116560150613,24.985767664815064,27.26096200445841,26.220093835278572,26.02515603708894,25.251778718258862,26.14411952906513,26.53382803977655,25.749436151791176,0,0.935372961235881,0.768120399284439,0.807231985594737,-0.298744528413586,False
P04406,16,Glyceraldehyde-3-phosphate dehydrogenase,GAPDH,28.384790713009007,29.761045720205058,29.296438981057822,29.64316429548577,29.697715598084528,28.932032194900835,28.558773750714938,29.927012972330502,29.138469516317446,28.903019727137593,29.123144721220402,29.071862004729173,28.696953699934006,28.729708107235364,29.242257720172955,28.697514249075304,29.691370115315028,28.895712975300736,29.305333936904542,29.59784212313709,0,0.91415962506955,0.547638105770524,0.730613623538725,-0.611351702064118,False
P04424,2,Argininosuccinate lyase,ASL,19.279162532895242,22.344918023049036,21.6912493194591,21.596312857317734,17.049847868926243,18.480338644982126,19.38919622577956,19.819055273050726,18.974639503052753,23.201500037421784,18.86505083396504,22.135493166547676,20.873293156891393,21.485231571567834,17.834623671659532,19.223363598183933,20.787005665573574,19.45061176225932,22.954400912198892,20.875071379776152,10,0.8853672541335,0.727624764069628,0.795870457583298,0.353055893772611,False
P04430,1,Ig kappa chain V-I region BAN,,21.44474867041838,21.49057861517386,20.64862765374553,21.71392326673604,21.002325280876313,19.995829431758406,20.83154704322597,21.676151429864557,20.80267695929146,20.52851612333248,21.253066810688026,21.133277346649354,21.32718191192347,21.486204675317293,20.182358091563938,22.672266331989054,20.19333831982494,21.94333503368461,21.504246427078083,21.53438522304262,1,1.28905561202405,0.331436094728729,0.621344828365596,0.994613702848655,False
P04632,11,Calpain small subunit 1,CAPNS1,26.408319571203275,26.754025360937696,26.092308375113806,26.220819597792243,26.381648664023835,26.432744747450485,26.467577179045758,26.470712587222618,26.436269383352833,26.42055886109406,25.897041328832394,26.26524022342757,26.23729647710735,27.324804427653056,26.72554157635319,26.65327917798687,26.782646452762776,26.348371402263478,26.18954416529372,26.10534164597175,0,1.048083456546,0.786226543068279,0.811510678024041,0.274765352207285,False
P04792,18,Heat shock protein beta-1,HSPB1,29.618338407197935,29.545021488863764,29.661058037156074,29.72550856838472,29.599460560308472,29.898505149318872,29.753240073428422,29.6890197530974,29.364726004021193,29.760056863747543,29.434880417713455,29.713811331287822,29.410789965293247,30.297085139667495,29.675335292597474,29.831243631144144,29.884635382400415,29.649628693970886,29.102922650583878,29.747311006757673,0,1.02148528970083,0.91693854237011,0.827540449847929,0.105574716333015,False
P04843,8,Dolichyl-diphosphooligosaccharide--protein glycosyltransferase subunit 1,RPN1,22.477023730280308,23.436127598404056,22.976976974872045,23.10736502267417,20.97319113044745,22.769320362312623,22.958361812124675,23.732637254400167,23.63257678627259,23.924917167053962,22.96424202458459,21.39220737064142,24.104638405793047,24.023149663815598,24.65954407135995,22.832444218929222,21.852079614595286,23.316848970780157,21.79661664996159,23.298663156442334,0,1.0053742762294,0.950100199127832,0.837319346889102,0.0633459058663989,False
P04844,6,Dolichyl-diphosphooligosaccharide--protein glycosyltransferase subunit 2,RPN2,21.15323680224533,22.09478769453646,21.36475603414617,21.85206763932618,21.645803155166057,21.407988229675126,21.350804866388327,23.100423385902218,21.121671770718784,22.00740987671678,21.441286322027906,22.362495092338403,21.495662950227143,21.64436226450726,22.452050625165775,22.128318043637197,22.052412706577034,20.56417414809474,21.390128848592653,22.38317670338382,1,1.01685285081581,0.792628553234638,0.81186965806444,0.26632681381808,False
P04899,15,Guanine nucleotide-binding protein G(i) subunit alpha-2,GNAI2,25.421632019974343,25.490001049585214,25.74744691969351,25.848418671553144,24.234352554545037,25.54699328997363,25.428938620224844,25.203267847427192,25.250691089524747,26.319136570241042,24.92788494532735,26.044435750090233,25.911001885664277,26.153020476483444,25.883273445728804,25.70482278268536,25.665592689359922,25.4279950410545,25.097455695700503,26.016574092453567,0,1.15134849735643,0.300680635353991,0.611114865961753,1.06158771206946,False
Q99878,5,Histone H2A type 1-J;Histone H2A type 1-H;Histone H2A.J;Histone H2A type 1-C;Histone H2A type 3;Histone H2A type 1-D;Histone H2A type 1;Histone H2A type 1-B/E,HIST1H2AJ;HIST1H2AH;H2AFJ;HIST1H2AC;HIST3H2A;HIST1H2AD;HIST1H2AG;HIST1H2AB,27.039145414070067,27.507982743033708,26.924256183604978,27.136972027605456,25.3975433037197,27.57308724474174,26.08037946693958,27.597095670405928,26.425501104424846,28.09469022817435,27.43476060165481,27.010838064224775,28.03371601822946,26.208018905893216,26.98544639943004,25.94771752064056,27.672436211790888,26.3579015337754,26.623023588977745,27.306847091595152,0,0.990540096593217,0.950766301496499,0.837319346889102,-0.0624991511910564,False
P05023,14,Sodium/potassium-transporting ATPase subunit alpha-1;Sodium/potassium-transporting ATPase subunit alpha-3;Sodium/potassium-transporting ATPase subunit alpha-2,ATP1A1;ATP1A3;ATP1A2,24.2765930896828,23.316809616448996,21.77490301295016,22.52494314592134,23.595035011619718,22.030214339578894,21.81232296066963,24.244290758142057,23.631653079656566,24.161641759382,18.693790965261126,22.95609154239,21.9790009120521,24.193681594200992,25.41153453318079,22.14942705016703,22.898758235561658,21.645975412704516,22.042971661299152,24.105128166546464,0,0.875520521341823,0.41586684646805,0.670306432105353,-0.83029689590637,False
P05090,6,Apolipoprotein D,APOD,26.576440980476743,24.623734162240115,25.939124115681263,26.208497575156564,25.082393214170487,24.702446998100857,25.485914272382796,26.3063144873805,25.115051661875373,24.85036752385136,25.428713338368432,25.25912220020933,24.992379442307513,24.406214491485542,24.76824347439011,26.640385741886586,25.3119496227052,25.378953942315448,24.79864837215393,24.694830371834065,0,0.746276110053439,0.275635426903003,0.592304662705395,-1.11984489891498,False
P05091,26,"Aldehyde dehydrogenase, mitochondrial",ALDH2,29.63091077344881,30.8399717689158,30.31143346820014,30.397314870739788,29.706128034400916,30.22662151591706,30.08143974442987,30.202790403561366,30.47768722688407,29.226520862918267,28.675252415195317,30.252285659628757,29.790087736954966,28.908541695426482,29.68680471247876,29.10750116209243,29.808915905467078,29.82922192307325,29.13953733126094,30.0984950597854,0,0.674365606187232,0.0154396312316708,0.211679581794544,-2.6401006209276,False
P05109,4,"Protein S100-A8;Protein S100-A8, N-terminally processed",S100A8,21.262568973543875,23.857055007687453,24.62226163031867,22.723012342213394,23.731753976579306,22.22556130803887,22.271446666295972,23.610372618861483,22.303878025234965,24.456695415797473,23.96826958808577,22.637636094262024,22.45789133745617,24.36113322627234,22.49921436810036,21.791459707571203,22.849930779648428,22.602308501444995,25.357008821078622,24.65213470054732,1,1.37458454376726,0.674835940111394,0.76968146506879,0.425552419889061,False
P05141,11,"ADP/ATP translocase 2;ADP/ATP translocase 2, N-terminally processed",SLC25A5,24.652034419809166,26.51842593398042,25.061459257118795,25.516876412712996,25.355422599275446,22.603762128797793,25.913673341214768,24.47030888210275,26.161300500759104,25.72503269549885,23.206712834359028,24.815796818812267,22.677583199610904,26.232699370404404,25.088352974725392,24.593857969294913,25.098666791662172,24.437123830782216,24.83326293328013,25.28837474741611,0,0.670867210660322,0.218617515093303,0.558274600234128,-1.26882950231256,False
P05155,15,Plasma protease C1 inhibitor,SERPING1,27.630826757507652,27.594865906269355,27.83004115568866,27.649824352166398,27.01730089216769,27.092558521138677,27.21981896290409,27.677728028525546,26.33505011228428,26.836817294018974,28.025413452133073,28.148484998872604,25.67349338818384,27.523157801780055,27.634900159905246,27.890362461088166,28.17338589705925,27.632821631541294,27.558716393839227,28.31104956227506,0,1.42487232945934,0.157194010200452,0.515644929219471,1.46791467787422,False
P05156,14,Complement factor I;Complement factor I heavy chain;Complement factor I light chain,CFI,24.77312076691752,24.653814213925187,24.598373241187627,24.49113085204976,24.019187472338782,24.499993153059044,24.56146978697093,24.80720595126036,24.24644274805686,23.85209707954654,24.875979840846497,25.899159590763706,23.30041967023578,25.180191480593944,24.263574338841607,24.764591253510822,24.147706612403912,24.328594202788125,25.616452378306615,25.230398301797152,0,1.3830860629744,0.267975013907103,0.587927183588789,1.13843220982894,False
P05161,3,Ubiquitin-like protein ISG15,ISG15,21.91878756173051,23.042872095574634,23.92967746489088,21.984919952241704,22.89642961718373,23.586488297341837,23.84907904086755,20.668024194559415,21.194305225569675,20.659201577981953,22.155868844666617,20.010653883310756,21.192806699336817,22.013460060175902,22.000648584028905,22.19707321567727,23.082718149001877,21.53341652723731,22.15819426530201,22.21762426960154,11,0.541905201499709,0.2615680748488,0.587927183588789,-1.15428147395514,False
P05165,6,"Propionyl-CoA carboxylase alpha chain, mitochondrial",PCCA,21.27809833203193,21.106149704932264,22.286867567890333,22.839268169570044,19.890345719885733,20.946056744492115,21.75571159541419,22.11961378359948,21.894971189640113,20.117553386781374,20.652188318114703,20.69537009826293,21.063062246776646,19.91017896721216,21.048268848101817,21.12814628159342,20.970724007017544,20.59101908157134,19.967492856573166,21.278509046095813,7,0.536375361968616,0.0678881297405334,0.381767755252692,-1.92671568041839,False
P05166,10,"Propionyl-CoA carboxylase beta chain, mitochondrial",PCCB,22.45923304980748,22.868398363073005,22.41128263834796,24.02333710599012,19.795552071422346,21.94827835776041,22.565705619448988,21.91966312601232,24.54794969397628,20.93912719639457,18.775299059237405,22.74042136766788,22.646966871400085,22.888727328778767,21.765121784089036,23.150971125288198,21.831425076181443,21.266645733342433,20.47255119339834,21.732022518011078,3,0.628951961446749,0.304483121974553,0.613004169071843,-1.05305195173964,False
P05204,2,Non-histone chromosomal protein HMG-17,HMGN2,19.35180599585525,19.893645581885973,17.85866413209252,19.972499160384366,19.861212214927768,19.385046121722294,19.510919877062552,20.756553172933756,17.186634400578427,17.976601127151707,19.443923527421152,19.301020067968295,19.247179054344063,19.88439165793953,19.915702843378842,20.05629055202766,19.613512978671285,19.387647028583764,20.56740557754714,20.28943339991914,6,1.25025858415952,0.130941990247343,0.480582462943449,1.57288347215202,False
P05230,2,Fibroblast growth factor 1,FGF1,19.677644754183568,18.62950864768594,19.705867906434545,19.659341891691078,20.735175039938763,20.276859245942475,19.429234795419934,14.223775626087418,20.68494985770105,20.928906584783544,19.235588418167968,20.09735032077172,18.587042314248766,19.45712797283895,21.679633723483878,19.40924152834331,20.782736998168343,19.62599538745911,20.57630870120956,21.52627226433041,5,1.35426853619687,0.297218597262247,0.608461038679821,1.06942667367668,False
P05362,5,Intercellular adhesion molecule 1,ICAM1,21.105021538505337,21.6193890687848,20.439063077141487,21.86052197329062,21.949352593151,22.976709761229948,20.660511481876703,20.43157068297479,20.698828558252337,21.88969593581964,20.009844305256085,21.369717397994442,21.484602593199305,21.28095113131216,21.79056596645133,20.60719391041344,20.770583802726154,19.863477459020814,22.71959859049186,22.290859462280864,5,0.910069593892237,0.72885244354713,0.795870457583298,-0.351394164792817,False
P05386,4,60S acidic ribosomal protein P1,RPLP1,24.96660545934125,25.052387431276404,25.511730042935003,26.125109266287588,25.402577295250715,25.698753913637724,25.238349883175996,25.651651055399565,25.377142503637945,25.66426700087444,25.25727688759955,25.260869008716345,25.573753085311587,24.351730716892114,25.56129220199253,25.06769091138496,24.815446765670067,25.349937871655275,25.201792085527778,24.998299404639337,0,0.804274509874613,0.0860664236399559,0.419883675208394,-1.80259474451747,False
P05387,5,60S acidic ribosomal protein P2,RPLP2,25.279224915435986,26.32191124025748,25.172665906272535,26.587743820198867,25.78316216867927,25.4559868395025,25.662495830737118,26.739205647570184,25.866912733114876,25.963181043325623,25.26882846506081,25.808217102358178,25.53012341018712,25.335995669167456,25.976210674592206,25.288958010704064,25.788360649454734,24.973387179923577,25.472856814279996,25.852738623597183,0,0.76041819855746,0.103873190798132,0.437355574810954,-1.70142113356341,False
P05388,6,60S acidic ribosomal protein P0;60S acidic ribosomal protein P0-like,RPLP0;RPLP0P6,24.020982269596885,24.62273074429023,24.248065382930243,24.719720351456576,23.91490586699528,24.569768761280617,24.54513002374522,24.278487582487323,24.56793437645854,24.988424195088296,24.610819661647323,24.838807953306368,24.81194995350232,24.502416629642212,24.190091055333646,24.656912697661223,24.03849564741198,24.47558592769166,23.350829473484207,25.008921183391998,0,1.03115329027385,0.996615546337343,0.843797505224354,0.00429343902456773,False
P05413,2,"Fatty acid-binding protein, heart",FABP3,23.036718749592854,20.458785611673814,22.166978251903426,21.760348086582777,21.310626229639404,21.700942116254936,22.80898507310326,21.564874287224736,21.59188490402996,23.623601527557295,21.360015239710375,21.49840446592245,22.16997863130069,22.67302183422466,21.918282065256033,21.19310721687283,20.76014587746102,21.915303179301574,21.67291769825218,21.52139728574869,0,0.669429548098601,0.346832924837644,0.630980493438796,-0.962706429657417,False
P05452,7,Tetranectin,CLEC3B,23.820984746802583,23.833339265496583,23.34223727695435,24.507437344265636,23.598233179040047,24.56480777880638,23.429692877122427,23.736019803338063,23.585164246774294,24.140684087189225,22.843636411908733,23.78281498669363,23.814716760804654,24.59490402898356,24.869889561265317,24.19525264380696,23.36238828238752,22.929569339701043,24.540681494566567,24.523933008522615,0,1.13893817103775,0.751667052057041,0.801904289788762,0.320691047256411,False
P05455,11,Lupus La protein,SSB,23.483584139922954,23.041144776783348,22.954146832673125,22.6330430320805,22.800836621949024,23.306291936084225,22.483754912289932,22.655144006388817,23.710847356726028,23.452650143403403,23.026216760418976,23.941589486870033,23.425879264877448,23.439031093163216,24.023175161146046,23.86259795300547,23.271235416257,22.727186808564053,23.517899117185745,23.781039519980016,0,1.34010436367831,0.0630521732950943,0.365730721989237,1.96465550311544,False
P05534,12,"HLA class I histocompatibility antigen, A-24 alpha chain",HLA-A,23.63005070054464,24.707868923003257,21.025293957088895,23.301728934726064,21.956605468832915,22.12289627142462,23.267894337369082,23.75951978766346,23.69398482785727,23.785628680884372,21.706467430962338,20.720448140488678,22.426288697136602,22.49408438363844,22.6456011364594,21.04442731930693,22.3158187582183,20.274902343902948,23.420428725381964,20.928936720872283,1,0.395937130631736,0.00956996101222015,0.181482743058785,-2.85567083852159,False
P05543,5,Thyroxine-binding globulin,SERPINA7,23.231367567534644,22.808766053207595,22.90069567336522,23.010098130013226,22.32022873979717,21.80670658960682,23.31902324184365,23.159632052406483,22.428024538647986,20.195755505900966,20.81177844982592,23.204942368022348,21.504648035403147,21.380081713702783,23.188409865570602,22.297860474400512,22.53198580389167,22.488112987060173,23.07346829564119,23.06044710704315,1,0.969019190168258,0.675066576037029,0.76968146506879,-0.425230861287451,False
P05546,13,Heparin cofactor 2,SERPIND1,23.74263406349218,24.786855289237337,24.316585748583705,24.47775668869077,23.33664384431223,23.5914110672313,23.90366803944185,24.280227792697044,24.1112766666516,23.85465254875346,23.92549521925241,25.21638818225021,23.09258892682898,24.544909622558325,24.53324875133592,24.26977554894959,24.895406970578602,23.801962146678836,24.536210608367014,24.728514947192735,0,1.32811707168332,0.228001617998647,0.571901342084076,1.24243023627789,False
P05556,15,Integrin beta-1,ITGB1,24.805562623958046,26.148241884549552,24.742323370141488,25.049178566394826,25.33743493567157,25.79856997120559,25.422418998587954,25.56579231387203,25.974137527374058,24.92242641092193,24.69064084643359,25.48429702989634,25.13893338175448,23.492810765347336,25.710680180299846,24.361217841542295,24.844666066407875,23.904613034363717,24.862523397942603,24.943738022229,0,0.707945145858963,0.0250351847786193,0.259572233750645,-2.41630602747736,False
P05783,25,"Keratin, type I cytoskeletal 18",KRT18,28.382238072120504,26.552296367682146,26.097087038341535,25.510471459912903,27.020514287256052,26.38072279746695,27.02463482418576,27.476691637810518,27.676821958139392,27.521612272999477,27.553788681756135,26.057904639575632,26.581338751614254,27.880580170486276,28.24754409768195,26.66379922245857,27.21468838466057,26.24215749156384,26.85769537978492,26.824939597357364,0,0.863204812092518,0.881360079589761,0.825812662811676,0.151103849596534,False
P05976,1,"Myosin light chain 1/3, skeletal muscle isoform;Myosin light chain 3",MYL1;MYL3,20.412078651761924,23.360784882196107,22.694772546394542,23.40911385587231,23.023836648357708,23.136919615616453,23.196959305515584,19.583354352773362,22.929862600030937,23.15393851498879,23.228671560775883,24.02136317429061,22.755016382861104,23.22325597192369,22.88513092220229,23.111086935325346,22.696735419760962,23.261562690072882,23.305920934431022,24.637684228120825,4,1.47449529643256,0.0892439072584363,0.421730243491225,1.78329394668441,False
P06132,6,Uroporphyrinogen decarboxylase,UROD,21.231285391627175,22.837343085243646,22.892426130985324,22.03231591197403,22.842854039240503,22.684643612013343,21.311606203043986,23.272502615382933,22.547610681646052,22.017564195678318,21.08184347689958,21.485574384560756,21.753908863618406,21.49167089653862,22.3664680988977,22.447758142617168,20.315922976352518,21.791590214885925,22.09791304311004,21.528578594855436,1,0.596178035799867,0.0379121276180537,0.300084413217238,-2.21798033022049,False
P06312,5,Ig kappa chain V-IV region,IGKV4-1,25.13489565851033,25.182692656761773,25.04182735976414,25.471174682866305,24.4827730974925,23.991835057997065,25.177524128381755,24.855633343404953,24.348795868565396,24.350984840624143,25.897604323344154,24.063592666169445,24.719195559724156,24.853810857861216,24.727188600452457,26.07738603192199,25.357201669580817,24.43962334242137,25.143633906723895,25.832137273325014,0,1.27608147908055,0.219822075436978,0.560167271859698,1.26539267136444,False
P06331,3,Ig heavy chain V-II region ARH-77;Ig heavy chain V-II region NEWM;Ig heavy chain V-II region WAH,IGHV4-61,20.862553948671238,25.31397807256637,22.978551672676424,23.536257681508538,21.637085910676173,22.48979519285848,22.41411733054681,23.61633953689822,21.99257274915267,21.521035893316064,22.27219100414855,23.3547984836938,20.88289759677457,23.09971886617332,23.326830126836754,24.547500035803523,22.28129615288704,22.002080524051763,23.135745371504676,23.264380576706454,2,0.943087187308011,0.720793602425854,0.791883678738125,0.362320964522909,False
P06396,37,Gelsolin,GSN,29.57416172400186,29.159809821124107,28.975557954909995,28.646028157581355,28.916560687617753,29.41897463307883,28.781373164616372,29.06089637655943,29.05816631352045,29.060611249408982,28.9629174052471,29.04499165228713,28.576879964390862,29.053648313749175,29.16026421183346,28.778181963253356,29.260852568900845,28.60029622361729,29.14990205669334,28.90156534309384,0,0.917457475663833,0.382633373015426,0.653718886424789,-0.892067923725877,False
P06454,5,"Prothymosin alpha;Prothymosin alpha, N-terminally processed;Thymosin alpha-1",PTMA,23.73129202131069,22.784090290008223,24.174284693783164,23.892350114601093,22.370801538364823,23.543871471718823,22.500532921705403,24.31573031869798,24.91419300460257,23.934794771127645,23.895364750415016,22.89661950183102,24.367642027760517,24.201037610335568,23.860857647938623,22.763879763636197,21.578270459632964,23.891435294141786,24.79937365081266,23.932258540272702,0,1.01853317818064,0.99491419918071,0.843797505224354,0.00645175451396512,False
P06681,8,Complement C2;Complement C2b fragment;Complement C2a fragment,C2,22.14984524170208,19.054411929554906,20.387102149169593,16.080026309910462,20.250931202945434,17.918948982652257,19.407726172153545,19.38358633942303,20.149036076752743,19.85900375923805,21.681495635398772,22.74923536122955,21.41927626033196,18.459169318749108,19.876896091902733,19.990665756926592,19.760870682709935,21.9204814664545,21.64485796340725,22.07321230117668,5,2.22596131039838,0.0300097820331806,0.27325797600272,2.33048302180917,False
P06702,5,Protein S100-A9,S100A9,24.866487457154438,23.977192179470762,22.752015474514813,23.5360828825924,23.47663613098133,22.44557903165937,22.671884440044252,23.82948400464816,21.701566413728877,24.337184264275947,25.36525462232786,21.793586804877673,23.64555212023635,23.798292270331775,21.046830672750772,22.523562395228698,23.409893304061956,23.695436817420934,25.837813522066735,23.80552642210321,2,1.59057651324995,0.797687061893327,0.812593916944395,0.259673171597527,False
P06703,4,Protein S100-A6,S100A6,28.678895696565377,28.305865213130883,28.259751070960554,27.772607917708985,28.973191373586374,27.687766387532257,27.74937419678262,28.937980541659524,27.922485618510702,28.091971216220887,27.943578418607395,28.02456170488264,28.377614726362776,28.653972091685574,28.871880501692942,28.426686956320797,29.352327017442285,28.569764599202493,27.97282706952012,29.15073511199182,0,1.26804671327295,0.164282951180086,0.521118528909864,1.44205022488505,False
P06727,22,Apolipoprotein A-IV,APOA4,25.461904502632628,26.66399018350237,26.14268432180085,26.503373700908284,25.02305917498614,26.0589151294753,26.53699876028969,26.608146797765812,26.580814763593164,25.43853970518129,25.855099718948015,27.19946593383109,24.97619880045621,26.039595564281537,26.215751095079668,24.801445106797235,25.530755736754625,27.03867743605238,26.685367030989443,24.801462529527807,0,0.962704941618713,0.569565854456906,0.734163542789052,-0.577921409395044,False
P06730,2,Eukaryotic translation initiation factor 4E,EIF4E,20.467631071667316,21.275317294743697,21.06525948820983,20.8154588191215,21.347811265481848,20.426277370690983,18.369481851617195,21.866817678189847,22.281431215589034,21.14956005549711,21.193271697837528,21.210266606770258,21.750310621227012,20.762190855055206,21.57299258794468,22.079227245600705,19.76029229749091,23.094978420207532,22.340499344229343,20.091944828946158,7,1.39878900867389,0.318190369577359,0.617192968220571,1.02289691694799,False
P06733,26,Alpha-enolase,ENO1,30.174910847054928,30.18979715341515,30.283067019488794,30.11728250535135,30.232134768415214,30.426291248715103,30.297480677798294,30.029116251179843,30.36465607030074,29.905166531075086,30.071351963692837,30.129636711203975,29.874977424552352,30.273631716166275,30.169223826748187,30.089940969022823,30.294827794332317,30.15135710007132,30.029201761216903,29.927975532376646,0,0.931272981987255,0.295543406380717,0.606788483851314,-1.07324328359023,False
P06737,46,"Glycogen phosphorylase, liver form",PYGL,28.46969861897241,29.016317888432127,28.833432005124514,28.18022048610434,28.446238636179206,28.729571129680398,28.73363570902556,27.966222241922964,28.43101449322805,28.254958545041358,27.89916311927677,28.308659496968886,27.969651882301317,28.575902269656815,28.194008267190284,28.28451991662662,28.566575280170163,28.330834661411117,28.202058607529693,28.39390208557071,0,0.843197737765989,0.0974637332511968,0.427872205634169,-1.73598695328633,False
P06744,25,Glucose-6-phosphate isomerase,GPI,29.173020493571016,29.408289159524983,28.936275520976974,28.686804033007117,28.88543752514019,29.123565588108356,29.15101799487526,28.0799271059006,28.798013439898245,28.524603034823503,28.611435922334238,28.749302303916725,28.540432710032338,28.254824738502894,28.42115462703149,28.8722769567806,28.669445373694348,29.028828496851492,28.81999393631677,28.599305106788798,0,0.82892749982982,0.126108672158579,0.476445128823285,-1.59408222273194,False
P06748,9,Nucleophosmin,NPM1,26.35357449823972,25.706145124413872,26.002834363546096,25.504668129531925,25.785211714240916,26.251846248546833,25.926041621145927,26.242733336170577,26.38579143863078,26.41340195846887,26.040033821086368,25.91810601299658,26.028538745488994,26.950819664288336,26.020426069333972,25.666495271637647,25.725679031055105,25.32395819235867,26.488616488598577,25.8857945565538,0,0.937810255749578,0.761783301904743,0.805958734729428,-0.30717897840175,False
P06753,16,Tropomyosin alpha-3 chain,TPM3,25.412960145467043,26.498128248097373,25.18681785281766,24.840983901721476,25.25039192047036,25.835291792297454,25.731288343786368,24.94351299757519,25.26092991448399,26.152625271226523,25.267617779240208,25.792400859156082,24.942551250823445,26.33822635734353,25.088569016229155,25.528363700868844,25.082105132313487,25.03997947638786,25.473921151764696,25.570629550661877,0,0.909152775536757,0.664621708586184,0.76714524248479,-0.439839920250573,False
P06756,8,Integrin alpha-V;Integrin alpha-V heavy chain;Integrin alpha-V light chain,ITGAV,20.2200006808124,22.103033573883696,20.146779525396546,20.458441105425024,19.79877864952835,19.691454419699074,20.758997591826212,22.239113689180193,22.760977247956802,21.35291601558062,22.54022324268931,22.03855284194301,21.675181993187717,21.507623810904406,22.638926700327904,22.116455748461025,20.79984202238807,20.202609397141245,22.95514061009318,20.250035381771934,9,1.6340832036481,0.113748114030239,0.456900432304926,1.65156808009304,False
P06865,6,Beta-hexosaminidase subunit alpha,HEXA,22.84678139760153,20.07814707541849,20.51444773227014,21.49322759589799,22.011124163799177,21.284229291954148,21.27433005661487,22.010461130232986,21.207668038388267,23.00482254932844,21.512515741714648,21.84767410956195,21.482724188498793,20.901006091672816,19.628087222232182,20.4055479915178,20.873722544959836,20.074314119729095,21.61385663392825,20.56678296201398,8,0.570316135206773,0.0912029134150058,0.423185026411948,-1.77168869235863,False
P07099,21,Epoxide hydrolase 1,EPHX1,27.4390038117439,28.253889157660478,27.008349734344357,27.424136097597895,25.869516437210738,27.089077944585263,27.80144211059869,26.800561596704615,27.027520075806226,27.00879439534347,26.84862214594913,28.04025475550492,27.244111459352048,27.931286329764443,27.308334246764804,27.902542752248937,27.685828096808187,27.63980410805277,27.07056723476755,27.341365860977014,0,1.2029062216468,0.1787783288888,0.528663623258471,1.39184966658719,False
P07108,7,Acyl-CoA-binding protein,DBI,28.182369441742082,28.13189201036463,28.329521986910244,28.523702665249548,27.963518920796115,28.142861794524702,28.298114442887936,28.425120709196005,26.82178953572003,27.68946842305355,26.552204596297667,27.858171865179006,27.70565479854674,27.69516149696465,26.942239197915065,27.226964095162845,27.76433292659454,28.204546556252705,27.86199658928489,27.449241907288524,0,0.703843850190266,0.0195657802413154,0.236659049950114,-2.5312898556497,False
P07195,19,L-lactate dehydrogenase B chain,LDHB,29.48084824752781,30.38143149419056,30.224173347574997,29.76232052523801,29.924889589758102,30.25830885354805,30.234234184478247,29.780366456749196,29.575946956550283,29.093063155601758,29.603339105591225,29.498042803770208,29.508053126619348,28.94360059294619,29.55284953524396,29.415720544442053,29.819932163074245,30.00619855204173,29.377857323972865,29.317920178001973,0,0.760071791597152,0.0333838706412189,0.278298604360059,-2.27946873553088,False
P07203,13,Glutathione peroxidase 1,GPX1,26.948765175226956,27.33063007474414,27.395942858951248,27.531284455393557,27.281070441634835,27.489709016417475,27.578998016377746,26.524585127912154,27.19071922707414,26.84174382510608,26.73782836076462,27.127103680867357,27.11048974448465,26.890969644454653,27.135078594715345,27.007675552197938,27.28433343925436,27.390936518725486,27.240971719653118,26.93949058851883,0,0.89267668059493,0.381032369661369,0.652327234436603,-0.895130406310483,False
P07225,6,Vitamin K-dependent protein S,PROS1,25.292020879472307,20.543938496274915,25.192143304372667,24.996754184879595,25.582238314114534,25.827774313379287,24.282311871849906,24.481570353498487,24.48228854984166,25.487499976147337,25.040291054778738,19.678447985823077,23.671679631637765,24.249685829474846,24.398398120191104,21.170860670915687,24.974171757739565,24.771609423241294,20.950650543337364,22.21686034106896,5,0.486007352314497,0.0524769503550203,0.347692777049084,-2.05757753741868,False
P07237,34,Protein disulfide-isomerase,P4HB,27.882642541558447,27.944021591214284,27.670581278439276,27.767039977253024,28.177223455651855,28.270691135591022,27.762200233012138,27.693391128246695,27.975747964505956,27.93753578275001,27.933565539745935,27.65457848712556,27.84325708341554,28.795096058735645,28.291684701490503,27.90122059791869,27.779435092091333,28.072211457366105,28.434907001298395,28.132350321849685,0,1.14808530495152,0.229039547628536,0.572381325329629,1.23956182679017,False
P07305,5,"Histone H1.0;Histone H1.0, N-terminally processed",H1F0,21.65691507787859,23.917198892856067,22.25520180583267,22.645955539881545,20.816660452709485,18.866324779109718,22.16115959050734,22.774224590573475,22.790040127492233,22.78559737999499,22.94648837921019,22.260211504595006,22.682431462204125,22.695966568979564,23.184593734699863,22.1434882794347,23.475109946828812,22.535201898794302,24.285685482398137,23.2447913437134,1,1.58087798095771,0.0784206362332338,0.409944313545591,1.85170448553023,False
P07311,2,Acylphosphatase-1,ACYP1,20.23349702643609,19.96049282284306,19.928227086170185,20.264232618939694,20.224660379342094,20.44250707514179,20.176735196339123,20.33113572965566,19.59392271123024,20.405760577789135,20.0333464552154,20.08843702738376,20.123133058390973,20.07266067043396,20.371027237345007,19.8871311569935,20.08944664828045,20.120214201512276,20.236289296777166,20.016571788780844,10,0.954149152667532,0.78458362527541,0.811450985241191,-0.276934169259559,False
P07339,14,Cathepsin D;Cathepsin D light chain;Cathepsin D heavy chain,CTSD,28.130709273479926,27.687537719263375,28.499791467901453,27.726325444126932,28.052500270998774,27.778973412344154,27.93529814458911,27.373720074523227,28.076592057329222,28.91321577555191,28.07245734710672,27.920379202136942,27.878785456137678,27.55062814695857,28.036203521254265,27.823635436116973,28.128447826450156,27.842471566881102,28.30837662787931,27.37458692769941,0,0.891704764615866,0.48025735074995,0.702568027834159,-0.718902142942987,False
P07355,30,Annexin A2;Putative annexin A2-like protein,ANXA2;ANXA2P2,31.368676973488935,31.131515894707363,30.708081904651554,30.935051357185525,30.745399999926402,29.817918442936808,31.30592524630225,31.585050917151563,31.42276604364486,31.54275409509544,30.674638598144814,31.182524556875027,31.075556318663764,32.02595122416083,31.742484753108158,31.067647093820597,31.342738144259847,30.91251599900917,31.31026134952293,31.282304249168828,0,1.11724108072468,0.327673603006384,0.620532834330873,1.00256614647298,False
P07357,14,Complement component C8 alpha chain,C8A,24.01572005184062,24.635752154841118,20.71183696175999,22.81810828327894,21.165715552597202,23.338306709012212,22.370171901332128,23.100789737101827,22.473667469048934,23.107037201475297,23.981684187449485,24.6360395391641,23.007212947164675,23.99417069908271,23.492113733512454,23.934645700430632,23.224703280030973,22.744595038101362,23.807249844726083,24.357187229431826,0,1.59938311205233,0.0346935593702198,0.283517738738349,2.2609360776658,False
P07358,10,Complement component C8 beta chain,C8B,23.25236042196849,20.578166487495267,22.468652749685535,21.836525352843505,22.356098455868747,22.928516046429106,21.147371784762125,23.66548179248327,21.780544814994705,22.010407426463747,24.56764750401831,23.40368731197825,21.73222827923319,23.522893549194542,20.77111780635564,23.123087705010015,22.12840896829025,22.92259033992572,21.24211836781408,23.54085067246841,0,1.4084182954665,0.313479776862519,0.613979024606205,1.03315433774769,False
P07384,21,Calpain-1 catalytic subunit,CAPN1,25.52708686231613,25.829909137498376,25.491591136578897,25.360294370672314,25.796640154136796,25.926454955849138,25.629314663268325,25.779651828681494,25.451111251920242,25.38782394616742,25.01121361082352,25.5331936699014,24.68839956438654,25.66458072052392,25.799123108371393,25.396704011176844,25.100584072397286,25.32893230602853,25.723469512187897,24.977985787532095,0,0.826159674586781,0.0827442596744318,0.417224105855535,-1.82344687335585,False
P07437,20,Tubulin beta chain,TUBB,27.274951720313158,27.24844575109529,27.083463015171308,26.846604199570393,27.032925934881312,26.66146300004277,27.404182281402512,26.76802983793525,27.150375869261993,26.96178602385913,25.834631425221406,27.254447216164994,26.797043603397434,27.443827362880256,27.425569219149292,26.993721700137538,27.066189280126288,27.43378818258003,26.99508712229574,26.80728615020358,0,1.0146254627154,0.833516804941502,0.819265653095417,-0.212868449964557,False
P07451,11,Carbonic anhydrase 3,CA3,27.387673276319628,26.97797739814459,27.132368618965042,23.279289221329766,21.89700191313095,29.41433896069792,23.68137702291055,24.3548200941603,27.405941034331946,26.480116585378944,24.611100638569056,25.72787250264102,22.438665992986046,25.162518652955665,23.21113828687609,22.11333797276024,21.603758001514414,24.020748321641936,21.634188730140853,27.11697977838071,0,0.207422315941009,0.0299398689079484,0.27325797600272,-2.33159494128158,False
P07585,13,Decorin,DCN,25.994946200774844,27.0730373060754,25.390002633434168,26.584510777133804,25.52428808397188,26.551548579028644,24.902793526455497,27.52221443035987,25.856922735038133,25.817503204849,25.506848501687347,25.527646044221033,24.88733719381461,26.602053272845062,26.350785940617488,25.611097813044545,25.599558347921946,25.107151195996696,26.424290299884884,26.04837582199641,0,0.719002760773791,0.26085434774471,0.587927183588789,-1.15606481188609,False
P07602,9,Prosaposin;Saposin-A;Saposin-B-Val;Saposin-B;Saposin-C;Saposin-D,PSAP,25.978496912828014,25.19498644911873,25.367034875504526,26.18958724867449,25.718280007971273,25.519765447254144,26.14745864029776,25.596274725462102,26.063007358228543,26.07619149554011,25.409438131890184,25.739144594547355,26.510834039093105,25.30311965720334,25.54498665525065,25.681019969906565,25.96353746739776,25.482310687928727,25.284010730083946,25.142332049981988,0,0.898705460126089,0.338275224286522,0.626458497370308,-0.980317355869655,False
P07686,10,Beta-hexosaminidase subunit beta;Beta-hexosaminidase subunit beta chain B;Beta-hexosaminidase subunit beta chain A,HEXB,22.928250081875312,22.64413984018557,22.85600913468459,22.8936587969458,21.482439745729106,21.986078668837806,23.409330841031675,22.856745325246877,22.00422685702911,24.421799337754152,22.66066173598171,21.87632022005799,22.971342309450037,23.13092478556534,23.3037197289838,22.737850820938853,22.351822942882066,22.452714795289587,22.9579324838204,21.568964306628686,0,0.739593862563917,0.656714729110419,0.762380788992729,-0.45096431767222,False
P07737,9,Profilin-1,PFN1,28.870504254909424,28.332255878422234,28.814533158538325,29.083542417620734,28.970918529843768,28.62683025883033,28.788722509487574,28.489003790688187,28.63307796345657,29.368549438649925,28.84598301895363,28.329885578262527,28.3439083429822,29.256650189345873,29.244279904507742,29.09180818331253,28.643238612019697,28.737908946416958,28.800323234653767,28.912998335870878,0,1.0190298232609,0.881059920296151,0.825812662811676,0.151489217527464,False
P07738,12,Bisphosphoglycerate mutase,BPGM,23.75344631579169,25.249734882016973,25.170526532876206,23.488185320912052,25.538793080603202,24.56383211416984,24.74582070929436,24.17228448048229,20.099239559181978,24.39653358608894,24.751204409080714,25.744317129579922,22.052063324402035,24.408351239230974,21.30943729195602,24.507420051367266,24.36922298656116,24.84328335696626,25.03724972851124,24.731172953826444,0,0.997898771248409,0.922494179191105,0.827857818900173,0.0984884155501165,False
P07741,9,Adenine phosphoribosyltransferase,APRT,25.900710712248337,25.727168204233763,25.91855925523643,25.88768624729085,26.06267830771299,25.89815608866178,26.079212840102905,26.237861382517522,26.134935435442944,25.88075301422576,26.061670064404503,25.786217168827903,25.367692924802782,26.060038871449336,25.944306360952403,25.58464885369086,26.04674525622001,25.937846402388587,25.815379122578094,25.10118972133076,0,0.87282684911697,0.167334801264473,0.521118528909864,-1.43119295767638,False
P07814,20,Bifunctional glutamate/proline--tRNA ligase;Glutamate--tRNA ligase;Proline--tRNA ligase,EPRS,23.63830113121178,24.429471649861764,23.848790952237824,23.088448195070622,23.487693158081218,23.82982232806542,23.89170111549514,22.982096809102828,24.300745792665957,24.440673359247207,23.896587303917833,24.325439486452666,22.55374933014886,25.46678043990155,24.02358843096958,22.69291088692273,23.893683824881016,24.805664604882445,24.04048385054391,23.881067506047014,0,1.15891756725979,0.617105815693934,0.755192054657026,0.50760932890777,False
P07858,8,Cathepsin B;Cathepsin B light chain;Cathepsin B heavy chain,CTSB,24.33628921626189,24.557747765456764,23.36968351658195,24.669619925184378,24.001977614973466,24.048960176754548,24.305690640755575,23.96768025782578,23.97539429256679,26.019720848426115,23.98958779535216,24.56924736937289,25.35469825104472,24.124279150550613,24.600726603473547,23.88557107667259,24.778039347680384,23.745654485843623,24.792639710922256,24.054506370804663,0,0.954304225780887,0.819053311561829,0.817186231250049,0.231697575498374,False
P07900,35,Heat shock protein HSP 90-alpha,HSP90AA1,28.762048576201373,28.96540565542238,29.084739424181347,28.684877862588255,29.044484084678555,28.6743258420505,28.92315743411942,28.436921512955408,29.14092378002975,29.031954500082385,28.833285461408384,28.759141113162396,28.443480819141282,29.211010768366414,28.973840815894683,28.9518278252595,28.907778443781197,28.892468026863668,28.85435193278308,28.948605283120127,0,1.00339220760123,0.981525313190204,0.843797505224354,0.023438731364247,False
P07910,11,Heterogeneous nuclear ribonucleoproteins C1/C2;Heterogeneous nuclear ribonucleoprotein C-like 4;Heterogeneous nuclear ribonucleoprotein C-like 1;Heterogeneous nuclear ribonucleoprotein C-like 3;Heterogeneous nuclear ribonucleoprotein C-like 2,HNRNPC;HNRNPCL4;HNRNPCL1;HNRNPCL3;HNRNPCL2,23.29592425366128,23.745201654915707,22.18300005966967,24.365342076937544,23.9501623339691,24.54993231472237,23.21204107171053,23.17418833105343,24.139803323837175,24.808246987567813,23.46966738993444,24.064448947215787,22.54912792219853,25.43758933596674,24.617559100380998,23.970290455647362,22.178776367019708,22.108574123492946,25.181712893464475,24.354457206333944,2,1.13947734328969,0.907562885578043,0.826708499711055,0.117546318604138,False
P07919,4,"Cytochrome b-c1 complex subunit 6, mitochondrial",UQCRH,21.230836434101768,23.129885979492464,23.18648251374349,23.539448220325696,23.419978371275633,22.457123186956622,23.423987823626,22.933618179536115,23.490231992957035,21.986661201168495,21.454861315834552,20.53593012967447,21.581821095599643,21.745995767648566,21.933294598964427,21.420676819060432,22.79167140821947,21.750429924693165,19.614930951620213,21.88920293882314,3,0.396098027040692,0.00142364518819537,0.0984051751793808,-3.67992380506311,False
P07942,44,Laminin subunit beta-1,LAMB1,26.868870244400874,26.806015149696744,26.10535735512608,25.860785946536254,26.016793050750316,27.860779161941842,26.35055176885252,26.445991190560644,26.5137126755543,25.819143374890622,26.242883878387932,25.691063529158203,26.267586859596097,27.0630677333931,26.806949904644515,25.547238450768774,26.412801285779423,26.25583292155599,26.248974987023278,26.274347834762708,0,0.844730253475457,0.442858336218571,0.683685726064029,-0.782401135621925,False
P07947,5,Tyrosine-protein kinase Yes;Tyrosine-protein kinase Fyn,YES1;FYN,20.333666217754317,19.314555230751772,20.58334239557689,19.960021622942726,21.699118274562636,20.20713072640841,18.60642490184138,22.6359621613846,21.210875552169437,21.23445539004302,20.616765217924367,20.584844890245126,21.611622997962684,21.983017425032873,21.970642202312575,20.962038288997075,21.39398920568469,22.889818115428778,19.044222283354145,20.4726798497544,6,1.49886245654744,0.25774395845658,0.587927183588789,1.16387912751548,False
P07954,16,"Fumarate hydratase, mitochondrial",FH,25.807651941665185,26.35151883319796,26.142886394550178,25.603868599343162,23.288409222424757,25.969419311301646,25.716704612867982,25.20964134331755,26.175644117914487,25.921243680861785,24.108036182196983,25.536974735465463,25.311165948916347,26.004580165091056,25.24321788128133,24.942177305552754,25.436646936594975,24.843506467019992,24.044915414372227,25.138410714329012,0,0.629828332354299,0.100482432190579,0.437355574810954,-1.71947240474466,False
P07996,14,Thrombospondin-1,THBS1,21.69002227302428,23.878783030692958,21.45009550645083,20.350322925781178,21.86109016041922,22.302239925213634,23.306375766234606,21.638581175344733,18.35001298360906,22.044166490722255,23.09473640714979,23.88460055228043,22.959269784635033,22.255159467582228,22.121473731537677,23.15948300182006,22.283383671230435,23.131179981697894,24.573484533410255,22.756646310270643,1,1.88992530304078,0.0196901935655734,0.236659049950114,2.52835632665018,False
P07998,4,Ribonuclease pancreatic,RNASE1,20.55227694467128,21.77504581769684,20.46519159135595,22.381027360257864,21.62920900046924,20.844168988808324,20.907673415969885,21.056732067680027,21.90220950404596,15.70315477199694,20.762690892480872,19.024810031646,20.24359816806155,21.027999465592917,22.206893895176325,22.640627622743274,22.12494349682549,21.66446697848686,22.272263741051923,20.952502579800157,2,1.0940899162088,0.357517822708967,0.640114833773659,0.941129800863892,False
P08123,11,Collagen alpha-2(I) chain,COL1A2,23.492597343856705,26.688181805491418,23.48291865598963,26.299927655904032,26.083911228074772,23.368673443414373,23.40574077908886,27.24239895010001,23.568142942548963,25.140638701922867,26.041232346155923,24.181553129508583,22.239300211742982,24.887122225643694,24.171795141539935,22.639725210523828,25.569718582880892,24.774290648135327,26.090458901496774,25.76875158379572,0,0.689563211376036,0.695741573944832,0.780381916844314,-0.396585341379374,False
P08133,44,Annexin A6,ANXA6,28.11441705388515,28.466576841579496,28.166369675793,28.47194469925551,28.26147814491774,27.74883327377544,28.83715512558959,28.03914125011626,28.297849106952377,28.17824997271797,27.900614646127153,28.23809010983055,28.171993339415494,27.82308726602154,28.36138239369035,28.235809627486404,28.299329838215762,28.3724286367302,28.076886733514982,27.890270605416987,0,0.906801719911765,0.363329838750513,0.643263472980514,-0.92957621175803,False
P08134,8,Rho-related GTP-binding protein RhoC,RHOC,23.264863447618318,22.250779766895345,21.03498186595779,21.574347092469406,21.02235642257204,20.641794085280512,23.08530339930877,21.86264991712202,21.258650354103704,22.987870784591358,21.086062821636308,22.339195150166308,23.076482298893037,23.38243121131522,22.915889392834472,21.169738718957056,21.409823143136165,22.797876009398685,23.727734633419104,23.005948425040863,0,1.42914308129883,0.186803011957591,0.53240815837221,1.36544550682954,False
P08185,7,Corticosteroid-binding globulin,SERPINA6,24.746547048930385,24.597177297189795,24.045271973822143,23.40459572193452,24.7723207420738,23.444130125255185,24.682017595438282,24.45203197917338,23.61048377513056,24.025677225103383,24.59815253578722,24.721219520921164,23.731856838606667,25.25516024378219,24.036370351103166,24.899213554730355,24.505779608575494,24.731293701826246,24.434631262925432,25.123413445992703,0,1.39302709204596,0.0876857972969007,0.419883675208394,1.79268258883013,False
P08236,4,Beta-glucuronidase,GUSB,19.8465375384631,21.354235009303704,21.56491618082283,19.873504006342213,20.628634975837553,21.288517952654338,20.232667157351777,19.365285513858463,20.87833463536108,22.318170661149562,21.98777369492975,22.129446491151644,21.40132416151737,19.703351379710014,21.212847934517516,20.10367418881907,20.43960459174653,20.550532780111688,22.608470118614648,21.91731377292853,10,1.41781629336025,0.2893491043516,0.603321843609166,1.08749263212528,False
P08237,9,"ATP-dependent 6-phosphofructokinase, muscle type",PFKM,22.031064111301475,21.919716056324905,22.07214862124792,20.64549112992675,25.705442962008597,21.972162790671522,22.416094569572003,22.834412666685157,23.21664441129625,22.27972229361948,21.04551838969236,21.88065287213162,22.298181587506523,24.660990958960472,24.951574477475507,23.60281984023464,22.287812278504077,22.312839646298645,22.81542691194686,23.47284575774747,1,1.22349398124206,0.454772788207856,0.689731901520803,0.761833042543458,False
P08238,35,Heat shock protein HSP 90-beta,HSP90AB1,27.174285513604012,27.32829641388206,27.668843299945436,27.241619365238368,27.24620352506339,26.85274658111686,27.466452645508355,27.231385393389285,27.556575341395128,27.48611985823319,27.516643694826243,27.244684268091458,27.1158560365403,28.38723917264369,27.5094266722484,27.300444255524123,27.567374796091983,27.664291818165434,27.43909758415739,27.86860968850159,0,1.19675914742168,0.135271139054874,0.486433579823015,1.55444222536385,False
P08294,9,Extracellular superoxide dismutase [Cu-Zn],SOD3,24.92585165053961,27.587320372973622,24.724268983779545,25.447669744769826,25.38946038555325,26.951938410144468,26.220514680869133,26.97947280734125,25.87203628261275,25.927899021317767,24.96471067085497,27.57793402817522,25.800509278474948,27.17813532810562,26.704849573236068,26.61113029011557,24.731592560221472,24.536512848537882,25.866422622004816,26.6031904932975,0,0.974043788377212,0.889973369831879,0.826708499711055,0.140055201857308,False
P08311,6,Cathepsin G,CTSG,21.864711178847852,23.10204795486589,21.67884399758611,23.584073995122736,21.729665759117186,21.39702275114422,23.668221861187973,21.432835186552946,22.093511930313166,23.731886950371866,22.45462623250416,21.34935532053085,23.325275236602106,23.322346314264756,25.59096352014326,23.013130543660306,22.34858841038821,21.864545368279124,24.20316094688227,24.249005560804758,0,1.89666307606081,0.150940859120255,0.503822832020456,1.4915298445105,False
P08397,4,Porphobilinogen deaminase,HMBS,21.445073897056602,23.091875040963227,21.460467959914983,20.845650869430692,22.69945374492533,21.126528537083804,22.664071194047533,22.223536087957555,21.08095371206297,21.17905281661672,22.20673868797256,21.32608913353531,21.668125049826674,21.15849013610468,20.793040782885928,21.770638866494867,21.827121100204806,21.625405920316666,22.01540756123438,21.18228950659665,1,0.814472693289771,0.494716377008635,0.709261894965122,-0.695138842175515,False
P08559,12,"Pyruvate dehydrogenase E1 component subunit alpha, somatic form, mitochondrial",PDHA1,24.688018817562938,25.257781399701624,25.11619111309726,23.975194446858158,23.198588588179877,23.819746480190304,24.622104893391747,23.81737291390494,24.63217345509379,24.46957521896885,22.650181796497208,24.21541095950457,23.571996563487772,24.626511839281157,23.561109189907953,23.83485880457925,23.514756655564476,23.90908768795747,24.255055601269863,23.98625300315778,0,0.682641345182469,0.0620886514317218,0.364062657639799,-1.97252142139611,False
P08571,6,"Monocyte differentiation antigen CD14;Monocyte differentiation antigen CD14, urinary form;Monocyte differentiation antigen CD14, membrane-bound form",CD14,23.82439901347536,23.2316872622966,22.983116287833262,24.0182514964394,23.185822810089373,22.61276454584411,23.72616697074363,23.630533803455585,23.406889629992595,24.032518814022602,24.162497343238133,21.98044955723844,23.58195262269835,24.365790897279666,24.534236483707314,23.292814935629316,24.056027634908542,23.453866920260097,23.890713165765035,23.76590735367436,0,1.20915992035786,0.413483874040987,0.668891502267805,0.834618169019388,False
P08572,9,Collagen alpha-2(IV) chain;Canstatin,COL4A2,19.639442567231473,20.51569614311688,20.232032153703578,21.36025667495296,21.382156874003464,21.246513280779403,21.71706858500477,23.102287560080775,19.895248910755104,23.49222495924313,26.232707423939175,22.385534671438815,22.55231991897247,24.9991631244861,19.898269174611176,18.99248568718187,23.456045815475882,22.666765584556003,21.41473470345821,23.21420363992093,1,3.26342423759763,0.0763826485232551,0.406132304211379,1.8654986034806,False
P08574,4,"Cytochrome c1, heme protein, mitochondrial",CYC1,22.354813146436015,23.467230601362942,21.476669446285978,21.676839629004437,22.82808644799897,22.046667073839245,20.885480671704777,21.521759733579742,22.103137641005095,21.710104909009832,21.82947402108891,21.384421720189653,20.303896627059355,20.534510671488817,21.072036190876705,21.483972620701675,20.91473886039173,22.39077313882543,21.81783079263124,22.053513060103036,6,0.590326131000696,0.0557799704676386,0.35525066816155,-2.02688460157958,False
P08603,49,Complement factor H,CFH,27.78725673683179,28.3287632298898,26.707436108374406,27.992176781799603,27.522745594087535,27.414660291911638,27.331335979464324,28.124239456152832,27.463942458443725,27.127168253032014,28.085384561550025,28.346340816424153,26.990442057986662,28.083848380844216,27.84879298406855,27.935882377181954,28.32453786373827,27.61230012480205,28.06295676733697,28.29616367979288,0,1.30722240552714,0.0741350129513585,0.400601349748072,1.88109047948918,False
P08621,5,U1 small nuclear ribonucleoprotein 70 kDa,SNRNP70,20.148117879986966,21.417283556431354,19.495298620580208,20.734290186131982,21.282472680951404,21.88319062420017,20.84279991246149,21.58439401761913,22.038150854807338,22.11139158553605,21.482886886552105,21.781506889604156,20.15677547308136,20.93130716419415,21.24187325132608,18.843029211856052,19.73959926750576,20.071545979474525,21.81552637665963,19.742184758719585,6,0.852699875398904,0.125773674958737,0.476445128823285,-1.59557650756763,False
P08670,49,Vimentin,VIM,33.409475565027215,33.93705849736955,33.45250189892764,33.07453476564661,33.444215131600416,33.706362732393174,33.53200877543849,33.20061858187944,33.618027125587766,33.658508242957076,32.9825104906871,33.88042378150662,33.71668205086019,33.5394452669116,33.79269754886249,33.66151819413815,33.37865215651945,33.75830982190926,33.21549799086844,33.50004137570815,0,1.02655603816945,0.765479302784336,0.807231985594737,0.302257001798045,False
P08697,15,Alpha-2-antiplasmin,SERPINF2,24.556728203107102,25.101818247675865,23.72566500652838,24.61075532368758,24.297685889774193,23.8507116234401,25.507004588450037,25.289409383106513,24.25181981039595,24.09100201022429,24.72707396600153,25.09244106677492,24.688644193436595,25.017810090511876,25.292798689181367,24.904810587785416,24.94145260022134,24.231679452404045,24.882622080290012,25.160908540361678,0,1.1805794637817,0.125317020768432,0.476445128823285,1.5976188255973,False
P08708,5,40S ribosomal protein S17,RPS17,23.48130074756297,23.847332033344653,23.924606137933026,22.892712542075355,22.829251482645503,24.009106021859942,23.75563360376157,23.263228369373707,23.715732677531836,23.586435060204387,23.6091774467905,23.729212450236314,23.988235495197493,23.485828927699497,24.37447193168441,23.439224460596968,23.34540080011504,23.675737302676723,23.41617176381306,23.95545913523649,0,1.08822413237039,0.405129538719133,0.666605052619602,0.849894488482544,False
P08727,31,"Keratin, type I cytoskeletal 19",KRT19,29.445885582394997,28.733120750026533,27.435630336776736,26.96389781086266,28.348588310763645,27.216782615502837,27.889169630366844,28.857781923488602,29.073196731294466,28.937339587695046,28.371094769526916,27.3998324843074,27.91064890230133,29.18620846189384,29.557721854727117,28.075695628976547,29.026716219468256,28.147501211316555,27.868712519393544,28.259733196078432,0,0.967038837385551,0.786442774710113,0.811510678024041,0.274480005389058,False
P08754,8,Guanine nucleotide-binding protein G(k) subunit alpha,GNAI3,21.05568515158891,21.59962879715849,21.494481305413192,21.355605642057952,21.582232718848104,20.608611369602603,21.08982235482527,21.814657815076643,20.96582049996047,21.729734174638654,19.843628384384928,20.54599054341076,20.71517267899075,19.63011269885666,22.590087892996266,21.24336943519247,20.87194002663258,21.09997038773004,19.986138766113093,21.002560983934178,5,0.775712775266123,0.0940918747210866,0.42417512839099,-1.75496082005225,False
P08758,26,Annexin A5,ANXA5,28.85268932302714,30.352363523792718,29.603369864982962,28.92844222015975,29.97039712942912,30.316595507713238,29.481166819567015,29.835859165132774,29.49502418430426,29.77214214227416,29.37221972871135,29.397377559521605,29.577987549467277,29.84906227987881,30.044477744184352,29.256924380011746,30.045384538340034,29.409687146873505,29.563311384578228,28.772291654360103,0,0.90407482526088,0.505131884737728,0.715497513978022,-0.678267581055832,False
P08865,10,40S ribosomal protein SA,RPSA,26.297606358968043,25.859555789055243,25.39489144704776,24.528930747047628,24.463068150222934,25.969451377990556,25.74734138959242,24.587844568680673,25.95016119217329,25.488700217924244,25.453804701535745,25.447097043406618,26.414832737317656,26.053977568888833,26.240305990271146,25.8391650560799,24.884565988451556,26.10666301605887,25.757983522737124,25.822194204073003,0,1.23422125713272,0.157031714360366,0.515644929219471,1.46851782683577,False
P08962,1,CD63 antigen,CD63,23.035974829526086,22.4518487002123,22.774519189387604,23.10538307040994,23.016188538330518,22.604801069216865,22.85467746980343,22.719575072511336,22.66640375280729,22.7291924305494,22.621261445336447,21.8208243282751,22.521624647519793,23.672476357353553,22.208695943849044,22.483623561079778,22.798306087546,22.937058268391446,23.034784204329238,22.40037513396561,5,0.955208663477217,0.529802279501658,0.725766796154639,-0.639070568505164,False
P09104,10,Gamma-enolase,ENO2,22.472921661087515,20.25838526724073,20.76645176123164,22.841880064958367,24.11320113739914,24.323009974990818,20.767414765751482,23.456498223722843,22.62590113120587,23.107366529462272,20.309238806085453,23.300927343959586,24.900175045118196,23.66642765844543,25.068390654731665,22.81517480629945,21.639288258122008,22.330750239703967,22.68435164056309,23.948243830435867,3,1.25617577939858,0.334556541070908,0.622901300065341,0.98806572073914,False
P09110,7,"3-ketoacyl-CoA thiolase, peroxisomal",ACAA1,20.635457646461283,22.830499625232886,23.025687269797146,22.50452759621047,21.642158725091353,23.23804847106945,23.47945848308443,20.779434217669802,22.919265940829728,22.115928229496323,23.061379491206285,23.246008776691898,21.05897554764087,23.911075547783696,21.541655876265683,21.83519538970969,23.363499002034963,22.74014208830781,21.324137646588756,21.662316633590635,1,0.940671776341081,0.898765148191779,0.826708499711055,0.128796028032994,False
P09211,13,Glutathione S-transferase P,GSTP1,29.60145002808594,29.66537585921022,29.541945679255868,29.385564499474366,29.56435657425985,29.683113947213613,29.524043633713582,29.643570386528044,29.72958470727656,29.512167901691623,29.39879666270305,29.516525682921593,29.25998278965154,30.067692730551133,29.771931512496863,29.72000665266192,29.368135395196855,29.60215989292608,29.169363398640225,29.82147610276185,0,0.999314927635505,0.892458533777429,0.826708499711055,-0.136870760371752,False
P09382,10,Galectin-1,LGALS1,28.175363666372224,28.788521240983794,28.37616399505295,28.97356761077006,28.695621132975763,28.69307635172796,28.559000760846857,28.464266281421597,28.598790144074957,28.139051743777074,28.013165631463185,28.40064468099639,29.367639918773676,27.840819756185798,28.75769339944076,28.39941516617657,28.8049688409567,28.71860877338179,28.51011092472765,28.50191204592336,0,1.00152430336289,0.92931863703387,0.830111878942504,-0.0897907626521393,False
P09417,10,Dihydropteridine reductase,QDPR,26.18439580598756,26.081210937007995,26.437032599259314,26.15368664360974,26.52307991157687,26.455962541006745,25.700666575921822,25.857740607439357,26.158773250719666,26.02563068463587,25.51352052032179,26.349080656525214,26.180009926798114,26.041943894818544,25.894263634259346,26.352043005452543,26.263780078903714,26.531548515040544,25.760665779392983,26.251413491651217,0,0.974942814033365,0.76427389919075,0.807182980574439,-0.303861396036862,False
P09429,4,High mobility group protein B1;Putative high mobility group protein B1-like 1,HMGB1;HMGB1P1,24.16378152863496,25.981156550216934,24.338345989518537,25.466846925820203,25.402260034959976,25.006149470091636,24.987477018155086,25.26182564946689,25.03174021406248,25.739879474475654,25.714219325362663,24.744979179104817,24.1172004635332,25.034881859806003,24.911622900180404,25.02312323163454,25.049450278761924,23.829225750256715,25.403526880583588,24.542896789649163,0,0.807329000977788,0.25967759821408,0.587927183588789,-1.15901300083701,False
P09455,3,Retinol-binding protein 1,RBP1,20.75661182097545,22.114109546275078,19.69510930045468,20.45143697653181,21.08955825554659,20.80917177634249,17.402330427155906,21.109289528303645,21.63010872390395,22.309554598352864,20.65131397734287,21.010980464020818,20.689940487975306,20.250703678514384,20.882033585574195,19.83518792149727,20.679706309828102,21.334235200219084,21.56865065908277,20.913562948525097,10,0.805713195157455,0.925313654452665,0.827954854844858,0.0948941361276958,False
P09467,8,"Fructose-1,6-bisphosphatase 1",FBP1,23.988410779208774,23.51816457490884,23.036859513560287,23.94167409983262,23.780135689029482,23.799534024867782,23.481716123947567,23.770043368204554,24.063283327483294,24.293759773848237,22.677506772360616,23.76469228308201,24.064940559221363,23.256998551933798,24.92083712828631,23.874421410943995,22.961711462987186,23.378625622904885,23.759607992299493,23.567516843937142,0,0.959477098087531,0.567357755512256,0.732675882289056,-0.581257176801585,False
P09486,8,SPARC,SPARC,22.31322601415801,23.260606017132954,22.85100601361121,24.64284184914877,21.688912926745076,23.727994704806814,23.499935168061302,21.763727497803522,24.25936745511074,23.48698982632163,24.114731027884744,22.614409861918684,24.640091800565575,24.38985330837429,24.236971863742806,22.677989341216115,23.725942386230717,23.254254953557222,24.61504380908484,23.741405541089165,1,1.37701087979238,0.105319963067189,0.441207542502756,1.69387173390973,False
P09488,13,Glutathione S-transferase Mu 1,GSTM1,25.607642812326056,23.672921877098293,25.88124531029165,25.569170917160815,24.353300987909122,23.177104209539284,25.484681041770507,25.645002879425405,25.735874481823082,25.44231388762804,21.63803033952983,25.08570820934646,21.12267090994357,25.026132182990082,25.278157187678858,24.660778185138273,19.986651144340954,24.591676100931995,25.09876801589495,23.41213078778224,1,0.524632534772934,0.0364523560399644,0.293552510629563,-2.23703211624427,False
P09493,15,Tropomyosin alpha-1 chain,TPM1,22.291295476551955,22.992652386542307,23.373041750260043,22.400348475493463,21.81362696979611,24.082564946289146,23.385522101852427,21.43989431194261,20.377214652566586,24.28078341530552,23.005927496261418,22.438465106032275,19.248166350500053,23.84386372134958,22.567256311489256,23.86626200763992,20.682889653776826,20.98181173089371,21.028226685203016,23.84947453880669,0,0.862553938260951,0.433855189261416,0.679014768252282,-0.798169622272032,False
P09496,6,Clathrin light chain A,CLTA,22.86341699947799,23.162416305303957,22.99877409452002,23.940734535319955,23.870647535986375,23.511066611051074,23.22370799590978,23.5708432848236,20.837477415415066,24.343286721924365,23.32392928145801,21.63286371231309,22.18535455898561,23.083816732103138,24.112019958454695,22.39992527952439,23.427749096646693,22.89719758859059,23.818894906774997,23.143824813262235,0,0.821413543830695,0.560108274131785,0.732675882289056,-0.592256292692535,False
P09497,8,Clathrin light chain B,CLTB,23.863177490857638,23.3029203439638,23.56789360474348,24.458604364474464,23.40988442871931,23.307825858599042,23.20899920186801,24.129751682606294,24.28647909697603,24.162519732712315,23.69959491854522,23.413431189814595,22.876465812790368,23.39145768662256,24.40283921027204,23.803669337362166,23.658341139649654,23.75338617831516,24.060735287123872,22.014561535590914,0,0.86701774048579,0.354895065135673,0.638552273289027,-0.946385085280355,False
P09525,14,Annexin A4,ANXA4,25.111163397389674,25.068672343482007,24.95960694466731,23.44185005564692,22.66675437527952,23.950397973758964,24.59507736269522,25.223777150515087,25.332379208880326,25.59873656878752,23.728876947479225,25.0128224666238,25.372702349990735,25.315943256952032,26.896855463496752,24.643099990222275,25.00359569688603,24.16614130514897,24.96337136365872,24.09867098045485,0,1.28404250258796,0.388230204249419,0.657189567517688,0.881427730827022,False
P09543,4,"2,3-cyclic-nucleotide 3-phosphodiesterase",CNP,21.987026581216742,22.891869430867448,22.716170560675952,22.626074905617962,23.444851734182215,21.128832820995893,21.84341842965199,21.53774973275867,23.050559471035637,22.780716186517573,22.335798398982277,23.3249605345186,22.549555731042176,22.057180881715354,22.60305082589049,22.469873314379946,24.64167386649485,23.47002100690545,24.25391131139779,21.359783444571367,5,1.56296657653214,0.195310926111874,0.539227987617833,1.33841622540284,False
P09601,6,Heme oxygenase 1,HMOX1,22.843090715636606,21.209258254797763,19.093867387418015,22.59425049210348,18.3143046444504,19.572449057510642,23.960442255339288,20.482928433216166,18.8505241802837,22.320474754172533,23.445555440891614,23.703022066902943,20.342936339088528,22.834714232074287,23.912163261428862,23.277049115671847,23.360233846443723,23.670028289774137,21.700281057298245,21.09875184508216,5,2.16893751956947,0.0179917032190289,0.227839174740662,2.56999758405288,False
P09619,4,Platelet-derived growth factor receptor beta,PDGFRB,20.233613160117397,20.208801350076467,20.342206955781936,20.238271460739778,20.273988709840815,20.540182913056963,20.78755513399488,20.673825110172302,20.61541540499716,20.78964366548058,21.094527926013917,22.42597246014586,22.670388898196634,21.00177882247441,18.74652847115763,20.59528400855014,20.886500666785942,19.965290586836755,21.43177432236524,20.950606402304874,7,1.92199175724497,0.187577555167688,0.53240815837221,1.36294498461855,False
P09651,8,"Heterogeneous nuclear ribonucleoprotein A1;Heterogeneous nuclear ribonucleoprotein A1, N-terminally processed;Heterogeneous nuclear ribonucleoprotein A1-like 2",HNRNPA1;HNRNPA1L2,23.745672390536168,24.250393716033408,23.50235112109758,24.144803204100395,22.948003718577805,23.73572288562175,22.993644020194786,22.53474417996573,23.757774910409896,24.808853869103665,23.2357468059036,23.326567767249557,23.778650143207557,24.42888495574224,24.04075403237751,24.3354962942853,23.484080338478417,23.657224123839335,23.646956910723475,24.44733032220338,0,1.09142924126574,0.485804201232721,0.706942075937127,0.709737494684669,False
P09661,2,U2 small nuclear ribonucleoprotein A,SNRPA1,19.671735863116478,21.25245758072146,21.478226066612606,20.748247934916886,20.977615742672334,20.3089993061453,19.63675596903162,19.64957938291737,19.63075822484598,21.37155106933211,20.10828146762897,17.882649903926488,20.237147985914902,20.892772131514764,20.222332792413027,19.98206664568761,21.556283862621246,21.001980296561793,19.91315202397472,20.420340688320135,7,0.932225963675523,0.512445448721012,0.720432089510316,-0.66653841878038,False
P09669,2,Cytochrome c oxidase subunit 6C,COX6C,21.018270484090877,21.33888190081033,21.487339442915427,22.58617689389291,20.217118638184765,18.968145144186636,20.801806515161616,20.07279472729643,22.144349702919413,22.18416006339793,16.104593797070695,21.00549569197516,21.42490880857179,19.77480080216118,20.99935638650394,22.01591792168176,20.09532894500403,18.959687487236877,21.726954449899225,18.98779788939314,8,0.614605994743031,0.140129257697066,0.488948402836312,-1.53432166226047,False
P09871,13,Complement C1s subcomponent;Complement C1s subcomponent heavy chain;Complement C1s subcomponent light chain,C1S,24.462047001684958,24.64098206015666,23.922498779944206,24.544826320448156,23.65564638114942,24.202463183050675,24.666577218737473,24.135912982514544,24.467456238581672,24.18071192940104,24.864979582760846,24.50288545089652,24.564694183005766,24.96495061738959,24.700918308904864,24.120069833598578,24.880902833183406,24.548265563657562,25.43986480574816,24.182204097867867,0,1.3208382755301,0.0561913465818405,0.35525066816155,2.02317659669135,False
P09874,8,Poly [ADP-ribose] polymerase 1,PARP1,22.793657425431274,20.999300718509478,19.298953464589683,23.321146437015056,23.58491985851327,20.33501766252811,21.949355764484526,19.051554598652523,22.290332746611938,23.15926279529144,19.831001903211767,21.9972816694157,20.117442454720436,21.972628541408767,22.05009562906787,22.96688852338551,20.929388470820662,22.533661344123416,21.539818515893607,21.211147680091518,7,0.802993928476749,0.783412324002885,0.811450985241191,-0.278481235614457,False
P09936,9,Ubiquitin carboxyl-terminal hydrolase isozyme L1,UCHL1,26.21436343221625,26.872992134268408,25.779336305914153,25.921947781849255,27.324834722410642,27.60422936504788,26.720393241142855,26.159136221728133,26.95217634554513,26.231869202464562,27.253786438852938,26.348807832463663,26.752945209606615,27.826476000306876,27.330520158241175,26.866355160158037,26.765879488088324,26.576723563966926,27.395837832288237,26.353409595699883,0,1.22555203640797,0.135866725213525,0.486433579823015,1.5519436449936,False
P09960,23,Leukotriene A-4 hydrolase,LTA4H,26.84140586578584,27.212034855128646,26.010977255737824,26.280321201673605,26.145657878627077,26.47261552796742,26.67918055254566,26.272677097394535,26.60600520049421,26.893389756663495,26.486632250261994,25.720078740240254,26.567218441778447,27.089305954454144,26.82029911545462,26.483906605491292,26.36048339670825,26.26287217184555,26.520145309942595,26.622655940089434,0,0.950446521476182,0.789291240546228,0.81176501731488,-0.270723239189004,False
P09972,20,Fructose-bisphosphate aldolase C,ALDOC,26.01264999186308,26.150978337753315,26.531519115221737,25.90853843478414,25.373516137635942,23.945185091023404,25.94803181741129,23.44028294674615,24.549326891808626,25.69101153712635,22.02503446424457,24.712373772890896,24.8731333148933,23.76904497082352,24.101901462085003,24.468080203048206,25.58565784203753,26.96532341653605,25.184782021422276,23.68100823503562,0,0.80070196591133,0.0637547178873121,0.368517271980055,-1.95898708651164,False
P0C0L4,69,Complement C4-A;Complement C4 beta chain;Complement C4-A alpha chain;C4a anaphylatoxin;C4b-A;C4d-A;Complement C4 gamma chain,C4A,28.9796780897961,28.701533592045788,28.45418431648539,28.335953196007758,28.96996472550698,29.32904543123679,28.06214851243913,29.332101876364174,28.03520289604223,28.06219321752737,29.38044682148025,28.80999075836697,26.82826649936904,29.00132063647867,28.72110718257638,27.620060371879024,28.43444706000447,28.712284394123657,29.264255044648866,29.33070701384756,0,1.05101074766812,0.957091850900299,0.838745919712787,-0.0544603125099992,False
P0C0L5,68,Complement C4-B;Complement C4 beta chain;Complement C4-B alpha chain;C4a anaphylatoxin;C4b-B;C4d-B;Complement C4 gamma chain,C4B,24.755694143226822,24.557318831004498,26.489067834588884,24.99629441951343,25.259909367324468,26.628706496319097,22.2256847506406,26.09963205113771,23.307537541590804,26.191965178777327,25.161465538292003,25.79142282984671,22.75718892558709,24.195590105559003,24.349514317149183,22.39446556955861,23.609195496012404,25.778519963465513,26.040914104129058,26.03684516046093,0,0.727460277065795,0.464503949141581,0.69086707470759,-0.745274851094794,False
P62987,4,Ubiquitin-60S ribosomal protein L40;Ubiquitin;60S ribosomal protein L40;Ubiquitin-40S ribosomal protein S27a;Ubiquitin;40S ribosomal protein S27a;Polyubiquitin-B;Ubiquitin;Polyubiquitin-C;Ubiquitin,UBA52;RPS27A;UBB;UBC,25.563052866466197,26.21939864117681,25.94322856830292,25.789236111010442,26.570625301623526,25.59151110056301,26.178743121749648,25.59348424499212,25.29432142136574,25.49323419192751,25.886198282630676,25.65753350826388,25.25675278600579,25.29243230793733,25.73902985141998,25.866901624152394,26.087789576921278,26.228820846194605,26.02213856622503,25.560543530746198,0,0.940476050408955,0.694321020626366,0.780138355209777,-0.398542470722334,False
P0DJI8,3,Serum amyloid A-1 protein;Amyloid protein A;Serum amyloid protein A(2-104);Serum amyloid protein A(3-104);Serum amyloid protein A(2-103);Serum amyloid protein A(2-102);Serum amyloid protein A(4-101),SAA1,22.670317834848884,22.408575148046914,22.376334816952664,23.707790454260664,22.157157421888922,22.746471138904706,22.89877135792721,22.585940102114833,22.33704484281948,23.33669369686308,24.076142527230083,21.69041143798617,21.622646608983448,22.290821921058384,22.068064362891295,20.426289902343598,23.18390007318539,24.249567230013817,20.58025878849079,22.723325401484473,6,1.00281440700445,0.341934603089829,0.628874421956,-0.972749691201433,False
P0DMN0,13,Sulfotransferase 1A4;Sulfotransferase 1A3,SULT1A4;SULT1A3,25.41743747486332,24.95357365034334,24.599155183353556,23.767700225388914,25.36198634465206,25.728688776583184,23.825080878254948,23.79748013740828,25.617095701398224,26.78140978236285,25.1504567508122,24.949416378695254,25.567870562005147,25.672019920082516,25.488663567950944,24.336482095814603,25.809090295789034,24.306968633660674,25.771902770278363,24.954080986597027,0,0.929477798459821,0.540674025556393,0.729692264899217,0.622116013413849,False
P0DMV9,32,Heat shock 70 kDa protein 1B;Heat shock 70 kDa protein 1A,HSPA1B;HSPA1A,29.589121808992726,29.74015150345578,29.31613453905393,28.958219106130013,29.15546558759651,29.290110937432278,29.153480130247942,29.28655283232699,29.401923871579296,29.704180977592657,29.16626802247517,29.44864574707605,29.166697253820647,29.744996117690427,29.30116581773361,29.465715832801255,29.405091630153663,29.237358375198248,29.21265455132387,29.429796365368677,0,0.991264448931347,0.988629063424177,0.843797505224354,-0.0144253831272104,False
P0DN76,1,Splicing factor U2AF 26 kDa subunit;Splicing factor U2AF 35 kDa subunit,U2AF1L4;U2AF1,20.770676151566295,20.55932983298204,20.72116313278316,20.028721485520148,20.732440395705524,21.475588811618916,19.545690564413007,20.70369855348142,20.320250612033696,20.238988053747555,21.01028835310191,20.725073912513718,20.90069758136146,20.86494039320121,20.891589509821934,20.69413653074053,21.265983266381262,21.013161287257113,20.924947532972617,21.02247553591121,0,1.27187194658313,0.0923445878311921,0.423185026411948,1.76502424268595,False
P0DOY3,7,,,28.401644376773397,28.173335494750923,27.506404950294698,28.84547333452062,28.145566038435508,27.668116005022494,27.480753138303278,28.198444975906032,28.101601976764357,27.363602649291348,28.476900766079172,27.563276384689317,27.541976681786554,28.63388415971704,27.42176714171301,29.015047119843505,27.927083368648976,28.23559678033971,28.47163960601975,28.248343708620776,0,1.18874841016617,0.419259123218104,0.671351838088109,0.824172344658296,False
P0DP25,12,,,28.432958656136634,28.092958116441793,28.234062585215334,28.881796866819542,28.70013393231594,28.87366795095439,28.121443394137255,28.33652746080909,28.465471453299195,28.506190636102488,27.963438620350068,28.02474485889048,28.903167231910476,28.374855835214273,28.680598423142104,28.117379034295006,28.663644822927193,28.20499594148451,28.902525745580736,28.09686868684675,0,0.962653102920111,0.654375042200995,0.761003945946475,-0.454267119430862,False
P10155,6,60 kDa SS-A/Ro ribonucleoprotein,TROVE2,22.493332016535643,20.748642129100244,22.198809390394803,20.213867316400442,22.729244071215703,21.12144378596392,22.056700391183487,21.84984014109489,22.933638304630147,22.753584783240164,22.417874095172177,22.142035851783447,22.020635437430364,22.818275647877634,22.846233562019627,21.611840284694154,22.544508438426313,21.701480606553545,21.326221034995168,22.729691747148248,4,1.07295384410758,0.391073718754885,0.65797460515182,0.876060348768256,False
P10253,6,Lysosomal alpha-glucosidase;76 kDa lysosomal alpha-glucosidase;70 kDa lysosomal alpha-glucosidase,GAA,22.766050231389865,21.551846416910383,20.841095927702867,22.942546637104268,21.728184895840602,21.154713760591928,22.776462211659325,22.77321223396975,22.80876314540053,24.414434728226215,22.364920878789228,24.530816562028676,21.890625940850832,24.025225137560412,23.831731607255115,22.289730895679256,23.667365509329898,22.028703450176845,23.48942962199334,21.070228678405105,2,1.22097506745761,0.243550244844075,0.58311339070537,1.20046050044349,False
P10301,13,Ras-related protein R-Ras,RRAS,26.00872358131475,26.528626008387437,26.317120855377528,25.952523553587483,25.521291530378313,27.029132217006637,26.074046919230483,26.0271045903313,26.262323824564973,25.775497336946476,25.919076753836787,26.583395699069595,26.15695437702954,27.1883939991811,25.618783237785962,25.97786568282757,26.197974903038496,26.492920746561314,26.13023078667626,25.82779258876498,0,1.04683508452326,0.769915751585453,0.807535787260068,0.296359033153746,False
P10412,14,Histone H1.4,HIST1H1E,28.614527854593543,28.625965232960436,28.70640991504088,28.378334000407303,28.24081733767013,28.780534995716714,27.703516960805672,29.072369348976295,28.527732483992626,28.47529548962772,29.13648805156479,28.517373230668035,27.96278149812622,28.908219039340825,28.64032890221818,28.346660329441416,28.469760233681033,28.052668572673042,29.47598311673431,28.826723530941493,0,1.111564164127,0.53419510197139,0.727049936758826,0.632197452062785,False
P10599,8,Thioredoxin,TXN,25.551984267900977,26.802625890624117,25.194706647539615,26.186839378539137,26.10518426630674,26.072069487433254,25.884280360936362,26.026067345625023,26.267441104596177,26.098491284897563,26.0031430608177,26.02805358315347,25.436304290963097,26.73023282152257,26.19696911614924,26.094311043269464,25.81582113928049,25.648371791383774,26.286870248600472,26.042319517494015,0,0.989706745017278,0.961374117723519,0.839800241506769,0.0490203107829906,False
P10606,3,"Cytochrome c oxidase subunit 5B, mitochondrial",COX5B,22.681456499564856,22.67385233521853,23.058430578129297,23.959451492781405,22.534618012969545,22.347078470188993,22.33767805308703,22.26060152241785,22.849319677443585,22.003962126041582,22.007104009865973,22.75919305440706,21.871825779404418,22.66807605049747,21.766719533364867,22.940529539314376,22.789304311197096,22.84087362898906,22.273865831792783,23.337514185731056,1,0.890081357885227,0.557295043646514,0.731996907067397,-0.596544504785768,False
P10619,2,Lysosomal protective protein;Lysosomal protective protein 32 kDa chain;Lysosomal protective protein 20 kDa chain,CTSA,21.464934768427476,20.972046906846792,20.77312003634757,19.673002950569504,21.936355535682793,19.04684957373247,21.85679540115654,20.89481211860667,21.43792459080755,22.344887294731755,22.466953597754483,21.634910371128836,21.92510652430339,21.71607587200752,20.23059952121946,21.596644551267914,21.22804159968118,21.185567203683384,22.32691635084691,20.87466739977343,2,1.24143274467051,0.249786965787811,0.583149616570681,1.18419490341023,False
P10620,4,Microsomal glutathione S-transferase 1,MGST1,26.065470507917606,24.65207874804272,25.53053406230105,25.706956755917062,25.15493843986535,25.484262935402196,25.85569411387984,25.153285824681788,25.94698421679578,24.227549886430033,25.364559562662297,24.935630150952633,25.177036729254635,24.9194773825581,25.354347136172112,25.512245156653915,25.849965563904288,25.501694576503564,24.310579719461288,25.018767481930826,0,0.838057700149263,0.451791297661196,0.688246675152697,-0.766948958633874,False
P10636,8,Microtubule-associated protein tau,MAPT,20.96278504593811,23.42224682241922,21.2630766008276,23.37333974555978,21.543015429779828,23.708519376781403,22.99650538454721,21.414838049915225,22.101781842208045,21.49709061890077,21.023054604344953,20.660892769012786,22.611370447691357,22.66042941150448,22.184299361058198,22.23711579611406,21.413210978274293,21.254362937191654,21.611934635419072,21.469150618784564,0,0.614503987301694,0.217638888398433,0.558032681431233,-1.27163247354729,False
P10643,14,Complement component C7,C7,25.96788941538027,22.047535492461886,24.62280511082874,24.19227919989112,25.225399897300935,24.92973929405912,24.60297227824551,25.219478226090548,23.450347802616218,25.11106652156327,24.595611342473276,23.296927813534126,25.27453234010472,26.56089551450008,24.785614312977042,24.779770992398298,24.72478769028405,24.97497258043579,23.788135659049413,24.98821939470997,1,1.03182469680349,0.580080577665929,0.741815536043608,0.56212661902034,False
P10644,5,"cAMP-dependent protein kinase type I-alpha regulatory subunit;cAMP-dependent protein kinase type I-alpha regulatory subunit, N-terminally processed",PRKAR1A,21.99467453859163,22.726997653242574,22.663158277535448,22.192886958048884,22.409876853331394,22.854428275575923,22.60611153013901,22.440981559242545,22.896931462481714,22.715812440949364,22.808449529398636,22.854050081295043,22.775213016997743,22.79363588676801,22.27658145141068,23.04479774627992,22.356197525051847,21.966775361652566,21.87942018751678,22.73406815773035,0,0.987909253725055,0.995330230904035,0.843797505224354,-0.00592397746765481,False
P10768,11,S-formylglutathione hydrolase,ESD,26.684119777130658,26.00205190567304,26.57961055041106,26.66178544425001,26.537644792134387,26.96672681248768,26.16452607978474,26.54900016417878,26.80887189729688,26.503449253904403,26.303924991969822,26.87651918145507,26.590739602451272,26.302623259339967,26.737127513412798,26.78128561668233,26.193880514411433,26.306674673326615,26.593678351904863,26.40805365425038,0,0.967918028372652,0.798833694520491,0.812593916944395,-0.258166643268332,False
P10909,13,Clusterin;Clusterin beta chain;Clusterin alpha chain,CLU,26.34343071026589,27.370074037262206,26.78658680389777,26.478939572613143,26.03131064749377,26.258752734951024,26.395290044670762,26.654139544971834,25.647491233869836,26.418266651280863,27.052328870779046,27.00350711153619,25.24317174355538,26.91682858676282,27.02073007174735,26.959337392195344,27.185910543023105,26.719821513296008,27.215067506859572,26.79283099079518,0,1.33994593008067,0.109702316553662,0.449353564697873,1.67153075390429,False
P11021,29,78 kDa glucose-regulated protein,HSPA5,28.174749246991336,28.3681821907919,27.821703486818624,27.79587691550821,28.037028799104068,28.28981352911706,27.767569228486945,27.89949628779442,28.388864045168255,28.504398222852878,27.865164496432342,27.536411215340756,27.780289937494885,28.50577507435795,28.66338647525325,27.72463729950357,28.006883028299594,27.828357081911783,28.226682989610755,27.911866125348045,0,0.93588530719142,0.519667779980659,0.721310207615658,-0.655047211601951,False
P11047,55,Laminin subunit gamma-1,LAMC1,28.072857392578104,27.927309660301585,27.42902377830992,27.44453401198488,26.764008494474552,28.905480256377178,27.672224832101342,27.09811280793321,27.79809170614194,27.36971273666513,27.521175548724372,27.365695164950946,27.84057250001293,27.53903723923509,27.751103653837244,26.54119993992041,27.606366985147933,27.52353476114581,27.70496446941773,27.4356289495589,0,0.867288214673127,0.447747522313005,0.685569866640652,-0.773920525414293,False
P11142,31,Heat shock cognate 71 kDa protein,HSPA8,28.59685341098095,28.71093271055757,28.81897913941417,28.33639672463157,28.738034081167058,28.637320707602704,28.752410712094942,28.237663160182482,28.803561929282044,28.917936609052866,28.584455451251653,28.4347886703047,28.47303838619507,28.961082143289328,29.001149694419993,28.60371661409131,28.78860336658797,28.570909210379007,28.73695207096994,28.60663603196878,0,1.01020847507856,0.855248024172477,0.821068367518388,0.184723381439887,False
P11166,5,"Solute carrier family 2, facilitated glucose transporter member 1",SLC2A1,20.5445004000563,23.48868286386875,20.77558579331617,23.098930493743268,21.813567203312363,21.34695947077615,21.986899394623588,22.121342137639907,19.996371147255104,22.316775880388505,23.759776688304747,22.741602874872047,22.924062407434533,22.366243456675033,19.980684123698992,22.701849337863305,23.243179861499357,21.285459695841034,22.699558051482594,23.795241327912592,4,1.81107697082948,0.121980590114229,0.469505707210639,1.61273264853925,False
P11171,10,Protein 4.1,EPB41,21.270915880775295,23.25424962770745,20.67520675797716,21.67781273967672,20.02258498990855,22.28774522315556,22.13253980161212,21.751779689886405,20.26635937746574,20.89417585091026,19.940516183371958,22.170584904406503,23.059812197651635,22.812275219222386,23.36337388212056,22.20294440881666,22.203969121006796,22.499293695119327,20.794251376984363,23.21427383786098,3,1.69856165979443,0.103844531785948,0.437355574810954,1.7015715824442,False
P11177,13,"Pyruvate dehydrogenase E1 component subunit beta, mitochondrial",PDHB,24.391744804229667,23.070163418227647,25.84963207126151,25.186349543026676,24.064391698462824,23.856952803592975,25.477567896124366,23.20971284502936,25.88348457698556,24.486703161338635,23.94740629326403,24.491660753232434,24.26284632875641,23.979071699978505,25.292653146440337,23.627850148795044,24.299205153637164,24.175728738237076,24.408335527302423,25.110378905837386,1,0.754576748240266,0.606096849681647,0.752218059563864,-0.523649473117892,False
P11216,26,"Glycogen phosphorylase, brain form",PYGB,25.487635216988867,24.75243888293351,25.87632113145578,25.294100160067277,25.22097606632066,25.134206300284795,25.969287897063573,25.405258872896045,24.656200025216318,25.091858986298167,24.76025161845887,24.883586853771956,25.354065001441512,26.023980762024447,25.346232310235425,25.511547787464824,25.625179513653126,25.549849525561903,24.42590644964513,25.630292645614396,0,1.03467539141359,0.919179903460418,0.827824567025987,0.102715177995645,False
P11217,11,"Glycogen phosphorylase, muscle form",PYGM,22.571519419457278,20.731479543272503,21.442276601745995,22.036524921666064,22.83427271315286,24.979581539879117,18.78325677455243,22.03006231800962,21.50863708088097,23.95499441598221,22.718251224308,21.60283143529704,24.008969082350887,22.620279095276242,22.200002782164947,19.438219549600923,23.550888358049235,24.34735615793844,24.29167504492523,19.881735578873577,3,1.12359777944081,0.612448832644347,0.752600100252505,0.514377849943363,False
P11233,4,Ras-related protein Ral-A,RALA,24.926319784420574,26.255721350724638,23.886978894280848,23.201906488724383,23.406619343107657,25.087859786978186,24.697197508431742,24.715794578802466,23.647832840558213,24.031878120223627,24.225118909010824,25.480331525877215,22.927913698207956,25.74576613655235,23.762367087372997,24.646309910322085,24.15872520772389,25.050883984545795,23.252886871410666,24.529674409282755,0,0.957464630870421,0.984708299462277,0.843797505224354,-0.0193999080899817,False
P11277,52,"Spectrin beta chain, erythrocytic",SPTB,24.84857639828649,27.471054439012107,24.476396246823537,21.28565928985373,24.428349384400907,23.003230684469816,23.919289323209988,23.98471314550249,22.686092928182582,24.13916814904189,21.867051303292392,26.06483934106283,20.86368514842776,26.268761354295915,22.9126283625714,24.417385591163075,24.129230701614386,24.006790002818686,25.16269709776627,25.038403644257798,0,1.40062032641641,0.943546969428709,0.836151735667812,0.0716790632455427,False
P11279,4,Lysosome-associated membrane glycoprotein 1,LAMP1,23.22302398834002,24.49668467671741,24.10505225557738,24.258417125400676,24.236558592728368,24.39262054141793,23.852734293399838,24.60065508973928,24.20726862275666,24.724822785905797,23.811836153112747,24.268743932486046,24.270024615947182,23.605490661180472,24.73759609382482,23.596452937977926,23.770388433198157,24.104186154091252,24.36550806805161,23.398791168776725,0,0.872947365854838,0.314412284128731,0.614238736937273,-1.03111519230883,False
P11310,13,"Medium-chain specific acyl-CoA dehydrogenase, mitochondrial",ACADM,24.24938864919202,25.551778500438534,25.370829833230594,25.633258715720803,24.250099455966666,23.163100592652743,25.367523129774927,24.621400688418362,25.210426486094004,24.489837098894384,23.011753249740696,24.95710989893738,23.982831352123217,23.666364127914775,24.359681894680566,23.83561512355985,24.542517722243016,25.29366606091958,24.369715573808794,24.13929320157955,0,0.620154405473123,0.0770071024562608,0.406844594708366,-1.86123812339468,False
P11413,20,Glucose-6-phosphate 1-dehydrogenase,G6PD,24.98559150310358,25.59768111742634,25.677365125184135,24.483042644965657,24.279026522357395,24.213162374789547,25.54898653233628,24.332765086645907,24.471682430017477,24.87796814742741,25.1106291001956,23.70292755771546,23.98605440260977,25.211445433520904,24.796579459734204,24.880497289517987,25.281295541783148,24.829401943135316,24.240259415342898,25.15432410581704,0,0.905698181503499,0.621207695487124,0.756189145336418,-0.501667493814173,False
P11498,22,"Pyruvate carboxylase, mitochondrial",PC,25.14057892783346,25.278170165852206,26.061854522747467,26.090941626165165,24.121302915855324,24.973382143073124,25.548717813153047,24.57579981465996,24.842666540407695,23.32657397243781,23.792730617753634,24.98136929821091,23.838160778889705,24.607706552979643,24.42652222194239,24.944174605442523,24.433527565880784,25.21059398513572,24.79400091482161,25.68990027321757,0,0.69202774780244,0.274489134043246,0.592304662705395,-1.12260192815535,False
P11532,14,Dystrophin,DMD,20.348978727556368,22.11618253170915,22.774989549690684,22.047125228181454,21.737563869090526,22.392941413238997,21.58569696772113,21.2370980210659,20.615603073419145,20.417292993968406,18.751754202213636,19.55280639453062,22.29464357470352,20.789530211443463,19.393066785378934,21.639595046842107,18.84097821306308,22.539656751597782,19.17236594776604,21.365412645815717,8,0.644060644200385,0.0465598296080319,0.328848068756351,-2.11718376999333,False
P11586,35,"C-1-tetrahydrofolate synthase, cytoplasmic;Methylenetetrahydrofolate dehydrogenase;Methenyltetrahydrofolate cyclohydrolase;Formyltetrahydrofolate synthetase;C-1-tetrahydrofolate synthase, cytoplasmic, N-terminally processed",MTHFD1,27.188417272865816,26.800063303793035,27.502733864068635,27.214522439874877,26.084980800166413,27.081929291852184,27.071302014028063,25.77780174260948,26.491295755743973,26.34074724913813,26.225886078531484,27.416036732433305,26.491184203460307,25.510944396719264,26.17696474351344,26.567496170142938,26.79988719413247,27.49469084400396,26.381192008980502,26.605391564794864,0,0.878002547527589,0.439272074341644,0.682962080558899,-0.788658337821796,False
P11766,15,Alcohol dehydrogenase class-3,ADH5,27.43788948263795,26.47804257733837,27.02818985768836,26.951743714081875,26.8066395579117,27.48243342198991,27.165419092459604,26.955015387557438,26.891501085910328,26.632663605994004,26.732945905140557,27.043021142231996,26.94334338258558,27.05560386467046,27.22457372884429,27.064717412757744,26.874862020726088,26.589859205445677,26.898884413383513,27.146637566906797,0,0.96531095026076,0.856244920235194,0.821068367518388,-0.183436100533225,False
P11940,13,Polyadenylate-binding protein 1,PABPC1,23.00634586421296,24.359610693458542,23.78479855758252,24.03729866771799,23.577656500634333,23.356889224573965,23.086971183021397,24.072606660412852,23.736454658046515,23.989362736055856,24.694101817666745,24.143594354715578,21.55164549960086,26.12600884643134,23.55817905988417,24.228751151239873,24.667055843767585,23.309001766117294,24.323287887179028,24.06885875149062,0,1.52751546959469,0.360749400413333,0.642121366920642,0.934690322020497,False
P12004,2,Proliferating cell nuclear antigen,PCNA,20.487311316337117,21.38094004084549,21.176675774348624,20.823445709475862,21.634562511927957,22.16304315374398,20.0940112961421,21.408124908285608,20.484202292765758,21.930080620464306,18.514778018673262,19.746968263197058,20.40277074306893,21.397000928094858,20.89706039826453,20.967348515707386,20.037612262144762,18.940454125194464,20.072162449927912,20.36447407985743,12,0.51960851215239,0.0125843990306623,0.199618756214225,-2.73288589272318,False
P12109,22,Collagen alpha-1(VI) chain,COL6A1,25.277110105202095,26.50560856131494,23.50504690781412,25.0657630263189,25.047794077548716,25.626493355135803,24.919442619178568,26.20892173778482,25.635502323244154,26.435086615143863,25.42718619357648,25.96607732264961,25.339369589403226,25.95623882837987,26.680201616958716,24.106406666719998,25.397581464251804,24.773662356049563,25.126069070284796,26.541230021373273,0,1.1574449824653,0.747288230889961,0.798823546685696,0.326558594481054,False
P12110,12,Collagen alpha-2(VI) chain,COL6A2,23.59445101491928,24.768685613956546,19.555519034291954,23.80559877544897,23.057007399777905,24.207806554585748,23.02957801956748,23.986525960074385,22.99313244902848,23.88194660612042,23.592762742472743,24.10778238709846,23.033006817350227,23.798915665736395,25.529991101227516,22.855303874922196,23.912250277225365,22.953364672837573,23.340525588706953,23.68328654921139,0,1.35108547084125,0.422651193624732,0.673310065329544,0.818079383135484,False
P12111,65,Collagen alpha-3(VI) chain,COL6A3,27.27993792830213,28.31321237264047,25.449437443644438,26.67016288927907,26.14540405932964,27.242468778660907,26.722570405277366,27.150550787989452,26.984153404549435,28.17492020220919,26.778391013675865,27.510293939550326,26.84878388914417,27.98716788002315,27.91687549210662,26.77547479434597,27.017993262218095,25.95020502191939,27.872349467947615,27.00898078257847,0,1.04202741539684,0.626847291762733,0.758178549609215,0.493527971387019,False
P12235,8,ADP/ATP translocase 1,SLC25A4,20.081963090321285,21.643631622932556,21.598237363646252,21.04926774852162,21.61523536702347,20.32364629582018,20.921459964140702,20.377738733246645,20.64160066876832,19.748322469044236,17.86552857933968,20.845047918169065,18.184388641261204,19.761047124897605,19.95853797964346,21.57740405074772,20.194522081256313,19.58226864024324,18.701311993492705,20.53461053899613,8,0.572303986180114,0.0135984592089223,0.203132242222724,-2.69783762649019,False
P12236,11,"ADP/ATP translocase 3;ADP/ATP translocase 3, N-terminally processed",SLC25A6,22.58817898696038,22.541925966262927,22.318388845420486,22.16778370981935,21.927757759931957,20.493802410710458,22.43834224514253,21.99376720461696,22.753015598930055,22.492641322831876,21.911300259318057,21.694342625116736,22.042512644797668,22.57017801307354,20.76725675525186,22.420190196337597,22.21143439210992,22.357939075490513,21.780529465755045,21.587963654027938,1,0.821492115977993,0.435095977945932,0.679014768252282,-0.795984509428305,False
P12268,8,Inosine-5-monophosphate dehydrogenase 2,IMPDH2,22.073313167181908,21.354218483860933,21.980882223284162,20.72440615638981,20.800628963676434,21.477449678073718,20.085376606306887,20.094878743185,21.066491093913292,21.886362751420766,20.556883023507567,21.640842979690454,21.024592498109865,20.852272960243518,22.154263176982216,21.314989100632033,21.681932254936218,21.427669338863794,21.90484214819481,22.222311917400344,6,1.3054602222705,0.308671227965343,0.613979024606205,1.0437380504462,False
P12277,15,Creatine kinase B-type,CKB,27.843819916769117,26.88907400572262,26.8181878948417,27.25055625059907,26.91053768574314,27.21151189542166,27.439975961409626,26.881385533903824,27.14186336785847,27.297049522632417,26.550401536535787,26.770395815870256,26.477925800810205,27.35723311616002,27.155413092321183,27.471254266345024,26.034989852068627,26.877401465157554,26.930031577146746,26.738081673429182,0,0.805782489399788,0.0788211630961297,0.409944313545591,-1.8490304269889,False
P12429,12,Annexin A3,ANXA3,25.300086368547284,25.566384539753404,24.946566393131945,23.398231325985503,25.200756739986094,26.12082467741916,23.80120375294196,25.953112594431083,25.475162134577506,24.770699924320994,24.249192984323454,25.002784940692976,24.574196661528173,25.227800940195564,25.31021108711059,24.302181620589415,25.14495863348712,25.192561821648315,24.477003792096795,23.538503029742618,0,0.795597612421439,0.285181044590689,0.601901638218269,-1.09720540068024,False
P12532,4,"Creatine kinase U-type, mitochondrial",CKMT1A,23.40642767703435,24.34568411898969,21.667581861686095,22.31616393775466,19.966737678310643,23.052441640826697,21.673317479990416,23.650510066639463,23.07075868476745,21.122273087691696,21.270032529079508,21.81396617087557,21.47431071760174,21.806930316227213,21.3936802746858,20.681419610570575,20.632543640643505,21.78019463774107,22.608025378516064,21.190031054858302,4,0.397157913648998,0.0504565632209068,0.343048287307889,-2.07721730558374,False
P12694,8,"2-oxoisovalerate dehydrogenase subunit alpha, mitochondrial",BCKDHA,19.936574494371683,22.412827418901145,19.75320632231572,21.75256544314854,19.623116333090046,20.315541295315043,20.298835438773025,21.51619608036639,20.865560774178057,21.67539450390383,20.679470160323348,21.029377083662105,20.130812215178786,20.92123643549246,20.450823572117756,20.284612371138095,20.96461378119716,20.175980439029033,20.14057655700558,20.45269823769536,7,0.67804489641471,0.413182134845478,0.668891502267805,-0.835166469318499,False
P12814,48,Alpha-actinin-1,ACTN1,27.504485775265277,27.251103757323012,28.013744081442642,27.06522657028737,27.714705965850186,27.95438125956884,28.010763592009468,27.1583276454372,27.514209454927276,28.018110136836242,28.001472170711136,27.644750086026438,27.404643272794928,28.81786374279308,28.146481544349374,27.819172184452025,27.78472866702745,27.825761775245297,27.71603224327449,27.762990008065174,0,1.17420404107904,0.126623225182676,0.476445128823285,1.59179346461658,False
P12955,12,Xaa-Pro dipeptidase,PEPD,23.767865787359426,24.754255513460176,24.89804257557654,24.74289556568476,24.013645686329944,23.47250817089895,24.546971836503786,24.269997119706588,24.541110424088284,24.15343661998822,24.657216757207358,24.96178711236298,21.953332709860465,23.78730395282553,24.721528270757396,24.04834187517144,24.540771332139066,24.479563334073422,24.183905653156597,24.021267565698164,0,0.959853640675573,0.564517123654624,0.732675882289056,-0.585558350665672,False
P12956,13,X-ray repair cross-complementing protein 6,XRCC6,21.900637098764207,24.665945426997602,24.753620449276966,20.70901801347368,22.85409560469906,23.469572671174262,24.1993021315729,22.323366236167622,23.653983650236235,23.746179097710325,25.112178899976485,21.711923619223725,23.827324178319365,25.595713222251902,25.040611027064806,23.913801555873547,24.103835553721225,24.274357957392425,22.437918454622903,24.04875023157632,0,1.34942598883938,0.152552641380494,0.506147554975687,1.48536760933611,False
P13010,8,X-ray repair cross-complementing protein 5,XRCC5,23.763804332396596,22.680908200228874,23.911916521164784,25.001915552218183,20.858152451794588,23.538298934138957,23.71598313811493,21.411561114692137,23.65863140221123,24.13907642289618,24.221982120357204,21.013923387934142,23.33350926919548,22.567500079916996,24.63780306554355,23.414053894016945,23.49433474946943,23.322387766160823,22.266220858896844,23.030866700152895,1,0.818167539603005,0.787092957849013,0.811510678024041,-0.27362214155081,False
P13073,8,"Cytochrome c oxidase subunit 4 isoform 1, mitochondrial",COX4I1,23.98322578102902,25.19098137123094,24.45789802034199,24.66988011655189,23.648147215047093,23.255185520983517,24.689422164292427,24.163434804293644,24.888723512830342,24.14924885668993,22.764496931196394,23.83662831923315,24.06141687567802,24.383616341302222,24.070582504821708,23.143103760742104,23.96375841204986,24.576892162104027,24.333818772369913,23.903285510076596,0,0.747474215215245,0.147938143672758,0.499834338442571,-1.50315504622524,False
P13284,4,Gamma-interferon-inducible lysosomal thiol reductase,IFI30,22.48385533094025,20.50856702705799,24.83616024487503,22.58043125229412,21.901579976252638,22.507072151405715,22.93964078350663,23.718936504223958,22.366613101276663,26.179532645077167,23.29977956161417,23.37945269640484,22.667491309628605,22.700134492168207,24.009788335686874,19.15045369132653,23.460676338717253,21.733360911488013,23.0453935672799,23.265560532620857,2,0.444611317936646,0.58362621238334,0.743117501783968,-0.556833187824703,False
P13473,4,Lysosome-associated membrane glycoprotein 2,LAMP2,20.127960212929,23.75243149361807,21.10966522711326,22.588199203034414,21.18350787241769,21.302513143559167,20.702175893086395,23.286081940655365,21.64444634252104,23.830748568517983,20.150342045929523,20.43410636235716,22.02245378984764,22.098137764043603,22.729629772095997,21.804297356784787,21.59533668799972,21.908434004998654,22.065650447035008,18.056749358228235,9,0.575314481516328,0.268317232174668,0.587927183588789,-1.13759355742047,False
P13489,23,Ribonuclease inhibitor,RNH1,28.531513067607058,27.55709952510247,28.11955186500656,27.806749188625414,28.003017145916736,28.175057527498584,28.333229368585613,27.975006969840077,28.308072497558403,28.354452452686186,28.081620806274916,28.310384139194294,28.336107788303238,28.749684751515233,28.73162636467469,28.48739730469396,28.16459839227552,28.061957844282105,27.88710373582229,28.480478548977818,0,1.12756750336135,0.130766194047128,0.480582462943449,1.57364298006415,False
P13611,5,Versican core protein,VCAN,19.77139442003942,22.77462023998944,21.531574650092512,21.712633603001343,21.065001178718745,21.523128540135115,20.88426650225543,21.091325873392073,21.20740252755007,20.831918038580742,21.023247173586768,20.917943661323168,19.83243662106439,21.14557806892591,21.083952775577597,21.22175214129986,21.136735096599853,20.295437767201452,21.86163698178037,20.804778923524307,8,0.722462361571196,0.358657872418322,0.640460086745567,-0.938853585242327,False
P13639,38,Elongation factor 2,EEF2,27.383091144195216,27.6248917990129,27.388939929135553,27.5670936710019,27.16111211810571,27.2176799617072,27.515813623862826,27.37614552328536,27.558954707875913,27.64254648920531,27.462787343173584,27.15078701798059,26.9309653111461,28.07773957355995,27.645581045227164,27.218307767037377,27.43913218290398,27.50266855635483,27.51974608546232,27.401994054843513,0,0.998547272647193,0.948627096796458,0.837319346889102,-0.0652186953659874,False
P13667,20,Protein disulfide-isomerase A4,PDIA4,26.066336000848047,26.30949007389656,25.333364445272768,25.946400311134177,25.495994915009604,25.890149991056635,25.976312646291966,25.5208598261163,25.836335013897383,26.294604873962104,25.217766753555992,25.63819843224126,25.73397069395953,26.322732712035215,26.926407365510862,25.578812511587067,25.979942575087346,25.823287660570827,26.209751045616283,25.88060555927807,0,1.06058482133515,0.746333465064658,0.798823546685696,0.327839516203136,False
P13671,16,Complement component C6,C6,22.683912636519263,21.486016940800656,21.390545398294943,22.14331010062718,22.116486542752614,22.364017481097964,21.964732032113364,23.2403487340739,20.9424071598224,21.53811449373633,23.54759751898848,24.920558653585267,21.183285551344436,22.746763586613287,23.220283169917,23.038039196451166,22.948814603570145,23.13614521816527,23.475244659545925,22.79089652086659,0,2.05919284800437,0.00772241580588483,0.176846314359072,2.95082360749755,False
P13693,4,Translationally-controlled tumor protein;TPT1-like protein,TPT1,21.786005677921015,21.14913864764856,22.043794435842656,24.69761699530516,22.488393997547558,23.235062762818114,23.67151687133904,22.452308139896317,24.269777654786147,23.969516411897807,22.549819797305624,24.583799453704057,26.35036275323299,25.48130245059883,25.312144492841373,23.267354148813865,23.368910600777593,24.13186980535098,24.30897458570124,23.76708772056666,0,1.88252759188627,0.00691767504538196,0.175323277667773,2.99932777795053,False
P13716,15,Delta-aminolevulinic acid dehydratase,ALAD,26.417232339011633,27.580769906103413,27.252345828978534,27.463295554597178,27.35913051911441,26.905147023261712,26.888643909472187,26.268020190717298,26.646138472897803,26.8516884322366,26.17518446992332,27.254917399539796,26.00139494192132,27.43103615524593,25.851196605810678,27.318412715575942,27.116786775446535,27.251377638755717,26.557417860051963,26.9828707018304,0,0.964203599296307,0.427723199949611,0.67770945006368,-0.809025945616421,False
P13796,33,Plastin-2,LCP1,26.94527923732626,26.997131638600553,26.863362826902264,27.691763533656992,26.897965393606043,26.961347956577598,27.41595264194306,26.742466447107113,26.84009003752419,27.77186838788134,27.720107192932034,26.706379054376487,26.722551225618933,28.265257808131885,27.2402394094219,27.137616029250722,27.297690455327388,26.98845659194356,27.48300165647832,27.411547116540053,0,1.1295714624549,0.35602415608349,0.639433780302603,0.944119485274643,False
P13797,31,Plastin-3,PLS3,26.695166178599923,26.398663543946515,26.740799877715915,26.352241897692313,26.104559278428493,26.78639207122191,26.68385893943217,26.37050835676131,26.495690682780964,26.551146994046572,26.642378753878756,26.366068559597952,25.904652992042394,27.175314147953806,26.55752791676951,26.425350853864987,26.554834129823966,26.39312492242424,26.259144582461868,26.417321613807566,0,0.963184586849038,0.74085114825252,0.798823546685696,-0.335205583992784,False
P13798,11,Acylamino-acid-releasing enzyme,APEH,24.124825305811548,24.59309158039048,24.261136176643763,23.691439055075367,24.684478329953638,24.54576423126917,24.212674621094273,23.161454159652497,24.456081429061403,23.825431513998044,24.074528520082627,24.287186186402728,23.688365963077963,24.594495382853335,23.814588710905852,23.805252825123176,24.127991084547336,24.812694181469702,24.736889283989015,24.12990188099261,0,1.03120616031829,0.815038433743008,0.815002833453775,0.236939266047225,False
P13804,13,"Electron transfer flavoprotein subunit alpha, mitochondrial",ETFA,26.322519134142127,26.908713689294338,27.309468800271596,27.50776320065079,25.97602420571826,26.88798004418878,26.67745773595816,26.538640745906395,26.702225671044882,25.8248959831771,25.676226792706682,26.704118603102433,25.579308672868603,26.519021780885286,26.06719766736235,26.04446244959955,26.55254661256135,26.373062783689786,26.456215159887723,26.512875360988705,0,0.741257762804365,0.0563458765240056,0.35525066816155,-2.02178998255173,False
P13807,4,"Glycogen [starch] synthase, muscle",GYS1,21.69663234761997,21.475881213901634,21.396482563880884,21.533275612559606,21.539718027932103,21.541437950571577,21.925094780677885,21.53628993618737,21.681816397924937,21.552365555818092,22.02423612972407,21.90558713005654,21.72154764840937,22.59761511117158,21.451892388681166,21.871714509462915,21.92398288865988,22.376928422341173,21.405319273644203,21.52791845864887,7,1.25553931627253,0.194185018125827,0.539227987617833,1.3419391509871,False
P13861,18,cAMP-dependent protein kinase type II-alpha regulatory subunit,PRKAR2A,28.39343323750152,26.664625415266546,27.464603821755137,26.35773414936874,26.276830883102352,27.11121150404956,27.31872676872988,26.727585257835937,26.939270780767895,26.925495459905214,26.169805590265774,26.455158739958843,26.493235479267053,26.929018924842545,26.841161545083978,25.196111725023925,26.909644262517126,26.915027049568373,27.654423414302226,26.34811156371231,0,0.789973583248536,0.138920297482498,0.487227709966479,-1.53927413193612,False
P13928,12,Annexin A8,ANXA8,22.101192227481484,20.054088734551293,22.79484565338447,21.14532328695954,21.583686837855605,23.188357600152393,23.271863477744752,21.89419704974137,19.84650503832812,23.262671572843995,22.87835516678813,22.902564676106316,22.08682206140956,22.788601279789745,23.711507440005462,21.977086172529038,22.864533124157873,21.298890933432904,23.029727714548194,21.413154680852934,12,1.23945590087384,0.203930014729534,0.544755748559004,1.31196309200143,False
P13987,4,CD59 glycoprotein,CD59,23.763364231159944,20.160330542750426,22.015665590733096,23.883376645609392,22.199770924508005,20.91967721117203,22.484392890534966,24.190321493559804,23.280681298697917,24.426247042354873,22.84644996295981,23.335041518536322,24.24903557297517,23.192508914649366,25.145838926088775,21.746389641454556,23.652142421071677,23.748011978236317,22.03038948716628,24.313129365721842,0,1.4546834551284,0.201805926779309,0.544755748559004,1.31839959857176,False
P14174,4,Macrophage migration inhibitory factor,MIF,26.22974448328416,26.607574977312833,26.846224954635215,27.29271438011905,26.82334855942122,26.958152482898857,26.118514751013848,26.6595450514136,27.30458677408125,26.317852237004136,26.964570747657458,25.923682056491586,26.301262710054,26.44569553026905,26.997775413000916,26.35564084848084,26.651353188329942,26.10224873521819,27.12638167472269,26.83831806908211,0,0.906793736488527,0.459996582080864,0.69086707470759,-0.752918230640382,False
P14207,4,Folate receptor beta,FOLR2,21.730427942221137,23.798731679470258,18.207053009456928,23.657227787688015,23.026396425314655,20.24492400003863,21.629671674553524,22.266842364672495,21.248954941259864,21.851063173972086,20.879862591312126,21.890929466908734,19.67764540928849,23.886108793646947,20.76500688713553,21.516193927474948,22.64006275105743,21.643680940481577,22.147173457462213,22.330822761470067,3,0.915227198473281,0.963232895468022,0.839800241506769,-0.0466594851666453,False
P14209,5,CD99 antigen,CD99,22.204858552758925,21.568709977687455,21.940935408303172,21.67348433368811,21.720792615849472,22.25321505605436,19.607880022827263,23.500741409203403,22.797202150279215,23.473611070141956,21.94402984007964,22.226748690504827,22.266041683009966,21.882731163377674,22.094363948075138,23.008792497637494,23.13742286583627,22.542521511986063,20.292208705511687,18.909100923856645,1,1.00901086570224,0.6460368755399,0.760737113067147,-0.466079897618618,False
P14314,12,Glucosidase 2 subunit beta,PRKCSH,26.612493525969168,26.253843643073928,25.969168193141048,26.64409583293332,25.942535726670165,26.78544745544649,25.364578859810972,26.152852494228696,26.881586043095798,26.074313482283063,25.89072057025262,26.01440973926086,26.578591235638434,26.44368942125031,26.544085160561664,26.307442781939663,26.219937369939966,25.969999589409447,26.60800379896632,26.529471173631094,0,1.00007577632978,0.820656084945823,0.817197073956267,0.229606914186017,False
P14317,7,Hematopoietic lineage cell-specific protein,HCLS1,21.576113482975362,20.462578328205158,18.966459849258005,23.655489009596703,22.17342293607778,21.33138040172126,22.013991162478373,22.663899362411833,21.213169183394776,22.708463470801206,22.642464891745977,22.090780101821363,22.715867769287314,23.33037754313599,23.084049250756262,22.828322147376458,22.190769800742565,21.51479322810613,22.439027668670885,21.793786737156378,0,1.33606687006911,0.0871382348422235,0.419883675208394,1.79601632662756,False
P14324,4,Farnesyl pyrophosphate synthase,FDPS,21.241496679299885,20.751015721606915,23.219882338445945,21.416912015497754,22.94182666769131,22.01318723466076,22.63584194898144,21.680992445414322,21.42832603492497,20.603202139200675,21.859887650972304,21.121527697005643,20.033866737670998,21.8761035161782,21.46829329205607,22.357164518233933,20.48696515974799,22.280559264391833,20.428838912078376,22.01573465879074,5,0.706390993793529,0.329902242141216,0.620838122156971,-0.997848050080637,False
P14384,3,Carboxypeptidase M,CPM,21.4573177265885,20.736302567801253,20.856399773195058,21.89955248702441,21.153955209081207,21.207869335060874,21.326482634592125,21.474835449191506,20.794009996966366,21.143827611207943,20.706367663725267,20.622460300196725,20.859840450221125,20.861745627175104,20.44432500983175,20.92552290481781,20.92119610280738,20.863656866069686,20.563439196837482,20.37742671728918,7,0.695626969918361,0.0356994016315259,0.290307452882934,-2.24713342482428,False
P14406,2,"Cytochrome c oxidase subunit 7A2, mitochondrial",COX7A2,23.691524795195594,23.292782009229025,24.379024378917862,23.55737522441411,22.87977230997925,23.321460389089445,23.186672061071924,23.943667860201128,23.809887211247677,23.578241558189863,23.450324403646945,22.948004243897667,22.27142673936692,21.61027070573818,23.300189558618282,20.46723622548339,23.299544158734662,23.272268831662014,22.754036173236948,23.747679900086784,3,0.633587549215438,0.0270742034192499,0.272206918603792,-2.37937047721028,False
P14543,27,Nidogen-1,NID1,26.79087913242773,26.611746546199775,25.748175972069934,25.493653932996047,25.82300723562865,27.070993392873227,26.562738816016953,25.70143160948756,25.81051848589931,25.694100596829294,25.89707328278567,25.73427975169895,26.09455908149802,26.20158450576954,25.961091695182002,25.172851308460555,25.74444243678779,26.02447705591138,26.18515606203091,26.38934137195936,0,0.841481625129371,0.389656622448441,0.657591150148177,-0.878732043830854,False
P14550,17,Alcohol dehydrogenase [NADP(+)],AKR1A1,26.28641240910631,26.7190506000441,26.655067440096186,25.83897194369472,26.639341595219243,26.70307298036976,26.01014772728311,26.50712661764914,27.049044580531426,26.95173935574513,25.81082690719167,26.720395857299398,26.84856590773666,26.821299627271454,27.07594897885757,26.59147942095899,26.470766030268496,26.22477121656202,26.58988456169906,26.31784877545013,0,0.99620617300081,0.949667062068325,0.837319346889102,0.063896538677066,False
P14618,35,Pyruvate kinase PKM,PKM,28.825167096658006,28.765021006500096,28.915259457281916,28.84187999376297,28.810547602981174,28.84301628005659,29.14112006126615,28.873067376184682,28.987631737284982,29.147533716082776,28.983004412098083,28.919337102418492,28.663268575926775,29.361671156657504,29.289506642135485,28.60298784200182,29.017459406141622,28.810553464118783,29.137507018313187,28.81378614496983,0,1.01587189379659,0.678666257690287,0.771664251330227,0.420217983777921,False
P14621,2,Acylphosphatase-2,ACYP2,19.176029151552378,20.587341164724307,19.9583168211791,19.88428949102599,20.560949982543384,21.94311203093022,21.983398379634256,18.54800027527465,21.273932960489628,19.046525196122488,19.884489921648328,21.42563916519869,20.48297675411418,21.31316676169641,20.285730758727752,19.035619848038568,20.918755548583146,21.338658526257678,20.75957440158927,18.711352805490588,3,1.10264734559498,0.80152766702484,0.812760585426339,0.254629509891481,False
P14625,40,Endoplasmin,HSP90B1,28.25950894014339,28.34113569283064,27.84179295450374,27.73182905117007,27.689344234829306,28.02026239048577,27.790559968579444,27.806519054650966,28.334114458797014,28.29794851767869,27.979147168198622,28.02550990100627,28.266760760587033,28.574750297747475,28.6208197426654,28.030981819088975,28.04781189377317,28.19181727325454,28.37042477357159,28.440158593801783,0,1.1748206097613,0.078531012825057,0.409944313545591,1.85096638386783,False
P14854,3,Cytochrome c oxidase subunit 6B1,COX6B1,22.184521692522136,23.49493189760948,23.27233255123007,24.239588536550343,23.5397554333458,22.458195485267403,23.85346610669888,23.758912766693626,23.711117817674918,21.808910507493984,20.107664314992707,22.32543492122475,22.8970314759864,22.811549775241797,23.208203312344256,22.11892261502666,22.946284590851914,22.392797504336404,22.772429972252553,22.259976544751357,0,0.550504757405907,0.0383042287769083,0.301156113110532,-2.21297712692121,False
P14866,12,Heterogeneous nuclear ribonucleoprotein L,HNRNPL,25.921805895226214,24.770336638384027,23.44603333540024,22.417396864496094,24.432044861339985,25.659376726778664,23.435168870769647,23.17674874980621,25.097745661639042,25.59115878279329,25.920995923875232,25.184494985842406,24.030474436167072,26.02029638399118,24.731209062845583,25.30934097279299,23.99572774935627,24.024348570794743,25.32412892737296,25.261343375464204,0,1.14844133869859,0.187247827280901,0.53240815837221,1.36400846995482,False
P14868,7,"Aspartate--tRNA ligase, cytoplasmic",DARS,24.274165989443976,24.420413271718775,22.78318212069067,22.93878937133959,23.065191031124495,22.987525871155984,22.840019224818292,21.572260264402463,23.49790485382912,22.922843815576638,20.86798934321859,22.63805118756198,22.430911687501478,24.337688848986204,23.337590907451418,22.991061301233607,23.0860829884999,23.502729410745417,24.088515169007554,23.605030859768192,0,1.14263702920478,0.911960601995968,0.826708499711055,-0.111928867636091,False
P14927,3,Cytochrome b-c1 complex subunit 7,UQCRB,21.900908915234048,21.775189481830882,23.20836997629182,23.58121412914773,22.19124181537833,22.368073460679913,21.850114621693802,22.680417172344065,22.214180130448135,21.571023850531546,19.048481820117665,23.13453639251381,21.93021760791399,22.336340751437834,21.39923656168734,21.75755454277974,21.89190283840349,21.921975499818775,22.17769969950202,22.072795635351895,1,0.725687175230419,0.169575669749401,0.521118528909864,-1.42332212021208,False
P15088,3,Mast cell carboxypeptidase A,CPA3,22.603457140017415,22.71632786292175,22.82540306474428,20.638122024005398,22.56803116062338,20.268847436994548,22.781096583366327,22.178850564115443,22.971567229296728,23.100992941709382,21.18534436971621,21.31332154220637,22.000246592316632,22.753033821259393,22.613499446395068,22.562465025379534,22.216675317684373,19.828967724349845,22.401484275541403,22.90583992576827,0,0.820899518807521,0.523755613707102,0.722158764334251,-0.648582449543601,False
P15090,12,"Fatty acid-binding protein, adipocyte",FABP4,32.63434200449088,31.808988876704984,32.88256478940698,32.34896728684475,32.718865382424696,32.78039443901126,32.669436609344196,32.043112947300536,32.59105540525937,31.63884620224496,32.20436578705858,32.08905148262921,32.48309858367254,31.898500327478043,31.8939676763711,32.363626092488246,32.464165992976596,32.64379073886431,31.814151421036378,31.954132348555902,0,0.829995989211068,0.181768104670597,0.531816779575184,-1.38190396375913,False
P15104,8,Glutamine synthetase,GLUL,23.038848080132503,20.72855549466972,22.7444551967335,21.46753704798154,23.012624638406788,22.69291145951108,22.986999816405966,22.771178993416928,20.690131988396015,23.32806173524139,22.362516564099163,23.218152071799157,20.579156891391108,23.7025794509502,22.07569625057091,22.992420312841304,22.97690694785305,19.31798673175608,21.754022102664486,23.419501598648214,1,1.05669647887849,0.842544258215922,0.819283344390874,-0.201156500001395,False
P15121,6,Aldose reductase,AKR1B1,22.228837570308105,24.29213245875554,21.77959123624414,23.03613333550119,22.55185066625846,22.387430713476235,21.72362328627048,22.159908582737067,22.711703703169622,22.334870399360028,22.092136735226322,22.636226088058486,21.86459631963905,16.90601286528892,23.84461721913207,21.563186621024293,21.600794939039467,22.239616750136626,22.6915164415233,21.81948305767513,3,0.760106562410673,0.197618744422603,0.543673593313794,-1.33124481178449,False
P15144,10,Aminopeptidase N,ANPEP,23.88329856385848,23.67238054806591,19.828995771890323,23.247359490169384,23.989793726416096,23.76016096935646,23.533484480620064,22.064062399026543,22.6633425158167,23.753898969531416,22.72110238262228,21.57807535217425,21.51098482914071,20.182975899905752,23.219758433425525,18.2393708704187,22.397549684014933,23.267765968994542,22.5046207790397,21.650468360849636,3,0.463714238410382,0.0444851868793563,0.323674129218553,-2.13971103271348,False
P15169,3,Carboxypeptidase N catalytic chain,CPN1,20.383384762474392,21.250308410490614,21.744284029388883,20.90041396924732,21.429389200225927,21.443465538013417,21.639453728639413,21.667984842641733,20.434480730323767,21.88093927437271,22.79256769226462,21.660681600517577,21.311786172557458,21.624181822551932,22.063153625534415,21.509147711508287,21.880044893085426,22.79372726445596,20.295772254815024,21.61513504739734,11,1.47070313320629,0.147459138175325,0.499834338442571,1.50502739971842,False
P15170,3,Eukaryotic peptide chain release factor GTP-binding subunit ERF3A;Eukaryotic peptide chain release factor GTP-binding subunit ERF3B,GSPT1;GSPT2,20.76284514995488,21.07276223804106,20.535992649655622,18.16591832099425,20.969099049326175,21.526943155687366,20.882654058786198,19.44647446843541,20.899596375247,18.877116056181396,19.344783930934405,20.154066164152265,20.98554733316147,20.95791568292617,20.392011908630327,20.114379513009737,19.975959054960075,20.690598841242565,19.908551850931318,21.018669053295586,9,0.890200750713317,0.921094580197108,0.827857818900173,0.100273122789763,False
P15311,20,Ezrin,EZR,24.704759255640443,25.182338377039958,24.875296288599976,23.500628856902352,25.475881084056784,24.85236147425022,24.763340539814312,25.40931252575438,23.929786498224075,24.833475028443317,25.30933951922015,23.997985629006592,22.893997358021828,25.427997369759705,26.25631111285449,24.343496959463167,24.773848463266617,24.1938701819221,25.46965053099555,25.05539264896848,0,1.07537649006396,0.956669258133535,0.838745919712787,0.0549972444581989,False
P15374,7,Ubiquitin carboxyl-terminal hydrolase isozyme L3,UCHL3,22.26442931508982,23.519642628374637,23.371418291675866,19.221491964732426,23.525087285305958,22.350993946468996,22.315206424369194,21.78456787024679,23.513161395454098,23.165377708093278,22.52389062071801,22.944530999366872,23.32053983816277,22.92562295760526,22.369925800864777,21.520787706666315,22.662972504612984,23.25281520324486,22.876618733208193,22.544078209531655,0,0.938025419719134,0.674200513816485,0.76968146506879,0.426438584483501,False
P15531,9,Nucleoside diphosphate kinase A,NME1,25.428100023230503,27.071026412512758,25.53403217968964,25.623062134132397,25.97163311649094,25.52971229546061,26.89218463449678,25.764790206943506,26.122433138226867,25.846966653044298,24.38682815561202,27.086679104720385,26.603031312026918,27.16853771564388,26.258613064824985,25.982095808003397,26.32740969957264,26.392187947323862,26.112438775787258,26.16132406002515,0,1.16890468913274,0.374492843177823,0.651005541947793,0.907728585496574,False
P15559,12,NAD(P)H dehydrogenase [quinone] 1,NQO1,25.399519549315006,26.19892735719537,26.87244385095271,25.680330932079354,27.854889998574663,28.178959791896528,27.552816370362915,26.421795794464387,25.845931920575936,26.195739966876012,27.989571064737174,26.39315469809537,25.550353483054664,27.697267910036928,26.791787066216802,25.897856606229922,26.207358166444248,27.14512578015826,26.694707271606,26.287954241643778,0,0.924262916255205,0.901228315204076,0.826708499711055,0.125644707016783,False
P15586,4,N-acetylglucosamine-6-sulfatase,GNS,21.203909952600437,21.98406685018675,22.193652520621804,21.622891346156855,22.989801739100297,23.00756669290651,22.49414784122716,21.6830616608201,22.377258143509092,21.580432873308403,22.094042952751465,22.843143991505332,22.237643017603887,23.38760383095346,22.467922117450797,22.46640634757772,22.317274367782638,22.299518744447656,22.801176079197475,21.99783556815428,2,1.16492616181721,0.184394698805943,0.53240815837221,1.37327338965972,False
P15880,6,40S ribosomal protein S2,RPS2,21.62227819218432,23.634370492957206,22.513595045034588,21.463031291888573,23.002163974963512,22.414122458345044,22.8093077322966,22.193100089170777,23.70070021951089,23.589601494374197,22.45178931137677,22.210069514719123,22.195159050096322,21.975648166394038,22.52637239360462,21.66360142287427,21.94636562186615,22.306154758696596,22.194747574441706,20.776776061642828,3,0.560713606084545,0.0438462516486112,0.322432542423785,-2.14684049152446,False
P15924,3,Desmoplakin,DSP,21.418677441984386,20.51491892606381,21.391662572321316,19.684112294637558,22.500224050016147,20.7728271664522,20.38291576972934,21.22622288584895,19.518085388203236,22.241073089602153,22.61466910731212,20.533528430204832,20.47439048012904,21.594999181712385,21.258030389845192,21.900161956012525,21.546184651486836,20.739123288898536,22.033326312514355,21.625292365478593,1,1.23927111995452,0.25098992230633,0.583149616570681,1.1810927398827,False
P16050,16,Arachidonate 15-lipoxygenase,ALOX15,26.287625265248852,23.121130451378065,23.289330168862502,25.423418770780284,26.251945262788272,24.14911530918217,23.60599846908527,25.074221368789118,26.358973409306714,25.33313285173489,25.097694454612398,22.474946678422487,22.25024627204367,25.17324192453628,24.673942859556032,24.138511171051316,24.259346710238024,22.364582173321637,24.9238387553693,23.83580189015035,0,0.474519102835895,0.0763762115747977,0.406132304211379,-1.86554267954003,False
P16070,6,CD44 antigen,CD44,22.67747655719074,17.853054815837094,22.925229805364935,22.530496371046667,22.382681190076067,21.625503733309138,22.01037355061218,21.9970470114789,21.70902639689062,22.92971473407314,21.72613279258242,22.738103048083854,21.97382541647625,24.06605048055036,23.550217472007095,22.38988068936008,22.18111795648359,22.68374882277881,22.334216520954183,22.562638533274832,3,1.37116713368539,0.153037761200679,0.50674362498173,1.48352329867123,False
P16083,7,Ribosyldihydronicotinamide dehydrogenase [quinone],NQO2,24.20698447879548,23.77635720497294,23.951991312682946,24.486369560381537,23.178297115546442,24.560474285655104,25.065047035822655,24.74539485995903,24.286482142422628,23.916119852400545,23.531927006817313,22.24591001452961,23.905186212363667,25.115960092182302,24.241269373025393,24.230488412739465,24.102380300130303,25.304914027154776,23.578278320128646,18.850673134884453,2,0.835586473630183,0.228218942796182,0.571901342084076,-1.24182881486668,False
P16152,13,Carbonyl reductase [NADPH] 1,CBR1,26.885644425554176,26.564194477634416,27.517269577051465,26.88809825093168,27.04945448623731,27.07839384763068,26.673437004300176,25.607877051454487,26.897630805692526,26.918169742667615,26.804291549285193,26.62494586415626,25.975543796970765,26.436620128681064,26.87855640515183,26.728501837773738,27.01131801485413,26.883952912100508,26.84305010231128,26.982287642868997,0,0.955498547411472,0.614793373969396,0.754362172394509,-0.510967233005694,False
P16157,37,Ankyrin-1,ANK1,24.55239579862535,27.378019192272543,24.05132176277264,21.85949600627761,24.47683529552366,22.97700956269466,24.37426765948805,24.347709227965247,22.921046516844946,24.178055986445976,22.43556422509867,26.08767952526162,22.94630442100981,26.228531010645135,22.59587041036684,24.501947448823557,24.259158940508556,24.799262287276807,25.12611767172549,25.127442346080564,0,1.38476901707536,0.611481623692049,0.752555933614109,0.5157866583707,False
P16219,15,"Short-chain specific acyl-CoA dehydrogenase, mitochondrial",ACADS,25.298198995581295,26.140314525242434,25.763363527404973,26.180149392708774,25.139226793131094,26.0536733469321,26.09574203285353,25.26173517564626,25.29547191992277,24.680809397578702,23.630587730391724,25.808420796149253,23.82350032228155,24.197087844718478,25.205166556501098,23.935490743230766,25.10049562992006,24.895229413452363,24.804374119573005,25.0629947050011,0,0.541408824345745,0.00278456704671994,0.124769845734801,-3.39401840727907,False
P16298,6,Serine/threonine-protein phosphatase 2B catalytic subunit beta isoform,PPP3CB,21.944067883833437,21.138237065384477,20.95110630275006,20.931571250980554,20.76105037104812,20.941467857940637,21.250793279359037,21.373232192016307,22.165317493771962,21.161424715694647,21.210049270218263,20.749654417316986,21.928223669823502,22.11137237761737,21.025355727785616,20.68971687452215,20.769739729952537,21.235248712260265,21.6690981022618,21.494649378979013,4,1.00466978762672,0.921903688249215,0.827857818900173,0.0992413432621863,False
P16401,8,Histone H1.5,HIST1H1B,24.369499173070032,25.528529953097756,23.334696292847426,24.648469217340033,25.01896209143645,24.476479519414326,23.633603656581734,24.771750410811293,25.23855734677801,25.862201466163782,25.10310985895433,24.157996231180505,24.42203680223687,24.424635709988223,24.779284356687622,24.029764019017144,25.071425777225578,23.25796376877078,25.148818803630768,24.296654918445775,0,0.796809534184242,0.488244575534229,0.709249011116845,-0.705724735053875,False
P16402,9,Histone H1.3,HIST1H1D,23.723660478024918,22.345719886067037,21.722676651525017,23.90035779143178,25.161986924496485,23.203818806333256,22.520047256371715,23.969734750627826,23.024317623973165,24.62102705406552,23.103557068785918,24.096072227574833,24.03789356144327,23.90910017503543,23.848839880925834,23.813331307693666,23.154822914772716,22.877444465829925,24.311692526464917,24.353627939177773,7,1.05978801828539,0.389522694178658,0.657591150148177,0.878984870786572,False
P16403,11,Histone H1.2,HIST1H1C,26.166137777272347,21.38326453783062,25.81313608976597,26.21208128519439,25.610350301461068,25.341071783847493,24.81463205642907,22.677731168127377,25.24798382227884,26.34514315081163,23.550471609863592,25.447921656736437,25.751482810526248,26.4031322730579,26.052509786317646,25.893760645298325,25.48713127135205,24.613618110288225,26.121001558550052,25.848414561043157,2,1.19189275881471,0.328645219446918,0.620838122156971,1.00050646687869,False
P16435,9,NADPH--cytochrome P450 reductase,POR,23.545502352952248,23.943549931661146,22.426590489452817,22.480364097071703,21.77057221046792,21.90524135592377,22.926049939333623,20.897937143075833,24.14528827785958,23.183775345467375,21.72427459909917,22.67442122527061,21.828083601862698,22.83552481354972,22.387937628845517,22.4237039426208,23.341523913858058,21.305794274949125,22.535174038317496,22.952332718827908,0,0.684338488847513,0.418653165187455,0.67102924038312,-0.825264059600529,False
P16452,8,Erythrocyte membrane protein band 4.2,EPB42,23.653202704123867,24.214412718131122,20.887963536477812,22.13974312856901,21.4131230892522,21.883308813724543,22.443532917596258,22.46247840100722,21.124605390482703,22.692872730614553,23.196059886921372,24.094116612568136,20.365759348298045,23.27031801252768,20.36832672692057,21.376154470047414,22.64187167904123,22.88430516714267,23.17073068074669,22.923165513386515,1,1.22626148440356,0.791853165407875,0.81186965806444,0.267347792033473,False
P16615,8,Sarcoplasmic/endoplasmic reticulum calcium ATPase 2,ATP2A2,22.957151125433665,23.136436153969015,22.49820788418571,23.558282782503706,21.753221578728724,21.395032041384606,22.863688790813452,21.566454970806753,23.05661290511433,23.474166641622787,21.418583055837775,21.81427542505087,22.74390208527394,22.886537981726942,23.040245087258608,23.064266202026165,23.335476569043383,22.620768085104928,22.594181926979605,21.83619502707287,0,0.907937372932412,0.790798803274426,0.81186965806444,-0.268736572267162,False
P16671,12,Platelet glycoprotein 4,CD36,27.82731528105961,28.07257609914493,27.176940126813236,28.361841013101984,27.204641082749287,27.031270191556022,28.081777517915864,27.95385949383497,27.627605232966644,27.4572470254511,26.906539554420277,27.915779510703885,28.07011154156403,27.52376861034242,27.67896169029662,27.65478994734287,27.95048656065549,27.793985760139837,27.606843297861428,27.580609482471992,0,0.960698259294765,0.950921372531229,0.837319346889102,-0.0623020304112785,False
P16930,16,Fumarylacetoacetase,FAH,27.63277227765557,27.52440117532632,27.976267200342058,28.10566385646103,27.57923135087312,27.743191168221273,27.950256397684957,27.91811299949472,27.571221488811755,26.69822231190538,26.88797637449042,27.798245587633172,26.685433669328532,27.43910719752459,26.627471789549105,27.074807933702697,27.77609349131244,27.831820342995083,27.328344511081674,26.36449983397393,0,0.736516297078434,0.0298422953481613,0.27325797600272,-2.33315079130222,False
P16949,4,Stathmin,STMN1,21.870399397989264,21.439443836260274,22.43423263897113,23.014336452667507,21.824409975346462,23.058121141432693,19.265905417167662,22.218900492228563,21.82512112967656,23.68782739405595,22.391501428398897,21.00380195441432,21.23932842338609,22.23029204805011,22.13505502246113,22.182258437556676,22.613726104856486,22.12753988385533,22.687982859076552,19.91541831803866,2,0.772630109601071,0.660564242918571,0.764709149984281,-0.445541252682608,False
P16989,7,Y-box-binding protein 3,YBX3,21.70790668669191,22.169973509228193,22.126230725955498,22.51301509851829,20.058121058307364,20.581615101012098,21.28412298202809,23.36812667722445,19.947403980555944,22.073140708750998,22.68758590170484,21.32484077408899,22.373342442407505,24.163203743105647,22.236802124519837,23.203310791027157,23.062282109097577,22.20810279398839,22.350606881794683,23.282310039048664,0,1.92398017424058,0.0187183327562624,0.233476373224605,2.55174992510658,False
P17050,2,Alpha-N-acetylgalactosaminidase,NAGA,20.1998953030285,19.98467236207595,20.433457483930695,20.209447789925967,20.463693414520755,19.98779109798269,19.265191317541525,20.564681675787398,19.853036408405888,18.870569158515284,18.764057802165727,23.689341747301636,19.416130538870817,22.968685211873833,22.637346470714007,22.9999294615688,22.25715317435941,22.470861794367423,21.981717210966735,20.515796824912734,11,5.0200554330932,0.00285802365371896,0.124769845734801,3.38285302000859,False
P17066,9,Heat shock 70 kDa protein 6;Putative heat shock 70 kDa protein 7,HSPA6;HSPA7,26.93715713910754,27.097548081842202,26.494130382822213,25.996414280632706,26.623621882567736,25.348728214125025,26.692648985124634,26.8549993960395,25.98935769237542,27.71872094071409,26.359192401638424,26.51240628142259,26.56789872448516,27.17197736920602,26.961651041167798,26.34430497293715,27.044077809689053,26.775289521868448,27.589285763569585,26.364584288449464,0,1.09999109830433,0.443255973295572,0.683685726064029,0.781709271723061,False
P17174,14,"Aspartate aminotransferase, cytoplasmic",GOT1,24.55648891253153,23.49537762004844,25.090243120121485,25.32964757238375,24.44092403724118,24.283344263216527,24.650125960011167,24.27650130891298,24.26934389425712,23.58350187177298,24.786926319171403,24.085441353978933,21.8309467064818,24.357872828842005,25.04382276120349,23.989620459834587,24.063253018960854,24.898270161846785,24.504929357012024,24.498800936178956,0,0.956397933019353,0.569468493518389,0.734163542789052,-0.578068352215851,False
P17612,9,cAMP-dependent protein kinase catalytic subunit alpha,PRKACA,25.32400984076496,24.712473765147077,25.664422745013052,24.810130005951862,24.380289614517583,24.30780674773942,25.082367925453067,23.859811819263943,24.452058570398574,23.984946348393635,24.634970616932023,24.421256029911305,22.670120484968546,25.44102236340991,24.06873840633992,25.0184440692548,24.83673365310948,25.118696680505657,24.579050112890435,24.887517945947195,0,1.02323988008075,0.744921546982955,0.798823546685696,-0.329734786688809,False
P17655,27,Calpain-2 catalytic subunit,CAPN2,27.548218931451295,26.901637885117324,27.070537204884765,27.119491546725936,27.176915471427534,27.014844948452414,26.82131654803578,27.780371476744474,27.570944797939752,27.550595823636556,27.22329969909406,26.62953625545009,26.84831557786373,28.202587379530435,27.24774191664645,27.084416903852716,26.984156026974,27.15135799908392,27.402309328590572,26.607968014881436,0,0.915642524553573,0.527347721624805,0.724198391136138,-0.642924568428796,False
P17661,26,Desmin,DES,22.89431785356894,28.28844400620215,22.408899091007676,24.65402710324175,27.09404919259527,23.54726061917026,25.020009731758318,20.722714567155602,26.78578678655312,28.298883860732996,18.65542345247393,23.33076194791535,21.802855274650966,23.93381651626528,23.2757853239485,23.646792949545446,21.980855321964174,21.952646122456215,22.416405628250647,21.96702417428303,5,0.0672683340833393,0.00722292108090652,0.175323277667773,-2.98031995029664,False
P17858,14,"ATP-dependent 6-phosphofructokinase, liver type",PFKL,24.41574951997998,24.380680706945313,25.270006154429982,25.596155501873216,24.2561969528669,24.790474708521316,24.985525100244583,24.467525831015035,25.17150746967708,24.671280873502173,24.519979540274292,24.6384232342384,23.997301643756828,25.163368396234958,25.10949065320379,25.17713432344264,24.26745924360802,24.016185405520087,24.92270448476427,24.877554863508365,0,0.912455389851458,0.557977694721592,0.732313735990589,-0.5955029022091,False
P17931,6,Galectin-3,LGALS3,24.360458884683496,25.509736963776813,25.053350841642953,25.4961561470108,25.584488295441236,23.795322748876465,24.856732349874648,25.438197829494495,25.24829759021675,25.528702562507338,25.033961323562497,24.322390699670436,23.0479214445629,25.857095973121464,25.8644544049101,24.67710236513722,25.72893616984153,25.160245534952516,25.14116643181588,24.555311395665825,0,0.962378579917497,0.65155448291866,0.760966574422578,-0.458255595038498,False
P17980,13,26S protease regulatory subunit 6A,PSMC3,24.84352809039901,24.694326987528907,25.0137849566207,24.8987264571378,24.90793086701001,24.63125303868051,25.3717121834471,24.7589890941058,24.629161677460587,24.31951121398509,24.987467309592414,24.006492537036355,24.60422029490723,25.73235849543343,24.520144314648455,24.785289715910523,25.321897269307247,25.094911413687747,24.24320535140662,25.05304935232303,0,1.07136564935858,0.892789589222248,0.826708499711055,0.136446662715263,False
P17987,11,T-complex protein 1 subunit alpha,TCP1,22.66366061574026,23.243638296485997,22.82850379207769,22.60929315520357,21.78995471018817,23.53243605768758,21.96399987986263,19.668560957184706,23.54958407539749,22.784447025570277,21.821151925088323,23.04899509012204,22.397644762428015,22.57169799899996,21.94784090640569,23.42779173263879,22.87296702082345,21.301834543719142,23.144130960691726,22.676628999163878,1,0.907446051773421,0.892083740759417,0.826708499711055,0.137350919052208,False
P18085,8,ADP-ribosylation factor 4,ARF4,24.2293516626006,24.773298305771057,24.15143335893899,24.650850220645616,24.560600856104422,24.664488108453845,24.691426082577564,24.363599657437952,24.158801782877106,24.25495950404446,24.752944891335055,24.31129545034331,23.45836215255342,24.84408586313543,24.34219789284159,24.42848321705676,24.398383324251025,24.56181040934827,24.375643056239753,24.176825511982713,0,0.958056996392444,0.6433612143945,0.760177802140258,-0.469884802687039,False
P18124,7,60S ribosomal protein L7,RPL7,20.95474163505184,23.949111513151827,22.670482635084156,22.516096809247525,24.193088942493954,22.687603539345012,22.55781209125042,21.860801647109284,22.362932911501286,23.313283047764507,21.241169090402522,23.128350698008834,21.025179907079107,21.80886444233567,22.929444595697774,22.792333129348822,22.229679238657777,23.694639990187447,20.751705907415953,22.165738765972634,2,0.779142881424458,0.233281216003862,0.575032143951025,-1.2279417547628,False
P18206,65,Vinculin,VCL,29.703794532644512,29.81484991988232,29.790956652503862,29.519643311823078,29.303165058625066,29.732350781051892,29.78234129166296,29.29063478577617,29.615346931469144,29.64552844614836,29.34052083704684,29.518119910351,29.26689863487386,29.964239292046138,29.254073510788782,29.295415588548956,29.55219353480175,29.372629442397738,29.686003026890603,29.503817831837832,0,0.908235678724856,0.217259835760138,0.55792310220854,-1.27272076599552,False
P18621,3,60S ribosomal protein L17,RPL17,20.188822440039,21.49476306729686,20.329623790684224,21.776951606231943,20.156921210989317,19.929893556404128,21.501998018631717,20.513279691983968,21.08214701223445,21.833542182753213,20.244231516503433,23.346157867800507,20.599221712869923,21.75292171364122,22.670888774344014,20.0692283832744,20.759507951446253,22.314417209275664,21.838989707295116,22.71749998710149,2,1.87954334447644,0.103803272015699,0.437355574810954,1.70178824271173,False
P18669,16,Phosphoglycerate mutase 1,PGAM1,28.091946413647793,28.215724863078265,28.315173545032508,28.13514882179934,27.97600127961194,27.8895735303022,28.413802703266185,28.14999200490981,28.215064994859677,27.940729126344678,27.512154297573428,28.0880407518596,28.208763308103695,28.253102901447242,28.073576907291688,27.898361725474434,28.319377992653052,28.0579607872188,28.29308521509717,27.69168500931945,0,0.946112037538757,0.446659039236414,0.685569866640652,-0.775803647919802,False
P18859,4,"ATP synthase-coupling factor 6, mitochondrial",ATP5J,23.37928972214495,23.467413688755506,23.58908805954041,23.63658940905259,23.556184004799356,22.718314803371467,23.385110547223046,23.88255762712346,22.384726418085357,23.07896857646145,21.613424409665,23.443523204741684,23.47064149280565,22.454030164793043,22.56611397798327,22.678459456660942,23.776896709426754,23.374760963298467,22.548668909294836,23.347834123335613,0,0.790805424568827,0.169300567529165,0.521118528909864,-1.4242838619394,False
P19338,20,Nucleolin,NCL,24.987809036619616,24.688651667803924,24.41223562917446,22.821150092265977,24.154302679140933,25.217317016718287,24.634844511079756,24.61744446416709,25.13313958718917,25.297830072978503,24.925713282187626,24.972492038096565,24.75051529364039,25.709495929258154,26.0560714048243,25.101713968828296,23.87308769278567,24.2569241667121,24.259716139456962,25.086419433096058,0,1.04459988683169,0.262731305917944,0.587927183588789,1.15138271678046,False
P19367,4,Hexokinase-1,HK1,18.85302587329529,19.93485287744254,19.702348770554718,19.941429883615083,19.636314314005567,20.103166577235758,20.14779250954618,18.663612527669372,20.030142886445514,19.744113360404683,20.981466524436545,20.180432059737697,20.53273811307061,20.47125608971755,20.434818162944726,20.35630548153759,19.333428417686456,20.68074812725073,20.741203916081403,20.868168864962644,7,1.71593836752388,0.00729211768109996,0.175323277667773,2.97611870224154,False
P19404,4,"NADH dehydrogenase [ubiquinone] flavoprotein 2, mitochondrial",NDUFV2,21.065728198499535,23.013008505283548,22.11134727655771,23.377953151314856,22.311607635973843,21.819439459204798,22.85599004728626,22.73752061170026,22.79425681761962,21.522438009313166,20.986176249860414,22.316806844214685,22.347472704304543,20.639933334495854,22.341646371875456,20.642799553703004,21.643108817272292,22.597869888211694,21.359277249451818,22.538979818617538,3,0.651343245888528,0.103597105233735,0.437355574810954,-1.70287195253947,False
P19623,7,Spermidine synthase,SRM,22.625990055019443,23.709837614729462,21.91594275854685,21.753293483428788,20.482520377316273,21.127412190678598,22.534861224890054,21.88438164318905,22.546440187593017,22.066459026288754,20.826061523043744,21.459751999586512,21.66648253525664,22.99490714747077,23.381556963901044,22.19856594024471,22.09159401262062,22.25659563671251,22.25914416748332,21.85089042859886,2,0.991948982993241,0.93028991671759,0.830111878942504,0.088553478054934,False
P19652,9,Alpha-1-acid glycoprotein 2,ORM2,27.1072119344798,28.275754591718833,27.322171420509655,28.21720126617619,28.104396197563823,27.4922111690348,27.547210285010223,28.411374642349674,27.412080059917884,27.14358681689997,27.932201088164035,28.038455074316012,27.209893106864406,27.70623421351314,28.013750864546214,28.135322416506686,27.922803852637447,27.67758516263911,27.887221619894024,28.297873732962238,0,1.10804553458349,0.342962875481685,0.62953495777516,0.970633234236617,False
P19823,17,Inter-alpha-trypsin inhibitor heavy chain H2,ITIH2,27.057292264788156,27.139533520472096,26.55649008338446,26.45635201734884,26.36333323084959,26.370626336830572,26.390350763137526,26.72595140954315,25.92316331923656,26.32171573429091,26.692142455360205,26.966993962843684,24.878319181557725,26.902316604454384,26.36421169749428,26.330017789888963,26.846410693288714,26.555307997347168,26.73241607986866,27.181024895121165,0,1.0972210384811,0.948736656435172,0.837319346889102,0.0650794014623641,False
P19827,18,Inter-alpha-trypsin inhibitor heavy chain H1,ITIH1,26.647559107020452,26.726671847137137,26.3351850588009,26.186364885628546,26.070467995545084,26.248259323373574,25.856739500660762,26.940154137498318,25.00811586711496,25.933012826206852,25.72398267468024,26.67009935652366,25.426148346688194,27.158728125769645,26.761331040056884,26.455295915119112,26.74415151845667,26.81424256361557,26.60884107105911,27.09772571474577,0,1.32986844565303,0.146477588407876,0.499252044426215,1.50887976538892,False
P19838,3,Nuclear factor NF-kappa-B p105 subunit;Nuclear factor NF-kappa-B p50 subunit,NFKB1,21.64233294449204,20.954808046069967,22.06017679574323,21.089545186943642,22.455003475509415,20.730346456530942,21.70526775784209,20.604325769320095,21.807034223609527,22.018768503089337,22.379073583036206,21.63393078886278,17.54266524918022,20.430493744970697,20.49331736296023,21.13161398159457,19.200763600035053,21.086271157953544,20.846160941324044,21.550794786469183,7,0.678697033384544,0.0812269169160635,0.417224105855535,-1.833213882858,False
P19971,15,Thymidine phosphorylase,TYMP,22.862041208403834,25.171903533409633,23.568451832341918,26.264491242866363,25.957205962160845,24.01155566014535,25.204031933878582,24.77868271837079,25.058917508090715,25.502882282724787,25.449905870456735,24.42156554562012,24.8745531334553,25.63509825408622,25.228468311817373,24.394884414083773,25.315459631678614,25.41586106098632,25.153250356205753,24.5981593284536,0,0.98974134933606,0.56267139825759,0.732675882289056,0.588359070839715,False
P20036,1,"HLA class II histocompatibility antigen, DP alpha 1 chain",HLA-DPA1,19.990591179453506,20.219263570569904,19.445440458568143,19.686133689229614,18.010378544256767,20.06776290660374,20.437940540892733,18.897053601494235,19.73700331213437,20.681831015339277,21.347470268395995,20.370216708317614,21.253576788646015,18.391135062131323,21.133921252302187,20.01572702184101,19.818825954499786,20.097498575561417,20.450151463504874,19.644333129999602,11,1.59889379629051,0.165860495586283,0.521118528909864,1.43641780040338,False
P20042,5,Eukaryotic translation initiation factor 2 subunit 2,EIF2S2,20.880391579444545,19.429361437708152,21.664015762206358,22.49464571572527,20.02345112602457,19.507211784094558,21.28519591920886,22.99681069505335,22.85314541022388,21.662619547772042,21.983129863731932,22.639418955664734,22.494323419222994,22.759897544642538,21.64097953104787,22.322379070251802,20.285795792482567,22.297190534299396,21.715175154073474,21.084091027958987,5,1.26418455543578,0.173140043159676,0.523299809327203,1.41097335993577,False
P20073,14,Annexin A7,ANXA7,23.359968770952676,24.43925389453934,23.328712373310136,23.303753662252166,23.78418251711058,23.609821097391006,23.818556414791892,24.175457288701367,24.288198384139083,23.8848355798113,24.043688220326732,23.410366018404186,23.387702959658135,24.185423455122272,24.04091852712417,23.957640762051113,22.56614592860683,23.409294797404122,23.626487293799283,23.947532852104366,0,0.919914110740142,0.53233145774258,0.726830710757849,-0.635109585782601,False
Q15661,10,Tryptase alpha/beta-1;Tryptase beta-2,TPSAB1;TPSB2,26.314858164102823,26.924330555665268,24.022417838959026,23.073968455438337,24.676303111160188,26.172755097074432,24.090636422746506,26.370651832733376,26.106153337017552,26.246511656964064,25.04605298014027,25.756353664830634,25.33854796740092,25.97932276421779,25.70950423830515,25.924775672415407,25.718357419533003,22.76476767863474,25.693128813046105,23.753921810055125,0,0.717865097835209,0.634606606853682,0.7585186811081,-0.48238407905472,False
P20290,2,Transcription factor BTF3,BTF3,21.597779787869143,20.616668340524512,20.93034794996199,22.5489918303025,22.02576790657682,21.546467811618413,21.367333514366305,22.716437694245446,20.767322420844792,20.348560866678984,20.855426422759205,20.98383300280691,20.747283762800464,21.05630409286778,21.355961771444125,21.76421615915765,21.152724935590655,20.327948803117103,21.61354616151705,21.11380650077703,4,0.728871881187629,0.289746560110686,0.603321843609166,-1.0865717504895,False
P20292,1,Arachidonate 5-lipoxygenase-activating protein,ALOX5AP,20.194856594593812,20.49757885056298,20.014044929975856,19.843885523632736,20.350829009050102,20.66561765470073,20.00112466438513,19.666462499557042,20.750487138800295,20.884471759569994,20.56551885262036,20.454080585738364,20.652776578243223,20.821675717149812,20.931895391336017,20.733380805673836,20.105844016681022,20.466201569978935,20.82008478644111,20.233467137115184,1,1.20664144519264,0.20278914819867,0.544755748559004,1.31541364287938,False
P20339,5,Ras-related protein Rab-5A,RAB5A,20.851883021887904,22.780163399246398,21.31264316408165,22.00190470944326,22.16129557486017,21.50517998811777,20.681720525182413,19.63157098385459,21.1708135626596,20.89846060205251,20.849004811757215,17.363491877621872,19.796040551641184,20.098660647694196,21.544828726234687,21.10486091831205,21.502721714844377,20.9397132595268,19.866882897218577,21.457992032699806,6,0.626490311688812,0.0649808733588202,0.372185602375831,-1.94922529517975,False
P20340,6,Ras-related protein Rab-6A,RAB6A,23.916377965162162,24.96107694478831,24.15647808688784,23.814027551009392,23.82686437438503,24.4975265696187,23.94812937021821,24.398284792431067,24.21031221732765,24.142324031379484,24.035640359151962,24.13919681215982,24.18742500239657,21.719937526260324,24.186380450147606,23.682568098123106,24.425743811497963,24.24935576009636,21.61050450252015,23.778655919136323,0,0.772160070638793,0.111020448068774,0.451409015610861,-1.66495933696362,False
P20618,8,Proteasome subunit beta type-1,PSMB1,25.232848177077827,26.002179819420665,25.627914368540193,25.582266236860725,26.17112049970655,26.086670365219145,25.673852316948242,25.71729109975711,25.3067690620105,25.235277133521517,25.048416584010337,25.64557863919468,24.975160798483195,26.006567875275277,25.180889367654995,25.249710190007757,25.276697488564817,25.806649724142652,25.80233249715087,25.317692488901784,0,0.868127037072917,0.203013178634703,0.544755748559004,-1.31473486736343,False
P20674,4,"Cytochrome c oxidase subunit 5A, mitochondrial",COX5A,23.895129337886786,23.654636224962864,25.282095072643436,25.25011820092587,22.821946221158562,21.511821556346277,24.50679032209031,25.196811909490776,24.93076059740003,23.659713186677344,21.143885888841353,24.06739038815195,22.958963939085585,24.646029625390845,23.682896829610435,23.405019160027294,23.281049167793554,23.81864541392413,23.29006274189795,23.802417673009998,2,0.561275210586478,0.176092183236567,0.527299948844026,-1.40089925449604,False
P20700,20,Lamin-B1,LMNB1,25.200552775833163,24.854901086499744,21.381231859112773,23.93208495687085,23.15632987328069,23.893558897353017,22.73438116060578,23.776293880216073,24.010283658384513,25.68835055471244,24.074119043602476,22.71910885848693,23.073245394890748,24.530180796915822,24.275859214547886,23.188722569175287,22.742701408955824,22.360661043390202,25.448982044048808,23.3536786431991,0,0.758675478861066,0.56014976402705,0.732675882289056,-0.592193133704237,False
P20742,12,Pregnancy zone protein,PZP,20.14412255476784,23.606319111163593,22.66989295251115,22.215458082774255,20.479592297641222,23.238888474491443,22.277511196031202,21.069038167151582,19.938111595486028,19.50647628177339,23.934092816817895,21.338578358524053,21.068681491947075,23.251352558979175,24.609086302308818,22.829777727264467,24.046312534961487,24.25702089369169,22.967798349278848,23.186241307304883,3,2.61691609409828,0.00901525874852714,0.181482743058785,2.88224353552926,False
P20774,11,Mimecan,OGN,26.96090205312011,26.880068976002335,27.164301358132615,28.052165662021718,28.173208495850616,27.949094502182003,27.14439851816998,29.771516256833888,27.435009596876156,26.57168316753799,27.02085437677238,26.97527991443155,27.245657979572147,27.447061484289858,28.469326235484665,26.291696449383657,27.866458148654637,26.769156273423203,27.793133009389372,26.79668061322708,0,0.675353349637155,0.319298420540597,0.617357741330602,-1.02049966922914,False
P20810,22,Calpastatin,CAST,24.35890786489734,25.7274450244192,26.066068880302964,27.15769968120586,26.0035703738693,25.45358822400285,25.7865533768412,26.209058062364257,25.664311771675944,25.583408088039285,25.546335867515694,25.419885003269904,25.584746894124002,25.224024371924973,25.202934769299308,25.342953184236276,25.80651586741905,25.572702123367808,25.134097845048878,25.738430187832968,0,0.738358354999971,0.164321124403603,0.521118528909864,-1.44191341701926,False
P20962,3,Parathymosin,PTMS,23.65389287603343,21.581348647943752,21.48048782714569,20.579779393550837,21.56280810680973,21.745866467994666,23.10225867637051,20.879641795453878,22.679256890551958,22.347074248633128,20.323384456005286,20.709649900954364,21.218935150296478,18.534111923067243,21.610659985079916,17.28669446915307,19.184789150662333,21.924588520991975,22.27252233518387,19.8323657118913,7,0.39529383236745,0.00853076693066638,0.179922858472445,-2.90676677607113,False
P21266,20,Glutathione S-transferase Mu 3,GSTM3,28.025656443718795,26.268956932395714,27.354778464907984,26.647431765033364,27.828515443178986,26.55709933324085,26.676671340470726,26.41765798947665,27.577158308837934,26.528483543492648,26.921524155625157,25.783026840924922,26.1996336728198,27.01894086130906,25.826713647608404,26.34589119283079,26.579701021632157,26.83801188090937,27.354079363192177,27.000424253438837,0,0.791508386239791,0.110067296198751,0.449738099719175,-1.66970450839432,False
P21281,12,"V-type proton ATPase subunit B, brain isoform",ATP6V1B2,23.22519926208752,22.443858614370146,23.546162847562815,22.47384208960661,22.649707657545967,22.949752699176805,22.876902718050772,23.34295019569948,23.12528164176597,24.24610472025264,23.54968436220583,22.984637837014322,23.41214627374096,24.17208280224889,23.31924899622042,23.451276223222163,23.013127591752898,22.771047231458905,22.83527267852045,23.164855042703394,0,0.93344306411606,0.454114306328701,0.689731901520803,0.762961173726964,False
P21291,11,Cysteine and glycine-rich protein 1,CSRP1,26.475258685960267,25.555518303870567,25.88974373073532,26.00659363152006,27.02217150137034,27.65564573954194,26.28608853396832,26.633318692474603,25.105559092573348,27.555468394462892,28.00551988525689,24.829944497154937,24.90528665223281,27.992259173967366,26.42470791862926,25.666934305324528,25.918496965487066,25.576272738699966,26.467804724766946,26.241414793398192,0,0.784051760541745,0.600066205169875,0.749006456499085,-0.53249535659941,False
P21333,122,Filamin-A,FLNA,30.426356614064847,30.008312872680797,30.029216666998504,29.828426731865466,30.052923278583602,30.282129209769558,30.624603415420868,29.80910417718428,29.855965982070856,31.125523674227072,30.099049822328457,29.839486787137513,29.833318550440442,31.65244951537903,30.772580004149397,30.399898518041436,30.07574440998031,29.897508640210738,30.158146872605432,30.313495944117456,0,1.02600091343674,0.637851413004373,0.7585186811081,0.477742337502547,False
P21397,13,Amine oxidase [flavin-containing] A,MAOA,25.20656375122804,26.345704552614,25.867042648056305,25.916789355323502,24.229206611386438,25.14341417868909,26.028812554303414,25.62451995369948,25.663334877911964,24.537354133630537,25.021104899462333,25.787605676231628,24.918506952004883,25.69118629676325,25.727578729398584,25.60193183965415,25.606756004837475,25.414503071891936,25.29081424740425,25.799848610446602,0,0.936215183273784,0.903445921119562,0.826708499711055,0.12280867009492,False
P21399,36,Cytoplasmic aconitate hydratase,ACO1,26.956839923805294,27.65688394683085,27.31610838240223,27.63226748784725,27.286905152826748,27.29551979509111,27.450362315543245,27.027770312726176,27.475998813756163,26.925595324209155,26.79374619585643,27.77543841639586,27.51326844080323,27.081521966875734,26.874687399706232,27.264784579869968,27.521054757811395,27.600574016153082,27.114978720043347,27.21102867814616,0,0.99446717569785,0.853707937840416,0.821068367518388,-0.186712708794647,False
P21589,7,5-nucleotidase,NT5E,22.619876081379697,23.693294336423016,22.94024099369289,23.21256404142632,22.103799319571927,21.851388231380355,23.07710028803624,23.62808651050093,23.12234147280957,24.076077633141814,21.24423651114431,23.493331007662285,22.938582217090136,23.493040425014236,24.22211826181512,22.403029015732756,23.925857369281857,22.581480579847764,22.630148683043714,22.665573411444875,2,0.97089459373584,0.841796805798252,0.819283344390874,-0.202125104123073,False
P21695,28,"Glycerol-3-phosphate dehydrogenase [NAD(+)], cytoplasmic",GPD1,31.110929684181837,30.71484555121026,31.023998210194247,30.731953931319627,30.7712451181455,31.161015778975177,30.897131963215244,30.386805390362994,30.94409172916537,29.762105115384752,29.85130813878642,30.53991291281594,30.696660544643233,30.035184030200547,30.06240360338492,30.369630806319382,30.678462499271756,30.98157513232797,29.979213159508028,30.37841015035181,0,0.742936226575847,0.0316261742911906,0.27325797600272,-2.30541931508557,False
P21796,7,Voltage-dependent anion-selective channel protein 1,VDAC1,23.795812653857315,26.325751794975133,24.140336016085772,24.48905852314937,23.373161102166694,23.071243260317782,25.53355695613628,23.245649974468503,24.734707416367666,24.468131871932755,22.488602077120415,24.406479342527344,24.023314244577183,24.317488167773877,24.00951533341495,23.605871811292456,23.44108122334129,24.97250368044842,23.312736988393144,24.984036072949735,0,0.676593058842758,0.376336097357912,0.651005541947793,-0.904162973742566,False
P21810,10,Biglycan,BGN,21.64187546747098,22.336597122318963,23.65396900145358,24.319707267226708,23.907910927984506,24.747756888213704,20.820009439481318,25.012892202898698,22.21798389293808,23.30425850109884,22.765624822597342,19.296434003956886,21.98800640951629,22.77598568856269,25.25177062664226,22.158773798148104,22.817065293818406,20.560006139963892,23.872275650226868,22.42685953094223,1,0.809580097141602,0.232472948100558,0.574247841406147,-1.23014351047278,False
P21912,5,"Succinate dehydrogenase [ubiquinone] iron-sulfur subunit, mitochondrial",SDHB,22.993835678814023,22.893484203218502,23.33678325593772,23.55959470658988,22.05748466544779,22.998412516369534,23.488739704061775,23.22921236472456,23.512259555019032,21.64866621804096,20.84978217553951,21.84130395326744,22.937847367487397,22.497816414196446,23.632570724263946,21.361272136536353,22.57949774140046,21.989230333260096,22.516976033523424,23.276236541826442,0,0.700586641758495,0.0955389352434854,0.427035242132537,-1.74674759691872,False
P21926,3,CD9 antigen,CD9,23.237209390649326,20.061419714046004,22.72201067976521,21.176712699651624,22.806694849060516,22.05122588152127,21.570241548863788,22.692182808307358,23.24808205971772,22.89749632803924,21.342771972814038,21.53432021052989,22.894113985167007,23.81035163724632,23.99749871582381,21.940310585973226,21.022899523414146,23.195388363347888,22.539668752545765,22.425608003023292,2,1.09475052773094,0.623460234017996,0.7570989037989,0.498412347885851,False
P21964,5,Catechol O-methyltransferase,COMT,24.08019672981147,23.990041669111598,19.856734183381587,23.200367658698646,22.157544407314212,23.972024874726294,24.14758188241376,22.975153264593168,23.335517748554008,23.67435313335677,23.204156832635498,24.60595427171986,24.16880393579814,24.777760308888965,25.158570315583866,23.529811595463034,23.8366585163675,23.112319030142952,23.120844617276994,23.49586565004934,1,1.2998256846227,0.0814260173265348,0.417224105855535,1.83192327944297,False
P21980,5,Protein-glutamine gamma-glutamyltransferase 2,TGM2,20.452161092028298,21.902797049395783,19.772814727277858,22.35537145201169,20.851204488862507,22.17752676086123,18.627460728121893,22.378447287210225,21.34716753957009,21.05892425153487,20.899051098974752,21.689881836458287,22.068409560488508,20.432987669929766,21.825921905467343,21.002004843676794,20.554678969501474,20.97042842878556,21.60764437865066,22.52631769298199,5,1.04422551801533,0.563951534632345,0.732675882289056,0.586416076216989,False
P22059,3,Oxysterol-binding protein 1,OSBP,20.55430178164286,21.219359586619696,19.980706652485566,21.17547843892148,22.331210392673615,19.95216914538939,21.412562716525684,19.763239386767516,20.390346999660988,21.1878171396908,20.53039775336943,20.360327260244986,20.312790471305696,20.76944349899793,20.085547687951678,21.58587792424852,20.569190447391694,20.535692378548998,20.937123454239284,20.98554393175003,5,0.892434177527657,0.674058142182491,0.76968146506879,-0.426637183467571,False
P22061,10,Protein-L-isoaspartate(D-aspartate) O-methyltransferase,PCMT1,25.806329259128933,26.046449469748566,26.0025573164733,25.18905558332552,25.36904165650065,25.761195584455614,25.831711614046963,25.71516539830182,25.415498158410465,25.751620573792042,25.53863221973005,25.99293181082539,24.70464869263607,26.42182146941191,25.358597824625782,25.436867726274112,25.754304228155306,25.64234283351709,25.36299020424204,25.758368981210687,0,0.953476916310539,0.628415336438409,0.758178549609215,-0.491270872251705,False
P22102,7,Trifunctional purine biosynthetic protein adenosine-3;Phosphoribosylamine--glycine ligase;Phosphoribosylformylglycinamidine cyclo-ligase;Phosphoribosylglycinamide formyltransferase,GART,21.96218058360331,21.822336042004547,23.327141143712197,21.540569674641553,24.470587473574422,21.573210447309766,21.40640865680947,20.863024862314195,23.552494683461283,22.66332712739445,19.51102548234333,22.936538751801358,22.41416325852073,23.5495336265348,22.178556896418655,22.194634254490847,22.436288507385004,22.40116841381077,24.453695813178484,22.168380167000574,2,1.09728150165136,0.838377703189219,0.819283344390874,0.206558376099871,False
P22105,51,Tenascin-X,TNXB,26.627722798645717,26.592317631847678,23.716830665095518,23.050158887400574,20.458222331359075,22.922775590056933,23.559181445383114,25.420205921636956,25.300347233696332,26.262944833240145,21.687919863717397,25.796324950642155,24.811876713824383,25.615973326454927,26.60543804889145,24.70476276751561,24.853377986171694,23.92281229246447,25.67689924319636,22.339477904517196,0,0.820653341485423,0.780427325171052,0.81078497116161,0.282427011379649,False
P22234,10,Multifunctional protein ADE2;Phosphoribosylaminoimidazole-succinocarboxamide synthase;Phosphoribosylaminoimidazole carboxylase,PAICS,22.55765509509584,23.905094380229933,23.319638964238038,23.301792708917972,24.00548330866028,23.01996873812718,22.451267731563885,23.607936678871685,23.313997394927398,22.537011346296257,21.866145797972248,22.826288474751262,21.229227920497646,23.310707331564,21.794119988632076,22.940622473372876,22.1269316155361,23.075521574116358,22.48273111363965,22.56016530410787,0,0.644037012659797,0.0129763868976839,0.199618756214225,-2.71903064625495,False
P22307,6,Non-specific lipid-transfer protein,SCP2,21.99855038266378,21.790726624641316,21.438535753112813,23.057509211540655,23.04362339525402,22.668017658719368,22.009701441577665,21.295073206084137,22.623454306450565,23.441824487465247,22.99747959170143,21.476645234717886,21.383488851673096,21.483624044557683,22.519146478159133,20.790962889426204,22.50378736878529,22.45631491558298,22.26830469773056,21.131888596199776,1,0.745660078913352,0.231127516383148,0.573518903263941,-1.23382149587904,False
P22314,38,Ubiquitin-like modifier-activating enzyme 1,UBA1,28.238037241022216,27.664894739528986,27.99712353617871,27.47353132377005,27.853807577381843,28.003645963147545,27.921259980207477,27.64214898427381,28.202802588152416,28.12415264353766,27.808925369186404,27.996321027696876,27.951407780544873,28.528955241015034,28.25609935628803,28.19182556517691,27.820340216493687,27.94288750624379,27.881942692774526,28.038097052605224,0,1.07520863610961,0.311711909483056,0.613979024606205,1.03703199529858,False
P22352,8,Glutathione peroxidase 3,GPX3,26.233626235638923,25.974055474968356,25.986817549090873,26.04379347986539,24.9966948765971,25.78214828043125,25.436472467628448,26.39325711235526,26.042241216071005,25.83317797145575,24.937123068043373,26.828284379903298,26.386239132718742,25.669770748842257,25.952563131809555,25.150203710024183,26.181346677629843,26.059860483748285,26.490809225586535,25.639450932547284,0,1.08640614776161,0.807933850340073,0.813589620325639,0.246231580356489,False
P22392,8,Nucleoside diphosphate kinase B;Putative nucleoside diphosphate kinase,NME2;NME2P1,22.930685186978895,25.074904140527803,25.00171873634857,24.216498840816797,24.336562572417,25.513101393331304,24.0964237016158,23.813057030182126,25.236471441199747,24.7068095447651,24.648106689844035,24.345025499083217,22.446943977524068,25.025527532372795,24.588102653632433,22.968051215015073,23.330199263200193,25.358423983926745,24.400383365942563,23.191154890366924,0,0.738712547065874,0.237286432352814,0.577879893173472,-1.21711621146184,False
P22626,15,Heterogeneous nuclear ribonucleoproteins A2/B1,HNRNPA2B1,26.31178123306796,25.57172905867546,25.91959394354391,26.64563550177911,25.456376293380504,26.079092331445928,25.672162387925134,26.394087790614005,26.116434886623868,26.5367057569233,26.4396454101045,26.285698278155987,25.98066687422993,26.594608109666453,26.596214634555416,26.25611329758705,26.285220668715375,25.793127544703466,26.45560712771899,26.21339754490205,0,1.11228674692588,0.203247933872432,0.544755748559004,1.31402422567184,False
P22676,17,Calretinin,CALB2,27.399186614143336,27.320713615115608,27.202309388697216,26.989567505143132,27.119490960242917,27.41065342533503,27.255878089789043,27.115959652173647,27.268249376633396,27.304219705147563,27.075794538266656,26.434949022351073,26.52866383641397,27.40815868763945,27.30759363064759,26.628580494014876,27.16352513273875,26.755011630810248,27.041945240641805,26.84240505137656,0,0.813203205777723,0.0285348460880721,0.272440420479985,-2.35446449512249,False
P22695,11,"Cytochrome b-c1 complex subunit 2, mitochondrial",UQCRC2,24.76636133538712,25.322142097271676,25.643957515188564,25.55291982498298,24.608851080399276,24.96956174303505,24.775844148581708,24.739399339263805,25.974056322040802,24.988280729392976,24.761246013684918,24.413410716721767,24.640232918652877,24.408659190109226,24.708361764789394,24.250312591279094,25.321794932117722,25.10286067512979,23.736952112151087,24.967079864195796,0,0.69469644481724,0.0344628511673844,0.283026597888127,-2.26415361307508,False
P22792,8,Carboxypeptidase N subunit 2,CPN2,23.74667269443865,23.103464110673706,21.834382054957548,21.698289517462243,22.54862408469014,21.995984651704628,21.511689454635643,23.090879324876436,21.474745206719625,22.03356685599827,22.272627264044488,22.521095372525597,20.420437178304645,21.89938940609198,23.40741640558106,23.205998539153185,22.192169928236794,22.32364044950372,22.30939339014356,23.31433028779817,1,1.24184322019081,0.822819813975567,0.817624247495614,0.226786202994058,False
P22897,17,Macrophage mannose receptor 1,MRC1,20.18192310289751,23.551571322065445,20.844562781145182,22.976006094048692,21.41464535157459,21.184532290322306,22.331101057889814,19.96716422447792,23.198933990367383,23.655961878324902,20.092480317369393,22.212831380003166,20.59117653268984,23.24987878454622,22.920243349315186,22.114393092575664,22.003786660672358,20.033793549110207,21.55754574654861,21.988106525366018,1,0.691720927550739,0.65034425449475,0.760966574422578,-0.459969264495509,False
P23083,2,Ig heavy chain V-I region V35,IGHV1-18,23.240595588020998,23.177355509304768,22.127470454636153,23.74057133212554,23.868714124485912,23.763760211080303,22.438371584285985,23.127924637944556,23.517226337720135,22.79476707908759,23.807499215221046,23.740526550569335,22.761953664749576,22.55606486119427,22.26525117145208,24.035688463817042,22.840188697251026,22.872837602626355,23.096618454100913,22.79861940384577,0,0.935504576815612,0.726838634552226,0.795870457583298,-0.354120495102959,False
P23141,32,Liver carboxylesterase 1,CES1,29.243207188170036,29.874520149586527,29.98211234207905,29.043793766466823,30.124018604889894,30.331929812778128,30.62781030901564,28.491813754689293,29.593439783673745,29.044414968090415,29.70773337686065,28.584568817389954,29.10715596729751,30.01141924375917,28.878025449477082,28.157261399142033,29.8880959599152,29.900770736305955,29.035952669533735,29.48506551283251,0,0.768054139414766,0.21305089830334,0.556592128790545,-1.28490474782905,False
P23142,16,Fibulin-1,FBLN1,26.81732922254295,25.34753139912388,25.810806679755878,23.955350484818666,24.910248800767288,25.223920975667934,25.37140008812891,25.637693391611347,24.98251924458962,25.946526948574483,25.468724206120157,25.268950665305695,24.595837219804082,26.975587479608446,25.99892569134853,25.1146973569356,25.742969661222123,25.961659211797677,25.70552936035834,25.46237561030947,0,1.12875965473979,0.464290261880822,0.69086707470759,0.745636206437906,False
P23193,3,Transcription elongation factor A protein 1,TCEA1,19.631853346591676,19.57255365720005,19.299934720044455,19.26197188644199,19.571907382517324,19.209772442488763,19.512157885403663,19.830078114910272,19.847384173578643,19.50766594347228,18.418376003523562,18.35420660860134,19.156708109324093,20.298426615604704,18.57910557274208,18.7974718044323,19.565456615297997,19.637762409078377,19.271921264798685,16.9653732491303,12,0.756373391702652,0.0617095422842626,0.364062657639799,-1.97564610292648,False
P23229,3,Integrin alpha-6;Integrin alpha-6 heavy chain;Integrin alpha-6 light chain;Processed integrin alpha-6,ITGA6,19.875555056532097,18.000720773724137,20.28882664914214,20.942918250672736,20.67350698438244,20.864527150309375,19.04220222422315,21.192692238183284,18.877313917885314,20.701141235370695,19.841137548007932,20.58646225686629,20.781281268318626,20.388881185016096,20.943845052016353,19.432708870226445,20.350578733970494,20.86264471385187,19.9358139996307,21.063511941027535,6,1.1421948462449,0.350301275191024,0.632671454287809,0.955653624553778,False
P23246,9,"Splicing factor, proline- and glutamine-rich",SFPQ,22.005639557793074,23.606384205088858,20.316299912032562,22.399438016994978,21.851811333734798,23.53749539966454,20.78014826370574,21.25284135618627,23.681285456729185,23.84911894119987,21.76203904825569,24.508753654628602,23.591438642176424,21.724291780070594,22.99590034142184,21.553017340925063,22.746539090068186,20.76868043697136,23.588114330571706,23.00475587617547,2,1.0667970857911,0.57796641170399,0.740389494444104,0.565290697139557,False
P23284,10,Peptidyl-prolyl cis-trans isomerase B,PPIB,24.978879504184622,25.53834938605692,26.047843869470793,24.86690766104195,25.2573529852178,25.200060179664767,25.65038703363399,25.325216361878066,25.67013605571436,25.303069332587818,24.404739362082395,25.253024377851755,25.94043304471441,26.116724355921917,25.62149773992367,24.875331811172842,26.017575642917176,25.200405710047246,25.51668434124127,25.2668858176087,0,1.05595609678037,0.863656162283582,0.823889010533315,0.173875858349339,False
P23297,3,Protein S100-A1,S100A1,24.61588257495376,21.503355911225164,26.14417178317642,23.697132363997245,22.57140986535173,22.410426174329082,24.17273931503616,22.540852315171428,22.527308380376223,20.790400318088768,22.87522344529766,19.597322073427783,19.680426054971427,22.477773672390427,23.899322854614176,21.227581253298418,24.366083549000027,25.692183225325564,20.919032993449513,22.415413075330566,1,0.608083477469616,0.290581802133923,0.603321843609166,-1.08463951583247,False
P23368,5,"NAD-dependent malic enzyme, mitochondrial",ME2,20.79519074115677,20.133234535043286,20.98811834326938,20.49962648342645,21.529346102697623,21.329726112084128,21.60506014681971,20.861366543119843,20.21801181352592,22.813765469529447,21.57702144770155,21.5335531866423,21.451565115675418,21.52329331682571,21.721260797067817,21.007828248059184,20.711811089021893,21.053953892546758,21.651876503905825,20.498810250893552,4,0.946497832386184,0.516720957978113,0.721090302628091,0.659724991914758,False
P23381,19,"Tryptophan--tRNA ligase, cytoplasmic;T1-TrpRS;T2-TrpRS",WARS,25.5157679399534,25.97984886792695,26.66875488942125,27.077767104335663,26.06224399976248,25.896527862394013,26.33175454922325,25.48164017030821,26.084350400745613,25.807396596556575,26.322058158472643,25.493492285457457,25.176825315844884,25.182399178823093,25.228509178267828,25.395628351593462,25.868493507912,26.064768897892915,26.293001763635424,25.48410481800413,0,0.757939970837371,0.0465838889746506,0.328848068756351,-2.11692788977461,False
P23396,8,40S ribosomal protein S3,RPS3,23.844403712010067,24.351322962063684,23.884033371911038,22.98451622640546,20.395157504425253,23.93275287882151,23.10555787372737,22.03459940495126,24.233532761802277,24.204988729508386,24.203684822301994,23.92657006532176,23.918180577427147,24.340597337980412,24.973849355065827,23.735706700765878,23.877070888998244,23.532087986820546,23.6909711571231,24.475047552394038,0,1.41247144909773,0.0709455731836004,0.38971379111674,1.90394334534804,False
P23526,14,Adenosylhomocysteinase,AHCY,25.721990544716636,25.884056507477347,25.29432442849685,25.59909634604951,25.499932656124713,25.455481438213656,26.084840724796436,25.772041499612826,25.454821499613967,25.689442896652537,26.077149390094245,25.81904001319583,24.749045275952945,26.525225813379148,26.026930896367737,25.596080491834496,25.814049443233955,25.987691649791596,25.975923016723304,25.3664192113822,0,1.12603119174729,0.433971250415371,0.679014768252282,0.797965066479897,False
P23528,14,Cofilin-1,CFL1,28.388182990001724,28.544376028682226,28.472782643835423,28.71638298796945,28.661746500808558,28.34112821847568,28.422045311665865,28.342498498923785,28.570183091834462,28.94177268154659,28.510999641073212,28.406319074815936,28.410848720981985,28.79672426980427,28.640662702576808,28.523015703017155,28.67734479432035,28.556397275466246,28.653805229727364,28.520834755572054,0,1.01671797503318,0.774426480508112,0.80799837307198,0.290373326894975,False
P23588,3,Eukaryotic translation initiation factor 4B,EIF4B,21.555473350287933,21.365761051311722,22.02694514797969,21.993783286130324,21.349667982230095,22.32242189289323,20.846452114847118,20.160138016739687,21.601499874741656,21.350643922229743,21.279208710658608,21.810654467506197,20.769529457716082,19.91742890346947,22.528887438576007,21.329994229891447,21.657839491717944,21.49882241327031,22.75527792817605,21.074249911358926,1,1.0157118204695,0.988736139958052,0.843797505224354,0.0142895340908494,False
P23634,16,Plasma membrane calcium-transporting ATPase 4,ATP2B4,23.81894446835516,24.06584215709568,23.04310195137697,24.632012750956868,23.82460265021444,23.24922044419928,23.709451871212337,24.388889647588094,23.79408202072294,24.492916744545642,23.36458064604343,23.454502388315486,24.19316974862815,24.496179762926456,24.558929205026526,23.73734670595395,23.698944453235192,23.874587823777542,24.163744067397342,24.34268195030686,0,1.04758091812636,0.71912228773521,0.791353431452998,0.364592671032681,False
P23946,6,Chymase,CMA1,21.25018563912046,24.11665028234111,20.121415029644204,21.567609975334296,23.220291147728616,21.11699852662777,22.78569502759395,20.109758267815387,23.35957800303446,22.808327602154193,22.606038516425272,20.927551917095823,22.45252772215824,21.91126252051697,22.71680074619132,22.220839625064276,22.264595742453203,20.193298246282446,23.260778669430852,22.770463786099747,3,0.850276743589729,0.870734183960191,0.825812662811676,0.164760977502744,False
P24158,3,Myeloblastin,PRTN3,21.060162437967787,21.019163319925767,20.988999864073666,20.930720433859566,21.064541379869507,21.051364335406348,20.970301583246222,20.95370355025147,20.754785800468188,21.06311012278163,21.063003332868135,20.670592895597974,22.50622741610199,20.817646291643662,20.88722450291324,20.674446254112723,21.476291806123097,20.02313776967552,22.74401657745093,21.297124075305135,9,1.38952223484484,0.465173624627072,0.69086707470759,0.744143040884852,False
P24298,11,Alanine aminotransferase 1,GPT,24.55081099838342,23.3604064481998,24.68373197529092,23.937029273037048,22.16585287157127,24.189253476343215,24.69524914248808,23.12384376883085,21.955073281956842,22.23164753039318,22.138692741983224,22.672428657911983,21.956602233869468,21.82146611500146,22.166661664181458,23.20708974438965,23.256646788016784,24.230027538675767,21.467976412966816,21.096875295368857,1,0.404205439910066,0.0221271629407274,0.244466286728116,-2.47414012775899,False
P24310,1,"Cytochrome c oxidase subunit 7A1, mitochondrial",COX7A1,21.99240466676357,22.507165150982413,22.432910350808864,23.084783369266436,21.558284605304795,22.194230414813443,23.002541716366917,22.294173239976924,22.71399625339378,22.106954463667893,21.209418559738495,22.285322505791278,23.00671085160501,22.476715370967625,22.002492985347395,22.213535368855105,21.842459341656596,22.477122177196538,21.398290120195057,22.31290532045359,0,0.847670674388537,0.337899510378143,0.626458497370308,-0.981097525886616,False
P24534,4,Elongation factor 1-beta,EEF1B2,25.397534230996552,24.869173938248515,24.49415026933574,25.37192033231642,24.55706861080743,24.795049175873864,25.293349058350074,24.924531500975277,25.000184408752787,24.96030456331021,25.023866911899905,24.408858973799152,25.09571670035106,25.278665415719125,24.488984448333504,25.03098577120019,24.772823712141854,24.49328048831356,24.69281948896621,25.022611663923353,0,0.904160491604765,0.437547539770202,0.680919007569285,-0.791678466018937,False
P24539,6,"ATP synthase F(0) complex subunit B1, mitochondrial",ATP5F1,19.744572286087507,21.120143367403603,21.124589478617775,21.804850707680647,21.56814130625963,22.272938343252196,21.660700922730477,21.291296069726275,21.669809876716393,21.017604323778897,21.625015208387136,20.782241192990487,21.964319543353604,22.368367530418332,22.059057182429026,21.353830862034926,21.24219162008614,21.58961112964918,21.116006412009053,20.947308243644148,3,1.00705239540198,0.546598238141833,0.730613623538725,0.612954359724998,False
P24666,8,Low molecular weight phosphotyrosine protein phosphatase,ACP1,24.195953530263033,22.90644035973681,23.959945435378017,22.88127575775719,23.63105684757197,24.13543121157991,24.2069057401046,21.775935627363104,23.845188827857587,22.08121921348219,23.19503393050195,22.92340913517507,22.365264326123196,23.819237500890303,23.317019235140517,22.729508144637848,23.712182460933747,24.298068287552066,23.31572514297386,23.094471402053102,0,0.887620446875222,0.805293358687241,0.813589620325639,-0.249690793239426,False
P24752,15,"Acetyl-CoA acetyltransferase, mitochondrial",ACAT1,23.96359906900404,25.712519202885584,25.973282913734366,25.15240248272566,24.632503927462793,25.24581515188336,25.382163678869635,24.93452904394093,25.93040208727441,22.788038778422077,22.94909158970042,24.89359784715305,24.80895147134437,24.18803626781831,25.166385790236472,23.891412139042252,24.660202330756494,25.435299964588836,24.33642662265269,24.836080764634385,0,0.665174657992821,0.236638680307812,0.577879893173472,-1.21885753627855,False
P24844,8,Myosin regulatory light polypeptide 9,MYL9,25.2349190928846,25.615111766832527,24.42751873774412,25.76895657661304,25.148808797506533,25.618925743598254,25.095957608140957,25.2088856049416,25.428997764077366,25.234205896978406,24.442901837907293,25.49285403936924,25.255231404124697,24.890776693341127,26.498357865813094,25.44287140016223,25.303592367553005,24.764287637032382,25.513066765289032,25.16464602436301,0,1.068614098948,0.995176963075079,0.843797505224354,-0.00611841253206768,False
P25311,13,Zinc-alpha-2-glycoprotein,AZGP1,26.272320523136838,26.37566553757965,26.45836473248116,26.882117270034787,26.45420984000304,26.719110065287076,26.691091059287434,27.07104282411478,24.73157767279519,25.744026202921336,26.54894305759631,27.435273666643972,26.194629246031447,25.493809642385067,26.321424274871006,26.786875078221343,27.296423997647718,26.666295098427554,25.780998802269632,26.94931698979115,0,1.15111025744799,0.463601579312736,0.69086707470759,0.746801478590812,False
P25325,7,3-mercaptopyruvate sulfurtransferase,MPST,24.998153326004626,25.10451591985477,25.420952379553963,24.5780159992769,24.495351290066633,24.532007370970135,24.39706813292245,23.891362980261025,24.803318623364284,24.585359317930198,25.362955230200807,21.16050017465454,24.682989455848038,25.297726139400893,23.302320961874138,24.551303437378195,24.394795821681374,24.236879224815933,24.593158993771723,24.41822697363999,0,0.878303819041764,0.224863887212452,0.566919292350654,-1.25116285329144,False
P25398,6,40S ribosomal protein S12,RPS12,24.204695809538034,25.08469634142046,23.919038172912693,23.756044171419546,23.623129432847033,24.92189415271486,23.530951486277335,23.395342745287227,24.48049199108917,24.73632679024081,24.09605905616412,24.380049597395445,23.581547595931287,23.294819021087314,24.507464829867022,23.81139580763573,23.993714598734403,24.425471066697966,23.13111390051728,24.0208414893881,0,0.813743851970098,0.368453816379241,0.645446865644454,-0.919492958486889,False
P25685,4,DnaJ homolog subfamily B member 1,DNAJB1,21.121128791938297,20.539961727017083,20.143442208368633,21.056042559922496,20.51263517328492,20.303376776745697,20.712261250953233,21.393365587525444,19.130463676642083,20.835851520287033,19.41576261212278,20.679372576038336,20.761740012435293,20.375280844938896,19.549768438142177,19.135191604444167,20.918105026628286,21.628559196654336,19.035342132385612,21.06261817194302,2,0.848470195633589,0.395892252910549,0.660720884983972,-0.867022713958513,False
P25786,10,Proteasome subunit alpha type-1,PSMA1,24.964608070973558,25.13631622702219,24.871959990168275,24.980928663321997,23.97730296081501,24.39903525841102,24.609857249452904,24.358957504302747,24.443251540300732,24.583436262172008,24.58367084231177,24.139124337604382,24.146936459037708,25.512804881297193,23.437249799061334,24.667631102423254,24.810439417373697,24.723946944028416,24.568375549690597,24.585971403458018,0,1.01722633076673,0.597661261572387,0.747720003069955,-0.536034996597483,False
P25787,6,Proteasome subunit alpha type-2,PSMA2,24.731408382974415,25.029450392955276,24.299715442084626,24.687382266625853,25.222914367729032,24.980742666289494,25.200057156518415,25.18624687957075,25.12359260132761,24.591221747663408,24.52368261474295,25.878774737105626,24.47971383954939,25.488114748329014,25.931336252305382,24.997518573275308,25.105750547787284,25.67140488192203,24.88575930063257,24.53019868941469,0,1.18567096928007,0.26898738755353,0.587927183588789,1.1359535330258,False
P25788,8,Proteasome subunit alpha type-3,PSMA3,23.876182610818784,25.606211941914122,24.153306993220113,23.675916597782383,23.105293542210234,24.14850916427162,24.25615293780386,23.145168317190684,23.622575364034052,23.865053457537716,23.918707519575115,24.154766936216443,22.657607222097013,23.616147000813474,23.370493358074683,23.566823008281602,23.72099332986032,24.08596544749425,24.05343326674042,23.66995942950782,0,0.760825558631716,0.347311226536508,0.631066984984821,-0.961730961283154,False
P25789,10,Proteasome subunit alpha type-4,PSMA4,25.618738891050096,24.613945303976102,24.96733972312213,24.793308494839142,25.26693691057303,25.213054815508684,24.98021626150383,25.022033874295555,24.71160379126286,24.950495813508144,25.107568969864552,24.815870300970893,24.58970320455297,25.16012926890017,25.42286133109589,25.240049292650642,25.016424312283508,25.490659477557436,24.549432158689577,25.18243260168471,0,1.03511233343097,0.798224277754847,0.812593916944395,0.258967262335447,False
P26038,37,Moesin,MSN,27.866541155048697,27.375761735975985,28.01485274812939,27.5594463065413,27.224031879441565,27.9289500355565,27.89707687380333,27.716366691007433,28.087909691148354,27.003809899958952,27.66465310424964,28.276711305117683,27.95340698721019,28.11873401639208,28.175781137856944,27.947697223765534,27.767791947784076,28.039747583563987,27.94685711622458,27.893713313150702,0,1.20626757569343,0.0412460481609457,0.314522477872934,2.17686199965951,False
P26196,2,Probable ATP-dependent RNA helicase DDX6,DDX6,21.090499702088586,22.051261741064646,22.280057180340016,20.96788772796499,21.866185301857147,21.402255606249923,21.418710412853613,21.941463264419447,22.43215663829675,21.312729947153827,22.00649738663251,22.14921147366554,21.91694108097239,21.838763017662856,21.590483236019704,21.348179652868975,21.956776997286624,22.11002987272195,21.99526125428755,21.8402242021297,6,1.0964947378611,0.428261955637431,0.677915601967955,0.808068236224779,False
P26368,6,Splicing factor U2AF 65 kDa subunit,U2AF2,22.972276912555937,21.808052409921785,22.20281660508165,21.940787984563553,21.67109778848505,19.69080897794013,17.95544846353114,24.050087444797036,22.520797790785654,23.985944450419147,23.355392896290596,22.500153856311766,22.658775965823395,23.070329566287292,23.558020438573013,24.28149680858944,23.269340363795536,23.424472761139906,22.723550953959194,23.835756408936827,3,1.66613092937671,0.0281438700627874,0.272440420479985,2.36101345562908,False
P26373,4,60S ribosomal protein L13,RPL13,22.014900790009964,23.580375618504636,22.393910016751466,23.246677194658353,22.220276836443283,22.412840616868944,22.252710804275118,23.0569352507977,22.784385046549094,23.20993265656256,23.732575931986585,22.62691171171937,22.771350048632716,23.45390242607768,22.984983382095002,23.09436596672144,22.77353133339702,23.23155326151805,22.483607016858834,23.72600200333028,0,1.26715886883934,0.168986326539849,0.521118528909864,1.42538397158212,False
P26440,8,"Isovaleryl-CoA dehydrogenase, mitochondrial",IVD,20.81720122288221,22.577122483581924,22.930964328351624,22.64966249869722,21.248096642723773,21.309022626758857,22.05581377416582,21.96388763740956,21.99696538290322,23.509655095719214,22.160867094796103,21.194650966323852,21.686245425254146,22.703293346741084,23.309733582789747,21.294841063800945,22.668827189976955,21.91714826105688,22.88660772321453,21.6750688371357,0,0.984042552388126,0.906418710823595,0.826708499711055,0.119008467294159,False
P26447,4,Protein S100-A4,S100A4,27.666054900005015,27.163371698987177,26.043301889018203,26.587553979234595,26.48748656272748,26.840450070191736,26.26726696335079,26.333506650756693,26.58930330208505,27.065603480835634,25.905064556140804,27.05540483662903,26.713641377291008,26.455008692509175,27.05592592670565,26.49451924165169,26.75538968813098,26.508822564203797,27.73675082335077,26.541201634690996,0,1.02205113471811,0.935947113853529,0.832501250367666,0.0813497001368466,False
P26583,2,High mobility group protein B2,HMGB2,20.477358773224847,23.20591066291615,19.90461888266198,20.611647451472834,20.95050493739611,21.649414485232448,21.725965690008913,22.171197036754318,21.649266700045562,22.584533066958915,23.641849320376096,21.13478022472469,21.477649630588463,24.142627346387897,21.840286119701204,21.303765269112326,21.326169800828005,21.21396397599637,22.30929868137865,21.45365864313472,0,0.964312515253516,0.262105253550792,0.587927183588789,1.15294164547496,False
P26599,17,Polypyrimidine tract-binding protein 1,PTBP1,24.438488590720368,23.7253140881077,24.593502430722996,24.98940824377402,22.570469661425744,24.675577361179315,24.667117141986225,23.931477036971412,24.930775329845872,25.00377316993418,24.737314385486343,25.09666502705834,25.029633319612323,25.40702075940071,25.115292275533243,24.511082955515427,24.31925428868642,24.599529768120927,24.51698147273204,24.547540256869958,0,1.13415229441825,0.0878505033297753,0.419883675208394,1.7916833322594,False
P26639,3,"Threonine--tRNA ligase, cytoplasmic",TARS,20.66624838359622,19.825854744338454,20.180565579575113,20.114859966213288,20.09910814738755,20.189992730412776,21.732067559998647,20.927914856751915,20.76566258520323,20.368486355773708,19.789441767588343,21.43972546577474,19.671855765046004,22.144867546823217,21.0138240687518,18.52832630168405,20.759955404083158,21.756871100116747,23.389409092418344,16.527665448652098,9,1.81610489161262,0.98054790850921,0.843797505224354,0.0246790165247434,False
P26640,15,Valine--tRNA ligase,VARS,23.770678722781938,23.787361818249032,24.163952562982423,23.127867968692915,22.595258793702808,23.507448636369848,23.725038438929182,23.130610979395616,23.81492859965417,23.99366137573577,23.071135570904737,22.90811526126954,23.805484251187362,24.89315705010998,22.93051999130162,23.5962113383824,23.18019068316593,23.30601318375878,23.065314186367935,23.73411456942268,0,0.923139516074293,0.677702789225128,0.771097269083542,-0.421558618681614,False
P26641,12,Elongation factor 1-gamma,EEF1G,25.330002508380375,24.43322869037649,24.642978319116096,24.435301682479174,24.007202473868908,25.06024807316191,24.32737070938052,24.880152133678745,25.10719534335287,25.042595807959465,24.755264279843498,23.800447072774535,23.876429423268647,24.862811658127384,25.31777862343742,24.076956381709618,23.9154106583378,24.080022058853682,24.769556081595155,24.201937483642727,0,0.770875980720606,0.116835879374258,0.464801576729209,-1.63673265474577,False
P26885,4,Peptidyl-prolyl cis-trans isomerase FKBP2,FKBP2,23.328079407801166,22.102014269731157,23.915820886246227,24.5748339545865,24.673115932264306,23.856952965178436,23.637202077362225,23.803157820262683,23.701081067320494,23.912305776781025,23.439448102911413,22.79076915071408,24.249820753060526,24.453801701342616,24.692453872161344,23.704695787502672,23.396069266120243,24.076136749928015,24.006837326160365,24.12571919420317,0,1.07306881391628,0.638562212060506,0.7585186811081,0.476726956430894,False
P27105,11,Erythrocyte band 7 integral membrane protein,STOM,23.614882651297723,25.768479743866603,23.52764291779835,22.621604326186223,23.127500283058154,24.341988943923454,24.082277207441813,24.677985211619674,22.503606523085686,23.37692275694506,24.136753342345198,23.215368477445605,23.754334145095047,24.51690795636739,22.172907452884335,23.730052283991245,23.294998128276973,23.74574059840288,23.312246359701913,23.390563282955917,0,0.723998297048924,0.532113924614926,0.726830710757849,-0.635449864221816,False
P27144,8,"Adenylate kinase 4, mitochondrial",AK4,21.849532024974053,24.11219012640107,23.444446035054156,22.807821547816157,22.580324445778576,22.019086174369665,19.79013154212914,22.79110230935662,23.777782503821612,22.40348300677165,21.446343243289018,23.63235951046312,18.9559778726169,21.494071686558353,21.368096084110196,21.76045596287736,22.913663551593682,23.129152467398786,20.85478582552589,22.251519233217163,2,0.555573435195514,0.159555155010362,0.521044173563398,-1.45919660164098,False
P27169,11,Serum paraoxonase/arylesterase 1,PON1,26.27890303618639,26.052144837606253,26.412334024982005,24.972330699643607,24.33210025056577,25.690199951244125,25.35860670162297,26.1430521628731,25.111817410726452,25.33455916949479,25.994888790743047,25.226795351189658,25.258875929898533,24.969166112901505,25.845964477144086,25.026368347962382,24.967407223170728,25.7868675811514,25.92257724032091,26.00204772229393,0,0.942140855809495,0.793047080741715,0.81186965806444,-0.265775845705768,False
P27338,11,Amine oxidase [flavin-containing] B,MAOB,24.43810021340477,25.113631286526246,25.173910344206003,25.641098157368976,23.996745659148196,24.714000650537734,24.601515743925468,24.94557654010049,25.153090656863878,24.59034911682594,23.97861925254631,25.43765033786998,24.4448672880743,23.95661086910534,24.58403820899126,25.18709820009722,24.37170155473314,24.538782425848815,24.386597727474967,24.27655900083372,0,0.80442140004802,0.174207568334485,0.523546616129746,-1.40731467420883,False
P27348,17,14-3-3 protein theta,YWHAQ,26.72595582012029,26.38149763088422,26.78587554434229,26.16299578560997,26.23046636027593,26.163160877756297,26.514936314926214,26.535134085359847,26.569482576000762,26.611287364188737,26.191745318061,25.710075833761593,26.072980965513615,26.567586336407768,26.803111899547872,26.063578861100904,26.39143800373733,26.239239223328426,26.373130956449526,26.17090323167648,0,0.869338904752297,0.162187444780587,0.521118528909864,-1.44960001938722,False
P27361,13,Mitogen-activated protein kinase 3,MAPK3,24.240019487039085,24.342158300064145,24.68633370614618,23.59964381452465,24.426362565931385,24.31860483412792,25.159593195111434,24.6840539544512,24.236497016901215,24.07867756883943,24.16982183181958,24.126341187222526,24.98554334022033,25.653021600109,24.007843762037176,24.67259365994153,24.87883922661714,23.90797157945375,23.224677452481313,25.075581107189077,0,1.10529421328477,0.730804267543726,0.796028445773527,0.348754346222132,False
P27487,4,Dipeptidyl peptidase 4;Dipeptidyl peptidase 4 membrane form;Dipeptidyl peptidase 4 soluble form,DPP4,22.46847973427118,21.171643680110105,20.00991923671066,21.716955040792694,22.647317975092925,22.405677238486927,20.39138133339674,23.685292127682693,22.139849356864424,22.066175047709404,19.739000105643214,20.402770282306864,21.251866349498787,20.702699858487136,23.07189185721546,20.916791436084278,20.890055217665704,19.303280421360615,21.494437922417887,19.889604018460336,3,0.455292564456721,0.0297301268040946,0.27325797600272,-2.33494517351414,False
P27695,8,"DNA-(apurinic or apyrimidinic site) lyase;DNA-(apurinic or apyrimidinic site) lyase, mitochondrial",APEX1,22.665069114839028,23.422947562702593,23.208352863884322,23.31835186263936,21.55551674711842,22.777020272018643,22.98992119943742,21.38987407837428,24.322239700110536,23.899889670438107,23.777209372526084,21.917231948180156,23.26119297712799,21.385145715833428,23.690248362037796,21.121506595547494,21.916795056023957,23.796661491283203,23.154617265282575,22.832741198372958,0,0.82807620108084,0.541774645988162,0.729692264899217,-0.620409883486057,False
P27797,19,Calreticulin,CALR,28.41846944596709,28.680646260840792,28.087868504749675,27.87570527863794,28.16937299111057,28.340840523017256,28.227334938346594,28.094709399509533,28.521219704195985,28.404629593129613,28.03449609914955,28.2552926222339,28.218362241371356,28.74166884165041,28.45700561778353,28.310549931384866,28.095484180744943,28.219773994856205,28.60562960222106,28.118716036088742,0,1.01213806218666,0.850884452032361,0.820460501896426,0.190361817225716,False
P27816,46,Microtubule-associated protein 4,MAP4,27.687771766216155,27.898173371387337,27.886410482739624,28.634978530936987,28.227974039276017,27.972937199396167,27.922413911847098,28.159117463565483,27.809551043473295,27.557764730773282,27.39567710335441,27.867990115740945,28.249268874640183,27.895953569508666,28.05996296780027,27.757272804336957,28.16309184823844,28.138405836864003,28.20114896371366,28.12245701939221,0,0.997268208373865,0.94601886849504,0.837319346889102,0.0685351896496762,False
P27824,20,Calnexin,CANX,26.264224140831335,26.477730601028846,26.168309534373996,25.94362234562779,25.772629397292093,26.462463234650077,26.107653880037354,25.929518271659877,26.171650889951625,26.314461938188337,25.80064812222852,26.21896910414516,26.044625002775906,26.91640002184361,26.654439273953965,25.937222705213685,26.280679168840564,26.429224601494145,26.347417031213435,26.281305822852097,0,1.10744263555412,0.400197367932918,0.663898433530668,0.859008221699123,False
P28065,3,Proteasome subunit beta type-9,PSMB9,21.91778117228191,20.89410080837169,20.756815551237963,20.6847137441014,21.064878543852128,20.92901705154664,21.007990262008835,21.238708880336382,20.78962221757524,21.71177646818921,21.93528848492514,19.27262274873454,21.18817165535614,22.399128432791723,21.744240735269468,21.196920875483684,21.4310610108506,20.900777891002996,21.22785842311053,21.424008796817997,0,1.19704012233008,0.604465812421707,0.75169788669067,0.52603770619742,False
P28066,10,Proteasome subunit alpha type-5,PSMA5,25.837271533511977,26.308315346978862,26.04869904501619,25.72692685055356,25.66944842324847,25.981620252806458,26.00067043156538,25.563771469127268,25.787436908424013,26.18909354394403,25.920427995047515,25.830784177771907,25.780750781501393,26.022397664054758,25.64682046753428,25.8104722204948,25.61332659119979,25.829497263130044,26.153475571780636,25.862478032746456,0,0.950824446551172,0.625890050395628,0.757887765810089,-0.494907139607876,False
P28070,6,Proteasome subunit beta type-4,PSMB4,23.957857896392852,24.61885494466509,24.58657852064797,24.63796583130734,24.683237586362463,24.699871373997333,24.157637978565326,24.43174701756797,24.30534975699885,24.37790120588887,23.819795517861444,24.28445032514716,24.366488411531552,24.474947918188807,24.280361070299577,24.453277192515962,24.17275360642486,24.33099729360503,24.83584898510259,23.945153611737435,0,0.917756426958966,0.375569386234703,0.651005541947793,-0.905644698092817,False
P28072,4,Proteasome subunit beta type-6,PSMB6,21.895902676766827,23.13412728698635,22.755919197829225,22.936124821598494,22.21076424985799,23.114548408740536,23.52354371598141,23.534934969008155,23.125969449735237,22.115578126268613,22.2333827918203,24.20538694436375,23.264494666648453,23.10611132231438,23.467141636057494,22.87566746103531,22.502510342162847,22.916275666132858,22.626835997326417,22.873491457851845,0,1.06956162516038,0.52181581043355,0.721310207615658,0.651646690205695,False
P28074,6,Proteasome subunit beta type-5,PSMB5,23.614306283273724,23.055638167998946,21.022736186357996,21.94067595321891,20.637745948820452,22.40993877763846,22.029713863852034,21.845194354590046,21.89817782569814,21.61943798445037,21.614799152322732,21.77803641257384,21.439817966702023,23.343993668645115,21.656797583230787,22.293575742299442,21.76505504943218,22.477750130394593,22.762415348839717,21.00328824594956,0,0.986263441971555,0.986993305482268,0.843797505224354,0.0165007213384847,False
P28161,16,Glutathione S-transferase Mu 2,GSTM2,27.293114597073046,26.058206553433255,26.48978511076633,26.380186082213466,26.406179460949204,26.99127003570604,26.68505696916046,25.696360486561087,26.818536738117217,25.84789692609535,25.99697099322081,25.790111757898067,25.774323797013256,26.31580078677099,26.621691297327658,26.643230257894494,26.110774387902786,25.978946039934588,26.209600780758645,26.1446978145354,0,0.789148771187949,0.130284832630015,0.480295769741133,-1.57572700923379,False
P28289,5,Tropomodulin-1,TMOD1,22.891080508076783,20.916223545134837,20.093832150817185,21.71077691524104,19.520585889136218,20.840293184487383,20.216415516902345,21.4826703940467,20.610254406610878,19.7989030675316,21.630113907146363,20.84700329411562,19.65001261041912,20.37184535130613,20.117674756381593,21.615167207234883,19.881966319671207,19.84480197634696,21.586090705152987,21.87258614978997,7,0.829230872222453,0.876547428686895,0.825812662811676,-0.157285581641769,False
P28331,15,"NADH-ubiquinone oxidoreductase 75 kDa subunit, mitochondrial",NDUFS1,22.65213083691031,24.975413604949413,24.13474002224479,24.270835541245024,23.475453175425297,22.76363766463252,24.26692657703935,23.21717501236702,24.67669889638241,23.389867829074262,21.971981294115448,22.729206358081754,22.802845178874897,24.24569087776638,24.19617406804024,22.775390420388888,23.344093367059855,23.17348796444934,23.58802301142159,24.259170214838292,0,0.719160742667874,0.194591879238997,0.539227987617833,-1.34066424502614,False
P28482,12,Mitogen-activated protein kinase 1,MAPK1,24.205427240980395,24.191442890328172,24.859732715654797,23.85206839559925,24.134793049132725,23.60521934558203,23.935065091896973,22.96321211275069,24.45268197481359,24.541764376560845,23.331837096921674,22.197501606624094,24.49397454968939,25.208651749031745,24.243929172975005,24.44905711600987,23.928202255220686,24.307269314339454,24.220477074142384,24.31640980562069,0,1.09712501216875,0.9885703486789,0.843797505224354,-0.0144998752119495,False
P28799,3,Granulins;Acrogranin;Paragranulin;Granulin-1;Granulin-2;Granulin-3;Granulin-4;Granulin-5;Granulin-6;Granulin-7,GRN,21.15826120239552,19.477849908582026,19.301867821361345,20.10337292348943,21.572634006969317,20.362620942739877,20.37156848596106,20.38842874677026,20.83957855536873,20.978041345265307,20.04592235019322,20.487575788802403,22.174980219652866,19.904235623390214,21.412842783008966,21.2012584768125,20.102233632086076,21.03370081800833,20.89217117658799,19.469940448245115,4,1.24238376879812,0.555086478930378,0.731412426372764,0.59991895990058,False
P28838,20,Cytosol aminopeptidase,LAP3,26.79688543236926,26.90684143274819,26.36553952145552,27.40272232113248,26.498423529509658,25.934831964227644,27.127078889091965,26.506363233319522,26.512527694896782,26.79728682546826,26.4279995570279,26.34988641490826,26.51754098615095,26.454308327622392,26.65256658796532,26.633802339972817,26.48822451020183,26.80122456477471,27.00467632660953,26.566697762326825,0,0.917636482191703,0.547114063240789,0.730613623538725,-0.612159160927292,False
P28906,4,Hematopoietic progenitor cell antigen CD34,CD34,25.87521967101599,26.488777223672308,25.431647517530028,25.924263391414346,21.230511618290414,24.930228603200927,24.098650873026195,25.34306023672251,24.81419724555964,25.102036804015707,24.521892568986907,21.966490042896655,25.05468422667981,25.472370498648853,24.09890845293168,23.56861553541183,24.693431090467186,24.003505831598964,25.405843799014445,24.1051951930496,1,0.631604427586582,0.252693719703096,0.58384480474924,-1.17671802430744,False
P29218,8,Inositol monophosphatase 1,IMPA1,20.11020356061997,21.404543965209893,21.31645981159745,22.57171582110015,21.723738926756493,21.533670979815064,21.304443738676188,20.825419349998725,21.007500487418532,21.091252444234122,19.955966406862697,20.00644403761963,22.319526239363682,21.444265176660714,22.05611673438009,21.898113989382825,21.599963625790974,22.52607321565108,19.623481934477333,21.499060914725913,4,1.11834916473549,0.992135508042298,0.843797505224354,0.00997685256391491,False
P29401,28,Transketolase,TKT,28.666749650111147,29.400838382485425,29.552414680011275,29.613686448980967,29.64304771473662,29.251370138760173,29.784436250468143,29.031756389308484,29.266891004034694,28.614733278735617,28.903865666151294,28.913951020960717,28.989461917130182,28.833132384030943,29.085189333404294,29.1423953496385,29.2128195151103,29.540388407264448,28.956055042510698,28.80149182217181,0,0.824640490232349,0.116617528013843,0.464801576729209,-1.63777080131429,False
P29466,3,Caspase-1;Caspase-1 subunit p20;Caspase-1 subunit p10,CASP1,20.33703683614446,19.107161725843472,20.106110013726564,20.1418482529069,19.736800270679133,20.271680607061267,20.097184456257335,19.265798489383887,18.968385313681562,20.687601532989977,19.98327914034199,20.016498626889252,19.89912105608739,20.1954619817713,20.198622327075377,20.163196654742393,19.947919814489303,20.15213377934638,20.160921910067923,20.00711767344577,11,1.07660072124601,0.413401878946866,0.668891502267805,0.83476713983888,False
P29536,7,Leiomodin-1,LMOD1,22.974000535969907,21.061289180455024,20.341459831258362,18.45781369056439,21.55166636004986,23.476962909258134,21.88164808590596,20.135030710986328,20.658566666659993,23.726857727376256,23.287227304391557,22.286260784845904,23.860436768863458,24.205179388172933,23.343674714108197,22.398915018109925,23.04483416992692,21.95069281848755,23.826980142664592,20.26852030930394,3,1.79501178979607,0.0220704578738003,0.244466286728116,2.47533683453175,False
P29590,15,Protein PML,PML,22.09363126672049,22.704055661277028,22.13719021117565,21.28316847076969,22.648596761106123,21.000543481154434,22.98494167452633,21.9737085211898,21.154014013944565,23.91475540150189,22.060487911380843,21.20478262548921,22.587805298592237,23.48675514772136,23.750139548952447,21.98248929819195,22.791568509658582,22.78009173797875,22.984881229611986,22.389619035426804,0,1.13754252840225,0.30000752531654,0.610663490526178,1.06310672602338,False
P29622,2,Kallistatin,SERPINA4,23.377868666723042,23.452970846431118,24.092883088424394,23.811472964753957,23.78075168840385,23.479445048916023,23.332555252076173,23.83202694752138,24.003766964743154,23.386420604135704,22.950677049921033,23.471382681806322,23.58133491562579,23.735637913820618,23.368608161069954,22.01918548635705,23.727096005803798,24.245854627150823,23.255073629683533,24.342163410592462,6,0.940202308006854,0.476208260685984,0.698492481486078,-0.725631323716636,False
P29692,9,Elongation factor 1-delta,EEF1D,24.989523724648617,25.149885840402213,24.76387459297334,25.32822264511799,24.618519879774382,23.77277271401371,24.26308519200475,24.682914676192038,25.39325842880861,25.239524634716282,24.28875654136768,25.297110313183325,22.828976870975175,25.80865449089305,25.66820505261707,24.842730392956124,25.10599735317485,25.135701809981022,24.990727403272487,25.315017346832963,0,1.16795892705761,0.729058493601539,0.795870457583298,0.351115364375257,False
P29966,9,Myristoylated alanine-rich C-kinase substrate,MARCKS,24.446753669382822,24.79844120939911,24.681522090123185,26.023169978738576,25.578848744882738,24.539046012345505,25.10238607405693,25.31111218878843,25.351231839550458,25.54273388670049,25.020668388850286,25.146567696777947,24.91851562637995,25.418955016092276,25.686193088388404,24.621604605019805,25.330880672400593,24.94272304191457,26.03771201992672,24.940205168311742,0,1.0318543988655,0.761333719352575,0.805958734729428,0.307778216674324,False
P29972,1,Aquaporin-1,AQP1,22.322840029549123,22.323628568125933,22.144814440856475,22.168756930164204,22.815663555088523,22.65296266718039,21.92410117743857,23.057384326966424,22.86624862926234,22.326603919533653,22.077738944663686,22.631414078513046,22.19718638700644,22.853945046562266,23.04406317013533,21.41374264660376,22.63849023578707,22.73106382250098,22.888997398507914,22.08045632688389,0,1.04755400071517,0.985369302463507,0.843797505224354,-0.01856121939301,False
P29992,4,Guanine nucleotide-binding protein subunit alpha-11;Guanine nucleotide-binding protein subunit alpha-14,GNA11;GNA14,23.531189052057158,21.17897169207369,22.925429509711115,22.746986954029055,20.54131196226153,21.447133791374295,22.752698206200588,23.29180883997871,23.231590127954043,22.91693307502563,23.169253149161268,22.921003141831093,22.089046537324666,22.685042330215815,23.134563610215817,22.293740602043197,21.878947760306943,22.924855410625632,21.499781828563492,22.685308296808632,2,0.896281018970758,0.846307144641483,0.819592659793939,0.196283251402439,False
P30038,18,"Delta-1-pyrroline-5-carboxylate dehydrogenase, mitochondrial",ALDH4A1,24.787074698650937,25.260308903222462,25.962599384947303,25.14399218586634,25.922529406468932,26.38251035097706,25.77356012080922,24.592399027613972,25.867065846395867,25.539861709354255,25.643876894340163,25.5704667306213,26.35996171661454,25.91633745358959,25.414886379395867,25.602946124247648,26.14858195477843,25.59950507973701,25.423377357386315,25.05222618241766,0,1.08928735415582,0.50472510397537,0.715497513978022,0.678922760766786,False
P30040,8,Endoplasmic reticulum resident protein 29,ERP29,24.877283244349293,25.660299471390264,24.683902897801055,25.58170597183315,25.04852082497717,24.941705737597577,25.036480828984587,24.433027345065867,25.39046677504461,25.377462544871037,24.866304271033805,24.82549688818766,25.045294982175534,25.532137387468474,24.6260983138035,25.301986813544556,25.119672042139918,24.94830421361295,25.572084264002644,24.625853688156173,0,0.944616474476506,0.764400153052418,0.807182980574439,-0.303693313724169,False
P30041,18,Peroxiredoxin-6,PRDX6,30.798150261399147,30.55389184005742,30.797342912212827,30.478166853392192,30.71587540406007,31.029098670779334,30.76854329357181,30.60962912931911,30.563527318136753,29.942604685432674,30.18637527687015,30.72097421644374,30.270032895031406,30.83733417944487,30.28501323221545,30.654222781549787,30.61429642315627,30.525231072405177,30.47339707880075,30.46260661797557,0,0.914056247660707,0.339488119213869,0.626458497370308,-0.97780284899136,False
P30042,10,"ES1 protein homolog, mitochondrial",C21orf33,23.28324275851947,25.32408991789769,23.41644139211603,23.774427666164556,23.471282035680108,24.079421485661335,24.42726700862377,24.49899664065017,23.956101649766044,24.041517573795517,24.276754118502755,24.683785312905403,25.044715557314202,24.815816714549143,23.51275454779611,25.07603207935224,22.94500495312053,25.34829435895216,22.991735227585615,24.238939043938,0,1.27601829118472,0.430687699073342,0.678937927195674,0.803765451171811,False
P30043,13,Flavin reductase (NADPH),BLVRB,28.548691624161357,29.145801081499837,28.72851604874325,27.779743554032247,28.59243613444927,28.743520202296008,28.72187688888854,28.196588801324847,27.964152764980163,28.278517477625662,28.99728674056669,28.59779581551751,28.162495102272054,28.724826775114586,27.75818698369025,28.745802128955237,28.533941715202936,28.845752837601914,28.631575514113145,28.374051529058576,0,1.0412159539334,0.704765023336227,0.785121265036417,0.384189980073287,False
P30044,10,"Peroxiredoxin-5, mitochondrial",PRDX5,27.817328098374176,27.277748452866117,27.488969771117585,27.56231969877101,27.546363657867015,27.661710695326242,27.488877813389067,27.61454000852808,27.72022663975443,27.456978501388846,27.056413509748374,27.52849380217608,27.547916791114538,27.221983987351354,27.751561569520682,27.402446406031675,27.42430273513163,27.235695556938296,27.34814075499216,27.44618022742645,0,0.890904597190115,0.144815074887971,0.497801806304702,-1.51545341762267,False
P30046,7,D-dopachrome decarboxylase;D-dopachrome decarboxylase-like protein,DDT;DDTL,26.189538722051207,26.074273063128274,27.041621919796864,26.8709331074001,26.563472486997345,26.73256368851132,25.62723086666671,25.66461403887567,26.353757198119297,25.62521232836861,26.33694922264938,26.358333680231183,25.292804836704125,24.652030552521275,24.390786928661033,26.53081831112547,25.596996218260944,25.923373105051912,24.88903954841544,26.82713921674538,0,0.709396522577905,0.0507872631467591,0.343437740628752,-2.07395481962708,False
P30047,2,GTP cyclohydrolase 1 feedback regulatory protein,GCHFR,23.052447503055653,22.571535312681007,22.777098996659664,23.578628757937782,22.079852520749967,22.449053392843407,21.917736481486934,23.216466231198304,22.105505234633846,21.810985424607388,21.51146479565518,22.741706394658696,22.99177220997255,21.371254092411878,21.545446628402885,21.96666477141641,22.58892026531363,22.88049183956807,22.361256321470485,22.924127249646798,3,0.837662361139362,0.364606373652897,0.644379893917954,-0.927055301499679,False
P30048,8,"Thioredoxin-dependent peroxide reductase, mitochondrial",PRDX3,27.238356155175794,27.626515468303623,27.887829733818087,27.733117796147756,26.6642020468393,27.352706482590257,27.37842271646161,27.504607834080986,27.48268585892495,27.516307357339777,26.758312164598372,27.434910115219008,26.700598508212533,27.5114448440936,27.233956446171916,26.79374451842445,27.365412870730985,27.08026652983385,26.954854100895837,27.360235009297227,0,0.799742735457572,0.0556610413648563,0.35525066816155,-2.02796114369527,False
P30049,2,"ATP synthase subunit delta, mitochondrial",ATP5D,23.427518406353798,24.303658888185264,24.126769126077416,24.01521379943064,18.974126432850017,23.364782298692788,21.539344423199413,22.02092327209032,23.064459276204172,22.271702699237238,19.682582644594845,22.80457916881135,19.890485309504086,22.296098523743083,23.839704675375152,23.443220489687025,21.667162967865345,22.362718858283216,21.917273772870548,21.70914891679555,2,0.590171445250003,0.250314096307185,0.583149616570681,-1.18283417247744,False
P30050,5,60S ribosomal protein L12,RPL12,22.99764466252125,22.9906624584817,22.89801981072544,23.485704147623334,22.57616381750165,23.45788817905822,23.393933789702665,23.06137842792043,23.47997372245127,23.656858206996223,24.036197067779856,23.668479702865877,23.604187862766928,24.017819273504607,23.910655074710043,23.340540497982865,23.24664680785055,23.613420436879547,23.52113620799442,23.413757601644466,1,1.29096477004635,0.0199148273744101,0.236659049950114,2.52310342288885,False
P30085,7,UMP-CMP kinase,CMPK1,23.291911455347666,23.33178944516946,23.12597882339867,23.991368091436545,24.551830286551255,23.50209268459296,24.09022180633296,23.46820989695637,23.850499257696,23.567702612962112,23.53739717925978,23.889778534239653,23.849133448692964,24.2110763327297,23.716923141579976,23.505331947664928,24.234516950727517,23.39094706017126,23.987812960299244,23.89985156100224,0,1.07998003872835,0.491791930518751,0.709261894965122,0.699912394593579,False
P30086,12,Phosphatidylethanolamine-binding protein 1;Hippocampal cholinergic neurostimulating peptide,PEBP1,29.26492737552833,29.46798831744708,29.416296586508654,29.411878344845242,29.40085735498445,29.484589024341467,29.67334903267406,29.647960359032773,29.186548452226035,28.976088829361576,28.924370766004156,29.103434576796186,29.296024925303964,29.63936014707383,29.48355685053009,29.356599750952515,29.15871593423603,29.263821761185064,29.433998007502094,29.22702409351031,0,0.929272586105403,0.368431093591665,0.645446865644454,-0.919537465764485,False
P30101,25,Protein disulfide-isomerase A3,PDIA3,28.017845922807403,28.102828293651907,27.58402998497438,27.456290177389324,27.89869943236089,28.042717905310997,27.973114042211304,27.809286192993966,27.89836558550564,28.060657950079747,27.8582376420816,27.77697905094255,27.83986894930537,28.61397169899721,28.282085140264382,27.907531349570082,27.86324387829765,27.818039827991914,28.134251541331597,27.923628019482088,0,1.07787192339713,0.357692809361841,0.640114833773659,0.940780105335328,False
P30153,22,Serine/threonine-protein phosphatase 2A 65 kDa regulatory subunit A alpha isoform,PPP2R1A,27.040820544818416,26.816235341709255,27.31707879372398,26.40636213872588,26.877547344607354,26.666245488219896,27.226574433913637,26.481214391742046,27.259737283248192,27.111590791778955,26.36420389812282,26.79073637750196,26.359146247411537,27.601674313542002,27.067976417933735,27.317166210583903,26.77647076446271,26.85088756574402,26.41793053988988,26.533963948513673,0,0.928707145069629,0.538404332179283,0.729121446691421,-0.625640286048975,False
P30480,9,"HLA class I histocompatibility antigen, B-42 alpha chain;HLA class I histocompatibility antigen, B-8 alpha chain;HLA class I histocompatibility antigen, B-14 alpha chain;HLA class I histocompatibility antigen, B-37 alpha chain;HLA class I histocompatibility antigen, B-59 alpha chain;HLA class I histocompatibility antigen, B-55 alpha chain",HLA-B,22.539085819959666,21.601579024492445,21.738635176402116,22.8920093965597,22.569600028726025,21.727515919798066,21.581637832838716,23.79404719680817,20.896452529352118,22.864413308699753,22.10057082664425,24.039541829640463,20.33913310139822,21.970272068754216,22.09511983485131,22.39204528324814,22.639212633119072,21.820930837972494,22.119909459788886,22.049382105802987,4,0.989435038773883,0.876736883972031,0.825812662811676,-0.157042113547452,False
P30566,9,Adenylosuccinate lyase,ADSL,22.121217195843826,23.454618317207917,20.50916916895929,21.17946476743485,21.898783698159093,21.650077132250217,21.19294213175212,21.021091899442908,21.187652908034316,21.70253540544013,21.63301089825132,22.065831696861224,20.90694260528067,20.603365676633494,21.532425138623218,21.662753250390054,22.232432141054133,22.228819857875443,21.719829635156458,21.30669480185911,1,1.12717672758948,0.993786148763892,0.843797505224354,-0.00788280703226926,False
P30613,6,Pyruvate kinase PKLR,PKLR,21.89490073150125,22.040702381355803,20.75722415256615,21.034502045749285,20.644766448801697,19.689863917545033,21.927538277885436,20.054491885327806,20.292268945692292,19.954112569274205,19.524083311734675,21.660854891935028,21.72947714790177,19.6582428573756,21.25710918514433,20.426577956631128,22.138245558700625,21.877402810798998,22.459325614247103,21.382035617962988,10,1.3294721972544,0.335741387465719,0.624406538866139,0.985590505624901,False
P30626,8,Sorcin,SRI,23.178329527728945,24.393718254145785,23.22803659002037,22.625857261923898,23.869448570307526,23.346822838084826,23.71306712333071,22.33563887680299,23.51587651046221,23.067837532753618,23.139805953668905,22.920362377141544,23.251440497277112,23.669543740077117,23.86328483128095,22.795445793115206,23.45750419494839,23.650392393940688,24.13572402148025,24.12151831865324,0,1.05578390008412,0.516394493706271,0.721090302628091,0.660244132105624,False
P30711,10,Glutathione S-transferase theta-1,GSTT1,19.022183164783296,26.480677616819683,24.95731129432044,24.623475517052945,24.247798746141726,24.685797341696823,25.62647438292437,24.308372137331002,24.199121619792116,25.015083374435616,25.692233945942107,24.75094065446554,21.959686055824875,25.779479077383314,26.513686061489746,24.97560812587507,23.97830828066915,23.416014566735818,22.822321477975034,25.000370826788647,8,0.881935049784424,0.809649524225247,0.813589620325639,0.243985590266402,False
P30740,6,Leukocyte elastase inhibitor,SERPINB1,22.259229261537996,22.574295652600515,20.60725434182032,22.506789129697488,24.32269555437674,23.020319413768526,21.75593145287686,23.349973326547293,20.555504424285232,21.32922911972811,22.105456091672366,22.423866104441256,21.577051312820345,22.142790327689706,22.66138562998647,21.936751364652643,23.14819579689337,23.33381330718183,22.52321155200607,22.22788364870325,1,0.839541233977701,0.667998624575338,0.768339943129565,0.435106164509805,False
P30837,8,"Aldehyde dehydrogenase X, mitochondrial",ALDH1B1,22.130704265766887,20.80400210869634,23.293797078889423,22.426495273822088,19.711973466406885,22.201599712525546,22.383549008291816,20.98906774299805,22.6264641491936,22.153106576357796,22.72964094465362,20.612865050979302,21.843093884666374,21.133667058768964,22.936503653107728,20.99438302708958,22.146153739897922,20.808026115607717,20.657375318633665,22.66301739516195,1,0.835667088267032,0.625189163332114,0.757592051359005,-0.495917578029674,False
P31146,11,Coronin-1A,CORO1A,24.68368590700963,23.9099485336785,22.412058603138526,24.6765334744275,23.91112773698412,24.721358341415385,23.93989583987082,23.843751256665012,23.09755830361912,24.971621849185414,24.280367307970142,23.426769760374803,24.412694690453872,23.965749840828863,24.481841444351133,23.946921836003465,23.71520314796023,23.639782642774644,24.69370334387821,23.590980737844742,0,0.920647175199191,0.996397373593865,0.843797505224354,-0.00457020984040118,False
P31150,20,Rab GDP dissociation inhibitor alpha,GDI1,25.584016637088894,25.042451744920296,25.9344134597976,25.48394296077269,25.58101582638037,25.778288816574193,25.9749300496996,25.2226136046844,25.570474245487166,25.650847876290992,25.366351433626402,25.424069032212387,25.218025614227724,25.617791024213528,25.736392008374768,25.46649774277279,24.92352585551788,25.186105113300147,25.429850026977334,25.78533641031014,0,0.884555688650467,0.28860195039194,0.603321843609166,-1.08922622380079,False
P31153,6,S-adenosylmethionine synthase isoform type-2,MAT2A,20.988717068427206,20.01457574500753,22.08599770082899,22.196049436957104,22.898173087526718,21.386736722486418,21.4353746174155,21.36718943055493,21.543650953941533,22.945865717916227,22.472655828007866,22.318122267843176,20.8161849334417,22.930579887025225,23.03224192584791,22.317424386627586,22.497979586579117,22.573348672921963,21.503062876375427,22.182664916094698,1,1.35833195927808,0.134923501851672,0.486433579823015,1.55590483992429,False
P31323,17,cAMP-dependent protein kinase type II-beta regulatory subunit,PRKAR2B,28.063681937248088,27.508268227918922,28.071129574306543,27.65707056874164,27.687075039263583,28.039173662841936,28.310045868426762,27.329291472755354,28.22111702311547,26.552476645762457,27.320222465268024,28.028401284852045,27.953051170700437,27.36080491507677,27.29095816190261,27.659441224322563,27.69413444616807,28.049282771541474,27.22942663317367,27.85627359717086,0,0.90377235638174,0.62100861851487,0.756189145336418,-0.501955444641316,False
P31689,5,DnaJ homolog subfamily A member 1,DNAJA1,21.312397089282175,18.770442017309858,20.45212637568888,20.60302569424099,21.45102411255138,19.79796670375203,20.0642320537066,19.318289061971797,19.841502134859773,20.261995807372735,20.863987224969915,21.16643536478563,18.906083805140565,20.894540480610654,18.914904385631417,21.035696011261322,19.519550881039105,22.099810909227664,19.75229731578812,21.6436256712323,9,1.64950074887042,0.497598498688267,0.710395741296083,0.690450200279693,False
P31930,13,"Cytochrome b-c1 complex subunit 1, mitochondrial",UQCRC1,24.240173599455087,25.11215323797513,24.396700188501356,24.733544122056895,24.644391750338276,24.877503245620318,23.953191337826706,24.154234919627754,25.538827605900455,24.143430061227786,22.825334381341577,24.26681461986757,24.14092102588362,23.758385011069272,24.051014631790387,24.189681530570528,23.744933862244775,23.706432506796162,23.593088116270273,24.268109382194414,0,0.591979319866144,0.00536382462137189,0.174374622303767,-3.11073262397292,False
P31937,13,"3-hydroxyisobutyrate dehydrogenase, mitochondrial",HIBADH,26.068494846542528,26.112496005260283,26.35128241611243,26.898662170311674,25.59703149491379,26.193148873789433,26.023036413633662,26.20857670198275,26.09717417350233,25.799315989768417,25.013886149683536,26.14719267524207,25.54455653464272,25.794376994138673,25.158083109677136,25.09413911426997,25.91830691979996,25.565889295835152,25.682689435529607,26.10378547841355,0,0.702317622772511,0.00856812941504966,0.179922858472445,-2.90482870164072,False
P31939,26,Bifunctional purine biosynthesis protein PURH;Phosphoribosylaminoimidazolecarboxamide formyltransferase;IMP cyclohydrolase,ATIC,25.923328311897087,25.989499179718326,25.785151424763644,25.35239086843635,25.875345641245538,25.886441218348587,26.475116911332872,25.7952753397684,25.73042453000453,25.60451319141394,25.649416849636296,26.21451842283123,26.25120120612123,25.815349766030923,25.76086295223961,26.224437358633505,25.619200736318252,25.95224625221238,25.539029830759453,25.790379254128265,0,1.02401617865556,0.793308138601523,0.81186965806444,0.265432220294429,False
P31942,4,Heterogeneous nuclear ribonucleoprotein H3,HNRNPH3,23.009767065084386,23.196164588333698,21.975298600850586,20.317198779332987,22.384288706808753,23.051862079747956,21.380498063707954,21.797664356880166,23.276769173069148,23.337266400826106,23.15305792016852,23.043165399812658,23.2861050908862,23.196725815528755,23.788054378505308,23.21953632144169,22.68683659541697,22.803215940168997,23.257402829362906,22.538774584689914,0,1.37918169910446,0.0473358065402869,0.329870541840136,2.10899051485707,False
P31943,5,"Heterogeneous nuclear ribonucleoprotein H;Heterogeneous nuclear ribonucleoprotein H, N-terminally processed",HNRNPH1,24.66413036238814,24.322168027012385,23.50630399401783,23.73840073364515,24.59330177461339,23.46786140291821,24.909015791999877,23.092587996828847,25.19624467789357,25.42173713728538,24.219607143861513,24.844043670868558,24.85723239795549,25.371926833514664,25.322620560406026,25.081426054664316,24.49639607574031,24.437183747342466,24.82999215803132,24.507290455578858,0,1.24120265893195,0.088420572691216,0.420296053849352,1.78823724793383,False
P31946,15,"14-3-3 protein beta/alpha;14-3-3 protein beta/alpha, N-terminally processed",YWHAB,27.638728562186465,27.5035098357963,27.0210145754638,26.882346188177223,26.904877787169738,27.718747590049183,27.25394933399225,26.72711559402392,27.355243813420994,27.256698888514673,26.86309430243159,26.85308383991734,27.12118127127667,27.248616529159737,27.379280430155053,26.992101849267502,27.008846496981995,27.17048709981236,27.023239588846067,26.909303066824933,0,0.8688511716219,0.240432920810805,0.582278529800281,-1.20870854269626,False
P31948,27,Stress-induced-phosphoprotein 1,STIP1,26.061958437190725,26.595362509537253,26.12232147321915,26.029674972182853,26.27084006189704,25.738735573887954,26.183857742164836,26.06128526504505,25.861936615327124,26.148551432576884,25.941570435577678,25.990234232722567,25.686602309058568,26.327883832042886,25.97157138887834,26.277592217681764,26.070785227152015,26.202671157463197,26.252752396483988,26.199852024524198,0,0.998920657587104,0.901895677284287,0.826708499711055,-0.124791125214515,False
P31949,6,"Protein S100-A11;Protein S100-A11, N-terminally processed",S100A11,27.192152216177096,26.36089326736812,26.607022108262996,26.194043360905592,27.599387686674064,27.785463783194036,27.347601699579467,26.68919903355116,27.128282406786237,27.332198106826162,26.792933020303632,27.08727503412631,27.5397902771001,27.307623098379118,27.597873421823685,26.567520371466237,27.081632348024673,26.645210892595646,27.40764330778854,26.294241541308523,0,0.986966977957991,0.965888398345097,0.839800241506769,0.0432872118439034,False
P32119,14,Peroxiredoxin-2,PRDX2,29.89473435250031,30.793545654896445,30.573996369364412,29.85886344122104,30.816860436599438,30.222989022281393,30.83229183204501,30.325236413922582,29.902914733877576,29.740171793816337,30.6044069845792,30.533489355014765,29.65945093949578,30.690135082699047,29.536542397213065,30.695352858662424,30.203152031934643,30.670938447352146,30.09560876951972,30.273369110171686,0,1.00931173658934,0.999649409639976,0.84394195016687,0.000444749341254926,False
P32455,5,Interferon-induced guanylate-binding protein 1,GBP1,23.610004526960807,22.568617683508858,23.038036761383687,21.15027617776722,23.519388055828163,22.52341686596414,23.44462109792474,24.1614877304447,24.22827553327865,23.797542086929727,22.780666433411955,22.341049054610284,22.180052023685814,23.019159328615867,23.015422381633385,21.526416755626734,21.53534074917642,21.10390683297083,23.200741067143692,21.70092370794641,5,0.614374816512971,0.0101316846993744,0.183899398151153,-2.83022266633054,False
P32456,6,Interferon-induced guanylate-binding protein 2,GBP2,21.810053116804006,24.019975578548507,22.265916963750023,22.754261419601367,20.54531581457578,22.057519106793283,22.998836471063466,20.915001814068336,22.21933205748878,23.246847000405545,22.414058486306693,21.698227711889174,20.36769443116273,23.065018990138462,22.494562426130766,21.922893639317955,22.900199463326295,22.319671419629117,21.83547085834332,21.019313108471383,3,0.760255721559671,0.525318396527846,0.722607921400871,-0.646118319681013,False
P32969,3,60S ribosomal protein L9,RPL9,21.338801043241855,20.94886548065237,21.554133438025662,20.56421312142151,21.61195253302756,21.75322758534254,21.90833610368511,20.41395015506931,20.47347847107181,21.257297606599508,20.619558099833245,20.987087337083295,20.760402359454904,20.96130020447396,20.911590235860352,20.942831576808043,21.21497102846672,20.828261673806374,20.689478859910466,20.77607079231481,8,0.760940053565585,0.2229033910079,0.564550493478806,-1.25666665248235,False
P33121,36,Long-chain-fatty-acid--CoA ligase 1,ACSL1,28.074066292075685,27.831731397902878,29.262396258121374,28.477806989342323,27.452049699893845,27.90041807094014,28.015492919404565,26.946196191661098,27.884966592058902,27.07735152199366,26.44661783315573,27.436916655237575,27.56022747578747,25.67842804403677,26.184725608399926,27.04456412626148,27.915089190914912,28.454324754331008,25.499546641983702,27.667016244404053,0,0.614886121813252,0.0132402282678724,0.200846196860595,-2.70992680074513,False
P33176,24,Kinesin-1 heavy chain,KIF5B,23.96861532865571,23.791154902187348,23.617311784743553,23.432783780875347,23.203476988478855,23.523450766254868,23.861198322456996,23.216140303010324,24.05543865159561,23.54436434700146,23.867726597542408,23.15879523759628,23.821658407976187,24.269595729277064,22.979633280226274,23.361997595304192,23.8814217037098,24.08696794216422,23.070041666066672,23.50973073999486,0,0.999874213799441,0.923708112293519,0.827857818900173,-0.0969407276968892,False
P33241,6,Lymphocyte-specific protein 1,LSP1,23.135905534176235,20.7975951075774,22.13825793201769,24.250565964026823,23.587532342916834,22.252322094736435,21.639592898694442,21.966156714387427,21.988544052942178,22.855655280823402,18.89286794832462,22.78012603026657,20.066948975989597,20.87426530012745,23.177488416381706,22.48469523328917,23.019900071341215,20.230211899440526,22.27944825487008,20.98502705128002,6,0.59535927858186,0.08249440841413,0.417224105855535,-1.82504436483418,False
P33316,3,"Deoxyuridine 5-triphosphate nucleotidohydrolase, mitochondrial",DUT,20.666611959759855,21.35152104795072,20.582610085163616,20.79373232627957,21.0198658424053,20.9213148923806,20.752411642758304,19.639103327136613,21.21587955352156,21.194253431127823,20.41713399300238,20.211865111882496,20.595990476580884,20.896808248490412,18.908594290763002,18.50849814663467,20.83881861344693,20.738544511401727,20.33982333667925,21.29608592719071,6,0.770761150192921,0.133999592164613,0.486433579823015,-1.5598072631707,False
P34810,1,Macrosialin,CD68,22.04068226131181,20.293181381817657,22.783969331784892,23.033727452809078,16.229698187074476,20.514840724756773,21.13783773158674,21.234857417079443,21.063646966533398,22.150487672328453,21.61695080831224,22.141051090110103,21.445495404215976,22.598073543197696,22.30623352572927,21.516682263279634,21.391069620736292,21.77371676476556,22.080053048487446,21.625870776809407,6,1.17258573261103,0.19912534659284,0.544755748559004,1.3265985643458,False
P34913,9,Bifunctional epoxide hydrolase 2;Cytosolic epoxide hydrolase 2;Lipid-phosphate phosphatase,EPHX2,23.170068490489562,23.34804442087484,24.25594688911406,24.39488910181776,22.464026139950494,23.839044663448764,23.87561696111022,23.504310923894465,22.70097396597765,23.97796752090031,24.043522050471147,23.251107700209396,23.64693679277985,23.572135184855114,21.77131199033222,23.481528241962668,24.28904654164118,23.922034232455573,20.395549227928758,23.931916481574813,6,0.926331251858244,0.462810842044311,0.69086707470759,-0.748140708457358,False
P34932,30,Heat shock 70 kDa protein 4,HSPA4,25.79576071491419,26.12253055265422,25.88469300989403,25.154755466303335,25.634536035393282,26.157671366531172,25.73679553162026,24.92011850143804,25.555063680722288,25.92486360443012,25.14612601542945,25.056039164388384,25.31038172029316,26.184943883806472,25.783959305427903,25.445481574525907,25.789082407545312,25.324189729676743,25.407177318463823,25.81328215355072,0,0.892069294605461,0.394219838373069,0.659921438088902,-0.870151346072348,False
P34949,6,Mannose-6-phosphate isomerase,MPI,22.87659690904148,20.94853722196471,21.278432671353176,22.666568676614567,22.779395144917814,23.464649882541934,21.244235647133593,22.001998130197485,23.011896028155714,23.38031836154206,22.2561156816521,22.428041422664695,23.185045654712866,22.03328491796918,23.22001221161835,22.01229362418314,22.19781030811937,22.382411103797526,21.54647252219553,22.42994490464262,1,0.880043141790854,0.991002606999456,0.843797505224354,0.0114141061032496,False
P35080,1,Profilin-2,PFN2,21.531731337673435,21.637692697297627,21.597369054458934,20.47644523595433,21.424527294843738,23.396444200822746,17.086302356359656,21.440091481875108,21.051965805640055,22.703546184699558,21.82398294379265,20.60547911998134,21.785301417186332,22.092632189334587,21.787605150186554,22.883352951850906,21.792097787643105,21.497997359087584,21.29149725591239,21.619471056818416,7,1.03115113617001,0.39085733887471,0.65797460515182,0.876467887254461,False
P35221,19,Catenin alpha-1,CTNNA1,24.619435447183996,23.90331285638233,21.556578151709083,22.199946101774906,23.22393590591021,23.351404083254636,23.8228092321538,23.82579531780835,23.21397077537437,24.410184440582015,23.408480481638044,23.095331304968212,22.703887231176886,25.05096921812664,25.11539573434119,23.13902799565762,23.67775876305881,23.06035388443773,23.02641609048051,23.34955185040363,0,0.860065102103108,0.694583895670085,0.780138355209777,0.398180182108879,False
P35222,11,Catenin beta-1,CTNNB1,21.360722607532118,20.4502778670669,24.02034750525972,23.78562211042777,22.268991360985066,22.65720905171288,20.611021182481185,23.21627208219166,20.82395145957713,23.842273893644858,20.066340564502987,21.861417490894443,22.090287662381737,21.9389222895603,21.997496695413517,21.955282706169147,22.770418915106475,21.712440926265348,20.066043053580724,22.185512883295083,5,0.515121896131162,0.234973411119366,0.576012803632395,-1.22335088363844,False
P35232,10,Prohibitin,PHB,24.373222275134612,24.875613106515402,24.499428503023694,24.854430877599953,24.159561822763404,22.91325860086501,24.868730557590265,24.52365855083004,24.92508801896264,24.337895311672245,22.953675412649574,24.10638191267588,23.906506965755984,24.732350632596745,24.2181614205263,24.393631985882116,24.446061220504685,24.102592744891176,23.902361311718625,24.26605462632472,0,0.791403465838093,0.206114570800922,0.545341526457681,-1.30539776575427,False
P35237,19,Serpin B6,SERPINB6,25.2608714081659,24.250164418671197,25.249160416598123,25.712427086917042,25.160719112701816,25.05671359216294,25.137786850794733,25.570946169757192,25.3312256913755,22.447000099564725,24.716780926194353,25.079890459100927,23.171631270892934,24.613921153918824,25.016201092966526,23.730767757498995,25.226583477990342,25.60827433917907,24.92159665276101,25.20087271504309,0,0.855629898414803,0.607276072063555,0.752218059563864,-0.521924729873074,False
P35241,16,Radixin,RDX,21.50963135380299,22.128801999774478,21.675560864465705,22.33792212771423,22.540350298540385,22.862642662964003,21.021133333334376,22.045857646243217,21.74210739834029,22.180962572191927,21.456517478747873,21.73330852765837,20.557675676263944,21.20193930876039,20.93312065533141,20.87872534049906,20.993096706601175,21.841546698542974,20.91983009722699,21.58892583511574,3,0.564784188053188,0.00830563723678573,0.179922858472445,-2.91861997686413,False
P35268,2,60S ribosomal protein L22,RPL22,21.075855069062055,23.133982924969427,22.695543609248094,23.107847979978718,21.371951664815303,21.75566040687569,22.6138873587297,21.41066048940066,21.696523041609368,23.229652241445716,22.623204307236538,22.903215452293587,22.537962163085446,22.021057475544428,22.38471877031783,22.29708584884614,21.81696191030261,22.984843703323236,22.943062586195904,23.107001829822337,1,1.14955487156944,0.29023565870212,0.603321843609166,1.08543979044757,False
P35270,10,Sepiapterin reductase,SPR,24.988848276095112,23.49476283504257,24.996997464972416,24.671334416793,24.828736514662616,24.448729577122045,24.648809106319348,24.677745620179188,24.386865071703497,24.35521102072685,24.919729341478842,24.794666539747688,21.00074052900066,25.1234751588902,24.750394723719758,24.07259853280714,24.858894135711147,24.5882712237268,23.454138844190716,24.078422667916065,0,0.888541459933937,0.348246864941959,0.631383949295911,-0.959825431723201,False
P35542,5,Serum amyloid A-4 protein,SAA4,22.5323208755991,24.561700077075592,21.62376427898802,22.477596804460518,21.828794743380318,22.579761501586255,22.640304873870654,23.494426406721622,22.280385070024213,21.73337188502198,24.331244445780914,24.257939969392208,22.670533887920367,21.93003727142344,21.621647787621466,23.509993518849495,23.239171468929513,22.875164146158397,22.23786762065638,23.245133649823448,2,1.2959088263503,0.320768424053196,0.618038991134543,1.01732834882901,False
P35555,106,Fibrillin-1,FBN1,29.168511701443236,30.68538700949233,28.65234189095156,29.650531582983714,29.092991435499385,27.394607402388324,29.143681072084767,29.50303678019132,29.55697187854282,29.28840399730057,26.369689482128713,31.23705882091167,29.815701335798952,28.33587285381016,28.95680595263758,29.018006072741738,28.64458798790379,30.348840801832907,30.335944222861684,28.73081184980934,0,1.14131965900221,0.941688247855499,0.835397093460128,-0.0740435572858759,False
P35573,4,"Glycogen debranching enzyme;4-alpha-glucanotransferase;Amylo-alpha-1,6-glucosidase",AGL,22.118027057531915,20.49129544376956,19.815441291443705,21.16057297152077,22.37901431296159,20.60736876974,22.123281023311762,19.908250199780554,21.15185580372554,21.193252718735515,21.547946712810905,19.74094550596773,21.365522982343883,21.168525418012806,21.007476005547954,21.164670954818487,20.92120988575161,21.86264241083766,19.888393485619893,21.973842449589775,6,0.906504072225044,0.937834272196603,0.832868896373937,-0.0789476282048941,False
P35579,85,Myosin-9,MYH9,28.159722552578536,28.06638336377885,27.73151192787557,27.613866799466383,27.676025858667963,27.722232123708455,28.322210282370804,28.1112759998887,28.602732774509846,27.459003747177217,27.566573774979428,27.52378519025451,27.773620505412975,28.228886606662265,28.78694357004361,27.789119291855375,28.096026709588173,27.73333531048299,26.95190372436404,28.339480185774487,0,0.992109907126711,0.734640567261081,0.797221050814768,-0.343573149835446,False
P35580,44,Myosin-10,MYH10,24.131231979399384,23.346856419295722,22.04720092481805,23.722256796182705,23.37745441634461,22.995148145900703,23.88221814723952,24.65197234392224,24.58387249622285,23.414585643922578,22.98699628190946,23.7407449725626,23.674110145669996,25.25994291881401,25.49074020278332,23.669735163973055,23.717079529332455,23.4335064828618,22.867410923182618,24.56200618122196,0,1.19267383411671,0.365514145126315,0.644379893917954,0.925266229741223,False
P35606,6,Coatomer subunit beta,COPB2,21.02303767192498,19.840604741395225,20.385312179813727,21.538263589528363,20.859049833751865,20.490037335654534,20.951879750416204,20.310569260933768,20.802015920791703,21.588187776572397,21.57112028101968,21.12671272453448,21.92468158698653,21.539621061442425,21.745254164528703,20.32329987265919,22.178819710872826,21.820354749543185,22.227006732926473,20.861486724555693,5,1.697081086621,0.0207432956658572,0.243169194928517,2.50419831830496,False
P35611,20,Alpha-adducin,ADD1,25.9908920956594,25.553389464337588,25.17199612418101,25.344362151965157,25.559366781571768,25.337143799615287,25.266446582148397,25.17236532403627,24.869700917892178,25.423999285984493,24.375902627553582,25.068486700541634,24.698062078993985,24.937330526119577,25.75602363257623,24.901659592953866,25.15901609110873,25.514131914082117,25.345627508891845,25.465721166786736,0,0.875212332567282,0.167141159958226,0.521118528909864,-1.43187708523617,False
P35613,7,Basigin,BSG,23.934901158256487,24.863558147037843,22.74031248030819,24.488980903577627,23.980608519020475,23.69788253838613,22.92667566658968,24.67284192155244,23.99664738143423,24.320647588921126,22.382939770452687,24.08510579963714,23.69786621485023,24.204682700519733,24.329621276379058,23.427143253360168,24.05757178289822,22.256021142220806,24.483510336845523,24.86963535783114,0,0.902489246697687,0.611265819954802,0.752555933614109,-0.516101136357135,False
P35637,6,RNA-binding protein FUS,FUS,22.68269547116504,22.013635974465426,21.97296042986716,23.926278258107008,22.843405314520957,22.204681498085115,21.881416255755536,23.485837252318575,23.327359111469356,23.815083485806003,22.65111946785665,23.029141949495404,22.142743811415283,21.49808194180831,23.21614187733986,23.4519203477897,19.798968614832884,21.719639870085096,22.32738148772432,23.9639165721745,2,0.83073616780282,0.345088440855678,0.630480965769172,-0.96627201931715,False
P35659,3,Protein DEK,DEK,22.416394846521236,21.74449540443397,21.387901144286545,21.089329928772493,22.04389862618761,22.36390730356717,21.819220588163983,21.34809471065849,22.76224834924039,23.094802218388107,20.73957587679187,23.835502469433127,23.087994541338382,23.502546346692657,22.919139632057473,20.908587316398098,20.81063381061672,23.20995816751612,22.954734079102238,23.494592272863994,3,1.64611256741828,0.222836089289278,0.564550493478806,1.25685625096611,False
P35749,29,Myosin-11,MYH11,20.70984233116427,15.93537826447677,20.590018717185778,21.92777924456151,22.050564397411858,20.206236393814375,21.80091020849893,19.653991725944334,21.418648782060526,21.234381430484934,23.58882657082631,21.102852443487787,19.747646547313355,22.982911516521735,24.388071143370887,21.08502468958408,22.67452140295352,18.673639217986675,24.455206234676336,21.82133109031654,10,3.70951976838028,0.0713001428649616,0.390368878960808,1.90135867810473,False
P35754,5,Glutaredoxin-1,GLRX,24.23664229865441,24.670874996360855,25.03776891684759,25.78361976348789,25.433385144234517,24.80988210322642,25.654633800558734,24.647849889280938,24.68847049814278,24.522294801627574,25.26247011827662,24.972173769731494,25.004595135758223,25.817713631426408,24.961578853425898,25.93551797992985,25.198933277550903,26.10964255727295,24.71569165075312,24.897906069860596,0,1.25325014561959,0.161781922621052,0.521118528909864,1.45107016841771,False
P35813,5,Protein phosphatase 1A,PPM1A,21.576367048990758,22.587742198182262,22.389890215857296,18.880129183289736,19.94451208062074,21.879077221113576,22.146946718050504,20.949773386876842,21.36584536683123,21.94584265361302,22.274485824151515,22.52354400602314,23.091667854255398,23.137265306512365,21.890128004906167,21.94443315449831,22.247398299614673,22.392158409138876,21.370121339102223,22.054135173950073,2,1.50900349695226,0.0309340135034263,0.27325797600272,2.31600400311484,False
P35858,6,Insulin-like growth factor-binding protein complex acid labile subunit,IGFALS,20.020891328073592,21.38549608878205,20.435718333927095,20.57387841419856,21.523553545879487,21.287406938550134,21.17458210287098,21.97976612057669,21.073788912970578,18.7355096712174,22.697617425394395,20.31713826007287,21.682566241955215,21.362548240495737,22.249852883219436,20.204157053680937,22.02188163037315,22.068471046990453,21.87203162330786,21.831665661460267,8,1.75326164041208,0.05883588378113,0.360164087505981,1.99990256958092,False
P35998,11,26S protease regulatory subunit 7,PSMC2,24.5566368046776,21.631810403908883,25.21296585772618,24.76251458854973,24.452228180736835,23.341137786084065,24.554760487592258,24.32984604009492,23.82055279371234,23.898969500989796,24.683571601140407,23.18307025680423,23.967686659805043,24.681397922289847,24.26939879263733,23.83587195793296,24.43719199033274,24.47923121728606,24.58549466058094,24.118224633669957,0,1.04937303850705,0.636222427496747,0.7585186811081,0.480071283991001,False
P36269,8,Gamma-glutamyltransferase 5;Gamma-glutamyltransferase 5 heavy chain;Gamma-glutamyltransferase 5 light chain,GGT5,20.93157725901105,20.926131270974267,22.255235459505805,22.6598174290111,21.950938280869313,24.222244018027293,22.272043178934798,22.172793272021664,21.5420356401724,21.275673999995856,21.36160334601081,22.31533466523699,21.149579472939735,23.585510735874486,24.068507700117394,22.84703145843721,20.81092734235209,20.09149021508784,22.217541482132667,23.752455012389074,2,1.29497105031553,0.699669475555749,0.783727858983189,0.391181969515071,False
P36405,5,ADP-ribosylation factor-like protein 3,ARL3,22.64388735155474,22.04306786434847,20.729920196359735,23.900886836847224,22.836208841598005,22.386987061186435,23.318148924439686,23.26746419201431,21.13229932259132,22.469187733193575,20.571238926921776,22.07110402129615,22.543076777216374,20.947723719291915,21.43642294856782,21.811848978664123,20.742593011154806,21.740018125459578,20.73441691518875,22.120573220109662,3,0.455294900760587,0.0196795823677003,0.236659049950114,-2.52860584846643,False
P36507,6,Dual specificity mitogen-activated protein kinase kinase 2,MAP2K2,19.810225051927006,23.03595997478447,22.895033423773146,21.233349539621567,22.40824927289794,21.869764217686555,21.99390529146508,21.989948072616546,20.451636158239797,23.325042018801888,20.75551555003913,22.506889541439225,20.91213637068877,20.93733365065188,21.471402019839854,21.384926791923228,23.07699466223328,22.337685103616828,20.18544294066118,19.350749138418575,7,0.693378439117084,0.24094460140704,0.582667104874585,-1.20734917847749,False
P36543,6,V-type proton ATPase subunit E 1,ATP6V1E1,21.514792387396145,20.944429544818835,20.569020519345546,20.156472861501737,20.973672860062504,21.09857656365586,21.402928793354732,21.53532558731563,20.786563208135274,21.190886398017735,21.047628847352033,21.616113961897007,22.215241248099332,21.62701534054842,21.23269014771298,21.907380955890623,21.926559666114212,22.236976035247405,18.436760829594856,21.37511968140815,6,1.41782775301906,0.382068081550003,0.653426042412958,0.893148276933559,False
P36578,13,60S ribosomal protein L4,RPL4,23.63872600411174,23.88269857403842,22.794545460452746,24.008747342394972,24.26483066384243,23.97395656537714,23.64029113134387,22.63204896614045,24.821087267079193,24.233975583149395,22.708950326576282,24.827181049421014,23.450620074317175,23.327366633045962,23.362760423561838,23.753384698041383,22.108341813678287,23.60554313412377,22.725580670019532,24.77221672280952,1,0.854580733282213,0.362810561143744,0.643263472980514,-0.930603387458816,False
P36776,10,"Lon protease homolog, mitochondrial",LONP1,20.073412534693304,22.60352418650148,22.834598580054507,21.36882084491519,21.544983697993565,22.425510486703246,22.899432388270764,19.88269705910979,23.471058474679708,22.400252340080577,20.786313114770902,19.797586183674742,23.157667404037568,23.9451758501659,21.040442550522208,20.56412753625585,22.730451492445837,20.697314603315196,21.59892129213444,20.482759274333965,1,0.65125079143919,0.405053065972511,0.666605052619602,-0.850035249646263,False
P36871,32,Phosphoglucomutase-1,PGM1,28.346445574298606,28.483950270817168,28.922896102270727,28.336733963289248,28.143840257736436,28.17884959511795,28.55733129389625,27.67942873367002,28.75095610280496,27.984924392607898,27.805834469104344,28.24774090870131,27.73735381790116,28.282341956795538,28.052573549658263,27.66207569513058,28.849288491002298,28.776607285181274,28.242016922491985,27.678232358669575,0,0.886256327973758,0.263087158079346,0.587927183588789,-1.15049783920928,False
P36955,9,Pigment epithelium-derived factor,SERPINF1,24.558899031544147,22.68579645196486,23.02618233157513,18.777728170145647,22.07943052252782,22.962822696745956,22.987094789826045,22.01539480609838,23.448179759350843,22.355575261954346,23.915890654755785,22.36882281532096,22.21099502040441,23.940145078959993,23.33744576491104,22.544539875737964,22.752201601869007,22.59173745099418,22.078554265298106,23.165235334234897,3,0.958673547539402,0.430954108475632,0.678937927195674,0.803293816051101,False
P36957,9,"Dihydrolipoyllysine-residue succinyltransferase component of 2-oxoglutarate dehydrogenase complex, mitochondrial",DLST,24.57535893640953,24.877556024484477,25.39702297313038,25.353398325994323,24.485087230986473,24.47691528217376,24.72561733784365,25.122312047380134,24.917373284969912,24.953271343076626,23.954464942390988,23.88855257144393,23.80799376478007,25.80398888585934,24.491335291773613,23.95290509017973,24.336000620692236,24.5741294696969,24.91214066624453,24.664093804995595,0,0.786160738460246,0.069993177591341,0.387121936640409,-1.91094263592055,False
P36969,7,"Phospholipid hydroperoxide glutathione peroxidase, mitochondrial",GPX4,25.18571515057802,25.6414962345928,24.990644873871343,25.269888783963687,24.394755115150666,25.58136722675625,25.206699028196834,24.549197090330168,25.178974000829758,24.572739241990774,24.421959880175258,25.17200504099349,25.133641641517503,24.629059049085292,24.417483892302503,25.350269946444374,24.546428330772486,25.45199917007208,23.834919501793966,24.984056125043825,0,0.842030236150043,0.257607384559799,0.587927183588789,-1.16422385059614,False
P36980,7,Complement factor H-related protein 2,CFHR2,20.530558683889705,19.769352739378963,20.170626460888293,20.41353756337494,19.794354192940894,20.818259056751515,20.02729046029559,20.519697076925972,18.56946818655062,19.627317809103463,20.415384862336598,21.498014433117895,21.6973039038479,20.036940089867308,20.971201811435343,21.857748073582307,22.293367687244046,19.464964509360016,20.570277582994567,21.548884298269734,6,2.1780815297603,0.0119297310873919,0.198716972458467,2.75696694823527,False
P37108,3,Signal recognition particle 14 kDa protein,SRP14,21.30571814962007,20.716528129894556,21.959841082249167,19.36820794015464,22.70243108648487,22.107803054735328,22.280043323138038,21.757964021273764,22.132194289029258,21.917433094985505,21.981537723737535,21.043117444994916,22.53684542281319,23.390901850167424,22.20687251122965,22.79075522709224,20.489007392465176,20.47668193650106,21.93921821299597,21.320900789129688,4,1.1293175950096,0.638505796137351,0.7585186811081,0.476807528310697,False
P37198,2,Nuclear pore glycoprotein p62,NUP62,22.404380437582724,20.1408125521659,20.66607482983094,22.17698093938656,21.3500921392022,21.590447840345018,21.46935538613715,22.054526279449856,21.342525491928406,20.970193104884682,20.311864082074802,21.420061733041127,21.4890899282502,20.869530343634658,21.864707682467536,21.6333688428027,20.74971886488646,20.60103083751679,21.114738814481573,21.167689205204006,6,0.772350326636728,0.353829842434382,0.637326893269548,-0.948527013202322,False
P37802,15,Transgelin-2,TAGLN2,28.26603883831866,27.6380080565143,28.0288219608323,28.531486893942553,28.493930085770693,28.065400042169063,28.618723680846575,28.40115086668061,28.670853767754032,28.488857272252794,27.937702007887754,28.15223263515773,27.990032273125905,28.817028605439297,28.79556470813938,27.98154331009615,28.272387159492375,27.798693692909296,28.308985149008713,28.044251123918922,0,0.903335811206566,0.471813843797345,0.696510122357518,-0.732972626846372,False
P37837,12,Transaldolase,TALDO1,26.492414846256658,26.91606048052882,26.690635489666626,26.319693376192202,26.321258327699738,26.432869156750204,26.0630692520026,26.629701600375693,26.658443369053302,26.428293822446314,26.52963583961743,26.07284525089591,25.87019009393196,26.50690255893987,26.417332418961745,26.09605433709207,26.56282998069427,26.62431791063979,26.67037927723227,25.97100997640443,0,0.897417884082484,0.270930636223777,0.587927183588789,-1.13121491842642,False
P37840,6,Alpha-synuclein,SNCA,23.443810654405965,24.672314026914496,24.30957503361322,22.74516359965617,23.336313798453496,22.78776839314832,23.74019222911295,24.954330590924712,22.325118459247772,22.916093141163298,24.27730511065127,25.01823769990508,22.907058033886493,24.841796115819424,22.13348167083498,24.005037991563665,24.707700911467615,24.0955668425579,24.774692552316512,23.378554632637815,0,1.41708993691161,0.2312844521167,0.573518903263941,1.23339164337474,False
P38117,11,Electron transfer flavoprotein subunit beta,ETFB,25.124340657956797,25.940582622745122,26.30960347087855,26.136157011394992,24.68981492895395,26.02713612535136,25.660552693652363,25.943009677751864,25.617424744525756,25.55696362805093,24.68459286663692,25.863029110447798,25.027041688202186,24.489667769258578,25.466255261002946,24.718998711448677,25.159939077761816,25.069375405586438,24.916228350784706,25.061456972563917,0,0.635336380329035,0.00577869760537802,0.174374622303767,-3.07820683326663,False
P38159,5,"RNA-binding motif protein, X chromosome;RNA-binding motif protein, X chromosome, N-terminally processed",RBMX,23.898873856183496,23.198125381526815,24.358928252817957,23.233277202695707,23.42376785941162,23.933561943335278,23.311978033730536,23.678213030660647,22.744911575506578,23.296446844843356,21.326578990364936,23.322822766607526,25.41877288340373,24.30705935235236,23.083387841446033,23.94777144099825,23.166125753394052,23.20533347747044,24.299114549505997,23.98813773736499,0,1.27989486372272,0.792928111712683,0.81186965806444,0.265932453212023,False
P38606,18,V-type proton ATPase catalytic subunit A,ATP6V1A,24.95437665163009,24.974254563569083,24.897052196714384,24.09405765370375,24.640046575185785,24.28384505459563,24.207409431723953,24.12259401418149,24.473378255813625,25.231889214350506,24.519594538939174,23.691630448956392,24.432390043445572,24.922574020525712,23.902572062430362,24.910784509579035,24.65997218568116,24.21114213700779,24.48512773195098,24.442406220216114,0,0.915544248936341,0.404471883221523,0.666605052619602,-0.851105573945738,False
P38646,22,"Stress-70 protein, mitochondrial",HSPA9,26.190540425330546,27.04387927622968,26.84748843251921,26.937816639340785,25.79504233074772,26.466206354477695,26.7086109449812,25.849748741630805,26.625279445668404,26.364859288820966,25.254950428871698,25.877980183216906,25.763762946556202,26.76970438861754,26.397181496424757,26.185038652444725,26.178705303379495,26.077070286874235,26.180546909678796,26.242280619898693,0,0.772315758532656,0.0590990934491459,0.360445270147628,-1.99763745833643,False
P39019,8,40S ribosomal protein S19,RPS19,22.82793666754296,23.142441774864867,23.033125584368467,22.50413321696481,21.537477872983068,23.542749844554837,23.40063307809626,22.165352895003803,23.25367296507644,23.49559520761088,23.064064409264063,23.898045639902644,23.8492940572732,23.65002966046555,22.078469364871882,22.680635900989447,22.01115041740408,23.00378374364275,22.69151460444958,23.33992959167336,0,1.00763522176403,0.647503149045923,0.760737113067147,0.463997762856617,False
P39023,5,60S ribosomal protein L3,RPL3,20.00502542742619,22.587866651573844,20.519465285314293,21.801501372228227,21.969782350323506,22.276925573650466,21.83251792083187,20.035099201113308,22.288176519655025,22.31961746969777,22.084100773322678,22.352467613099325,22.40694468317112,22.364104482819947,23.0097862400485,21.563820836991464,22.01891233996426,22.338694243645577,22.28978993502482,22.13749083875306,5,1.36794920693887,0.0616060290084473,0.364062657639799,1.97650224044272,False
P39059,3,Collagen alpha-1(XV) chain;Restin;Restin-2;Restin-3;Restin-4,COL15A1,21.83958787264008,22.12942783224411,21.906246453561717,20.904235874304035,19.918929706131603,21.20264048479329,20.290538317174207,21.19293072739791,18.995504218097913,21.16557362862271,19.867398695994975,19.15056695751235,20.756137153148536,20.155156292547996,19.420084750428245,20.560874327457984,20.45340280944556,20.011769752042067,21.289088753278964,20.88544857020299,8,0.506537566292593,0.0608454479984956,0.364062657639799,-1.98283235748487,False
P39060,9,Collagen alpha-1(XVIII) chain;Endostatin,COL18A1,23.34412904496328,23.518422481214127,23.88514778034986,23.52543066446888,23.60825522123301,23.452893488088677,23.35668009295797,23.020464813709953,24.023263988930687,24.562833204483255,24.0110229916644,22.517524875103284,21.513568952291322,24.650529706309673,24.204046376616347,23.061296812141507,23.08075387011514,23.372924205882402,23.59956400024079,23.24740361766376,0,0.863980305115889,0.361701350384686,0.643125755616813,-0.932800817652428,False
P39656,2,Dolichyl-diphosphooligosaccharide--protein glycosyltransferase 48 kDa subunit,DDOST,21.892125089826123,20.21557569850054,23.204355167249055,22.241919515351842,21.56180567942397,21.661770757837957,22.796733782711627,21.43352452905552,23.83565904443648,23.43895872647355,23.190165451768806,22.21695938981353,21.426574747494396,24.092783712299653,22.26728927985187,22.181203365284688,20.12800557009562,21.865300030457178,21.867952448424287,23.100445476802882,3,0.973518343634931,0.990585038952439,0.843797505224354,0.0119438593712024,False
P39687,4,Acidic leucine-rich nuclear phosphoprotein 32 family member A,ANP32A,21.82742733439709,22.859262394994555,22.331695347997563,24.442234441276213,22.617079570332937,20.902165122789626,24.35492577446052,21.573827347701762,24.018461968081667,24.53528393353045,24.631309457731184,21.859048546200604,24.609224915786044,20.330592643492867,22.28987430838039,21.956185176396232,23.28111732670351,24.408526614362625,21.879149232285496,20.888106464277538,10,0.897934947181245,0.597116291435747,0.74760200611679,-0.536838058072101,False
P40121,11,Macrophage-capping protein,CAPG,25.525886263500162,25.653637599383092,25.46615943487348,25.041805231416866,25.29020127475102,25.332813049542477,25.464151392126126,25.450090257793185,26.437901403172273,26.827693116793437,25.90734604375315,25.779812412139595,26.250179983144527,25.566382452679964,26.49524825008945,25.88953918506265,26.205818621220054,25.510289521631353,24.63941199614031,25.218950402249433,0,1.06135434666131,0.66833210843905,0.768339943129565,0.434639238171122,False
P40123,9,Adenylyl cyclase-associated protein 2,CAP2,23.492797091346947,21.607553462850333,22.30159904483646,22.509959726934703,20.19877862637246,22.846320229592703,22.63723200662184,22.073690842914967,23.069335500052052,23.317058765963065,22.438965209727712,23.736929604484438,23.73571908140495,24.988831633800253,22.472482752401294,21.925910514931427,22.996282813945033,23.09480772266372,22.780164616599713,22.74281322087494,0,1.25096023209436,0.0870425735214711,0.419883675208394,1.79660060490904,False
P40227,12,T-complex protein 1 subunit zeta,CCT6A,23.16895227366392,24.234723674553766,22.693605660818378,23.542683338130605,24.254063627389375,24.076863008184,24.014790642696397,23.827751693449724,24.082524276451203,23.323579391335194,23.403507963782356,23.85561921169994,23.757949240611687,24.108784869121994,24.39579530767688,23.460956483217945,23.756905357095373,23.15455270866427,24.3603111043372,23.357450502017592,0,1.02373107870373,0.868731176571762,0.825812662811676,0.167338907067772,False
P40261,6,Nicotinamide N-methyltransferase,NNMT,22.402535414168934,21.76385411420456,21.86566890447736,22.134083770485773,20.01849105689792,20.688118006215966,22.955634074259784,22.86554438324149,22.73638610133241,22.53936304269521,23.07737190155441,22.85908278925069,22.898233560360524,23.595143251356877,23.219857241909562,22.274598959952975,23.699767415623835,22.403323030459784,22.462604170099585,21.208982820785533,3,1.33302827129402,0.0460692512755149,0.32800665024696,2.12242747668024,False
P40306,2,Proteasome subunit beta type-10,PSMB10,21.60210507001953,22.15485843365137,21.01723975836349,23.097233328592615,22.49684157222411,21.582645549551586,22.897496093906387,21.780108267481705,22.071023391102816,22.89203486307142,22.33684959556167,21.26526749354211,21.82602217585744,22.008669611124002,21.917952147266654,20.79413321310624,21.379923578938126,22.062539035572087,22.99700135776053,21.26613383571204,8,0.76846377391248,0.265233003182779,0.587927183588789,-1.14518059755886,False
P40616,1,ADP-ribosylation factor-like protein 1,ARL1,20.744267422911232,20.86463424453445,20.782806154653716,20.909825070472674,20.87741283380604,20.866358954271508,21.12620804517723,21.17762454101159,21.123571526746918,20.479532368130712,19.789135267405314,21.27291043796282,21.11181378246819,20.43851343210613,20.84415885388225,21.45892735536635,20.715866469312363,20.724781184423424,19.865016714837214,20.09759034092545,11,0.889637963673252,0.311651844042156,0.613979024606205,-1.03716401646072,False
P40763,9,Signal transducer and activator of transcription 3,STAT3,21.638623609843766,21.24072912214212,23.614932646804455,18.932457799243288,23.695854095112534,20.85019188742416,22.80044913641554,21.552260690280285,21.922424415505027,22.877463683633152,22.787890344951197,21.815599539830924,23.827434694099086,23.30825189238438,23.086289485965786,23.67562707709165,22.53510159369417,22.547332478785222,22.61910695424823,22.568105313300116,5,1.49685061893649,0.0621657963296095,0.364062657639799,1.97188765590407,False
P40855,10,Peroxisomal biogenesis factor 19,PEX19,22.939229616860512,21.649452994325266,23.246484489126846,24.01930714250467,23.72283356360502,23.665978284762215,22.17848824523838,23.252097974513312,22.154229578194425,21.887649550460193,22.358747545805358,20.405197364833015,22.05662607937754,21.245063924614836,21.880786663166855,21.906110803438242,22.273344314359633,22.37276500032742,22.56590320501583,21.267162427910243,0,0.476132103237082,0.00701133983640952,0.175323277667773,-2.99341070740704,False
P40925,16,"Malate dehydrogenase, cytoplasmic",MDH1,29.1256553175035,30.00033367120126,29.93860053294616,28.826284041679035,28.82032818385232,29.662908516835863,28.74441067768352,28.97650789509827,28.790571014588547,28.882930226641403,28.489119976283316,28.84509039592662,28.495088547525985,29.44288600449932,28.664769371085544,29.101839693593305,28.521504870358726,29.39301211393627,29.317912491704078,29.256558542063093,0,0.823478857122704,0.245521538340772,0.58311339070537,-1.19528574802642,False
P40926,17,"Malate dehydrogenase, mitochondrial",MDH2,26.633162155522008,28.20264274204115,27.33614842659974,27.48534164847763,26.782015454792518,26.919368482788926,27.110951033131933,27.388311463342177,27.304543778742268,27.247037213307994,26.207416164395685,26.761110714157013,26.714437225413587,26.72773349589542,26.75381054369104,26.555796871798396,26.22675158807566,26.860618825316678,26.93281253998714,27.05762677449462,0,0.675421567962745,0.00432560887693157,0.155997210353347,-3.20423465344084,False
P40939,30,"Trifunctional enzyme subunit alpha, mitochondrial;Long-chain enoyl-CoA hydratase;Long chain 3-hydroxyacyl-CoA dehydrogenase",HADHA,26.39116586953157,27.20340350215874,27.131473298339483,27.26362424633549,26.410103461604034,26.677227317082576,26.845800811388486,26.874339925678466,27.373850569739272,26.743169499067907,25.983396311523144,26.708673317185447,26.376451970215303,26.51055981982937,26.518082127688874,26.13106533204095,26.707979950422324,26.41071724087505,26.31307897802641,26.419704300089943,0,0.705229415480976,0.00460100405905705,0.159015256816369,-3.17746830029347,False
P41091,3,Eukaryotic translation initiation factor 2 subunit 3;Putative eukaryotic translation initiation factor 2 subunit 3-like protein,EIF2S3;EIF2S3L,19.209363674924838,18.95567822377519,20.19742823249645,19.33502215580524,20.10055255416593,20.289571232247464,19.679919399625895,19.472637771062654,20.46154041239091,19.258131972400566,18.85156700275569,20.140739466271718,20.159775411764087,20.640474376951058,19.80028613160522,19.757551850442074,19.711383434942285,19.671375661168653,18.379714384007155,20.70906111222776,11,1.11554262524024,0.779318372039818,0.81055342115982,0.28389406888044,False
P41208,3,Centrin-2,CETN2,21.834810442515224,20.380601278271932,21.528509532229812,21.99081985998809,19.255758885038496,22.373383164581163,20.245330223447915,22.465956399116084,19.70414588684806,22.16346798270821,22.387696336283014,21.915971969283266,21.030046761465893,20.317278418476395,21.75413501602617,19.87472879007144,22.359572174238814,21.449625543503146,21.102399842139736,20.6570184929237,7,1.01711782171755,0.845600282148703,0.819386444260236,0.197198321021012,False
P41222,2,Prostaglandin-H2 D-isomerase,PTGDS,21.259735174270844,22.60865623619948,21.122958426932335,22.56786362295582,21.809289377581702,21.50954778213004,21.520321231977636,21.5755999114419,22.32150402247993,22.22543260185539,21.586250946374474,21.191580166503734,21.40709135547948,22.016827327747457,20.743149418852404,21.99046427883821,21.663774796288383,21.24451538746696,20.908578752747704,21.35366328767157,10,0.714722083796794,0.120372137872029,0.468473175942793,-1.62014307531398,False
P41226,5,Ubiquitin-like modifier-activating enzyme 7,UBA7,19.482030283760754,21.186637641580145,21.70066466659999,22.62295700267233,22.091864407419354,21.47978843062245,21.369698488823456,21.513829125534446,22.07413123844466,22.34180953784154,21.54377289915509,21.421271349454848,22.248860478609792,21.848678734971426,22.20186321186368,21.004985852729757,21.77142338496906,21.058052436090005,22.178183584360212,21.556698596671794,10,0.963445622123218,0.774331216839514,0.80799837307198,0.290499628124402,False
P41250,10,Glycine--tRNA ligase,GARS,23.06257854181044,21.640682975692403,21.095301127948527,22.459321766087772,21.44533723317947,22.81072852159313,22.409259679422753,21.973501262973947,23.148809279701037,23.0868606358437,23.600953761171183,21.014467338793395,22.517992992665476,24.373102965863747,23.28205200238474,21.743663081922044,22.21045808343093,22.227877678400752,22.759225131967742,22.121407350341077,0,1.09435577975677,0.462772507207195,0.69086707470759,0.748205668946908,False
P41252,5,"Isoleucine--tRNA ligase, cytoplasmic",IARS,23.625023435009442,19.43358772646324,23.62895952842534,22.725265856382652,22.432614265034076,21.277571319545046,22.788254968857707,22.647871293258095,22.28237851622124,22.93657761775676,21.156044952843388,23.273969586352994,21.198610056558994,21.139495967052103,22.9937385930821,20.44777481967091,21.902896499782926,22.321677731423826,22.69717591845863,22.305131282229205,8,0.712574860507544,0.385139642161818,0.65469462881483,-0.887290687511874,False
P42025,12,Beta-centractin,ACTR1B,24.011723780119656,23.27965319402617,23.990231374867726,24.069090696093618,24.345390379364797,23.946944149211436,23.520524583234938,23.16549448369163,24.168962667338235,23.765974034697418,23.124887728883007,23.1524984184603,23.19936697805816,22.241403772891143,24.16158886422007,23.12082613469317,23.056657306945407,23.793109903256923,23.696856234825464,23.340485689090027,0,0.713327331729282,0.0320953631545249,0.273698145271085,-2.29836495295122,False
P42126,7,"Enoyl-CoA delta isomerase 1, mitochondrial",ECI1,23.059603996620975,24.07755218175983,23.60980964044862,23.88562946220281,22.99014096527127,23.323652961049824,23.046253831651736,23.47668145400297,23.405508735984558,23.969390753976658,22.03008359075622,22.517895461335403,22.643490228679525,19.877350892682088,23.514731276779855,22.44501571278634,22.235145988074922,23.27411319414452,20.933103452545208,22.097421612319835,1,0.469755318162875,0.00191028683478365,0.109276808001164,-3.55499171164117,False
P42167,7,"Lamina-associated polypeptide 2, isoforms beta/gamma;Thymopoietin;Thymopentin;Lamina-associated polypeptide 2, isoform alpha;Thymopoietin;Thymopentin",TMPO,25.27174861074251,22.009231832919344,23.878431006058022,24.812921182146614,23.7334502701766,24.55687205949223,23.001990922050535,24.060903841884354,24.132161967842876,24.571947119946604,24.708591871462435,22.17335647387404,24.187627545188107,24.576302100232827,24.583517483651658,23.161344794036342,24.236781137978802,23.62168632194838,24.718750965778273,23.872739245493683,0,0.929992104088901,0.961812573165093,0.839800241506769,-0.0484634051127305,False
P42224,14,Signal transducer and activator of transcription 1-alpha/beta,STAT1,22.577294887621832,17.095787386003742,22.44970987131296,23.858770472530253,21.921954489820394,21.997762853327895,23.0902693452808,20.56056468445034,21.65411431568764,22.427584369532266,23.14194654262405,21.300642577760776,23.25974457748291,23.572914015944328,22.728833541514955,22.102325667402106,22.965593256223414,22.347784638865686,22.611700651926473,22.149898579919604,2,1.26543559773281,0.171828985361989,0.521118528909864,1.41549155165319,False
P42330,14,Aldo-keto reductase family 1 member C3,AKR1C3,26.16012318514891,24.398025213803642,27.132947201172257,26.64610189195285,27.355580107178366,26.432432428489886,27.19905311479667,25.70551896290372,26.55713473514387,26.063179622353505,26.75233280853822,26.36868173738043,26.074982450732687,26.836826768164322,26.68217817889532,25.804159195648538,27.229498268467715,26.731796464368642,26.202873626321235,26.482133124473194,0,1.00559010203177,0.618162729284067,0.755192054657026,0.506076554827416,False
P42566,9,Epidermal growth factor receptor substrate 15,EPS15,22.064449262731035,20.796913540153867,22.82849749354203,21.024566518112255,21.45896729606835,22.17064853542727,22.33933189419567,20.482241319923745,22.145769521864167,21.155664817635778,20.589240974967595,20.829126824697457,23.38140838378307,21.907814264506765,22.35655864441234,22.187853129567568,22.126124031351107,21.74706771056896,21.787200502457388,21.095641739983115,1,1.10351799237089,0.68767672335889,0.775530830932257,0.407717746204029,False
P42677,4,40S ribosomal protein S27;40S ribosomal protein S27-like,RPS27;RPS27L,22.443397638047433,22.42900939358767,22.785697952350393,20.57443448149943,20.689805779284626,22.06695676620172,21.916196775046114,21.037595594580488,22.05122712381034,22.44195671220885,21.870320694927354,20.638675654467335,20.69750823333266,22.617434522450665,23.05010926707996,20.58222902888626,21.577942831670388,22.466168605847734,22.48743859804505,21.168681580730524,1,0.96789112063372,0.752647480568318,0.802152111353787,-0.319378873487983,False
P42704,16,"Leucine-rich PPR motif-containing protein, mitochondrial",LRPPRC,22.923869740539303,23.325561773189058,23.91181115078596,23.286454672162474,21.280017857106102,21.280289197895407,22.416086154608898,20.947757813126554,23.210663829329356,22.93239939991425,21.446827626671865,21.279715231115922,19.18206441372704,22.815969288364244,22.264051420479262,21.97084035929617,23.028239693409997,21.31440322836731,21.651745686351394,22.963917811841846,0,0.617661023130693,0.109679124230033,0.449353564697873,-1.67164697523863,False
P42765,19,"3-ketoacyl-CoA thiolase, mitochondrial",ACAA2,26.90368965617248,26.92877511743257,27.290059204162635,27.115581343823692,26.388003271331222,27.040163527030515,26.77140453110357,26.90443860546128,26.918149986830407,26.58430226966032,26.002400325120288,26.61204807996336,26.669311726493255,26.631347193525258,26.947681570231016,26.527984000746404,26.711659770486364,26.741767800043345,26.69814493307373,26.59088206381984,0,0.828327714889452,0.0601084560738712,0.363237063220638,-1.9890336347818,False
P43034,5,Platelet-activating factor acetylhydrolase IB subunit alpha,PAFAH1B1,22.1372332786803,21.789170749597496,21.38070390642932,22.3355017967721,23.139332520512063,22.785537081751265,21.157802841583553,22.212666624712984,21.80259864193068,22.032700728809964,18.76951119675339,22.81656400680051,22.590343397354893,20.8486885542499,22.140763584423663,21.678141744925615,22.529633536682578,21.55238673252337,21.074732844378413,21.121612214275185,2,0.785126160168719,0.203801531237281,0.544755748559004,-1.31235093519279,False
P43121,21,Cell surface glycoprotein MUC18,MCAM,27.279538480173812,27.444709994551076,26.578957584524975,27.04229475924803,26.860048887246062,27.672302889400164,27.27018043697309,26.552313361126185,26.373045812343104,26.23823866921045,25.996174308418365,27.062774504965827,26.70064902897831,26.322195983842082,26.724002210894685,26.426266135257663,26.970425633472928,27.167669090808737,26.388253548118314,26.95265016613256,0,0.793524325600911,0.200419756583826,0.544755748559004,-1.32262868264119,False
P43243,5,Matrin-3,MATR3,23.89751813336865,19.822863694231994,21.721643080245943,21.138886680277757,21.07064257678794,22.327110562289867,20.877104936348054,21.48943870079736,22.893398878446,22.63310356848357,21.548298884923614,21.10247710359068,22.39995337361224,23.043444009849285,23.78562278021864,21.934638789690197,21.190192898935877,21.708639043790843,22.30653128992607,22.17119164839886,0,0.978600482256363,0.466012070921764,0.69086707470759,0.742727363835729,False
P43251,4,Biotinidase,BTD,21.823474191443935,21.538541666463033,22.00425598521645,21.868202913149087,21.26363182571627,22.43633405962222,22.078843799046165,21.92864860839515,21.835694175340638,21.372574667983848,22.57426841185715,22.99316244326029,22.59892192141541,23.12358764264235,22.220704551932677,22.467301291895946,23.016039482105572,22.354267734832156,22.997921400679495,21.521126333195458,6,1.72803104527568,0.00490816219912134,0.166169090278969,3.14939170966613,False
P43307,2,Translocon-associated protein subunit alpha,SSR1,21.234983448062437,19.813590730273283,22.21330889705565,21.273702886403793,21.145206823139734,20.64555236842312,20.601055166771136,19.874109068382023,21.102757983570626,21.3845919006719,20.726599297096147,20.141177654067675,21.088523232555367,19.60399103003995,20.18425631944356,20.40879882814472,21.02127188061171,21.10069280778805,20.45669767170457,20.82981264206971,6,0.72654285050049,0.228108468003971,0.571901342084076,-1.24213448639064,False
P43487,4,Ran-specific GTPase-activating protein,RANBP1,21.653220466526825,22.74057785909216,20.874739271956784,24.02510345799759,23.42346727818903,22.66692145116811,22.358598257733053,22.528993398291192,22.38335966600505,22.61340409870314,21.38070883395964,21.758188274498735,22.41355036777972,23.55795614702914,23.6973185732094,21.82411276991134,22.755682919864807,22.39156396637047,22.675786631871013,23.326407370320787,1,1.02194934207359,0.894915908725151,0.826708499711055,0.133723356211875,False
P43490,9,Nicotinamide phosphoribosyltransferase,NAMPT,22.14253731298227,23.30895360136364,23.559181094939603,23.169443717377316,22.376617229020496,22.729955701380337,23.400966441093715,21.859581814140725,23.06896838603832,22.885916372621807,22.612533124980008,23.240062793354006,23.08013033538058,23.580051572952264,22.450677377724123,23.070373447858703,23.626538201988087,22.443478358254477,23.58562606439531,22.848783372302787,0,1.15985196702014,0.454123904980371,0.689731901520803,0.762944721915084,False
P43652,17,Afamin,AFM,24.992311040619825,25.005176960140503,24.877623871285543,23.861385757095842,24.162913054990643,24.654438113339108,24.550980840064465,24.804888108205677,24.95749279129299,24.69927379971576,24.42155415863492,24.83915305364174,24.620812846857053,24.701134674020846,24.354661840979336,24.47721709357987,23.60019406880529,23.79610824605285,24.95824965448888,25.33788454272137,0,0.922679070184379,0.516825690801868,0.721090302628091,-0.659558485512776,False
P43686,16,26S protease regulatory subunit 6B,PSMC4,24.84470590177031,24.945510863097393,23.097977419947004,23.945928650797406,22.948073539275093,23.313409260949275,24.80783212712977,23.363345956960497,23.47280155885303,23.441065250455434,23.15643193621528,24.62933444302672,22.36481788789326,24.8516250981112,23.31722582518877,24.41220012225803,24.195300384646927,23.79529920828084,23.483988258078206,23.81638943771039,0,1.04696572912826,0.96348326921975,0.839800241506769,-0.0463415076785579,False
P45381,10,Aspartoacylase,ASPA,23.422499357392383,23.97973742936706,22.41631569702311,19.389372153546745,19.7551164229248,23.077120741462437,22.524242508942688,21.48893671906637,23.24568991531746,22.612165276868044,24.068341385090548,17.976795446543875,24.095145354050384,24.393407850530185,23.28478003578872,21.35643414318816,22.464030832582786,21.371334621874873,22.570697637472783,22.070858735482165,1,0.994794448056213,0.81129494843905,0.813589620325639,0.241832772278057,False
P45880,8,Voltage-dependent anion-selective channel protein 2,VDAC2,23.457467341463584,23.606321335960097,24.329134837189294,23.676728844686796,22.911491932247962,21.449454895529712,23.994489277091603,23.632873804528415,24.6921468207571,23.29433983778359,22.354710115238845,23.39038736403331,22.67094249302598,23.76698665452117,23.54874078281295,22.911472406436243,24.23130167425581,23.58213381639597,23.322276302615606,22.602422865785893,0,0.781352671288858,0.448148065648916,0.685569866640652,-0.77322827176777,False
P45954,7,"Short/branched chain specific acyl-CoA dehydrogenase, mitochondrial",ACADSB,20.369044204474367,21.042976718197853,21.903765168174246,20.77756676489705,20.25476199438006,19.677870392076667,20.994733589928067,21.314055796591866,21.189786964628816,21.328247216164243,19.95348503980531,21.695827700663756,18.460402289620657,22.496201434431917,21.087249854853738,20.930341185406323,20.458558565033805,21.16392475034905,20.89495526517423,20.0888074441459,5,1.01952635324079,0.699000504793908,0.783507557524631,-0.39210138747659,False
P45974,19,Ubiquitin carboxyl-terminal hydrolase 5,USP5,25.16455004261017,26.040363673544384,25.168932718064188,25.424112487612746,25.032703442413926,25.131749754924453,25.97055677947497,25.113499233174437,25.378847814644747,25.719398649835135,25.638389878125082,25.68250601029508,25.292068680962423,25.999310454495408,25.64254715673758,25.700041656942975,25.630957683764734,25.426252424724417,25.56583839230863,25.448342155066438,0,1.09441139379265,0.252041313431431,0.583149616570681,1.17839054294118,False
P46108,10,Adapter molecule crk,CRK,24.867854034945683,24.127715121794605,24.78139096895037,24.759504406385517,24.063823833522772,24.78894390032451,25.01832298018038,23.671488467859465,24.643961086041344,24.555048212781628,24.645831411207464,23.690507094425328,25.152350072574656,25.417088766910734,25.225505129310665,25.149221964057,23.986610034048695,24.692437684892628,25.31733002284583,24.908206486996292,0,1.25049208399294,0.245562743822571,0.58311339070537,1.19517791598952,False
P46109,6,Crk-like protein,CRKL,23.051198542852383,22.407708807909664,21.623633513138817,21.67920923840338,21.32941891087179,22.142191806853972,21.25450715572934,21.21965032458409,22.18068626418426,23.07537516790076,24.018100009995585,20.665279276937813,23.248312039312474,22.489253230130718,23.61275471796362,22.691214169889413,23.44366997036222,22.49298000213698,21.70178694314965,23.922806482725576,3,1.93382095880176,0.0557109475876424,0.35525066816155,2.02750914408963,False
P46439,10,Glutathione S-transferase Mu 5,GSTM5,21.187333820784687,21.431812478879742,22.658021920612153,20.954904132282653,23.22362648403294,23.03709153789534,22.39605966845336,21.707884800614693,23.17275021824731,21.586135808032026,22.660443659846262,22.47337454895141,22.81675309261242,22.190523688876258,22.794586326828117,21.498306011816002,22.64857886149338,21.329900985682762,22.591101377112526,22.423570884359197,6,1.04250188512416,0.535802194757245,0.727049936758826,0.629690627236211,False
P46459,8,Vesicle-fusing ATPase,NSF,20.506444882339846,20.524764385236548,21.053560085126446,20.974952376392906,20.705884958855496,21.09749857545768,20.707630077700586,21.15121118571849,20.75472090242995,20.915801516258266,21.582569155293093,21.218205205825615,20.805223174737574,21.16781179509629,21.43152902852405,20.523702539237167,20.83277404276589,22.023632738648853,20.865360358137494,21.098613111073448,9,1.28891813599776,0.185405651728342,0.53240815837221,1.36997760135717,False
P46776,2,60S ribosomal protein L27a,RPL27A,21.400555099383805,22.433915832646715,21.651361369303892,22.34360564835688,21.262550926626346,22.55491246446327,22.764725738172004,20.764385988270018,20.73462147757042,22.695641210428317,21.789455516048367,21.285142835029163,22.541569309000653,23.108582491426883,22.36500491372642,22.77584208878973,20.582418325589664,22.627186654230233,23.362116562035162,21.31989343200031,0,1.27759602928824,0.434969555458266,0.679014768252282,0.796206971015049,False
P46777,4,60S ribosomal protein L5,RPL5,21.979670736808472,24.09442509343806,22.654809903510127,21.988284402010823,20.30763786133301,21.678136181690768,22.28922883785783,20.75204761522397,22.495561903466008,22.72172483640584,21.541928543178667,22.465636911804836,22.763982312573617,20.775245666452744,23.034422354897846,22.633794168525817,21.02364800435769,23.159503187760883,21.97732679683097,22.87507225388838,0,1.05824941870687,0.770647148051601,0.807535787260068,0.295387727621673,False
P46781,4,40S ribosomal protein S9,RPS9,20.48630846902952,22.23382003444802,20.455135634378113,21.237275533822512,20.455896228189506,21.180249310721397,21.193609646721455,19.017345368733636,21.15423416030857,22.71254709952802,21.639566022052048,21.80438223939469,21.239516373324495,21.356350501429556,21.673554450336752,21.49753876896706,21.301276458105637,21.423182343757933,21.42550867791106,21.67631365165042,3,1.13638624694833,0.183510023463632,0.53240815837221,1.37616930617518,False
P46782,3,"40S ribosomal protein S5;40S ribosomal protein S5, N-terminally processed",RPS5,22.491184105316687,23.15917518550676,22.894251450270456,22.19886205477416,21.61759291799232,23.07623997749093,22.680339800574565,21.140634216387195,23.62966302497414,23.12023287297701,22.86614925791128,22.967628766228472,23.693163080988953,23.465398309387766,23.389742197085035,22.758315735060126,23.115002156451794,22.22555582370979,23.57734753633662,23.419816181499716,0,1.40484091929961,0.0850581991403199,0.418710352294526,1.80884806103278,False
P46783,2,40S ribosomal protein S10;Putative 40S ribosomal protein S10-like,RPS10;RPS10P5,21.264266303950684,17.347754707317552,21.79327698034988,21.507537534456127,22.006902857705228,22.04740348558326,21.502048580333398,19.807279202056744,21.6080435383928,21.269826084889008,21.42241858409035,19.03427382145809,21.2932901846821,21.28877277016411,22.165811381486616,21.462430846766914,20.318181483159513,20.910845692447136,18.752494079550193,21.44575213248172,6,0.797158189518184,0.715027102740095,0.789207019147749,-0.370167306698662,False
P46821,42,Microtubule-associated protein 1B;MAP1B heavy chain;MAP1 light chain LC1,MAP1B,26.156902565734573,25.045054281171364,24.87437263078688,24.759905726527812,25.680563171514056,25.64307899341387,25.184499923837407,24.83185834671348,25.569566816189276,25.505101175782233,25.247118763064325,24.119732995686377,24.925532319798137,25.856813038837377,26.325641688785158,25.189249238287072,25.85035037663101,25.03841228713259,25.20552315407805,24.973996869841077,0,0.984960000926304,0.837535773822439,0.819283344390874,-0.20765068589927,False
P46926,4,Glucosamine-6-phosphate isomerase 1,GNPDA1,22.63599801383235,22.268545383334466,23.11147939704637,20.755193179942577,22.209402841135233,22.616292114899725,19.873148753819205,22.861831143720707,21.994686177593024,22.338012760835927,23.27546009539784,19.38927220078876,22.174191877008358,23.318039661183768,20.366945366147547,20.878370712027895,22.126083679658755,20.731851008434305,23.37006946192211,22.714182202905626,5,1.03021934776734,0.670977550499207,0.768717634402391,-0.430938706611512,False
P46937,8,Transcriptional coactivator YAP1,YAP1,22.589591141235328,20.941391217358895,22.714536134866613,22.70415012543365,23.187010519002126,21.616929647695788,21.39023480878119,23.845673883041894,24.393508540997235,21.13423973293767,22.85025349400201,22.078032879209402,24.245855919343946,20.4506771224272,23.942901364992714,20.533274788633506,23.12462382264621,23.122277316769804,23.906369389188242,22.63726798718033,1,1.30116165020077,0.66985807905021,0.768717634402391,0.43250390886334,False
P46939,50,Utrophin,UTRN,25.70973431851715,25.626788609863656,24.394820056286385,23.58816683098391,22.82173052030867,25.03436933394265,24.708393698592733,23.871056380588374,25.450186290602755,25.159615083666385,24.56658438765077,24.182555327587757,25.15441004787359,26.01320495495955,25.9672424084727,24.55590193367949,24.63641569659917,24.732417830605794,25.019765017428977,24.857116196797797,0,1.0193915051976,0.341861524741572,0.628874421956,0.972900272080742,False
P46940,67,Ras GTPase-activating-like protein IQGAP1,IQGAP1,27.561016465307574,27.72430850716472,27.545754777070176,27.420302175849347,27.381218775561777,27.027966045190777,27.40152036903437,27.117159176871017,27.979149217116085,28.135912486834577,27.197477706748213,27.130669831704804,27.449358312774386,28.415298905179238,28.124752882140967,27.734022424013837,27.57477921410406,27.45092733361785,27.791761551468536,27.736960521250044,0,1.09113003608628,0.463994098760071,0.69086707470759,0.746137196812442,False
P46952,2,"3-hydroxyanthranilate 3,4-dioxygenase",HAAO,20.79612631680397,19.89186556700293,20.542937930613533,18.218477201790634,20.599878099305137,20.24787845196737,20.184561926913354,19.11696336765925,20.66110986860029,20.632028450999773,20.744274497760912,19.485377355846854,20.43020513330767,19.567145194131914,20.926095851041065,20.1106184467738,18.882278092007603,20.704718907776595,20.168511615943505,20.49371401896304,10,1.00518587119816,0.861549571000917,0.823299716031887,0.176591555523435,False
P46976,7,Glycogenin-1,GYG1,23.47415767507089,23.027892061074617,23.23985310338739,24.85703261632393,21.8060779505496,22.139488349991147,23.34759354036537,23.77871334697301,22.762869026251174,23.400662902334094,22.59892718808331,22.466288366200228,22.380250926672243,24.85866045949739,24.030023453898544,23.578362684045686,23.265866002363325,23.18351945876928,23.749957204272057,23.53213128539295,1,1.14881473263085,0.62807297673537,0.758178549609215,0.491763455275277,False
P47755,9,F-actin-capping protein subunit alpha-2,CAPZA2,25.120182639476187,24.744686927406015,24.828872093256823,24.90732412128694,25.64536695830407,24.96003824796434,25.86332678763391,24.452367821037154,25.12844493621641,25.34419995615591,25.503987183780048,25.025759328773077,24.993125723117327,25.098461289743113,24.852556782596274,24.98269486151239,25.807296064237207,24.853990968800694,24.828463215499113,24.499500188682703,0,0.940838870008207,0.784405715384986,0.811450985241191,-0.277169109725884,False
P47756,15,F-actin-capping protein subunit beta,CAPZB,26.1858771660189,26.553383602971934,26.615034368403073,25.952937270492793,26.77791539231337,26.118823816498512,26.38411830053052,26.10657291207295,26.359348550382332,26.659768372136888,26.172632821275943,26.11584212056401,25.913195315735983,27.161848911742595,26.226289271345042,26.659829410972947,26.415526719059606,26.500470914164566,26.072673542565507,26.39782370247981,0,1.01877262941116,0.96211688341415,0.839800241506769,-0.048076893688607,False
P47895,7,Aldehyde dehydrogenase family 1 member A3,ALDH1A3,19.93255952793327,22.597547114459356,22.78370310944539,22.090728020314064,22.811266122821344,20.96524142215696,22.537138182602707,22.27852088436567,22.91969332844057,22.86486425168418,19.8093832556626,19.44096634239853,23.60467921601024,20.919125491787888,23.139164120395403,22.213179662943976,20.432961931185687,21.991009953869682,20.46347035236054,20.463042351618064,8,0.655064030140958,0.0974941281111592,0.427872205634169,-1.7358184984393,False
P47897,10,Glutamine--tRNA ligase,QARS,22.87538597995426,21.233601415473984,23.028799898309295,22.40048106790085,22.61069838860945,22.472130224032618,22.286600708007107,21.91590499121081,22.150009099441288,22.912746809998815,21.513910721687168,21.696282773254904,22.21997494583462,22.305019982608908,22.938145833028035,22.009330465670995,22.171929647739734,22.63044915382736,22.019563830203566,22.25363607652913,0,0.858794433139066,0.432156266612947,0.679014768252282,-0.801167842879374,False
P47914,1,60S ribosomal protein L29,RPL29,22.306079654454468,23.586790095474353,22.162881583441987,23.411772816531627,23.49218883346628,23.229280921601426,22.42221962753043,23.28794379600761,22.287053094712007,22.836146532416045,22.42663237331872,22.45344676064441,22.57774756224388,22.12107525725621,23.020837668856174,22.25409626885061,22.96354896185392,22.674196535713396,23.473925996494728,22.13104087050792,1,0.777222409642135,0.280547126080708,0.59687397298761,-1.10812554924151,False
P47985,5,"Cytochrome b-c1 complex subunit Rieske, mitochondrial;Cytochrome b-c1 complex subunit 11;Putative cytochrome b-c1 complex subunit Rieske-like protein 1",UQCRFS1;UQCRFS1P1,21.262940951980614,23.19040144830945,23.43200150093847,23.297375467921164,21.465687628580643,20.27064589410056,24.481017867397686,22.448594776223565,23.659246165141152,22.75816787419458,21.577105434440696,24.570847853865057,19.93968642887647,21.049770882064934,22.73851405367332,20.832590368508793,21.528815017968412,22.453619838228377,22.190860985346276,21.900772863541377,1,0.691226627009812,0.192868908587189,0.539227987617833,-1.34607767657136,False
P48047,8,"ATP synthase subunit O, mitochondrial",ATP5O,24.502657769425646,25.72144193868869,25.176635701516915,25.140829257907846,24.778932642323184,25.482179603834613,25.43366367092145,25.790342229561876,25.715161922673808,25.475466671916024,24.262653745111223,25.80176053193048,24.60087202636373,25.366842821527946,25.190076594471034,24.291589890155436,25.309387677194273,23.961172692922815,24.076630436332835,25.00710823375353,0,0.720584715922463,0.0261911615338167,0.268205179446719,-2.39503811208907,False
P48059,11,LIM and senescent cell antigen-like-containing domain protein 1,LIMS1,24.5278937151976,25.07781159025546,24.008293599769065,24.423137737077962,23.770982523450478,25.140527556492703,23.814523551633883,23.043174344249653,24.861118519045398,24.284648888731503,23.13332418219856,24.79965383716184,24.462177739495683,24.253073313046475,23.87048661986911,24.138020228808667,23.75041482524587,24.622968597080153,24.404467960129193,24.266970386105147,0,0.881415090250692,0.648550246131321,0.760966574422578,-0.462512143119655,False
P48147,7,Prolyl endopeptidase,PREP,21.61332499591014,24.439344848677877,23.724377802715857,24.309967234196314,22.43757798857857,22.106731934465977,24.7248294791961,19.90225835407468,21.857039478925305,25.120074065249195,21.25476836593923,23.36539013394976,22.29209100863735,22.635465694566975,25.87890368858836,25.372859217568983,24.84077489073544,20.561852763108956,22.407988267579626,25.05680331085617,1,1.47185498290454,0.648645907979493,0.760966574422578,0.462376471078491,False
P48163,19,NADP-dependent malic enzyme,ME1,24.675355485097892,26.225328398537993,26.788296755807632,26.130386447884305,25.706946908066396,25.523466083753522,26.54463904214984,24.360492411345692,25.7880583489989,24.943787108341716,25.27089014814966,25.4383982509604,24.684692640039696,24.661825682297923,25.490771308353477,25.782891892398197,25.564660708838755,26.31336677172766,24.97707599553701,25.27445366210411,0,0.73341104872118,0.261070261084264,0.587927183588789,-1.1555249431256,False
P48444,10,Coatomer subunit delta,ARCN1,22.08727350596635,22.29461940216263,21.541141064208585,22.629153890036797,21.764119465285575,22.72815884775006,22.01840928915836,22.252735845240117,22.726178915800517,22.933440600315734,23.385195142444722,22.96644629337444,22.112598569415756,22.525215128143717,22.64769509377238,21.454966021188653,23.01629827371505,21.877706736542706,23.122955672118778,21.82260735298093,0,1.13844242146599,0.479939091650489,0.702568027834159,0.719429849717508,False
P48506,15,Glutamate--cysteine ligase catalytic subunit,GCLC,24.57372207998884,25.13318263583968,24.65256227442055,23.293280679583408,24.138199988591627,24.502392882433703,24.389182574454864,24.258601524955647,22.478707983437687,24.00149780822025,24.34458712763256,24.59330310894791,23.869130163487846,22.475255554517773,24.587425064077657,24.71136841829638,23.370075827730304,24.802607412674494,24.41086382829599,24.73535041658855,0,0.972984593296252,0.884645430572214,0.825812662811676,0.146887382220996,False
P48507,3,Glutamate--cysteine ligase regulatory subunit,GCLM,21.751943145135833,22.30068866997032,21.630543172877193,23.625853259150535,22.39688510774642,22.18105155054344,22.53681167167755,20.64113311133465,21.868941376502505,21.927673989350463,22.356202668451864,21.505333894861224,21.471085354684508,21.921097663735043,21.848556296390466,22.41241384853816,22.391631627647282,22.34616387672921,22.508882897479275,21.99348528320086,3,0.998374762279479,0.97076472280499,0.842169399018708,-0.0370959896312185,False
P48556,5,26S proteasome non-ATPase regulatory subunit 8,PSMD8,19.245512696013694,23.660579042860775,23.06881906718364,21.298336374432782,22.43518951999477,23.128435449523632,20.831716857466628,22.10001939898056,23.93663709040325,22.68838962471485,22.20648979646857,22.389654576164396,23.13575240888629,22.97535507023108,22.78934360515473,23.222215621247067,23.359376350766215,22.637240603141453,20.406710945572055,20.894290215574973,3,0.931954143747874,0.761744712231756,0.805958734729428,0.307230409172379,False
P48637,14,Glutathione synthetase,GSS,24.98298961577951,25.512011094646407,24.020849850433997,23.805376635193056,24.098081296169156,25.123086305595955,25.141143112908562,24.002829974797354,24.332293303778062,24.708003176702732,24.020870446927617,24.49989257378485,24.026170281652753,24.86056069712181,24.28879368985049,23.97521806193062,24.509753404025197,24.724531471991185,23.042673800965467,24.556063568864477,0,0.755490679759537,0.231719515559703,0.573740126879278,-1.23220115136721,False
P48643,18,T-complex protein 1 subunit epsilon,CCT5,25.71000172728171,24.613648266692497,24.8553927458443,25.428665749603756,25.025113186080397,25.53286723816081,24.555078276278724,24.60751344363542,24.946847016185945,24.482966845566505,24.093115505830962,25.21219953648134,24.28188785103654,24.989654305772245,24.338417100074608,24.58894520905849,24.97715862239366,24.846309756977828,25.218378569250685,24.792030997190306,0,0.843309961806943,0.235660589207458,0.576613334225805,-1.2214937683633,False
P48681,24,Nestin,NES,23.63764119902983,22.230621664550274,23.043259694677005,23.544520868217305,22.73950410047161,23.221082708064905,22.02861562676039,21.904393982611822,22.159461806535404,23.531417735183176,22.24957522091365,20.844119304332402,24.113327730731257,24.801301595706292,23.843946721777684,23.825343345884495,23.61255559216308,23.635154369729843,22.95890264132587,24.170890292148336,1,1.74389978558257,0.15524235492088,0.511999636867109,1.4752015975814,False
P48735,17,"Isocitrate dehydrogenase [NADP], mitochondrial",IDH2,24.184282236168105,24.916808021140586,26.179805272533745,25.182383750185032,24.820418502124802,24.827853153182247,25.08404293375767,24.35387213138581,25.515292335804126,24.56256043378439,24.374783155264723,24.74015753462161,24.18253647537359,25.641993294585166,24.372379440300662,24.515173425675265,25.31712460538266,24.875927018687175,24.62423668071472,24.91946496392387,0,0.877770543232595,0.403262936021668,0.666318713990859,-0.853335179067674,False
P48739,4,Phosphatidylinositol transfer protein beta isoform,PITPNB,20.222425987518207,21.25684964649057,20.550165313035127,20.339778805639128,21.716581230898676,19.075069007878255,21.52455134948331,21.314207560534683,21.10511991567086,21.603012272309716,21.646105039197597,21.064124202235377,21.00055412441326,21.88843553910482,20.8451931565991,20.192606415495025,21.875613164507094,21.89260828881346,20.528968651666677,21.418456418772802,1,1.20450285418223,0.312116219856026,0.613979024606205,1.03614380738456,False
P49006,3,MARCKS-related protein,MARCKSL1,18.326943289452252,22.429207555313837,21.018783156342938,21.61819268633207,21.628422141975168,21.481187699738054,22.13907304907576,21.25893695534427,16.77244353922126,21.579865715477847,21.00064298728846,20.235975338741856,20.199074222844317,17.350014510754765,16.884752934288862,20.768834128152495,20.307372279257578,21.34831181349336,18.09195331189578,16.944030331678107,9,0.397755619199244,0.0613613455413504,0.364062657639799,-1.97853106137185,False
P49023,8,Paxillin,PXN,22.07735052935246,20.879213507048366,21.524357271670738,23.212506601772724,22.62640435128764,17.996767295401057,23.026205947139488,23.395106842809657,21.73292274480064,22.217782233704828,22.27601112588039,21.83785355193377,22.72760675146569,22.946490985384063,22.874644040893582,22.722673071931926,23.20339379027594,22.60308101458319,23.339841643564565,22.744664132478103,2,1.38881748608053,0.104559412210623,0.439130349550747,1.69782926267094,False
P49189,22,4-trimethylaminobutyraldehyde dehydrogenase,ALDH9A1,26.94567235140645,26.55360728051207,27.24619716591944,27.058470810557907,26.61937014034043,26.56886030643389,26.600144561973295,26.61078744422266,26.723295813061593,26.292551712766326,25.956767225055167,26.806220915876175,26.826857376345778,26.489341503504377,26.756971356581904,26.812812659546058,26.701220443073062,26.902803486459565,27.326272693236845,26.720727005326385,0,0.995850976584848,0.954994372587254,0.838236223008712,0.0571254619468385,False
P49257,4,Protein ERGIC-53,LMAN1,20.54208045454348,22.5779438509152,22.06704079769836,21.896082009421185,21.255641607292848,21.486600990850977,22.454981415909124,21.794500822429754,22.71024309367876,22.70862842299701,22.035176793559692,22.456301465678266,18.79492959885765,21.90768968921803,22.812875442694903,20.979674832204466,21.074750335357585,18.901519963106338,22.66536519261219,21.569496640733412,4,0.736814310903326,0.21538795783785,0.55792310220854,-1.27811670056025,False
P49354,7,Protein farnesyltransferase/geranylgeranyltransferase type-1 subunit alpha,FNTA,23.35953607983893,23.286110811609788,23.979688566804814,23.873847243799236,23.43164688377355,24.262412717493483,23.678741575821558,23.478213825264024,23.67730791843946,23.66654649829365,23.242109844534397,23.827866141402065,23.150440357791105,24.55044534191568,24.01485293151279,23.70754813822101,23.615746683854734,23.758470046093432,23.34608167998692,23.525475119514095,0,0.993924568287061,0.982504021250751,0.843797505224354,0.0221968301447885,False
P49368,17,T-complex protein 1 subunit gamma,CCT3,24.25309860661012,25.551563585876192,24.26442152687951,25.007931015872256,24.987938957909662,25.272652874673916,24.981058274817702,24.552724284407844,24.9628256727646,24.75251513150827,24.72434777486343,24.645300098832948,24.478716674331896,25.433135158302672,25.51294320587726,24.16605741976681,24.99858661117631,24.994158044051506,24.780825369764436,25.39799292242454,0,1.04065767003024,0.798445660879053,0.812593916944395,0.258676401023727,False
P49407,7,Beta-arrestin-1,ARRB1,20.878585234823117,22.990715265303606,22.78410582531883,22.416610114905335,21.157948812595535,21.98188830616576,22.139509388345243,21.785798913547744,21.97378158064404,22.34441037481282,19.893348183823043,22.337430066262083,21.703662987384003,22.036901211551985,22.193501520392918,21.937326878454478,20.542399330877917,21.764980237642522,22.344023143478935,21.578691068390956,2,0.771015865849263,0.261008161601572,0.587927183588789,-1.15568018241839,False
P49411,18,"Elongation factor Tu, mitochondrial",TUFM,25.612632554288385,25.727163811232135,25.60472597277852,25.66240485800541,24.884773970569665,25.774578765821765,25.71018685254729,25.38363191781588,25.727326182463376,25.172608259726964,24.693307958580792,25.92022654715245,24.828370252549213,26.083495093174065,25.46465026539257,25.664950020262026,25.18368473958531,25.38606825179938,24.695236246609635,25.78348004709156,0,0.925096662161635,0.44921458522492,0.685569866640652,-0.771386858454332,False
P49419,16,Alpha-aminoadipic semialdehyde dehydrogenase,ALDH7A1,25.505677804152075,25.479077920913873,25.89566563866978,25.45330371434141,24.227292831175376,25.432730743364456,24.49834128234693,25.70344839332315,25.718062131819277,24.697740037517644,24.49421132979475,25.374795631096546,24.30235962655937,25.487342599790995,25.27383774166984,25.152561705495494,24.868811842495916,25.093210290135275,24.86119829716051,25.46746011450529,0,0.837240853886732,0.348220141363105,0.631383949295911,-0.95987980867482,False
P49588,19,"Alanine--tRNA ligase, cytoplasmic",AARS,24.445249515725767,24.099537470208958,24.957437892510555,24.40326371843802,24.049399140426047,25.40070863388099,24.72089872977793,24.33730378182711,25.19653653220581,24.0942310236481,24.819969379391246,24.91585910736909,24.55549661616658,24.907305554083823,25.09253516915684,23.796058226028016,24.542730369556374,24.84003074818729,24.685587067799844,24.63196845056542,0,1.01908406423909,0.58916815808187,0.743825936699821,0.54859146991696,False
P49589,11,"Cysteine--tRNA ligase, cytoplasmic",CARS,22.543896477378244,22.218788314057157,20.211088856513864,21.002621473044197,21.813281616197276,19.951104919764784,22.461005323301094,19.581894016095987,21.22231170732105,21.536731111279018,21.954287880823234,23.468635679471568,22.509307242196105,22.781950642281416,16.993226332644294,21.899755591967164,21.292998523786615,22.282934159046413,23.187668216040056,22.08068094600515,9,1.77694426939357,0.362603352008895,0.643263472980514,0.93101354080172,False
P49591,8,"Serine--tRNA ligase, cytoplasmic",SARS,21.85281520411672,19.128378657062708,21.893194954067457,19.724868273045868,22.69754027004374,21.562816178387788,21.293881206931616,21.828882730822983,21.535143535791754,22.159514386563174,21.62413602978214,21.743107556476122,22.163658726658507,22.640567364608174,21.440910275142105,20.894902102951225,21.6222752545662,21.02428019098419,21.197930281445732,21.789551442558874,2,1.03810868342311,0.524486541284919,0.722158764334251,0.647429451037514,False
P49593,6,Protein phosphatase 1F,PPM1F,22.390702504092232,22.328926678897993,19.5108554615049,23.015967190429066,22.687979078449448,22.115636480948613,22.677082070228685,22.70354292381782,22.918691965777924,22.926799735701636,22.56030664119616,22.223338489397996,23.10779799123764,22.39160898125471,23.042706737518316,21.72224496141358,20.043581644266016,22.74939746152715,22.861604057335875,22.54160845296113,2,0.908998439543272,0.993904610517622,0.843797505224354,-0.00773252489444785,False
P49711,1,Transcriptional repressor CTCF,CTCF,20.76641351339771,18.312435053234964,20.34624087804357,20.821187778225774,20.644413229535854,20.38485701041072,20.239885097759466,20.50167403618157,19.933607457760854,20.46430296384864,19.910094121834465,20.7923979244066,20.881220160215083,20.12679520631212,21.090906176881273,20.472541276890883,20.503594590468616,20.38102608538341,20.578808645685857,20.231806877697373,2,1.12436516186243,0.395026303379536,0.660046657917471,0.868641596048033,False
P49720,6,Proteasome subunit beta type-3,PSMB3,23.485774330515437,22.89586817301997,23.609243423991582,23.628683718704533,23.45144581855268,22.664293061566887,23.74696020374048,23.520564664356158,23.08091668311718,22.631877912824464,23.329475635875923,23.222049708297778,23.334007793022412,23.012093227212496,23.469619227628964,24.656408506100895,23.37895931255502,24.94805659366682,22.829092136925524,21.981131981968318,0,1.15030779396631,0.646745849964574,0.760737113067147,0.465072879979204,False
P49721,6,Proteasome subunit beta type-2,PSMB2,24.33528878573203,23.85195459787439,24.120160728106313,24.694847973751965,24.999178389916516,24.15009067871307,24.600804676166465,24.359989592697826,24.397144992882847,24.477506344237902,23.427996084903246,24.705535820629514,24.633840669800975,25.08789698574038,24.35697351052232,24.71886306855022,24.376680786610603,24.488152868871218,24.512876225509068,24.131564312738366,0,1.04578363630631,0.825159538830366,0.817624247495614,0.223738178981039,False
P49748,28,"Very long-chain specific acyl-CoA dehydrogenase, mitochondrial",ACADVL,26.203820726694783,26.76877759530452,26.54927101057101,26.9584256739824,25.77575363794782,26.769053877834228,26.313248331666614,24.66770288719984,27.080144994110775,26.191445609963825,25.647377480929773,26.37260654441643,25.917013584908442,26.33545169829933,24.836246979617364,26.60895686489494,25.981740564487776,26.163195694403132,25.549100850158194,26.040155257952524,0,0.732861600626861,0.169299106849926,0.521118528909864,-1.42428897174838,False
P49755,3,Transmembrane emp24 domain-containing protein 10,TMED10,21.83100455933566,22.699440175099397,22.711607594114422,21.763744198113923,21.72877204122378,21.58796230007821,23.23268392735986,19.5573585790074,22.58019600187487,20.717464630666857,21.703806878160943,22.874015291578093,22.389298121212654,24.16152875489681,23.502981199073226,22.74567726791348,23.496267170917374,23.757558124551853,24.16316972407991,23.52786108635902,1,2.30864725936874,0.00275996302279425,0.124769845734801,3.39782278063575,False
P49773,6,Histidine triad nucleotide-binding protein 1,HINT1,24.3472095280055,23.524994186625552,24.40900407650712,25.143550466221548,25.530471059348898,25.346559576758263,24.58085417700081,23.87964425627106,25.376165372374615,23.384894168430527,24.879598596600847,24.74278022009645,25.426399229942334,24.18458187804428,24.986339848942407,24.500907773106317,24.97709906444913,25.02732932891799,25.308214131568583,24.793261241457646,0,1.13673644981421,0.251961394000665,0.583149616570681,1.17859564834292,False
P49792,4,E3 SUMO-protein ligase RanBP2,RANBP2,19.199904365090728,20.07864826070174,20.493885101866663,19.432868619644747,15.430197383542518,19.444592261115858,18.979913627265628,19.734710096629186,19.594794193302793,20.675790233954732,17.77712777138601,19.782932730600145,19.46374496605144,18.636226793077718,20.317665146579714,18.083212927489626,18.784497468445537,18.76968762226032,17.683950561696633,18.862052146381046,10,0.662470203129196,0.331863818293784,0.621344828365596,-0.993713641000667,False
P49821,11,"NADH dehydrogenase [ubiquinone] flavoprotein 1, mitochondrial",NDUFV1,21.208180777486273,23.04425321242678,21.38358514416944,23.2585346473899,21.5797537444972,23.253789487132067,22.624533054242697,22.853239639250642,23.85022154317059,21.78532934266424,22.791703979202325,21.64640508726531,22.166568276837396,22.51676330278549,21.728062036091327,21.437017405396247,22.472518926234393,19.94952950924722,21.966170890398562,21.13146041041477,4,0.602705837503577,0.0706013118736195,0.38911116395522,-1.90646376970336,False
P49903,6,"Selenide, water dikinase 1",SEPHS1,21.57454947059917,21.800150177665333,20.846227945526852,21.936925164079707,21.836621479940636,20.617482490777927,20.236709578993732,22.059317326314456,21.721378866785948,20.59654157434859,21.630449164443235,19.897402568655966,21.793608171410245,19.14079349414713,19.2968594503972,20.78590738819903,20.203167131201468,20.811089241403405,22.241684319903474,20.480309168937417,10,0.72106864360447,0.0895629591083813,0.421730243491225,-1.78138895681904,False
P49908,3,Selenoprotein P,SEPP1,19.690954089165444,20.525340878815246,21.280253427561448,22.05994147373521,20.80017511513112,20.727735993037754,20.283567343676587,21.294078842532297,22.45963199757003,21.73469424403623,21.534976599408445,21.78712423652052,20.14440572606844,20.186986042871553,21.6022068074157,20.66239397282847,21.210136434951647,20.418840585889992,20.312298949022967,20.508986033147185,3,0.843335772479203,0.483290256535848,0.7051394146759,-0.713883495581651,False
P49915,5,GMP synthase [glutamine-hydrolyzing],GMPS,20.964543556518898,18.88922987453793,22.152018664907636,21.83562433754714,22.48315451174482,21.025786033640326,21.787840957739135,19.58483986487874,20.810109280381035,22.00882182332295,20.77026297691917,17.975465746098216,19.20433405280394,19.894138894197,19.537005577653137,20.37020778652245,18.104719751407426,19.770431070700777,19.55590034951493,20.687121274820072,9,0.329187361671918,0.00346141861663239,0.140054698951988,-3.30051811180593,False
P50135,6,Histamine N-methyltransferase,HNMT,24.324562798506815,24.26636514069678,25.219594227918936,24.590404312382542,24.22449485199293,23.729359428316386,24.270254740727633,24.087092411561844,24.329827749887585,24.355136519504182,24.446698351760627,24.121320496381923,23.861375150478814,25.56152577438683,23.843063857081333,24.867901948407948,24.628714492312348,24.82092665182183,24.64358542334536,24.726605595702367,0,1.27255039301385,0.324096964006283,0.619186017833498,1.01018498942469,False
P50148,5,Guanine nucleotide-binding protein G(q) subunit alpha,GNAQ,23.021083722245876,22.16236283115691,23.013308534383874,23.04423839546918,21.363370981392265,21.79342203756515,23.496294383388673,22.854114214130583,22.658101654306435,21.39166993965289,20.519074339497447,22.73766175312362,21.108052355935293,23.34805272070688,22.60419553890815,22.20246352621675,22.488925334022046,21.20701398064883,22.89001680378405,21.939379299104043,1,0.801346432815521,0.344782940985274,0.630480965769172,-0.966897706021722,False
P50213,11,"Isocitrate dehydrogenase [NAD] subunit alpha, mitochondrial",IDH3A,23.782845367915034,23.541723432127842,24.747029969210818,23.74166917660298,22.049048197212798,23.91979331190523,24.18873467834046,23.24743723624445,23.8839326561719,24.129097523241814,23.31442183498679,23.263253199587204,24.006200927417567,23.90146751446607,22.29812118789309,22.05150712261349,23.3927117771286,23.305578759361616,22.24416841018522,24.282819332227408,0,0.71976638420818,0.14029512120827,0.488948402836312,-1.5336449638109,False
P50225,11,Sulfotransferase 1A1;Sulfotransferase 1A2,SULT1A1;SULT1A2,22.497855302045874,20.058797147954955,24.001672739148084,21.17927487617835,22.816875939407385,21.690795941760495,22.058932813946395,20.735059385798714,22.340589295064078,23.851234224369257,23.855418572097356,23.205794396368745,22.322466867528032,23.86907706856013,22.948465918971127,23.773318835019705,23.267179734145344,22.888806321924136,23.372333755587434,22.77744852064444,2,1.63291917134573,0.0195640888770307,0.236659049950114,2.53132985646432,False
P50238,5,Cysteine-rich protein 1,CRIP1,25.73888686585609,26.292114578847105,25.58475752920734,26.610500071120136,26.843424740597964,26.110543006130516,25.64965212813176,26.939897229951573,24.014802227406218,26.697498931675508,25.361211313255943,25.903992140936857,24.343615994724956,24.341396114728635,26.121230091343016,25.769102225881632,26.231312386694967,24.79002255712185,25.099186190565824,25.83911255705821,0,0.5962351003014,0.0618926050579448,0.364062657639799,-1.97413514606749,False
P50395,26,Rab GDP dissociation inhibitor beta,GDI2,27.437503799526862,27.710185779791143,27.537946645769857,27.616476628673098,27.93827779400213,27.63917869664241,28.160679277190162,27.518343232166398,27.578482790261397,27.774044180416194,27.564533794208256,27.368173160289405,27.37995289267748,27.644052472335936,27.761617397691705,27.61319361370442,27.436543309404016,27.473112020477128,27.443646534946186,27.321496709757504,0,0.8605879225399,0.101304963147507,0.437355574810954,-1.71504624318052,False
P50402,4,Emerin,EMD,21.88965478571418,21.444303382917568,20.19119214259847,20.66373928265692,21.366188567280073,21.848634725578812,21.538547562711763,21.285095957197342,19.09069026304106,20.95560836539111,20.94468643479034,21.501612843125354,21.302428562477495,20.366413704436777,21.46718147089697,21.021422444939013,21.249171548940534,21.247718260701863,21.813382742243945,21.087129306148697,4,1.02544241550625,0.60690061856644,0.752218059563864,0.522473697611042,False
P50453,5,Serpin B9,SERPINB9,20.987866378066837,21.005704529808565,21.491326604530432,20.99496782723208,21.517394186914004,22.07104872298354,20.98234683249464,22.03094798214083,21.844040330580007,21.515810678002996,22.493045872900147,22.75530149832939,16.760734323469734,23.7129729914185,21.587480286960858,20.686063631230034,21.08140464170268,20.401890083566215,21.219657105778968,21.473584491150604,4,1.07277198303165,0.701741690333195,0.784988950309562,-0.38833614396541,False
P50454,13,Serpin H1,SERPINH1,24.17341724407971,25.583671349726675,24.05378575038529,24.456335316842633,24.52462409658685,24.720439089431892,23.68340565787074,23.44159017838409,24.8890549493584,25.77626020732533,24.968249980639026,23.20131109375039,23.33038584077943,25.412422344196322,24.374462785000247,24.331735455220855,24.694982250502534,23.307031471479505,25.329647606972916,23.90451893544031,0,0.856570941844144,0.495205036661505,0.709261894965122,-0.694342789399386,False
P50502,9,Hsc70-interacting protein;Putative protein FAM10A5;Putative protein FAM10A4,ST13;ST13P5;ST13P4,26.734561967965856,27.225247794107013,27.145567870218258,26.53480661987447,26.55391209306182,26.48501286226561,26.825167098249473,26.567554229966646,26.59489502900144,26.992794948183757,26.140487198597242,26.741715435148425,26.547208959759125,27.26785411862297,26.431086989190526,27.008212173149985,26.7215524217634,26.64540875760977,26.805198853358196,26.67665267299744,0,0.960225976724486,0.650742844193873,0.760966574422578,-0.459404711509302,False
P50552,6,Vasodilator-stimulated phosphoprotein,VASP,22.05332410465958,22.49825139468504,20.858160788466723,21.15269005142116,21.444973385297743,21.263646562106068,21.41954536062353,21.48319981355508,21.433971809685094,22.199601464509822,21.405844354351036,21.150188208948595,21.489260204744575,22.07678268526806,21.906800675166814,22.448751489103433,21.66481662752765,20.37427894186492,21.614086329211876,22.134377454821813,0,1.04957304505011,0.877417269311703,0.825812662811676,0.15616783380243,False
P50570,13,Dynamin-2,DNM2,21.576449883068126,23.935424891605642,23.554949681600334,24.290102801196948,22.552501933039046,21.830378535668334,23.7818434057392,23.082085384581422,22.91353041452266,23.418596804049255,23.929693165097284,23.396271056780748,20.541690302964035,23.348453507378945,24.11590424346353,23.599060319639865,23.583568894185234,22.79246283306012,23.241927477306223,22.997987397442255,1,1.06706102139683,0.886555756808407,0.825812662811676,0.144436903635726,False
P50895,8,Basal cell adhesion molecule,BCAM,19.39849303890303,22.459460562739846,18.581243571734877,21.699621432940525,21.994492315286003,22.141542809099786,21.55995570550379,21.710186767377024,21.814826995175608,20.15794308423119,20.581929004056242,22.79527715176885,20.97378965894271,20.047872666625157,23.340781124465995,21.32681006211254,21.58950645116225,19.123240440627182,20.68528944085345,21.763658771320436,6,1.02787304898305,0.897409901391195,0.826708499711055,0.130530470107175,False
P50897,4,Palmitoyl-protein thioesterase 1,PPT1,22.344869787291746,20.90108273997876,22.192755134918045,23.143662646094505,21.711593969784854,22.131828331070594,22.247902157891414,22.36364344004453,21.703219011555056,22.38083013524519,21.86468289071517,22.40624048326023,22.952790279007605,23.42096464859643,22.999819109510703,22.878360077193918,22.411295096286064,23.403668673027006,22.738948949755617,21.678765817088625,0,1.46944689976943,0.0736186132592011,0.399711771208085,1.88473123248983,False
P50990,20,T-complex protein 1 subunit theta,CCT8,24.34037856982226,24.983559838168485,25.182971769327132,24.772372162750155,24.258490251565966,24.606614201904527,24.707252907461125,24.03381324257447,24.35816703172525,24.649255335018335,24.503856149783907,24.176164717552822,23.84860404349043,24.820946092020368,24.894703609519382,24.45202037770614,24.74841772750795,24.608795019384765,24.837085080652667,24.780626280065647,0,0.98738693398902,0.902556425286895,0.826708499711055,-0.123946096906544,False
P50991,13,T-complex protein 1 subunit delta,CCT4,23.448064432434325,24.64020919538889,24.524362278329843,23.980410322468902,24.075839772134202,23.824099937448167,23.887231744073716,24.005769237361747,23.61514952751368,24.224346662392076,23.93811904305628,23.926843949899393,23.92233823767243,24.152964262779275,24.023847638130007,23.833426148541182,24.31913175661102,24.526853244522098,24.13689467617333,24.260096197656512,0,1.03462774701041,0.647058536026061,0.760737113067147,0.464628900460298,False
P50995,11,Annexin A11,ANXA11,23.05990039642528,24.468999847768195,24.271570026751004,24.36575671271354,21.488914683713084,23.44625513133865,24.100008522179632,24.07958570032043,24.596715403433958,24.82800725178187,24.77022849473985,23.831410946717696,24.762482808604933,25.20344459697944,24.74889748286404,23.737429260237647,24.19080960866557,23.410395549153804,24.460518514751783,24.121881055413716,0,1.18760760718942,0.181647028528858,0.531816779575184,1.38230418857815,False
P51148,7,Ras-related protein Rab-5C,RAB5C,24.40768163852556,25.12755111807501,24.59458627251804,24.86332517487853,24.62248650820275,24.36545809418206,24.58363913842122,25.2687612663763,25.112184470671234,24.708508777089044,24.278882988537333,24.79028843643354,24.77745649733583,24.868493835495844,24.39288521470974,24.608833279899482,24.306364582046747,24.702539392385372,24.44193742628017,24.625411257360547,0,0.869706554892305,0.262028385727222,0.587927183588789,-1.15313324382855,False
P51149,13,Ras-related protein Rab-7a,RAB7A,26.7120071158744,26.579477780579797,26.050049359057947,26.48161404098203,26.299486336023527,26.829737260343933,26.418435929573157,25.944061858341858,26.504643336114942,26.802902049429512,26.141947938212898,25.973203287171486,26.066291142755226,25.93675599381747,26.520473895813872,25.93763514639263,26.034820187593613,26.330251826469407,26.21195318072922,25.74686611530035,0,0.768048494339582,0.0171156343055691,0.221048813086795,-2.59294237601633,False
P51178,11,"1-phosphatidylinositol 4,5-bisphosphate phosphodiesterase delta-1",PLCD1,23.16579921824836,21.240926674559937,20.698887240101296,21.512179619635514,22.611722674063085,21.317347468068334,19.30301679002337,22.713709063847503,22.286451879363916,22.444302080079158,21.534280539504216,20.703058407036906,22.753075385964113,22.26648753618583,23.631305767111467,22.783310625514037,22.536420918788025,21.490003873541248,22.790203165018337,22.45295719816678,2,1.35753910355216,0.229100543425147,0.572381325329629,1.23939356896964,False
P51452,5,Dual specificity protein phosphatase 3,DUSP3,21.94236151412983,22.56245080190708,22.48792192067194,22.182155994517483,21.914478780283353,23.486703269446238,23.489970426591416,19.660897571517868,22.034031416672523,21.57358359839883,21.62977758231342,21.931326034210237,22.03443270794591,21.89911749928586,22.356610024352637,21.642236541046145,21.6933978701888,21.829057361041265,22.88775816520159,22.64299663951307,4,0.807865314518023,0.840174480805185,0.819283344390874,-0.20422811706718,False
P51553,1,"Isocitrate dehydrogenase [NAD] subunit gamma, mitochondrial",IDH3G,19.6653888753568,21.112258546599815,21.41406083131661,20.751353205280342,22.112955762438293,21.535718267462137,21.82883051764726,21.310706807310126,21.389033027715065,21.45167352215832,22.106008020578347,22.038269009243262,21.74915621112643,22.00079534093267,21.340212209957855,21.55156952969712,21.51968436728571,21.296155397031594,20.941555466824205,21.46553110969887,8,1.15360125138878,0.218061354365415,0.558253063752611,1.2704212607281,False
P51570,9,Galactokinase,GALK1,22.24037267702071,23.315981645685582,21.781157066337286,21.036646590833367,22.428154782096836,20.460277445594166,22.376712599444986,21.68714893557616,20.789687727037304,22.106663619145763,21.74093575906532,21.640457897529945,19.216017064318855,22.04150917877856,21.727223752603788,21.387413071103587,22.383732370786333,22.640201796270787,21.79239933235057,21.544219516960553,2,1.07436123966702,0.593045754868627,0.744753923472317,-0.542847737509759,False
P51572,13,B-cell receptor-associated protein 31,BCAP31,25.82419043568775,25.391601761831502,24.71437542391799,24.535085283588533,24.375986021009375,24.88199880835822,25.45955882559939,23.7923914796073,25.69883645241159,24.78492435804184,23.71947574236852,24.92891818527098,24.42173221823334,23.967223431523742,24.256068913043798,24.043669194637765,24.79178437130802,24.028877161857473,25.387092632471315,23.2655241321826,0,0.624574607710265,0.0321720733227294,0.273698145271085,-2.29722063068512,False
P51608,6,Methyl-CpG-binding protein 2,MECP2,23.781793131125553,22.29707369471338,21.132126798298533,22.510337626578288,21.794072473462613,22.5355535123416,21.10604025839112,22.8887127669754,22.269046532643603,22.944728346222124,22.719527843823137,20.87240641980162,21.92744501322886,23.591421927286337,22.204937288492683,22.344620751302188,21.00351721397617,22.01301316200072,23.30383788549612,22.422071787461952,0,0.950055758835821,0.830123398760881,0.818226127002315,-0.217278775388926,False
P51636,4,Caveolin-2,CAV2,21.359015091504762,20.158216612192152,22.032204579714378,22.473803980615056,19.85530604487111,21.994410874904894,21.503433799898055,20.941934679356017,21.0991105659224,21.93076269776921,22.41261633465114,19.172795113811805,26.116576118199607,22.375376880376418,22.05708122147682,20.903592064234974,21.763221831899806,22.269953814264518,21.521443077516494,24.085128571646887,8,3.69655061154257,0.147820099488673,0.499834338442571,1.50361599908915,False
P51648,11,Fatty aldehyde dehydrogenase,ALDH3A2,24.870166455043268,24.444793446103777,24.935156665483017,24.64637163691211,24.91508728461982,25.12126631892267,24.300126054270134,24.979616357120715,25.060914835577332,24.161439433793632,24.21055765688312,24.893177696562258,24.34337508877395,24.800999224376927,24.577667761149968,24.015509185071153,25.342973280127442,25.080993194648784,24.469642268414766,24.104871987961594,0,0.908877869848409,0.436602446504467,0.680086216738185,-0.793336701269969,False
P51649,8,"Succinate-semialdehyde dehydrogenase, mitochondrial",ALDH5A1,22.37961418009271,23.562833648840062,24.31096588316559,23.856939817680004,22.79358816541139,23.20996511417752,23.452219204668108,22.889077832693292,23.622710872797835,22.192673852991177,21.000664703581375,22.101638000003835,22.206682897808616,22.359880116755328,22.8807109722971,23.051644017020966,21.004902594088037,22.414536443465796,22.28133723586628,23.334451217866967,0,0.522307882701918,0.00948967725955921,0.181482743058785,-2.85942410443794,False
P51659,5,Peroxisomal multifunctional enzyme type 2;(3R)-hydroxyacyl-CoA dehydrogenase;Enoyl-CoA hydratase 2,HSD17B4,21.81238038559859,22.690701776233244,20.194870064174264,22.66972186145019,22.93079520658696,22.343854165312774,21.789006607403305,20.592444067240294,22.156680572472343,21.346425361075536,21.145551506603226,21.452159057867654,22.385082289676827,21.353250502828566,21.000457033392017,22.386245509476137,21.65399284802985,20.742111866255048,21.587440445521086,23.036768241625133,2,0.89497079273523,0.641093185757435,0.758578558520882,-0.473115569745547,False
P51665,6,26S proteasome non-ATPase regulatory subunit 7,PSMD7,22.27436822836742,22.58505566572606,23.242829603373874,22.523201977087894,22.150106083059633,21.606380339610762,23.106995681416443,22.206437809394338,22.20016942394574,23.06083752769161,22.739432352766247,21.975657265032606,23.042096819294397,24.13778914494028,22.74441659777749,22.74993465331486,22.959383175788375,23.557196941091124,23.032180887916674,22.93543729725593,1,1.43381029999045,0.0921265240891035,0.423185026411948,1.76629166397073,False
P51687,6,"Sulfite oxidase, mitochondrial",SUOX,21.57193424686166,22.17851296129261,21.20289934419337,20.774032265240667,21.41682054353854,21.684544578428323,21.432258383833055,21.91667485792456,22.81920075711234,21.931991868739473,18.346452251157462,23.05220384776989,20.460400791828445,21.79527458963329,20.049536653706838,16.933774050092804,22.658790451058636,20.305796766806104,19.61656477993942,21.548471001288025,5,0.717267805328084,0.0559338142989302,0.35525066816155,-2.02549505275802,False
P51858,11,Hepatoma-derived growth factor,HDGF,24.737828483494727,22.28579998341587,24.317603349444468,25.650467759292432,25.624314180054057,24.89040572329504,24.466266841727492,24.5853877539851,25.04484375404383,24.60573445523917,25.222369926525726,24.440362223285877,23.97292703226538,25.392020190612953,25.724786736189824,24.35970570314299,24.901393055588315,24.738786117570676,25.016900961399088,24.75905549858953,0,1.06963690818143,0.49553248752027,0.709261894965122,0.693809606557615,False
P51884,13,Lumican,LUM,28.73735585895032,29.352215737766606,28.87958572978036,29.313298938205186,29.362884599720307,29.74279956076969,28.875347216379478,30.184702015295453,29.433024724312194,28.91005866826366,28.560703041844427,29.103301811160286,29.567112954905404,28.92362619140726,30.054372884743966,29.206498548153817,29.062958151067157,28.381174336634235,29.543550522312504,28.514344005295857,0,0.903195776965325,0.378004810698854,0.651853003366993,-0.900944964790742,False
P51888,15,Prolargin,PRELP,27.131529687726054,27.9407570959442,26.85857298710968,27.014522951671953,26.70369980952916,27.59284768348342,26.753805097754686,28.63801966901225,27.349219429303847,26.87904083763516,26.380295365822377,26.82965828441097,27.227212120657285,28.138540486513342,28.690953335868954,26.76740966495213,27.014481471980698,26.729203306178718,27.543200602668954,27.648514362284107,0,1.01331617915865,0.97005828441952,0.842169399018708,0.0379928204628231,False
P51911,10,Calponin-1,CNN1,25.414968258547024,22.982728240219277,22.01009096212926,24.729278380486747,22.119305157534328,24.377564122765257,25.61259665859477,23.95621565614894,22.323699680108,26.426726679880236,22.585708560227346,25.695834789312475,18.995076655743304,26.761245426065035,23.799685220520747,24.957137385027785,20.22313696438768,23.049586876860047,20.83163601429282,23.335621612719923,2,0.538465221043926,0.26213924694079,0.587927183588789,-1.1528569278987,False
P51991,10,Heterogeneous nuclear ribonucleoprotein A3,HNRNPA3,24.021541461151593,22.819012925788318,23.04701314945719,23.49160984466242,22.669663757977204,24.105074948004475,22.505120661716337,23.250075331009008,22.888553123063218,24.62453256115026,24.106898250036245,22.88478868077752,23.36567066793199,25.77905794133049,24.452084208737052,24.279639766941546,24.039414186957057,23.250422311904792,23.477312154003492,24.217195843099777,0,1.4061237431163,0.0747781887111536,0.401100882140137,1.87658690612237,False
P52209,23,"6-phosphogluconate dehydrogenase, decarboxylating",PGD,26.66695964878399,28.583061748859855,27.93989994646068,28.190878572340814,28.415361910174056,27.935662517571682,27.58374370898761,27.73219524210239,27.998990804504395,27.289891153945153,28.004033335274304,27.795542442784726,27.32901040175549,28.373805686197386,27.94703074551579,27.99197600811928,28.580096847978158,28.292926816551144,27.953134760381854,27.886966578005417,0,1.0961931910232,0.379452322696001,0.65200788821375,0.898161132563609,False
P52272,15,Heterogeneous nuclear ribonucleoprotein M,HNRNPM,24.27031319299853,22.195283774577423,21.66334420580237,21.786217053659943,21.650097519859713,23.300123450115148,22.74642664533508,21.709577576616677,23.633435671696578,23.85297518451834,22.69566203266414,23.81926115272444,22.76745570727777,25.0018934696866,25.45143062032568,22.248507353354352,23.283906932893466,22.65972056753902,23.987880243700506,23.878405103807385,0,1.43793840961441,0.0489355798761137,0.335456946076565,2.09247466847916,False
P52306,5,Rap1 GTPase-GDP dissociation stimulator 1,RAP1GDS1,20.876826925016776,22.353673309809086,20.69351579749935,20.290816799251523,20.94070161513679,20.087541183751743,21.6838282276117,19.007199417595363,21.381297851793054,21.265873635950427,19.815936913834744,21.8696509623248,19.55245141171428,19.36339279899735,21.376015690419436,20.077867814275198,20.062663021783074,21.218763694913275,20.746554074829827,21.60139330150045,4,0.848262143231057,0.493793984524823,0.709261894965122,-0.696642700379376,False
P52565,7,Rho GDP-dissociation inhibitor 1,ARHGDIA,27.578508508929737,27.075696515932986,26.216172281988896,27.436948502303803,26.452203700230566,26.9948547610983,27.186045828885963,27.01654280496595,27.280973691887997,27.084869689612272,27.621004171993405,26.778042431379987,26.949934296274716,28.082310099504042,27.09234241893307,27.218351230737106,27.291937141152477,27.130589722615582,26.942092491365543,27.13690556514997,0,1.11023697732333,0.307554078652416,0.613979024606205,1.04621363667257,False
P52566,8,Rho GDP-dissociation inhibitor 2,ARHGDIB,25.38165889708208,25.2054625002225,25.022368587354674,25.189243791550755,25.263910884891985,26.028115195722876,25.443208220354965,24.71106720089288,25.190746983393666,25.648045645992802,25.932516032208557,25.388448073724955,25.76606971243483,26.297169479563138,25.452865394707658,25.778224791764288,25.45930201842363,24.65995154947782,26.784095298260162,25.19695644945803,0,1.34615075019877,0.121178780841071,0.468593977449557,1.61641640091148,False
P52594,2,Arf-GAP domain and FG repeat-containing protein 1,AGFG1,20.992958325208043,21.04740925116465,20.141193903298905,20.59018536337698,21.057558210597318,20.495129637804755,21.318754593510743,21.587511076474716,21.460138296478835,21.341427753355884,20.52248404660665,21.232373729243424,21.582878005536674,22.379251608368108,21.42941408413564,21.734786866876775,21.760895375754128,21.4924107533761,20.049420641589098,19.735231532315336,0,1.23553297954788,0.559778644806741,0.732675882289056,0.592758165420872,False
P52597,5,"Heterogeneous nuclear ribonucleoprotein F;Heterogeneous nuclear ribonucleoprotein F, N-terminally processed",HNRNPF,21.61948183675455,21.33781787895668,21.519855866405642,22.433917074577103,21.61615109783581,21.388892032990658,20.26898853480103,21.698359123572537,21.942899536616583,23.315978496520582,21.054869468214726,22.44409227168334,22.937936267064018,20.752514456057032,21.876652054042015,22.82535915761713,21.042520847550477,20.941055533141533,21.961163363475087,22.208071645305267,5,1.08779344483196,0.814617477981573,0.815002833453775,0.237489243714244,False
P52758,6,Ribonuclease UK114,HRSP12,23.749774231776676,23.72623408625067,23.99798223609312,24.216873601898726,23.69574862786111,24.83746277198617,24.33601339563152,23.706744732830774,23.666721947031377,22.53156589104027,23.289369361361395,24.174544831043004,24.01195848481775,23.92043168110028,24.210292236027165,23.668160289902858,24.16224117818398,23.975418289221253,24.13186904453325,23.977011837868417,0,1.02019598051158,0.660107213442446,0.764709149984281,0.446184385821261,False
P52788,2,Spermine synthase,SMS,22.060770998072076,20.29359708085077,21.965998449505882,21.78133625850151,21.28937529740609,21.961273201080065,20.74946127699842,20.887239349842023,20.86424487272782,22.121524837147472,22.279969792255272,21.093572774758176,20.771754167953972,21.80531731025339,21.477200300182727,21.43794762293637,21.220751019741027,21.79744152049065,21.797838981095403,21.981169747680617,4,1.08938577264395,0.576688935577374,0.739323921933528,0.567205412183899,False
P52895,14,Aldo-keto reductase family 1 member C2,AKR1C2,24.20671124027288,24.575200362403635,24.167561817415052,24.432934937673828,24.80177107735371,25.483952838736183,25.792080446856758,22.89385794623159,25.632759266525465,23.678402403180122,24.991375509140404,25.230517076673895,25.455270391919466,25.664735619596268,24.784323610764794,25.46481420511748,25.171637224685625,25.011828903543417,24.752587842326136,24.42848056601114,0,1.14899414976786,0.10001642315298,0.436631574812394,1.72199384322994,False
P52907,10,F-actin-capping protein subunit alpha-1,CAPZA1,25.481961055430677,26.185508144852506,25.557779933329556,25.830092962946814,25.545002178864777,25.896889354483466,25.392210413123596,25.61009450077076,25.964256888467155,25.961266503218443,25.704684957344405,25.792912925407798,25.673100535643982,25.833007880360224,26.228399769976953,25.803226858736224,25.762635088681606,25.729055390288504,25.96963569480552,25.7431796515824,0,1.04618456905057,0.551977829811392,0.730786710248407,0.604680617362518,False
P52943,6,Cysteine-rich protein 2,CRIP2,24.736515744809687,25.715365879506198,24.77985884551426,25.93124276774789,25.973365913457155,24.960504578367484,24.557145785172544,26.712568788046845,24.007179390965405,26.00178308915653,25.639868917313585,25.13181408606422,25.454826823292695,26.132973407428594,24.839199631606363,24.72680856350452,26.498705490801132,25.654729321341442,25.77450801292931,25.441098996455366,1,1.06853158487199,0.545919061060879,0.730613623538725,0.6140019919828,False
P53004,9,Biliverdin reductase A,BLVRA,24.013609908149352,24.35384306097956,24.106806753994796,18.701046104684913,24.357310969309722,22.73671562227232,23.718628563142897,22.715704572891816,22.916943279682734,24.078512260217327,24.226809331652724,22.86803267142765,23.264669504876505,24.472064916342255,23.171648226562112,23.536625234688117,23.74328960551923,23.660398148272908,23.65060167777117,22.778422483521,1,1.05177476978399,0.508838768595284,0.718013241235623,0.6723107888019,False
P53007,6,"Tricarboxylate transport protein, mitochondrial",SLC25A1,21.027990608014818,23.43263130727721,20.4034537039633,22.260443533461146,22.288787995741348,20.16628576300038,22.00392233808929,22.31345577421774,21.927491746427037,21.194396580787437,20.860179777362944,20.72602592891439,21.081569406620886,20.60202601843503,22.99484574468183,22.356540814005605,21.411709668370253,21.85132301524887,20.462932363962206,21.989895960364024,1,0.77844750860827,0.528970218787961,0.725225836126963,-0.640375924560353,False
P53396,15,ATP-citrate synthase,ACLY,20.804991281134747,23.858652294856824,23.00873865996252,23.05133450829881,23.748620898492323,22.541608365434875,23.01773197285324,21.935171730751915,23.750850563289717,22.396402545560033,23.243223268146803,20.879155987231005,21.950388381178115,21.767231757874182,23.551594017192155,22.218054674206133,22.633036004007817,21.940322529934406,22.820754605415523,22.609998062913835,0,0.719129889827227,0.270461833009301,0.587927183588789,-1.13235579918387,False
P53597,6,"Succinyl-CoA ligase [ADP/GDP-forming] subunit alpha, mitochondrial",SUCLG1,24.363362207583478,24.87075337464889,25.5834277328555,25.081979412304918,23.69690537743191,24.63148714258015,24.773932612940275,23.569700801007063,24.465759258004724,23.616026079762545,24.156093755989616,24.72798761173768,23.39299828570639,23.872648972182308,22.8248222627216,24.5485723017845,24.080281971480986,23.74224960608814,24.17766638898237,24.965302830531485,0,0.741422022128353,0.150560969401087,0.503568020157996,-1.49299008828006,False
P53618,8,Coatomer subunit beta,COPB1,19.94803982186223,25.05323721819461,21.417148304643575,23.02338290133341,24.017791534209795,21.55255690679367,22.998540367383,22.034854479369024,23.34060562884277,22.329359955069677,24.018709322494065,21.491352094190045,21.588903624920867,23.689504486715066,21.589804251459583,22.243184651574882,23.745417988524576,22.774819726050712,22.693769176052275,22.124764680362635,5,0.946331258250464,0.96402751468347,0.839800241506769,0.0456503266997908,False
P53621,14,Coatomer subunit alpha;Xenin;Proxenin,COPA,23.234776377640678,23.738585718144986,22.79826794233153,23.1277020146842,23.952074221119936,22.06260018577984,22.998957485087182,22.75948979667145,23.175834852921376,23.523352245769484,22.297181024490556,22.606414423172005,21.998503806472538,24.201347137983355,23.64238606000827,23.43308721779284,23.800478002018007,23.61115423011391,22.906415052029615,23.32586965786433,1,1.15199824515304,0.876471977254156,0.825812662811676,0.157382546640075,False
P53634,8,Dipeptidyl peptidase 1;Dipeptidyl peptidase 1 exclusion domain chain;Dipeptidyl peptidase 1 heavy chain;Dipeptidyl peptidase 1 light chain,CTSC,23.42331040837516,23.583156935099975,22.835185901688178,23.30529105308647,22.66328312728128,21.384519019177603,23.70990484693608,22.88173482298618,23.404674187390327,24.594862285655147,23.079097989199163,22.298372779147343,21.521574458247137,24.455744920090257,23.4804820118661,25.559683319738525,23.082427402872682,23.26821121904407,19.465490579490695,23.293991900789752,0,1.17300918905625,0.690889581161449,0.778096232572657,-0.403276622053162,False
P53985,2,Monocarboxylate transporter 1,SLC16A1,21.32690667909036,19.588513398493394,18.984864742641285,20.215324337656973,22.026757666434463,17.91856786441237,19.82475806436369,21.87454592769607,21.618021992398138,19.87551860754444,18.935887266776607,20.79904286568074,21.865330881434403,21.16455246990422,20.653109956457612,20.713906829944566,22.021134367553568,20.387409339749507,21.34258778622329,19.983839484684427,7,1.13375304174219,0.377096396114562,0.651298791049508,0.902695616033186,False
P53999,3,Activated RNA polymerase II transcriptional coactivator p15,SUB1,21.75446336528477,22.317577889693997,21.460457923702755,21.243603962806613,22.20437529081802,22.040764701366545,21.297305220329072,21.21712166713588,22.077316117317352,22.713310594536097,21.44239983341801,22.010179006903627,22.20172037773569,21.83777442634762,22.27177621071483,21.908939357405416,21.668954510404888,21.5778400578095,22.00320244782344,22.23957361329775,8,1.0223021528694,0.742727388817143,0.798823546685696,0.332682543506517,False
P54136,12,"Arginine--tRNA ligase, cytoplasmic",RARS,23.337929460087558,20.557358052433134,23.30812685515682,22.39524996435694,22.086111521220673,22.407379417133626,23.71088733879588,20.8420067107348,22.854674415306814,23.068279964135236,22.36470557915652,24.100921072454735,22.1309553230545,24.428330531109495,22.21392466423297,22.594869909345476,22.55559805902357,23.01785719028621,22.809104425569807,23.062955592931914,2,1.17300895556105,0.27111750553505,0.587927183588789,1.13076055773045,False
P54289,16,Voltage-dependent calcium channel subunit alpha-2/delta-1;Voltage-dependent calcium channel subunit alpha-2-1;Voltage-dependent calcium channel subunit delta-1,CACNA2D1,22.925482663458688,22.84687168682841,21.6944908589025,22.329380813880004,19.945728645016317,22.667592927759003,21.859010971960743,23.040068222272392,21.11801185968086,23.006073693243255,20.296888861295706,21.941250043968733,23.01326126317642,23.7962169347095,23.587959036212567,20.00915356614755,22.960300225790842,22.897523800178284,22.436922297332593,22.382873243083278,1,1.19270030353735,0.711308257081037,0.788733295532262,0.375240040871646,False
P54577,8,"Tyrosine--tRNA ligase, cytoplasmic;Tyrosine--tRNA ligase, cytoplasmic, N-terminally processed",YARS,19.374906199019595,21.15598279614128,20.41965080076883,21.494540496880003,20.368650394492462,21.838614105994324,22.333300749068705,20.971404521543683,22.774411234896963,21.88354617645972,22.619701470872158,22.70871601624962,23.49903839312005,22.16714550603928,21.281225889478865,17.166669967961305,21.968226287424045,23.625329463867853,21.44588329643099,21.082172159414544,7,1.72601722912536,0.393705012217464,0.659915516841869,0.871116180799727,False
P54578,16,Ubiquitin carboxyl-terminal hydrolase 14,USP14,24.820102895188036,25.26751204907537,24.79760982303169,23.8461311400563,24.439674160648188,24.16934154509242,24.916315200086665,24.40546609272353,24.446674263194573,24.65827513931353,24.549375651069422,24.888172509838842,24.096746765374085,25.38580521273859,24.12811475788699,24.939801507213293,24.703285636870685,24.947498262104617,24.274632579916204,24.75795473839193,0,1.08968870321152,0.664980738881359,0.76714524248479,0.439336147386778,False
P54652,15,Heat shock-related 70 kDa protein 2,HSPA2,22.43229232033974,19.28697125776442,21.469223714219897,20.920466274464456,21.358302849177512,18.75295646744883,20.902063105447752,21.809935911345402,22.438254439720424,21.484805379637297,22.187581988234836,19.67070579051403,20.424004128558078,21.971982629460918,21.65452662159699,20.951031583879193,21.17223751757565,20.471973420367625,21.204444412179793,22.188355336728886,6,0.941733258221781,0.827594426887726,0.818187832819081,0.220568489579485,False
P54709,4,Sodium/potassium-transporting ATPase subunit beta-3,ATP1B3,22.533107977829115,20.402373253009316,20.125210451134624,20.998888947262525,20.81708954315411,19.932632322175653,21.465999696846463,21.473199759485336,20.71124169415694,20.62770191710468,20.55499577363111,20.285511859222943,21.23595072505427,22.403167148244474,23.047402909628445,21.345809149062873,22.044697457940256,21.85914002011886,22.63495213463521,20.30832443664464,11,1.70901890347351,0.120956833176262,0.468593977449557,1.61743971142,False
P54725,13,UV excision repair protein RAD23 homolog A,RAD23A,25.108396048084064,25.18591974174399,25.076501825361955,25.166103802144043,23.454667445935684,24.865331205645493,24.334475146178423,24.91000081438148,24.70890394424126,24.592028227091586,23.753295405779316,24.82525818100632,23.75601364269727,24.55615562434137,24.66141500445405,24.482790221765757,24.766035752546603,23.988091382415078,24.05342511632022,24.84264491096214,0,0.767958595832928,0.127517105236195,0.476445128823285,-1.58783585549904,False
P54727,15,UV excision repair protein RAD23 homolog B,RAD23B,26.170292483636057,26.497383285201476,26.474402695841988,26.76719974451863,26.489946897902712,26.55088900928823,25.89368899733702,26.257145815501556,26.416048115631703,26.034324235765656,26.04681655101264,26.00416013559195,26.174505681193192,26.055994418029098,26.614340691469422,26.33359441905675,26.351376083136547,26.37092176024083,26.870184491304173,26.216869657134687,0,0.966716940933921,0.708362661482265,0.787615499104467,-0.379265156265713,False
P54819,10,"Adenylate kinase 2, mitochondrial;Adenylate kinase 2, mitochondrial, N-terminally processed",AK2,23.06022713720535,23.243008197106747,24.61722589357561,25.098477280017264,24.076648032888126,23.9761093702452,24.021923337523404,23.49894090153423,24.127509581299737,23.98990702122455,23.81296119155494,23.43816430957727,21.974628339668634,24.18421825297839,23.652477747321385,23.04642237701279,23.769349508023414,23.93537106802397,24.05270123978694,22.739801977219493,0,0.723448506341777,0.108007493932428,0.447941514468753,-1.68007931209786,False
P54920,12,Alpha-soluble NSF attachment protein,NAPA,23.158731853109128,24.008390282333753,21.701838116866984,21.771135624870343,22.5353343039795,22.443218819773122,22.760456295825307,21.444431985049665,23.487074737960306,21.597775234330566,20.462646017754786,22.404188790489954,21.35897710704994,23.581861790952665,23.197054033578613,22.876468444405045,23.565170265663827,21.409429128350464,21.540664129926817,23.05546887970053,0,0.940248013910217,0.744611150932705,0.798823546685696,-0.330151608362509,False
P55010,4,Eukaryotic translation initiation factor 5,EIF5,21.263728160303284,22.75647485522951,21.95504025745952,22.77827583354399,23.085031501814196,21.3808983341078,22.376202446831634,22.491479477203104,22.22949340298284,23.241453625321576,23.047621734907793,21.92273695093733,21.862462834603413,21.694015368184264,21.193313768045506,22.435734995925934,22.825781047055624,21.55102803706376,20.674629012929042,22.352000885607477,3,0.779283563780948,0.255244095359894,0.587851806731667,-1.17021066397945,False
P55036,7,26S proteasome non-ATPase regulatory subunit 4,PSMD4,22.68595172333193,21.612834043131006,23.19640871910492,22.107165435316396,22.661405062320394,22.841863729705697,21.656966499634283,21.169596657795815,22.273468160462844,21.52413985926606,22.16079032129854,22.77599809952248,18.990460430951906,23.6802564807299,20.233469988387572,22.968346510060417,22.207013257042348,22.269931612382138,20.552663980702576,22.640750037042856,0,1.07137286021794,0.5141690578878,0.721090302628091,-0.663787880817732,False
P55058,3,Phospholipid transfer protein,PLTP,21.59664197263868,21.61060232858336,20.514079295662263,21.583957914625007,21.7549599762316,21.805160943689184,21.860419069459095,20.953886626142168,20.03896913194795,21.876587936036003,20.656640373276073,21.21431593065791,20.157960357708767,21.23744061437912,22.198334203406215,21.268728280278093,17.98120253614735,21.8948549563576,22.933450458575184,21.91167302853636,8,1.05558480503145,0.660282724451565,0.764709149984281,-0.44593738359347,False
P55060,15,Exportin-2,CSE1L,25.518362631875313,22.06721947920484,25.625562697031892,25.911246921041613,25.523759243372638,25.077849545078422,24.217593608716765,24.920893079821315,24.303196669184086,25.556722266020124,26.40654278202397,23.54575337133371,25.336963673067622,25.146734070788405,23.2265185917448,24.181838792293437,25.45029409688,24.859978581612296,24.606201673405273,25.134095148473037,2,0.946510053300477,0.855916014810424,0.821068367518388,-0.183860777207821,False
P55072,44,Transitional endoplasmic reticulum ATPase,VCP,29.256483918933164,28.92273853121281,29.242627903720933,28.535431096814683,28.69547829638045,29.15291965404296,29.462372566660406,28.801102794204283,28.732035921438715,28.995309382289207,29.045969199630655,29.12506991649886,28.902346313534345,29.56757245314909,29.1468052814834,29.209595305443983,29.082938001893314,29.20557770734434,28.92013086470854,28.878540713332598,0,1.0706929773143,0.324727064802742,0.619186017833498,1.00883852188737,False
P55083,2,Microfibril-associated glycoprotein 4,MFAP4,23.737928261371543,23.29363234931679,22.685838503254637,23.624165262492117,22.792748824952913,24.701602208427595,23.67849841716622,24.42224153706623,23.456620268240126,21.858908427752066,22.72330965455645,25.064878896962732,23.521647624751314,24.444262648876244,23.86762672810789,24.291820945474406,23.100307104467156,23.348170171288967,24.45272212472195,22.44514755003784,1,1.15621791222287,0.422911206407058,0.673310065329544,0.817613611532801,False
P55084,19,"Trifunctional enzyme subunit beta, mitochondrial;3-ketoacyl-CoA thiolase",HADHB,25.303644541198214,25.815634481327848,26.46251719946058,26.114568329032025,25.425400867713314,25.346904723330148,26.17077713196015,25.77309326197482,25.95556196311667,25.57498801702724,25.40964519123264,25.243678091491073,25.202292312966932,26.038929826449934,25.962651664019795,25.560621437839455,25.90045647229363,25.597516438975887,25.163758812187474,25.935284246186846,0,0.872433002918662,0.301908481535571,0.611114865961753,-1.05882307463801,False
P55196,7,Afadin,MLLT4,22.90090874326318,20.1943243637122,22.779825811999316,23.527927122012233,23.382580242608537,20.89081620342595,25.066335905113572,23.645759979202246,22.764285634527774,20.279548464522353,20.43534855720613,21.185816923244985,22.41386050843967,22.968830055585766,23.15459326175947,23.668623424174005,20.198255458438798,24.266752657094766,21.28725849127323,20.87637937205878,1,0.67573970388318,0.456994835855735,0.69086707470759,-0.758033436123057,False
P55209,5,Nucleosome assembly protein 1-like 1,NAP1L1,24.06847894882776,21.45465689375775,24.23792703710201,23.642395023055638,23.777117013363267,24.817661653992843,24.184882212295523,23.81792165061929,24.138094913416367,22.89243041266871,24.28983538886866,24.70454515052544,24.485830384473946,23.8936913878922,23.555219289389125,23.993023546308763,24.541742748301765,21.8228163307327,23.067999380929155,24.83312366799062,0,1.14545633678111,0.588419948535974,0.743447109981051,0.549701913292392,False
P55263,11,Adenosine kinase,ADK,25.14361383030867,24.016322849392534,25.031084695817338,23.107788823855078,22.649658578389364,24.366008601962168,24.518673769549707,22.998283745344093,24.829266966005697,23.11217277642558,24.1510502551652,22.905475555520002,24.082190222645647,24.66739516306052,24.3825683519883,24.458978309527154,24.20520496229968,24.3672409352584,23.441275859750224,23.840042400019893,0,0.94835465132963,0.834117017159095,0.819265653095417,0.212088822280263,False
P55268,45,Laminin subunit beta-2,LAMB2,26.2285710918597,26.495686699686814,25.645530689029172,25.71941141994451,25.874356986499777,25.555346787098635,26.587139414252878,25.74892621862711,26.598146111511614,25.1085667131844,25.671440771279908,26.057415310626705,25.909199226834236,25.658978391764318,24.9752590028026,24.359436874276742,26.767190832363823,26.00130291238141,26.180422402507748,25.329371324123365,0,0.844582442972627,0.331751420323654,0.621344828365596,-0.993950082838706,False
P55290,5,Cadherin-13,CDH13,24.79676155792977,25.392247516458987,21.417865424418764,20.399517046603986,22.37514795925577,23.256484400470793,23.793613302349605,22.41607103927071,22.673524052065307,24.07415722695188,21.190676316478744,23.826746544700296,23.737726860343464,24.790769970960707,24.59707736921976,24.059395743999794,22.876224910739747,22.972436886253366,22.563746880216915,23.838882124052116,0,1.01616243683841,0.501802978531627,0.713482138287474,0.683638092101619,False
P55735,7,Protein SEC13 homolog,SEC13,24.29204307566401,23.88519477121295,24.531886950903797,23.690090804411255,24.45501687576447,24.52880004709753,24.74912560005404,23.87699877807788,24.978698599584884,24.308029853341782,22.924424260823965,23.952664767882776,23.89480927500928,24.138619935525988,24.8419246801473,23.504819554349986,23.88194794271759,23.529187354816063,23.500251359631758,23.748816307674204,0,0.717752254780875,0.0239675813183053,0.254874875783166,-2.43677450528418,False
P55769,2,"NHP2-like protein 1;NHP2-like protein 1, N-terminally processed",NHP2L1,19.996698069186685,20.59961758905644,21.80040126312904,21.57296899986948,22.026785951814567,21.96519031723959,21.19321982802839,20.408562523022653,21.2729605505444,21.838101973428724,19.81558141215555,19.807303432688325,20.491275747307714,21.770954353866124,22.010114177237767,20.780604076804984,20.248068443840694,20.243161093595777,21.49604749945602,20.44578469035047,6,0.706076467302711,0.138835290088383,0.487227709966479,-1.53962370093176,False
P55786,30,Puromycin-sensitive aminopeptidase,NPEPPS,25.78690015063851,25.033997220813585,24.959275647839252,26.396508109835228,25.01918245224213,24.506050379248958,25.887612504708045,25.275733130678663,25.82341116051765,25.758213967425025,25.302351577841563,25.584520746169147,24.76761481580512,26.158549400372234,26.420687730197187,25.43739185566811,25.627525475969435,25.819462192220712,25.90506371884556,25.389123466471805,0,1.11336639144443,0.425064451062463,0.674669112819751,0.813763313828708,False
P55795,5,Heterogeneous nuclear ribonucleoprotein H2,HNRNPH2,22.056564799778897,21.08481700824203,21.241345990407865,20.79134326143559,22.621103622454932,20.824460513379385,22.274098058802863,20.30984689503248,22.63022261041659,23.018982670512475,21.126034579348577,21.772857418139715,21.9636229265994,23.660092137288984,23.533885190602973,22.55824766813154,22.26320537974593,22.150850809471883,21.629458081162692,22.19229424764306,3,1.33922515112804,0.15156455531086999,0.504888783732783,1.48913894984352,False
P55809,13,"Succinyl-CoA:3-ketoacid coenzyme A transferase 1, mitochondrial",OXCT1,25.36824200137923,24.223405337815706,25.36722834315603,25.594659837162844,23.900378972854767,25.733344709145037,24.607203540001144,24.056656812991033,25.60373393641586,23.689726662761178,23.235962342919024,24.83306451951691,23.665761805438013,23.09101083371191,24.65607641826849,24.302964995578094,23.423619482207076,24.205583533507546,23.430657117637818,24.882299621978095,0,0.541371454259399,0.0195703865359589,0.236659049950114,-2.53118093307594,False
P55884,10,Eukaryotic translation initiation factor 3 subunit B,EIF3B,23.112716862189544,23.772316160854686,19.97801205227605,22.70193886350886,20.77190346220268,22.86542794374168,23.286324242534402,22.190465692666763,23.033413253005204,23.797118262741634,22.086064206477314,22.522805223825323,23.23951221238428,23.8084074847281,24.357275206690467,22.270326211004175,22.74687692569215,21.85926640416,21.444542675795716,22.85719012379556,0,0.862926119633248,0.703103411167159,0.785121265036417,0.386467840112348,False
P55899,5,IgG receptor FcRn large subunit p51,FCGRT,22.117527689827355,23.533613271683876,20.73487771844225,22.591309132861976,22.13610048091297,23.527892123354636,22.84907237301932,22.021478416929135,21.33384963727383,22.86704035793987,22.15479774326074,22.27135684395109,22.245546429758186,21.558988789461946,22.29644884056818,22.305020349184964,21.067308651261683,22.45339916064771,22.518206787502358,20.697299083615018,3,0.702183594341737,0.266225173510496,0.587927183588789,-1.14273283202172,False
P55957,2,BH3-interacting domain death agonist;BH3-interacting domain death agonist p15;BH3-interacting domain death agonist p13;BH3-interacting domain death agonist p11,BID,19.605156311094397,19.81237703517919,19.552166107280264,19.230826570736852,19.6988627373494,20.01556305533938,19.304980364473373,19.781782808136796,19.449770524426135,19.736485511089658,19.59079411098782,19.545909490303874,19.729050022615954,19.113428287985553,19.654816537573875,19.699544884109795,19.65773187706965,19.383919473861727,19.38482495199187,19.118783760608796,12,0.910270738553039,0.484347032119664,0.70563943339286,-0.712139134031521,False
P56134,3,"ATP synthase subunit f, mitochondrial",ATP5J2,22.02972102818949,22.75439115308638,22.467792954851248,20.785342285688053,21.462486963797282,21.475030324048504,22.189052238261638,22.59637959929062,21.923019310631158,21.10406634148452,21.534668939692196,21.481608492758944,21.411325254277394,22.547742576630032,20.02964652053731,21.64890692580325,22.5694241499751,22.272674097806043,20.064702117106954,20.6614710651005,3,0.791617592131806,0.245698652435528,0.58311339070537,-1.19482234864794,False
P56192,7,"Methionine--tRNA ligase, cytoplasmic",MARS,22.242906074788063,19.748429272862705,20.609095296836596,21.448047384500647,20.94951753778283,21.297183785864835,21.622999639621188,20.17699437729782,20.642109478378142,21.925659716456657,18.75493011048295,21.16615767686561,22.5918139901603,19.611960033419656,21.006475020784304,20.83549305539831,21.474613668713626,21.91696427250818,18.558662262305006,19.67865214193984,9,0.859491282600617,0.316962982790461,0.615712669870206,-1.02555921151775,False
P56199,8,Integrin alpha-1,ITGA1,20.18207629507166,20.461700175849533,18.6594466355265,21.536752369045143,20.729724283733162,22.25401689830837,20.62210611629649,18.820638924437535,21.948087182183674,20.84883348840647,19.98511072529237,19.87332315843219,22.646406260375976,21.384918108222546,21.789749887489652,19.95433155257732,21.57159122672358,20.368747153036495,19.242282512299997,21.618572844768778,2,1.43216623401109,0.635283513138719,0.7585186811081,0.481414868463094,False
P56385,2,"ATP synthase subunit e, mitochondrial",ATP5I,22.865106674228553,23.229969628999005,22.510993542772617,23.635658648202067,21.94102388577559,22.714674479676393,22.668577460071702,22.896867523121095,22.950625244819108,22.156698517766724,20.72776568296433,22.803005803575196,21.64511806979275,22.87546867155507,23.56395188132756,22.621188840304047,22.64757401939647,22.294521070394715,22.1926847295878,22.65465060405465,0,0.830735665305012,0.275404314390164,0.592304662705395,-1.12040008647933,False
P56537,6,Eukaryotic translation initiation factor 6,EIF6,23.09273928590968,23.09266888092076,23.355225833050156,21.960293895522135,23.587082369134887,23.612260480064855,23.27010653648949,23.27953282218332,23.68531726259765,23.305970654639584,23.64383080626279,22.79061053295764,21.62556266051423,21.96374028695927,23.685454004367745,21.910418111308804,21.47862045426385,23.026486509831162,23.28172425332496,21.946771470895577,1,0.702309755121772,0.0420898373010206,0.314522477872934,-2.1669359184825,False
P57737,4,Coronin-7,CORO7,20.948971961353237,21.984889925762467,20.345497574701934,20.89150533380942,21.026657961276932,20.89304202454136,21.58708788422183,19.29483395924673,22.799953368121788,21.875697395059866,20.56647113969361,20.85203040379818,20.61875990649049,20.89621079570755,20.55450862277905,19.350762921844172,19.64371673046382,20.219395244035535,21.41186133223194,21.609152765605774,9,0.609274645614607,0.146350274759741,0.499252044426215,-1.50938099520754,False
P58546,4,Myotrophin,MTPN,24.259854746309976,25.653483086754843,25.190950114879357,25.22409367631234,25.523089117654834,25.216270456169198,24.871492051690684,24.585507978467415,25.284641431680363,25.399559482495388,25.002433845963363,25.390619268001657,24.26615931157114,24.510522255733804,25.418557836010603,24.956281519370183,25.255831557192437,24.907193281711024,25.43198695542207,24.530998544993114,0,0.900023653756597,0.467955948813954,0.692511158929459,-0.739451048371362,False
P59666,2,Neutrophil defensin 3;HP 3-56;Neutrophil defensin 2;Neutrophil defensin 1;HP 1-56;Neutrophil defensin 2,DEFA3;DEFA1,21.912756354553608,24.329620795218883,22.11339449213166,21.34951639417727,23.094063518602226,22.97929427735892,23.855874402067794,22.41043587738108,23.651693394306214,23.920109117313395,24.986959019793662,24.31880114982261,25.117512298616045,23.77495311495928,24.07280826753456,23.587304099076952,24.762897982169044,21.50543695009063,25.875631465080886,22.52170784056486,3,2.40704940717966,0.0305410231421014,0.27325797600272,2.32211119782632,False
P59768,4,Guanine nucleotide-binding protein G(I)/G(S)/G(O) subunit gamma-2,GNG2,24.689020512505994,24.925493481448875,24.842770232993978,25.318951238453877,25.09818988453399,24.67311729691368,25.321165055386174,25.144758370315515,25.325648530110396,24.5948134318678,24.51563302814525,24.92776276696431,25.374623432612083,26.122077104208127,25.087245268234216,25.35699536060827,25.487144491921054,24.644164125002103,24.807338905647768,25.546621382327913,0,1.18359727716409,0.343432202067587,0.62953495777516,0.969668683396861,False
P59998,3,Actin-related protein 2/3 complex subunit 4,ARPC4,22.22847993427276,22.025492637052114,23.065877107974682,24.020358151303068,22.043251633910593,24.152927532629498,22.185173149228444,22.99034200896706,22.224019532722835,22.996615687613325,22.656788927109396,21.946203760118436,22.30598935104627,23.16956026129708,24.8335735030859,22.82382928173809,22.67044106924616,22.920031953092316,23.00733614278723,22.32485890914532,1,1.08191167013768,0.843810669135966,0.819283344390874,0.199515841172158,False
P60033,3,CD81 antigen,CD81,25.222245736991635,26.327394398496427,25.842951644084344,26.177945972697522,25.60788361732634,26.413775285342265,25.527815824565245,26.004984949325546,26.01773640036688,26.14618294384976,25.477023139461096,24.893308926878053,25.86290668215276,26.674730162299706,26.473750342902033,25.551401721709613,25.85126706288025,24.974761654897282,26.56931001831514,25.502904762037904,0,0.938686763436376,0.541904845633033,0.729692264899217,-0.620208177119723,False
P60174,15,Triosephosphate isomerase,TPI1,29.805334764650045,29.850933824699034,29.889203150122587,29.99047747418477,29.75608876335379,29.653203902021158,29.690530784244483,30.11289570928127,29.83672580545299,29.78498862104956,29.405197367462407,29.892425196488052,29.606387655889915,29.839494194452673,29.778609682244717,29.820405886439932,29.82931960941857,29.788579388600475,29.743029186127,29.554473180912495,0,0.929198088050035,0.250822945116041,0.583149616570681,-1.18152267060405,False
P60468,3,Protein transport protein Sec61 subunit beta,SEC61B,19.80287167725385,21.5300936119072,21.624658375943962,22.025258837405755,22.093292651806866,23.033443373816397,20.767743657163923,21.968364195279698,21.263920779382147,21.43944196232416,21.851546303316727,21.98528907508572,21.313617253508518,20.1168784533302,21.97251915812856,20.919084238565212,20.912923954179917,20.785129960952247,22.27260704864582,20.953366227377845,0,0.85817262709209,0.510565810978784,0.718858449781335,-0.669543859358915,False
P60660,9,Myosin light polypeptide 6,MYL6,26.950112017849186,27.312604293552926,26.781082362515967,27.451529532893762,27.199281819128718,27.229127820561228,27.031265298093654,27.486520029522985,27.433804075138028,27.146868838243034,26.314955272165655,27.30901734414351,27.301595514805772,26.977854157340804,27.780136924674377,26.663246858680793,27.273182814378686,26.850161267516455,27.39937898739287,26.864613249542955,0,0.952980459468542,0.440335942906098,0.683685726064029,-0.786798861649772,False
P60709,22,"Actin, cytoplasmic 1;Actin, cytoplasmic 1, N-terminally processed",ACTB,28.515136798909325,27.938340813735902,28.475608413504215,28.425449786823314,28.31656058402884,28.47063106880182,28.529143934076448,28.227498492099915,28.232329399424604,28.8491915505416,28.401576845311144,27.75299390701696,28.554614562860404,28.11325209056415,28.794871593683563,28.189933036547533,28.264441945735314,28.16601859419751,28.278532491496712,28.080684883516305,0,0.917801982355811,0.305599049246389,0.613761111131612,-1.05056138207101,False
P60842,10,Eukaryotic initiation factor 4A-I,EIF4A1,24.476383720298376,24.69757504307686,24.71404813485131,24.498419503132013,24.548896123729023,23.679454747162445,25.14832270399669,24.690997610213913,24.277433056555306,25.338396018996036,24.768037939451073,25.04116920152135,23.91019661428158,26.030361320543022,24.910649970294777,24.96395688335968,24.945024111009307,25.019390499928548,24.647971066310866,24.884790873646526,1,1.19648567021213,0.20519280327854,0.545341526457681,1.30816133099814,False
P60866,3,40S ribosomal protein S20,RPS20,24.160460035905803,22.836812884776126,23.505081396425116,22.88728842056478,21.763724381403282,24.162245717324527,23.22458249136955,22.63419748305829,22.28753450693483,23.89218570948851,22.252931648920917,23.001843531305095,23.772229074180043,23.940047789746387,23.864474328226873,23.64895555088867,23.056185727594976,23.30247219776087,22.473736981371182,23.30279712566301,0,1.03289250343549,0.703342654786494,0.785121265036417,0.386139739010452,False
P60891,4,Ribose-phosphate pyrophosphokinase 1;Ribose-phosphate pyrophosphokinase 2;Ribose-phosphate pyrophosphokinase 3,PRPS1;PRPS2;PRPS1L1,21.558903174901786,23.654583889693072,18.715644510188564,20.30784648842804,23.64629917487889,22.125477437123465,22.350397525093896,20.723741790368546,20.987062645080467,21.486032901940426,19.45039175407085,21.734494464411796,19.86882182216311,22.8587205997596,22.47124988721591,21.54400351036908,20.93094061350824,21.52772435278003,20.03876645129747,22.55280853814999,4,0.733365160574195,0.669992724444416,0.768717634402391,-0.432315594635946,False
P60900,9,Proteasome subunit alpha type-6,PSMA6,24.912849153414516,25.05885985993045,25.02509370406594,25.253498968951355,25.094906181553604,25.1964051377634,24.72033355507546,25.140654119983765,24.25754361109821,24.90539995346073,24.928949016914924,24.82543065759337,24.900271588932895,24.92970099984249,25.014287207952155,25.0844149952222,25.291632326801537,24.92543228770397,25.140974375287758,25.281056976754638,0,1.04594522674636,0.596268077058287,0.747184243702463,0.538088689453407,False
P60903,4,Protein S100-A10,S100A10,28.644267449526453,28.2145248111815,27.598553326287476,28.35644459884429,27.269547196920136,27.18711509406718,28.156543874978283,28.437809003654305,28.03592029582616,28.02781004366504,27.571940787345067,28.378392499962924,25.516483089360516,29.226744839780554,28.59099516767636,27.745987207436567,28.023773184391036,27.49380430629976,27.98050084181603,28.278629914750855,0,1.01736040674734,0.739437844592101,0.798823546685696,-0.337107567930377,False
P60953,5,Cell division control protein 42 homolog,CDC42,25.244850085440095,23.767480027034097,24.76592337805721,24.47948411166693,24.74395997278464,25.20471031042988,25.361257337684247,24.021942490528215,24.28127806614941,25.68945624350775,24.759437316309032,24.82154555710561,24.087382785847062,24.067825444692293,25.40301347361111,25.221314828453245,24.25344403952033,23.925574097656927,24.10470226044619,24.07722247817187,0,0.810277617016366,0.289914869504957,0.603321843609166,-1.08618206280566,False
P60981,9,Destrin,DSTN,25.475768832567617,24.942559715212827,25.116654886328643,24.84803497168128,25.381084087264572,25.87837180348561,25.424219521649658,24.995353702393793,24.36760658869799,25.607889981597257,25.326019288373285,24.2562037600871,24.01168313047267,25.98011894531527,25.06119108710438,24.32343712833923,24.52170186333746,24.577016731238555,25.56041136113564,25.14331002253246,0,0.828768350036948,0.208947476856513,0.549332366009054,-1.29696425425333,False
P60983,6,Glia maturation factor beta,GMFB,24.48792666990905,23.347960051998392,25.229667106117844,22.416121231438318,25.37721017997487,23.286812778376802,24.808357715376857,24.215304053456453,24.573887661237993,24.52501911307404,25.03902619689778,24.315435034238444,24.91010050825986,24.745620875726043,24.924116854380696,25.440688433072772,24.4711112268975,24.69695525628268,24.88025546844646,23.894793002719684,0,1.2655388016357,0.136634914296844,0.486433579823015,1.54873434099943,False
P61019,8,Ras-related protein Rab-2A,RAB2A,25.09163792642189,25.30520738596821,24.950403319962728,24.686818461391308,24.815871152358444,24.869231157123348,24.74860041844784,24.746810760911327,25.201156054612728,24.859098235600488,25.1337799294324,25.01229497174133,24.445382150487884,25.45448983505681,24.77968501386396,25.44099537547883,25.38397192998074,25.515344467042294,24.712588487335417,24.197773260151894,0,1.09398784790354,0.670969055172257,0.768717634402391,0.430950580318612,False
P61020,5,Ras-related protein Rab-5B,RAB5B,21.2682228093396,21.663120068256614,22.422794087671186,19.904326074574115,19.737604738396783,19.2208520165663,22.863499287222794,21.3977158996658,14.64055511446141,22.540142025041277,19.503362826771827,21.528577658877488,21.98990998293097,21.70404996072866,22.15426266588485,22.056968522775556,21.544138945182276,23.010097283310564,22.672406750418233,21.92985502878784,8,1.39236189600245,0.119883677909011,0.468473175942793,1.62240996490856,False
P61026,5,Ras-related protein Rab-10,RAB10,21.54342397596865,23.016046501011726,22.204967826090304,22.537546541090208,20.45963237693025,19.12042991831348,22.925969550051178,22.573106700830664,22.781797073740425,22.039362449904452,21.37405894272809,22.843180870409455,20.520248322663363,23.268905729685653,23.61086320700947,21.40824409068271,21.351544951626686,22.762603102301213,23.451461049048042,22.964355407088323,0,1.35525020445391,0.411498339251598,0.668891502267805,0.838230838487571,False
P62837,2,Ubiquitin-conjugating enzyme E2 D2;Ubiquitin-conjugating enzyme E2 D3,UBE2D2;UBE2D3,23.280030140335356,23.301986369747365,23.399276854956348,23.406490691698497,23.887356729571827,23.740169675662255,23.874706612429012,23.858266618511568,23.353357133756134,22.621444734561393,23.480336934924072,23.33526062372812,22.907249457630453,22.719807829156988,23.588301878720042,23.894777556359283,23.617714158465816,22.971294098277138,22.63892761833706,22.73543930410938,0,0.828429608239628,0.232616881106683,0.574247841406147,-1.22975100462663,False
P61081,4,NEDD8-conjugating enzyme Ubc12,UBE2M,21.399779022170954,20.334785664741215,21.573233706985615,21.115944378207967,22.400141693037472,21.688630892220548,21.90847734538119,21.371456629104987,21.02197412583177,22.360182962073388,23.44725324423651,20.626103402479057,21.854034238127422,21.538390613444037,22.122289882861914,21.686934970964302,22.737701268781414,22.989602727551805,20.93622261031515,19.710772314067583,4,1.37757654795237,0.561841185114373,0.732675882289056,0.589620395698412,False
P61086,4,Ubiquitin-conjugating enzyme E2 K,UBE2K,21.30619072510897,22.041532015751798,22.198948261131996,21.5942436000616,19.95934086542849,22.030226413255395,21.901224921862188,21.622811968214048,22.14959474308126,22.24584588484905,21.553205879113175,22.51049628819344,21.853552890341845,23.04266616709795,20.276347841930626,21.80328674718265,21.831506224249047,20.96388782847887,20.55286124023105,21.235278562756328,3,0.845170049765849,0.686028220753675,0.77472505509616,-0.409999711759387,False
P61088,6,Ubiquitin-conjugating enzyme E2 N;Putative ubiquitin-conjugating enzyme E2 N-like,UBE2N;UBE2NL,25.148292080453995,25.709130744516656,25.42339902750042,24.711643966403543,25.08867898079433,24.5105033114267,25.310847058483343,24.889799524089316,24.76583016350748,25.39328423483596,25.23691154202737,24.244891121614945,25.008444779545652,26.22347845000347,24.331262721112257,25.350039096948983,25.312172666685427,25.484324219964805,24.817710873100367,25.291622264930254,0,1.09631962121957,0.877682821891122,0.825812662811676,0.155826638705315,False
P61106,10,Ras-related protein Rab-14,RAB14,23.783435508885947,25.319088348071507,24.372253080308823,24.2194816060055,24.279598003754526,25.25290099856461,25.260450472956666,24.277315676457388,24.17176649168216,24.744524751483812,24.38069339452376,24.615018135064965,24.215601131277626,25.51204765115061,23.596259768626698,23.849534751410026,25.165962469935224,24.462635419920844,23.739301078227385,23.369084517031798,0,0.837944404822552,0.325414560783621,0.619186017833498,-1.00737148781887,False
P61158,17,Actin-related protein 3,ACTR3,26.069473520721683,25.494631277266123,25.43607806296372,26.09757492095414,25.692231779082476,26.38091810853349,25.91928470907216,26.413410122974533,25.85550921767057,26.742250570042664,26.32604984753982,26.05944372262713,26.390038774893174,26.495065648777253,26.77208686464557,25.272573731358875,25.957365554493457,26.076777483445234,26.331431294683334,25.88315362719675,0,1.08100675330089,0.383333456757112,0.654241179953822,0.890731418275429,False
P61160,10,Actin-related protein 2,ACTR2,25.638881968946095,25.552858413334235,23.804420635382943,25.30435629095396,25.27197644837241,25.28393896706682,25.048194756248368,24.944090856196112,25.204847045906707,25.135079021494136,25.23970379495056,25.121748998259214,25.33281415431702,25.852837344538578,25.65088680232415,25.537575149987145,25.484801165604203,25.47511490130313,25.33761518912189,25.3192277984506,0,1.20565205111228,0.119176844551518,0.468473175942793,1.62570409170318,False
P61163,12,Alpha-centractin,ACTR1A,25.837338935086503,25.60887095435518,25.621776892037257,25.550540012869188,25.744421113108533,25.520965019598968,26.46617103566642,25.346183900608697,25.696901763577387,25.744060382391744,25.449774041262444,25.90364074268544,25.596347562694568,26.490902764032317,26.031589805198077,25.765525198152194,25.7721296436513,26.07911234037313,25.37927285118819,26.064880688121427,0,1.0891223187713,0.407032134551095,0.667230055411307,0.846397909263305,False
P61201,8,COP9 signalosome complex subunit 2,COPS2,20.382037689527806,22.14906425227084,21.38227040453118,22.218696496671328,21.496261772904788,20.87811648444009,22.80532187013881,22.21000320190054,21.856964749709388,22.58423132837398,23.298138683230427,20.312300871470462,23.109118708196203,22.694245504447625,22.948124663556392,21.41513604702073,21.97948559149896,22.312731571710913,21.63793098029291,22.310337221720747,1,1.18203412656041,0.29192416375119,0.605169374727376,1.08154250756402,False
P84077,8,ADP-ribosylation factor 1;ADP-ribosylation factor 3,ARF1;ARF3,24.995555041422676,25.409626700106895,26.146389694188674,25.98408226663354,26.233325871738135,26.364267519258373,25.342751655920264,25.401546552799037,25.994409692756737,25.69596665496723,25.776595316899026,25.587310936080815,25.51682780777935,25.784285322602507,25.528192804611752,25.82923175577809,25.75601172768256,25.641217036812222,25.485590344134316,25.451198821954527,0,0.884518019119635,0.491953119810067,0.709261894965122,-0.699648861720758,False
P61224,10,Ras-related protein Rap-1b;Ras-related protein Rap-1b-like protein,RAP1B,27.315826617292945,27.050374839552873,26.8812754378676,26.557932603440687,26.122672478842286,26.923299204870702,26.818153539960015,26.851530480058518,26.549921875829256,26.477332174046452,26.027920098006412,26.70429573422403,26.184412593967895,26.968884117059698,26.036806548984096,26.517695335966483,26.676254968085107,26.247098899967597,26.419447385556037,26.3696672048983,0,0.791286937837772,0.048198194877108,0.332092812787646,-2.10002589130127,False
P61225,6,Ras-related protein Rap-2b;Ras-related protein Rap-2c;Ras-related protein Rap-2a,RAP2B;RAP2C;RAP2A,19.419488667288768,23.333595969302706,21.407152095881777,21.821778049759125,23.495791515862646,22.413178931886755,21.7330156895436,21.887596597654397,21.84737057410863,22.705701810382333,21.557005901739668,22.10806871447935,21.117468636739183,20.288075628228302,23.431426103790344,21.843350566932116,21.199322213565992,20.904886864018255,22.169269345975994,21.276158689003786,3,0.696124205756865,0.373728352592491,0.650564800765487,-0.909210842672589,False
P61247,9,40S ribosomal protein S3a,RPS3A,22.886858043086022,22.09998817790918,22.389491832044076,23.094919333788337,22.507421387210034,23.0087827218183,22.455126349569767,21.499031415352334,23.07858870370487,23.329464407093276,22.901381075738552,21.260854081999394,22.551662494728042,24.306144480233968,21.46576461365714,21.690924447036515,22.32601444681237,22.530276024587607,23.50048517961289,22.045791824806766,2,0.950905060339788,0.631341710605504,0.7585186811081,-0.487065460933896,False
P61254,4,60S ribosomal protein L26;60S ribosomal protein L26-like 1,RPL26;RPL26L1,19.15692052207797,21.15549748103884,19.803336596851864,19.071258611659562,20.72411241413008,18.817672027706656,19.975968123549464,21.121445303750033,19.908164173101298,18.424303600969548,20.567411125093233,20.334323260126652,21.515318423938464,20.03092145434457,18.072374929234012,20.74809256476961,19.044016287530773,21.40326201719183,19.97527166621317,21.013279053712854,7,1.38268189097678,0.322885159250277,0.619186017833498,1.01277966133182,False
P61313,5,60S ribosomal protein L15,RPL15,19.379401992542316,22.81108834688564,21.062156119565877,21.212618881290602,18.14216431892313,19.323400710828633,20.897451908583058,21.294257299987887,20.59894330515775,22.217266527858367,22.308201651008595,21.0435933475747,21.235327789335127,19.669865933555815,22.046938150311707,19.825091203595743,20.125292323438483,21.533405386189806,21.18730383629686,21.90894402905689,3,1.07971602625155,0.460127443523827,0.69086707470759,0.752695690289817,False
P61353,2,60S ribosomal protein L27,RPL27,19.726204261026574,21.84219074198711,21.514422808029423,20.973469545640278,21.508711914677402,21.497244266670837,20.731003303500344,21.20454236067837,20.000402224691502,21.077461384960777,21.612249587069243,21.385350317189147,21.162319540432797,21.65166448201946,21.986307644145512,21.759672078593763,21.168387930890017,21.891199975939234,21.7530620033882,22.279915312903892,8,1.46595165712218,0.0335934418811328,0.278645428841576,2.27645886884734,False
P61457,4,Pterin-4-alpha-carbinolamine dehydratase,PCBD1,23.537280876427317,24.086851747573387,23.618658517078483,23.83622927117795,22.210962004446962,22.65006720018295,23.942671560370535,23.511048020836782,23.937561047088035,20.953857402858404,22.79616473164636,21.206561269878033,21.87498694786195,24.0641232853517,22.73350643587084,23.265938566141322,21.297255731298566,24.101346858345085,22.4473464613598,23.858232238831505,0,0.812139567080053,0.314788574792101,0.614238736937273,-1.03029355418121,False
P61586,9,Transforming protein RhoA,RHOA,26.19086123620995,26.350524013615154,26.21989114534715,26.21329607430444,25.963638694245162,26.18848203643144,26.21236391836336,26.134405153484423,26.255784053488515,26.15401579283686,26.04675645648906,26.159451087752082,25.92087716102574,26.34429176388262,26.11039932844067,26.065408225540672,26.2818294189211,26.07873705470086,26.040149141668714,26.108812165876046,0,0.951944373155294,0.501910805187404,0.713482138287474,-0.683463819450182,False
P61604,6,"10 kDa heat shock protein, mitochondrial",HSPE1,24.188150235081444,24.82177246958311,25.138356490086757,25.487867510191265,24.83514772466852,24.540078614985827,23.688899285098525,25.23765123186371,25.14452641970825,25.428292595636066,24.02601068131801,24.485028643492633,24.495012594726518,23.157899759083488,24.759167783245484,23.25708086349171,24.240646420907098,24.02989656445969,25.541031487909887,24.286310407416398,0,0.671005371110618,0.0440311747867469,0.322432542423785,-2.14476742892869,False
P61626,3,Lysozyme C,LYZ,20.809492130009673,20.887317640607986,21.51288912790131,21.237266514000595,20.81213132120469,22.300556531131587,19.812531316256678,20.305343712089574,21.608398963664907,21.43299100680454,22.571581640214504,20.066816766198162,20.471355186184525,21.183420604292035,20.74124373147054,21.42527045040033,20.416030297098164,19.58048884871586,22.445874311377633,20.966029224544734,5,1.09070464764419,0.83232904418171,0.819265653095417,-0.214411655772903,False
P61758,6,Prefoldin subunit 3,VBP1,20.275244719877456,21.591512840486512,19.905227410482183,19.87354722194669,22.40040220455941,22.093078437573695,20.559717222242522,21.479953782215354,20.99641260643438,20.04386045399043,20.882697244907053,22.453965517928967,20.329527484158582,21.907990609564273,20.6549714069983,18.866349001246192,22.344215931201713,20.922810399933336,21.212287951043997,21.756400875027804,7,1.17665682590842,0.646540307529495,0.760737113067147,0.465364779250274,False
P61764,9,Syntaxin-binding protein 1,STXBP1,20.184424683621476,22.468999967210564,21.082133031512633,21.460188501270604,22.170105269286502,20.802315587741216,22.147195887182665,19.903166368038644,21.294154700260286,21.810585439259675,20.642131009541767,20.127786289846693,21.45718052926498,21.725287361019713,22.599691501676418,21.81364571636113,22.323866718250443,22.029682970695113,20.48931846018576,21.303996296276402,4,1.09767041035285,0.763208999245953,0.806952469492155,0.305279459055653,False
P61769,4,Beta-2-microglobulin;Beta-2-microglobulin form pI 5.3,B2M,24.002762332866084,25.577093770608798,23.33452306749911,25.7142479028231,24.75122767093359,24.0605655349388,24.228023429719208,24.228048098671163,24.058854386864244,24.498710279054027,23.17235703738197,25.172251032567875,21.018121024757708,23.846391721538165,24.16752568785864,23.23179368493933,24.23208050917846,24.320507445623168,24.534522974554683,23.363394905291933,0,0.661061513295449,0.083562952335768,0.418710352294526,-1.81824157712822,False
P61803,2,Dolichyl-diphosphooligosaccharide--protein glycosyltransferase subunit DAD1,DAD1,21.53266788343172,21.68913521952935,21.611749663076075,21.01626650053643,22.117131266768258,20.873881452222044,22.013643621143054,21.525959085347356,21.400033705990644,21.966599242186074,21.30446869038311,21.58175568520635,21.630559520023617,21.410334819997868,22.11869465623604,22.10957002387067,21.544436381694343,21.490721249273385,21.363169481949896,21.724749661511343,1,1.01996000443861,0.823170250747335,0.817624247495614,0.226329539755003,False
P61916,4,Epididymal secretory protein E1,NPC2,23.94245087591064,22.836914192720123,21.04774189426278,23.168524863993316,21.391255707277917,23.141307124358107,22.826760660131757,22.077452882383202,23.73356956159539,24.112720909737455,23.161736786657215,22.607968003139163,23.649433562888515,23.823611274211878,23.53153257680097,22.978204677721237,22.342442586949403,22.0869801526408,23.303747963642074,22.557983218703068,3,0.905849815030181,0.624926112860537,0.757592051359005,0.496296941838234,False
P61923,3,Coatomer subunit zeta-1,COPZ1,22.198721126698633,21.670215240179026,22.72360459128982,20.154278538358476,22.4417046612849,22.007078239143436,22.33447549507694,21.802742928632032,22.340124115544963,22.607308176270607,22.935178277004773,23.1288330240206,23.07915027769266,22.675003617867866,23.193735689131277,22.592931444185457,22.70294624679964,22.444034105131834,22.761723678604522,22.607060614138568,2,1.54136202563834,0.0098457868231459,0.181482743058785,2.84300151009267,False
P61956,2,Small ubiquitin-related modifier 2;Small ubiquitin-related modifier 4;Small ubiquitin-related modifier 3,SUMO2;SUMO4;SUMO3,23.81256360772734,23.411687859148334,23.79213572107437,23.768137664363763,24.521093262815363,24.06676079624557,23.478077952878746,24.149661248596114,24.009459313309687,23.9415503134896,24.065554806700444,23.66772370651554,24.01391314946786,23.63196920186098,24.439545627907545,23.920582962967543,23.909084796310932,23.471463377802493,24.3704094446547,23.807274401326147,0,1.02602621295073,0.855625326708558,0.821068367518388,0.184236137266103,False
P61960,5,Ubiquitin-fold modifier 1,UFM1,24.58278183277889,24.78550040958525,24.6437476692844,23.868282245758966,24.622505607576155,24.18592986511465,24.7593639146013,24.59161158619779,24.04419977959267,24.55868999646282,23.638619441175322,25.169144601958962,23.892481164166703,24.837267602241575,24.466509783263195,23.983583414695286,24.61554589806922,24.71961229304329,24.643722312631496,24.40458129738087,0,1.01290229210209,0.896668271282181,0.826708499711055,-0.131479780620758,False
P61970,6,Nuclear transport factor 2,NUTF2,25.86931165498218,25.871636387681384,26.81239450154421,26.727336250610378,26.566699723975116,25.73041765915573,26.916167117641663,26.196991829931466,25.56490390999746,26.297626176502256,26.531497463237244,26.498756809666997,25.576759343958358,26.685873665460406,25.83818245309135,26.94683461065045,26.220150701425442,26.54954700833459,25.77145067975641,26.784358560812098,0,1.06777032110128,0.695547894882363,0.780381916844314,0.396852084316658,False
P61978,21,Heterogeneous nuclear ribonucleoprotein K,HNRNPK,27.216162313480204,27.1645019404607,26.67771090163943,26.659721824716982,27.088545649332765,26.736511232958282,26.84151809858249,26.992503907061458,27.151584838035244,27.405079490178984,26.866937704376955,27.069503410820076,27.12941850770635,27.592723637309437,27.695666250724514,27.26896565092412,26.959958481042918,27.008083599749632,27.4856187053629,27.31106813667138,0,1.17966045533424,0.0957911917464788,0.427035242132537,1.7453268028457,False
P61981,19,"14-3-3 protein gamma;14-3-3 protein gamma, N-terminally processed",YWHAG,28.318666446287125,28.435567775881328,29.029884670827016,28.110495357050638,29.10285338797889,28.68904505557848,29.24115169250511,28.31133467502352,28.56907341420539,27.78406557438723,28.40638308586916,28.55490321371218,28.450477577615615,28.090772878484852,28.23571849925343,28.73234021051426,28.588388656156127,28.68917675365963,27.832363988377764,28.298782872552696,0,0.859554059887265,0.34426755136021,0.630369669680239,-0.967954124143194,False
P62070,9,Ras-related protein R-Ras2,RRAS2,21.677179874657206,22.73874643994267,21.94546794830321,22.148842453866884,21.901317880863516,23.20708742613376,22.599364727575047,21.79280169060106,21.916397538787766,22.259854650183318,22.6708378547952,21.681023864722896,22.324937267866364,21.573336333433407,21.836572851731738,21.531612195284563,21.96448439517066,21.403382100895207,22.501314942844033,21.321963102707645,0,0.845315738430999,0.21212122219769,0.555931941352656,-1.28762106173531,False
P62081,6,40S ribosomal protein S7,RPS7,23.63812312983824,24.379449393680993,23.570384680705775,22.738659503784604,23.792393295567674,24.43688783477744,23.57674589568378,23.90297535827725,23.211874771612436,24.19785958484287,24.22646029811905,24.353385482326683,23.06476711482903,23.796952264409963,24.00115356750117,22.839551381706134,23.796597716609785,23.875107600956714,24.007319677516143,23.716808908780635,0,0.993182294324213,0.925278993056009,0.827954854844858,0.0949383147295803,False
P62136,11,Serine/threonine-protein phosphatase PP1-alpha catalytic subunit,PPP1CA,25.140978026489176,24.563560822139042,24.721257828574807,23.759507724592204,24.50073376161537,24.476149808387387,24.913992708682468,24.308010529054755,24.676963114838898,24.709431843154995,24.562520474407552,24.3998167760294,23.65979319594032,25.36262520782794,25.25553037269498,24.712892393186646,24.640738969149307,24.26052332990455,24.573411856619003,24.654209637332716,0,1.02082085075681,0.885890460272769,0.825812662811676,0.145290211542466,False
P62140,10,Serine/threonine-protein phosphatase PP1-beta catalytic subunit,PPP1CB,23.85504127349794,23.03417274625055,22.997831079600818,23.81219978294396,21.669938167446368,23.123623303136966,23.72300919716404,23.72140107936122,24.368592592277302,24.055352851164823,23.398111956931757,23.121915054531136,23.183914837275832,24.164790306254165,23.02831605887432,23.761505931840226,23.65296094362415,22.813618496145995,21.44443324952041,21.60173361937167,0,0.711414448370563,0.234066250195996,0.576012803632395,-1.22580884228088,False
P62191,8,26S protease regulatory subunit 4,PSMC1,24.150729407654694,23.018288494094307,22.91648765120589,22.356401535048395,23.06965488110166,22.725908092312363,23.92580017547136,22.974889419447553,24.040909285337676,22.921818082783346,23.36889245482419,23.946451972378135,24.536248787167224,23.64071052666036,22.198995675404873,22.857323442464576,23.142041938368305,23.528089861518165,23.050456782332613,24.035624305503696,3,1.12399817845053,0.473582957410733,0.697374128392804,0.730012315228547,False
P62195,10,26S protease regulatory subunit 8,PSMC5,23.341566466275157,22.42653167696378,24.04633767502339,20.788074693390403,23.10720882013255,21.959468921069156,23.51062234635323,22.462249697455718,22.7136707895653,22.363045051847593,24.51822802747411,23.580775739684658,22.159529403177757,24.157336811603344,20.950830657635294,24.160584304330094,22.934628795345194,23.50854190245358,22.762083043012783,22.701525119927805,0,1.47707239579575,0.302274132848818,0.611114865961753,1.05800132210821,False
P62241,7,40S ribosomal protein S8,RPS8,23.606608703049798,19.90486142551723,23.021552259739536,22.626882720877138,21.02320543118727,22.972863711810028,21.63724369150119,22.266027525234698,23.682213548491212,22.617353077477233,22.227829436886484,22.856148047759707,20.944581301902605,23.548387445442874,23.355595864047825,21.213444898147554,21.3127409853993,21.450978397069306,23.196502348405744,22.76628445287414,0,0.854085096828464,0.918365591646038,0.827540449847929,-0.103753977513774,False
P62244,4,40S ribosomal protein S15a,RPS15A,21.74533485701934,21.51610725511579,19.911096667673466,20.368959906452627,19.40074468236908,21.74883793440279,21.02039992921404,21.874949012757213,20.513932691114725,20.796635253138557,20.03946567748434,20.30370371555729,20.69865181076151,21.408689480489535,21.89485555855767,19.218041372058494,20.907852024255863,21.45986159224774,19.574517238604567,20.172582563686667,9,0.858106432742129,0.402614123219919,0.666318713990859,-0.854533527493303,False
P62249,7,40S ribosomal protein S16,RPS16,22.494658365817283,21.667020749356084,21.998896204859186,22.34633484964095,21.957932733198785,20.59657835727545,22.569286108973582,21.63892801895779,22.078932245748142,22.692377479347858,22.088535054242143,22.34608762644531,20.696994559379338,21.036173263681757,23.23340825621369,20.775095066478645,22.197161926282586,23.283492121619936,21.19435624664041,22.839834091510124,1,1.12209932222782,0.928681682391741,0.830111878942504,-0.0906022385166058,False
P62258,22,14-3-3 protein epsilon,YWHAE,29.841332794605307,29.55779583060563,30.07892380740973,29.00233230197986,29.833659489973872,29.860090989247183,29.858978867965565,29.23614377307769,29.610286062682164,29.50483631359698,29.560577486148667,29.257774929385278,29.45961514338532,28.918603633514884,29.42618028487313,29.193561595808042,29.36987573330259,29.456846663772833,29.514526362642112,29.331649339786466,0,0.806000108079275,0.0412718869873684,0.314522477872934,-2.17655531185787,False
P62263,5,40S ribosomal protein S14,RPS14,23.31353297329885,22.03555119774109,24.11818168097185,23.172294304102955,23.397110242309278,24.07856451094273,24.441401124612934,22.267422695272774,24.135116190306995,23.903905368899242,23.907240912330998,24.421259332400066,23.035960445726598,24.83197466739683,24.226347079215145,21.653256706786788,22.610824532123335,24.076552358048488,24.612351502810426,24.68005784568993,0,1.33449197961887,0.43012727882086,0.678937927195674,0.80475817920424,False
P62269,8,40S ribosomal protein S18,RPS18,23.373351404216592,24.594348225518377,22.748467282450733,22.780775560178807,21.5387639238166,23.984436743698886,23.689280633697106,22.919167737941542,23.29896121703297,23.387520390294345,23.877987146427593,23.892888167491414,23.886295632901504,24.467395248249865,23.801793665934717,23.428936716281008,23.11246558271123,24.085922571615313,23.314017108192466,23.74135755572134,0,1.24724509038296,0.0817185563211043,0.417224105855535,1.83003196877399,False
P62273,2,40S ribosomal protein S29,RPS29,16.7853730983657,17.17880806155145,19.658560120053682,18.646908890911934,18.439278336962794,15.336626747492435,18.776508125148478,19.02301649698805,18.70939683381944,20.783523936914456,20.60308216600783,20.880206174902426,20.39771453110151,21.337218812413838,20.03410118887691,19.838647911353224,19.678518076562543,21.035135695916573,21.609049269414044,19.170828287538786,11,3.37057420745121,0.000603457140509303,0.073258090536328,4.04256878367735,False
P62277,2,40S ribosomal protein S13,RPS13,20.863287563843016,21.03354452924565,20.505026742874055,20.700892569501118,20.277114435322982,21.43486287070968,20.837056720616133,20.757730718793493,20.81386144237585,21.12147991637975,21.411918651622045,20.91840645088613,20.792077992970107,21.10617088492926,21.206267485983396,20.15840994367966,20.0688262724654,21.192939802729295,21.155754555912566,21.27378506351591,5,1.09089468571906,0.694131050071415,0.780138355209777,0.398804317848102,False
P62280,3,40S ribosomal protein S11,RPS11,20.173654315601524,21.820901549043423,20.374246676648237,20.165154887885475,20.864957358188168,19.813130325847172,21.31648332354539,20.647050245970046,21.548282593216687,21.391044262513507,20.94492298429713,20.405655891182985,20.081101909713954,19.248037362570642,21.57871422358259,17.796210344751067,21.278951600100694,19.563863469831777,22.13763609554432,20.164694897393424,4,0.864900376070511,0.293295618222434,0.605169374727376,-1.07838897221157,False
P62306,3,Small nuclear ribonucleoprotein F,SNRPF,22.07405908255484,22.50930604357035,23.611365570207745,22.02370441252076,24.345711482637707,23.373290794123868,22.002251749077516,22.420002791343848,22.27438605792141,24.20588793401391,22.20976441309013,22.565307133983872,22.55102045226104,21.840487895196148,22.45874196145208,22.105234563989693,22.16600993089932,22.565018585065754,22.857328946721662,22.220057094317625,6,0.584793007643068,0.123569759922936,0.472275082413764,-1.6054911655531,False
P62310,2,U6 snRNA-associated Sm-like protein LSm3,LSM3,22.631265919608907,21.75162828710983,21.08486659476581,22.671410543222915,21.92739938789627,21.861124454333083,21.773341008700687,22.63769807753143,22.0408718935615,22.22640430060154,22.91913634298887,21.445973897188477,21.779309567879718,22.986684397619708,23.254884445982082,22.714072083233322,22.242314242727655,22.210629275581006,22.540731828181872,22.20537221981046,0,1.30658596884338,0.205976337309967,0.545341526457681,1.30581159033148,False
P62314,2,Small nuclear ribonucleoprotein Sm D1,SNRPD1,22.22316492429621,22.249223100631077,21.114831162405775,21.861079364233067,22.58037687106895,21.626557553003067,21.96879436209249,22.21347183480497,21.70361667704537,22.231735821116086,21.40663186094701,21.12810717610585,20.99332011371848,22.72987428291052,22.37317037365931,21.975584701250842,21.616739886532258,21.53843298305427,21.731939955463897,22.052905455612986,1,0.883988423352021,0.421138416361809,0.673081068776453,-0.820792866949015,False
P62316,4,Small nuclear ribonucleoprotein Sm D2,SNRPD2,22.14619402254898,21.916825881405035,22.08074660747776,21.801906623970666,23.349563923444315,20.064486058631516,21.996460414455374,22.859202069121093,22.805410122438463,23.12311884250156,22.120502409753502,21.10018691627424,20.172654691217822,22.914154381423014,21.932391197050485,21.64570187769271,20.43847118178112,21.212715090540087,22.555501580052955,22.83405941735093,6,0.716573678673038,0.242412205314356,0.58311339070537,-1.20346231502639,False
P62318,3,Small nuclear ribonucleoprotein Sm D3,SNRPD3,23.298516902526337,23.68102459877822,23.161393210715428,21.1901176296562,23.355821928584863,22.888311224236432,22.429442747686704,23.138598204567113,22.89091020720349,23.20921037408917,21.612493589984826,21.543616185806854,21.96143480812354,23.18719587135008,23.285895306088126,22.760757736371133,22.323096238792793,21.606304791454516,22.114964278429625,22.91591422878348,4,0.674334547883125,0.0872408888148538,0.419883675208394,-1.79538995656881,False
P62328,7,Thymosin beta-4;Hematopoietic system regulatory peptide,TMSB4X,29.000580623616415,28.914143401685863,28.987711718335017,29.874129081018083,29.484206396548224,28.59095216659653,28.40210381937597,29.59527399689352,29.924977885484594,29.592685878062102,29.094471482038816,28.577295288571694,28.848655578845968,29.342797999567114,29.6745797727215,28.810251942867264,29.55256836280359,28.56369613369425,29.793145325016262,28.97291583215456,0,0.910669059507481,0.607187332298239,0.752218059563864,-0.522054465650732,False
P62333,11,26S protease regulatory subunit 10B,PSMC6,21.894093135066093,22.480939438088182,23.293049900951658,22.923881567072865,22.647657746409337,23.361653741627098,23.191624223805274,22.179036348870568,22.978169187387962,23.62600069620854,24.05302402120346,23.231325174887992,23.451907163196093,23.559441314119628,23.475928697640903,23.25507949634569,23.32790869353948,23.732623875052763,22.46407522202919,22.895076673769623,0,1.26788855697435,0.0583978969522177,0.359803391382992,2.00369186057253,False
P62495,3,Eukaryotic peptide chain release factor subunit 1,ETF1,20.823362329432133,20.042791265633138,20.24634023451345,20.219578359910138,20.590268392936398,20.342845166120927,20.45412181135623,20.795467291405924,20.3231664735255,20.066342376666817,20.157177576709703,18.947078731616763,20.44153488265287,21.052085879170235,20.54816316836587,19.82098933911705,20.55886411533648,20.618616830314586,19.837366767245115,20.25060064985203,9,0.931145375044955,0.5219321049007,0.721310207615658,-0.65146280687952,False
P62701,10,"40S ribosomal protein S4, X isoform",RPS4X,23.331126227997107,23.503012488525997,24.23348866397139,24.75617639145121,22.600322248612017,23.646418268851907,23.89166473122188,23.492946074051027,23.675806604355017,24.090308402409445,23.86229667175288,23.466013342913765,22.029410415755812,24.210134676377816,24.984877700923132,22.933363346252474,23.77287790679061,23.739814789002086,23.511151273568583,24.222507431778038,0,0.999151524875913,0.880722940928,0.825812662811676,-0.151921886022075,False
P62736,21,"Actin, aortic smooth muscle;Actin, gamma-enteric smooth muscle",ACTA2;ACTG2,29.713575855232822,29.35545106461131,29.863932608445506,30.240549338757468,29.86811593489071,30.096931088720734,30.72383850960369,30.127421976999045,29.53905814824342,30.80719564532603,29.95589596417517,29.159130142102047,29.604483520016267,32.006826551134615,30.39347962870142,30.323967916897818,28.349211430090104,30.032726785852216,29.80831419427502,30.352774912059218,0,0.976498896751135,0.909687264313901,0.826708499711055,-0.114832256166605,False
P62750,4,60S ribosomal protein L23a,RPL23A,24.3017346742251,24.517847857380602,23.042494911723626,22.895826240832392,24.072201160565424,23.388208123884333,22.9607704754919,23.43753155933697,23.308656259507405,23.798984223657232,20.293308982370956,23.077791823877387,23.467579763235936,24.094749071673025,22.4959872954569,22.003569921384553,22.91078959669526,23.243153062051164,24.220753461614212,22.987105097718274,2,0.758742946539176,0.0934113916854564,0.42417512839099,-1.75886073957595,False
P62753,4,40S ribosomal protein S6,RPS6,24.87559998078661,23.471361502269797,24.40597369764844,22.87274778611638,23.145814387084783,22.88500602263104,24.25689117402548,23.635541046231257,24.692756417088788,24.37512126189132,24.293740043453727,22.984960045002122,22.978060935366347,24.498797819223192,25.034756657336665,23.610656192800903,23.74046090304782,23.458480335622255,24.38635956035287,23.520539940596326,0,0.962421478705131,0.973327095816493,0.843174475646362,-0.0338432875178725,False
P62805,6,Histone H4,HIST1H4A,24.928908074799786,26.218985429042664,24.292924048976072,25.596885097302195,24.696010596161695,25.941847175973532,24.21957014083465,25.525044098568664,24.5611303977934,26.447600806795148,26.39904417511447,25.359756445745976,25.288516931605997,24.672232910110264,24.476494439799236,23.68862034615169,25.88598486492357,24.69927224833688,25.339294032071876,25.621394037208898,0,0.932388518810213,0.776054127644818,0.809187656718134,-0.288216126293099,False
P62820,9,Ras-related protein Rab-1A,RAB1A,26.19121591025972,26.489851425799184,26.4258407954197,26.158873898375795,25.990377756484794,26.079215999238585,26.46329948053555,26.27241752906435,26.31617675578772,26.25996633659394,25.856718426025658,25.896767431343758,26.545910535944913,26.319181437199944,26.248285164006457,26.35242177864443,26.467702953877605,26.363682472445632,25.835058079662296,25.71308139500976,0,0.941934419117045,0.459193242568015,0.69086707470759,-0.754285208501132,False
P62826,8,GTP-binding nuclear protein Ran,RAN,24.965512347565994,25.772865319218713,25.04799593132407,24.432021861456775,24.814304563844118,25.227850180879333,24.78069574501184,24.14515401020088,25.404545613998756,24.730269266448136,24.781430413086326,25.234574123015413,24.458210073807866,24.316689619622256,24.831230257617133,23.30297940957914,25.04341108130281,25.242461982804954,25.75440590211155,25.023061318221195,0,0.945435332241879,0.619420155851576,0.755568494812619,-0.504254591696692,False
P62829,4,60S ribosomal protein L23,RPL23,24.593831260632566,24.31367411487689,25.363765021158173,24.499027281679975,24.20063090682735,24.79057839472295,23.556952979644752,24.060285273366596,24.108432418944755,23.990153905715236,21.615614893150877,24.67140135573619,24.244976369095216,23.36268622756366,25.018056977193794,24.114617955960934,23.54561653685048,24.460137860937433,24.834559927358576,24.42232915441297,1,0.88179094793413,0.353424453418009,0.637288649673009,-0.949343310504155,False
P62834,10,Ras-related protein Rap-1A,RAP1A,23.98322391733681,24.676755836582032,24.032539063096255,24.552941998782742,22.370834911794397,25.096572011799378,24.324949428531557,23.778748680107874,23.673560459459058,24.385642650406115,24.016779724591352,24.15295516477735,24.150765573575317,24.099015838292132,23.77625820499071,23.84471192329542,23.8831607167592,23.744412459840607,23.577849444287068,23.502462459332776,0,0.765846154210824,0.413690572011617,0.668891502267805,-0.83424271810788,False
P62841,1,40S ribosomal protein S15,RPS15,22.535051163997146,21.99753681152942,22.577302965596974,21.948902283081207,22.050800726963626,23.06729847596945,22.637721957184148,22.211225427900334,22.97362175862752,22.811777621689657,22.77273093322863,22.61552559735115,23.14583698586239,23.51648699183754,23.142793458045457,22.204502903831205,22.386668687648346,22.814232003152217,22.383522535387858,22.81239654610277,0,1.12027195083001,0.170735517768199,0.521118528909864,1.41928111367039,False
P62851,3,40S ribosomal protein S25,RPS25,22.297730405319427,23.543603185617478,20.161752777041798,23.752843805059705,23.253199800550338,23.505510600970887,22.789730445383714,22.46353563763271,23.078700177446844,21.851483511346085,22.740301911137717,23.11089372195627,21.592305930756428,23.022321141534984,22.37887165922361,22.440171041090775,21.919227071892173,22.753895808729443,22.0695865167459,22.98198352695919,3,0.780183480065382,0.667754136316055,0.768339943129565,-0.43544854656064,False
P62854,2,40S ribosomal protein S26;Putative 40S ribosomal protein S26-like 1,RPS26;RPS26P11,22.14108825618698,20.778944251585575,21.31378800974286,18.843660579016273,20.087565388188263,21.283826947929576,20.346280626954417,21.07483365881091,21.44526667217023,20.75721431191322,21.41208487273195,22.460939703105495,23.093829863034816,21.35946211896772,22.038286519122305,22.16081862642667,21.85285771602938,20.60235581152425,22.177396341456838,21.828798848466683,8,2.09178262809041,0.0081048233647155,0.179270862063884,2.92945603779373,False
P62857,3,40S ribosomal protein S28,RPS28,24.53112974225322,20.94086258188865,22.71226592969448,22.46922091620671,23.120559326117657,21.82271555009282,22.367263252260372,22.39199112148558,23.132745845605054,22.571209474293354,23.26607215907563,22.258225160681135,19.980819925067355,24.080043898750215,20.964297228289116,22.885611890371386,22.23199959787316,22.906693695772223,21.75206264115938,22.261203799110813,3,0.875694599993993,0.466904205781779,0.691571646145507,-0.741222703364805,False
P62861,1,40S ribosomal protein S30,FAU,23.013392074472996,22.535918333557298,22.680442481676288,23.302498885971247,22.43032786911755,22.905506445407983,22.053809703643594,22.759986816636616,22.872463469734875,22.267082484942954,22.562795011109397,22.8449145160958,22.10200982844859,22.67954178442435,22.167700831345954,22.463982643832693,22.73902843115172,22.231035078230097,22.949767943655495,23.07687859898343,0,0.924002988412384,0.650938173480208,0.760966574422578,-0.459128107227479,False
P62873,15,Guanine nucleotide-binding protein G(I)/G(S)/G(T) subunit beta-1,GNB1,26.483772054897596,26.384022190454,26.71449541762491,26.269359556122787,25.89525174589272,26.404923526035038,26.50335663915686,26.700573644801526,26.178113967825595,26.365867215213132,26.20605943545798,26.799033312434585,26.47518646729502,26.16642061375426,26.391336451801383,26.079971258666756,26.55806031655842,26.52984329244914,25.959701855893893,26.504525529134852,0,0.992122203866675,0.870157265234723,0.825812662811676,-0.165503370580511,False
P62877,2,"E3 ubiquitin-protein ligase RBX1;E3 ubiquitin-protein ligase RBX1, N-terminally processed",RBX1,17.27372057818509,23.040421404383682,23.933622302936346,20.231912334409216,21.1440174211848,22.492387744918066,20.11168883679982,20.315148127856762,20.7650435928191,20.324721389513766,22.897152210783066,23.45092447429702,22.31470317005736,21.561249409681864,21.72381758835969,23.439398904317645,22.78561212924268,23.348282749428144,20.703226541766377,23.28603087761573,8,1.96306422913428,0.0217519073269509,0.244466286728116,2.48211336745026,False
P62879,13,Guanine nucleotide-binding protein G(I)/G(S)/G(T) subunit beta-2,GNB2,25.533144451776135,24.30812987847168,24.66429233456554,25.160211776638,24.21282878866154,25.451699183222416,25.175344476914475,24.927610317876812,25.027995833110158,24.71166898623357,24.0316722388114,24.746914354751457,24.767733415432843,24.686284679290814,25.617709832023387,24.5907955792474,24.923962998684182,24.108478228896633,24.10106314777435,24.710302998462737,0,0.854277999050152,0.1940192028425,0.539227987617833,-1.34245933969262,False
P62906,6,60S ribosomal protein L10a,RPL10A,21.717360108045167,22.59722320229591,20.487879590469422,22.35148360970734,20.111378488596255,21.268511071977443,22.059541712714832,21.039818923873845,20.111115681812343,22.071002501272144,20.657039534764365,20.94315516413256,23.236487453844592,23.47733347213128,20.811234782423956,23.70910997856392,19.685590950858586,22.974023357328594,20.80736404309408,22.664497184915003,3,1.80216125278234,0.350482497785514,0.632671454287809,0.955286424424396,False
P62910,3,60S ribosomal protein L32,RPL32,19.853397095901812,21.440393332231967,20.875100431099696,20.672897510538494,20.04655968407653,19.49120708734936,21.257293211359876,20.833967428278434,21.33863534842055,20.858644341142455,21.211227809587005,21.516649080698173,19.563508269420495,21.61348468975209,21.708267830015664,20.06051673852832,21.000514958021427,21.37729007311954,21.691907387627136,20.591509159474803,4,1.27674411148367,0.295503202470183,0.606788483851314,1.07333507153574,False
P62913,4,60S ribosomal protein L11,RPL11,27.45600072138275,28.074223375044216,27.793572347641394,27.951421733696552,28.039273439651293,27.09502092789648,27.005317417785914,27.52004452566629,27.300027214568118,26.836304085581126,28.09822796019149,24.334452365511865,23.66582431777427,27.809283187161245,28.249024603002066,27.26610545662783,26.970629905601072,27.0279101457933,26.99886110422567,27.451083267311358,0,0.859954097657508,0.129798899535702,0.479570085952473,-1.57783734794514,False
P62917,4,60S ribosomal protein L8,RPL8,20.882504437311407,21.83295817436968,22.71984242314398,20.47222493926638,20.72267679030607,20.741818240932336,20.477163892001624,21.84671150859961,21.09839385352977,21.84452326316016,18.97789789242762,21.417695527543533,21.800456154713874,23.31088842917617,22.28413342881215,21.60503038378921,21.1661328052257,22.243037720809998,21.747369036305056,21.651097492717376,4,1.3660029509026,0.42115049283036,0.673081068776453,0.820771180976911,False
P62937,11,"Peptidyl-prolyl cis-trans isomerase A;Peptidyl-prolyl cis-trans isomerase A, N-terminally processed",PPIA,29.88845268389619,29.457323739374395,29.76136477106483,29.53252916785764,29.73781755618039,30.000752213953174,29.761469369450925,29.29321724833205,29.877794304416977,29.809944370908283,29.553770322187802,29.654556568777128,29.75484364616421,29.757676493977343,29.849257361095113,29.760757960629356,29.390917749995666,29.5296021103949,29.763225245831265,29.759911736662488,0,0.967983945182618,0.744286494143374,0.798823546685696,-0.330587644379847,False
P62942,5,Peptidyl-prolyl cis-trans isomerase FKBP1A,FKBP1A,25.988847075066925,24.838209834372716,25.612259226950986,25.757671459444964,25.641253923797823,25.400589227747016,25.507684186606518,25.334102506599983,25.54950201663868,25.63803691778451,25.748158542993114,24.83428916002294,24.694488311861083,26.095142703257192,25.7458970131515,25.596337092820015,25.70167858168283,25.394411131505468,25.47028393684712,25.363591652687088,0,0.981227007974605,0.739904701269583,0.798823546685696,-0.336479145165251,False
P62993,8,Growth factor receptor-bound protein 2,GRB2,22.66313151356834,23.02155302761668,20.524594405691822,21.091467950357856,20.19820895951501,22.14134908661232,22.432915307535982,20.810567288990196,22.243947578538997,21.968625681674034,21.4835569265242,22.64988392635288,20.855700717541815,23.04745001779956,22.257975410192202,21.2535987641202,22.521731185381636,20.04806080937626,22.531125653232003,21.841601499698672,0,1.05032023620149,0.748461370053456,0.798998183059113,0.324985465889086,False
P63000,8,Ras-related C3 botulinum toxin substrate 1;Ras-related C3 botulinum toxin substrate 3,RAC1;RAC3,26.044885231933467,25.633269059184123,25.586593819330155,25.67601965642129,24.34706856252502,25.71122531217321,25.79432989126527,25.560501416726062,25.66987581132227,25.45065708546013,25.321796617598046,25.809195751918885,25.463467372723454,25.72371328430864,25.43036000245549,25.764366825730914,25.325682045966918,25.186972745102267,25.029257520655577,25.54350070399594,0,0.909791916811316,0.632836961398431,0.7585186811081,-0.484920123777414,False
P63010,25,AP-2 complex subunit beta,AP2B1,24.644866898242032,24.420637189291934,24.9570663469463,24.90024347586165,23.07305849010416,24.405272773942556,24.952150964110324,24.448102225253507,24.75985473838682,25.078370560242305,25.2422985854175,25.0660841828353,23.06944431675625,26.327269111000827,25.21178618549608,24.959007241831557,24.50356385903632,24.720476971999886,24.283294609592843,24.80266083755589,0,1.10257838976105,0.423436346449159,0.673330887734645,0.816673455391566,False
P63027,4,Vesicle-associated membrane protein 2,VAMP2,21.827303564181573,21.26643414620986,21.168825484657592,22.536338531846333,22.333864218379794,22.94553066172408,21.09336882520368,22.41136892966622,22.242910378369906,21.81873650402745,21.70861872498531,22.148406480158048,21.888188003200803,21.872998244491974,22.068819414036795,21.203661445952697,22.016042422544263,22.036962592962578,21.810229382108528,21.24098566958866,11,0.832371363498319,0.550501068709221,0.730786710248407,-0.606947590101813,False
P63092,6,Guanine nucleotide-binding protein G(s) subunit alpha isoforms short;Guanine nucleotide-binding protein G(s) subunit alpha isoforms XLas,GNAS,24.3984318356986,23.542328451109068,23.675944605722567,24.02537747999568,23.385155833339734,23.41043497839945,23.688266936783304,23.48376416403725,24.188514740220462,23.94068661838115,23.630540361190576,23.813495003629445,23.473802626320936,23.65522469729443,23.97287930066637,23.504026632717196,23.401162826329237,24.026457257931654,23.956106466533345,23.973759573634368,0,0.96326542818599,0.859946061113924,0.822241037651554,-0.178659622025768,False
P63096,10,Guanine nucleotide-binding protein G(i) subunit alpha-1,GNAI1,24.171736134424094,24.562625925436997,24.271330399984922,23.820965795579202,23.980110744737573,24.65154441790184,23.826544734299326,23.977582126701293,24.4295155384407,23.72578826721619,23.39794542978398,24.17604548814799,24.09433475981831,23.200949874610163,24.360219749321217,23.72164898382533,23.948849388721992,24.021587484416028,23.701301446858945,24.0319019134628,0,0.828179417347958,0.171361483223689,0.521118528909864,-1.41710936519449,False
P63104,19,14-3-3 protein zeta/delta,YWHAZ,29.215974191477,28.62466990697088,29.081357691867545,29.041163398228033,29.19296586106455,29.328356514733063,29.16906221200777,28.985127487096722,29.60179516556704,28.93923861604046,28.730394525649427,29.10065004348056,29.060485058454557,29.101457367670392,29.560697271150097,28.892165213573914,28.7025094015142,29.0423798881002,29.18302974352109,28.866151073858575,0,0.928058015480289,0.456454119711077,0.69086707470759,-0.758957008393198,False
P63151,7,Serine/threonine-protein phosphatase 2A 55 kDa regulatory subunit B alpha isoform,PPP2R2A,22.225747520238137,21.82354242322274,22.16096450915875,20.059911741981946,21.84066436126654,20.536967009411402,22.044857614535633,22.191194093581053,21.38543730948516,21.142209421894076,21.201023015140567,22.022012370442198,23.280772599031238,21.644256919143412,20.22737202327984,22.144378806758752,20.86725880147516,21.45710221074996,22.488431603357245,22.22843061165689,3,1.24927158644091,0.582100369335085,0.743117501783968,0.559109200973867,False
P63165,1,Small ubiquitin-related modifier 1,SUMO1,20.57438659582241,20.31615428893765,20.378263204897284,20.477172445633546,20.895183668420394,19.89854711643154,20.677145561645347,20.26402771050976,20.286014724413235,20.69737987200611,20.13821318468774,19.702204950816732,20.535301322692447,20.70347947642328,20.068184988620224,19.77498249754902,20.783004126633703,20.472228701829504,20.77096120250864,20.164252613424857,9,0.920399860350907,0.550899495278428,0.730786710248407,-0.606335650276068,False
P63167,3,"Dynein light chain 1, cytoplasmic",DYNLL1,24.897340629358983,24.33703827198615,24.541725741955215,24.70153219659705,24.368559237801243,24.090969632426912,25.56049983960775,24.18777861628564,24.182071442303346,24.060168764900325,23.900870356100288,24.16100623671795,24.95352999242526,25.571957881982925,24.696444318957653,24.538979659960404,25.013802183922696,25.753580343781646,23.9523343580135,24.789820022680455,0,1.23702403916402,0.360128097801752,0.641703993511759,0.935925344161279,False
P63172,2,Dynein light chain Tctex-type 1,DYNLT1,23.366705956737697,19.808018198540044,22.901562663931713,21.657846423529687,21.60537533509242,22.10674545892982,20.55287247398829,20.866134364964125,22.783869591482,21.602852515792442,20.337901058291315,20.8048398870283,20.828677918324537,20.981088497695527,21.598118851466957,22.25503627733451,21.197853694774995,20.73741610467444,20.798046612721173,20.989307695976358,4,0.565501226989528,0.110677426611678,0.451119976974418,-1.66666304239009,False
P63173,4,60S ribosomal protein L38,RPL38,21.687847713518945,22.641462297163653,22.308819628677636,21.76621158707143,20.42266618604954,19.030012046127606,21.74339783676026,22.716987578724407,20.693561355021004,20.8739870030154,21.052825566863575,19.84870867153178,18.84119806878673,20.532757963748963,22.01062324453802,21.81575225626346,21.58191578255426,21.23433166648749,21.00498420391624,20.418191199080134,10,0.610497452594723,0.229986848346321,0.573231801003012,-1.23695253713327,False
P63208,6,S-phase kinase-associated protein 1,SKP1,24.79686183484435,24.656694530246362,24.09295207685043,24.78901615984365,25.156006775878403,24.851355154885823,25.136682509257025,24.78233490437599,25.219909059531258,24.961379834662523,24.889650176564075,24.7572656922728,24.498000872065454,24.903962591685026,24.492327444171522,24.007501087324542,24.754477711237204,24.44832247162654,24.466582132793178,24.40419328872793,0,0.811077202673114,0.0902832389547456,0.421730243491225,-1.77710979487055,False
P63220,3,40S ribosomal protein S21,RPS21,23.267564049015125,23.35161585456015,22.956549483003414,22.885190367626738,23.435753329048225,23.280534263885357,22.950187714648365,22.074742757601427,22.904695960628647,23.42496452296168,22.689540563304295,22.928354283660415,23.599497989412942,22.701392675916185,23.140178805702288,22.655354484530942,23.222014039822486,23.49885330266784,23.521680323764357,23.42261003073865,0,1.0316224957366,0.702518499367074,0.785121265036417,0.387270176506927,False
P63241,9,Eukaryotic translation initiation factor 5A-1;Eukaryotic translation initiation factor 5A-1-like,EIF5A;EIF5AL1,25.259806316591717,26.224373512782527,26.408800717078535,25.891394463442648,26.48340544433333,26.93624024155531,26.279378699806866,25.892495617487256,26.076274659847744,26.15309554254016,26.292983361500315,26.066752850980208,25.8809969330966,26.171265573408558,27.4909905944863,26.084254262744537,26.250341768338078,26.280506103706657,26.118770101680663,26.099412769993446,0,1.08583016640512,0.582344564425156,0.743117501783968,0.558744748262455,False
P63244,12,"Guanine nucleotide-binding protein subunit beta-2-like 1;Guanine nucleotide-binding protein subunit beta-2-like 1, N-terminally processed",GNB2L1,23.875154186165467,23.77666151124936,25.10815305812049,22.0725582586742,25.225256768835532,25.100468500924837,24.036794326313522,23.125526574025596,23.525256033166634,24.03708598320428,24.673103152731915,23.31198045497403,23.660347714962686,23.403328171772426,24.33908007520904,24.33870679697166,22.73719722080816,24.61099283770151,23.25773593826701,24.675859141311903,0,0.815213282181464,0.821072517911709,0.817197073956267,-0.229063890165731,False
P63261,23,"Actin, cytoplasmic 2;Actin, cytoplasmic 2, N-terminally processed",ACTG1,32.77949554149797,32.32046640738842,32.93457559441461,32.83580475019617,32.99025262502916,33.07045952797506,32.82964742576088,32.51295223322164,32.96798783127412,32.7852332405258,32.99809253059387,32.38345459370097,32.14580595766065,32.8623211698478,33.01705351530836,32.38888565937928,32.887746354712824,32.60895817813541,32.6906033307789,32.52484890387405,0,0.905325173409617,0.251893571389517,0.583149616570681,-1.17876974665387,False
P63279,4,SUMO-conjugating enzyme UBC9,UBE2I,22.69990176312713,22.331089412752227,22.49133889850808,17.742412763343122,21.251767117307875,16.092065325743462,20.594780732816773,20.163546696828295,22.659623165921165,22.462313636968858,22.760077828136602,22.622977569077474,21.859102268109925,21.32680662851365,19.513449876994088,23.358193374017493,20.59120671276503,22.514935184975286,22.5988249595255,23.56343433630828,9,1.58069690066372,0.12705370272626,0.476445128823285,1.58988464311307,False
P63313,2,Thymosin beta-10,TMSB10,25.709401470042756,25.882074489216002,25.553984021767924,26.956844211146443,26.577774300397984,25.520776457998764,25.747068737539752,26.439034534229414,26.236380356327466,26.26836738191717,25.878920171823637,25.6726094939665,26.748109063509695,26.56462630735301,26.66211572813724,26.326125494270187,26.603285885171484,26.0444252580969,26.4925435410815,26.52845161072856,0,1.18176475580159,0.20457966003398,0.544755748559004,1.31000497579667,False
P67775,12,Serine/threonine-protein phosphatase 2A catalytic subunit alpha isoform,PPP2CA,25.354924598098947,25.513272123787367,25.30870570179439,24.84668568868702,25.718239462099486,25.6849323176619,24.97219951393389,24.258920539939712,26.0678430184202,25.634261584106714,24.793463641766316,24.815529852022824,25.192998336897453,25.305342514152898,24.96849641101313,24.905192596101642,24.526107638669636,25.26377623950042,25.76146352206602,24.742961359919683,0,0.787395601340629,0.168636442071032,0.521118528909864,-1.42661080410816,False
P67809,8,Nuclease-sensitive element-binding protein 1,YBX1,23.151405069481324,23.434648977918208,22.607080200924006,23.769395690209635,22.55130339262402,23.046272304479928,22.393233206916932,22.479428322751954,23.27308757399796,23.467731120791726,22.88429235923989,21.065574308266868,23.010535164095455,24.209333822729278,23.47598501397948,23.08387071441148,23.520488612743126,23.08963586556971,23.249907921219993,22.555898356585356,0,1.08074644326844,0.993069984543271,0.843797505224354,-0.0087913464782695,False
P67936,20,Tropomyosin alpha-4 chain,TPM4,27.105369846166855,26.8279117578337,26.531305469755413,26.851470303979536,26.423555510776552,27.1516521673638,26.977957795251136,27.184460233742296,26.1998777381348,27.222379947805997,26.39833234472248,26.369501148198314,26.564651426311332,27.41610978597897,27.990974869101137,26.25581104033072,26.401258960897074,26.652578797266024,27.13430727196093,27.298898510071496,0,1.02716456900495,0.997618511781615,0.843797505224354,0.00302109552824217,False
P68036,7,Ubiquitin-conjugating enzyme E2 L3,UBE2L3,25.366182964468123,25.760067785780578,25.753586000250696,25.678799622089596,25.35319800337628,25.182008085079012,26.125200850692927,25.659102381157126,25.35777060045964,25.60550614484178,25.490850086623787,25.325566732818096,25.095386975895007,26.504173506543143,25.382530300170668,25.667529495848733,25.45579491215863,25.746808488221962,25.3017179871271,25.60890303242899,0,0.992265963224421,0.881252554677021,0.825812662811676,-0.151241895768155,False
P68104,21,Elongation factor 1-alpha 1;Putative elongation factor 1-alpha-like 3,EEF1A1;EEF1A1P5,29.20266865417655,29.771903910044557,29.45977698101435,29.870510750856944,29.3746873370192,29.46300684967615,29.748132652407126,29.4917030910266,29.57735770479314,29.20904676885146,29.745773002804356,29.317496192043446,28.72206380521419,29.95315876912038,29.273740082208462,28.98354041917851,29.767185577924753,29.487808105465657,29.61433777346563,29.349660541713344,0,0.957253406149649,0.528375195016769,0.725009231095924,-0.641310099853293,False
P68363,24,Tubulin alpha-1B chain,TUBA1B,29.905121375795105,29.724183767465775,30.41110549062831,29.864355311309815,30.257833276604742,29.853941695629437,30.167821477294744,29.693182075928593,30.28304350016408,29.96480624415139,30.122094916094497,29.874308599544598,29.999727953393172,30.251339525815336,30.104153142894614,30.09155786788828,30.19109921714001,30.301969218654314,29.845743341613453,30.121058721081607,0,1.05052065676406,0.493382096517585,0.709261894965122,0.697314759291211,False
P68366,19,Tubulin alpha-4A chain,TUBA4A,22.557276542274476,22.115753597315027,20.82469406993355,21.709258427780107,21.855328895191825,21.07081797805015,21.538755262359977,21.401296081656344,21.297896566276098,21.689608990006334,21.80874533790585,20.425308626752603,21.403988614631295,21.815116733900922,20.85773435294637,21.688386408053223,21.46067185363204,21.939658035487433,21.54200708974183,21.744106933368588,6,0.920183720436293,0.602181931027618,0.750269498002461,-0.529387089033671,False
P68371,21,Tubulin beta-4B chain,TUBB4B,30.043677997753868,29.9441692338996,30.19045634201529,29.960508572361416,30.140854572389898,29.504545660816603,30.408514785914257,29.87887214534454,30.080426231345257,29.86744489697805,30.035772868480244,29.776920827892205,29.48340240373473,30.39054587608461,30.30080972813662,30.016429010416395,30.19055386846604,30.36767022261571,29.895722656113477,30.05693894473811,0,1.04914734802439,0.70415934731845,0.785121265036417,0.385020044294754,False
P68402,4,Platelet-activating factor acetylhydrolase IB subunit beta,PAFAH1B2,24.757867471893285,23.402467356320376,24.918310523384957,24.51158416655941,24.531693480740948,24.16932886612663,24.839402265106855,24.517104792081618,24.257838994271626,24.511167343762565,25.345214424776398,24.65791748363148,23.555637461812545,24.01947047537651,24.62283379475174,24.785900104085602,24.563271402999554,24.368740998875843,23.86587186288433,24.444370009053006,0,1.0032502433172,0.936416630262701,0.832501250367666,-0.0807520301605386,False
P68871,19,Hemoglobin subunit beta;LVV-hemorphin-7;Spinorphin,HBB,36.009818428908055,36.36079400796846,36.88313560335244,35.77703912516226,36.948402294761486,36.4770538091413,36.27207388087719,36.30252309841887,35.884398545113285,36.13261140182841,36.842434989178045,36.41560607517605,35.0938368580843,36.855389240114526,35.048325497994284,36.22590202437016,36.54218007967086,36.28678052363264,35.94946004274428,36.16179871490287,0,0.944152822909226,0.482179006327558,0.704757736490301,-0.715720176014929,False
P69891,14,Hemoglobin subunit gamma-1,HBG1,26.024235038842516,28.199343521470094,27.098339098092804,23.741890277614417,30.54643189815061,26.466072644170172,28.532925474092313,26.3391469656527,27.424127257518762,25.828014362857555,27.347756171894726,28.139909338381482,24.86985471152477,27.758820402712498,26.034424112544308,29.210489201872836,26.924193201578383,24.978159868731094,28.368371014153112,25.68950458060125,0,0.771814019672839,0.901463589326772,0.826708499711055,-0.125343771440833,False
P69892,14,Hemoglobin subunit gamma-2,HBG2,21.530026378539603,23.063382889703085,25.179523904302666,24.073836679302797,26.090880027726044,24.711120844139273,24.66280764678233,19.35215090422296,23.120907130474123,23.52567139847125,24.260845836516456,23.951665480554645,23.378226017238536,24.103895372178577,21.583665157843953,26.170127500625618,23.940152175525817,22.85507744652033,25.820750889316024,23.057181807828627,6,0.862257729958342,0.583679566325433,0.743117501783968,0.556753656745189,False
P69905,13,Hemoglobin subunit alpha,HBA1,35.22889482719341,36.50852417672089,36.7051057945182,35.138232494254915,36.593969999874055,36.07994711199121,36.64817876494313,36.00086348412333,35.53708642691304,35.5213801529361,36.421161125683085,35.91468857290968,34.87127995498065,37.04934424002576,34.794136657492366,35.54997100475719,36.48227152645074,36.08877733695286,35.90080939178225,35.41605264280308,0,0.936003283848528,0.610958245196748,0.752555933614109,-0.516549438143551,False
Q5TFQ8,3,Signal-regulatory protein beta-1 isoform 3;Tyrosine-protein phosphatase non-receptor type substrate 1,SIRPB1;SIRPA,20.404103950148333,22.190162003292297,20.87961512984159,21.321010271988744,19.56856342647743,20.210871285758657,20.770050268941848,21.473042586894632,20.37828711107877,21.29961321781822,21.183134971285806,20.722829076612857,22.06487516400517,20.675329036278463,20.464528308962297,21.925295726505553,20.470399303100905,21.228056316282878,20.630972842744615,21.087562679766915,4,1.10717549991753,0.562544250511199,0.732675882289056,0.588552181029425,False
P78363,2,Retinal-specific ATP-binding cassette transporter,ABCA4,22.1874978732115,24.568203113661408,22.094793987526298,18.641717544003367,22.18524318005445,22.5473245313475,24.03028747200524,23.222687063964894,22.328135644378072,23.175026121845015,22.330103401106946,21.878640489426115,25.030569436061324,23.96749295096084,21.294770442916906,18.965807061228556,22.729119037882867,21.079420243835393,23.16795618412072,22.933269058320857,7,0.920044134489012,0.810427268764322,0.813589620325639,-0.24296786864172,False
P78371,19,T-complex protein 1 subunit beta,CCT2,24.61123494202135,25.052806350065612,24.15384413007746,25.271083810001823,24.69440927984439,24.395054473186587,24.320985665134625,24.516333256512603,24.833233581719295,25.48456834499374,24.668583403000326,23.89576147736551,23.750333488497613,24.722316946610466,25.167982343349628,23.99063962622855,25.315927022258677,24.242112036670402,24.667505941770102,24.221996222359557,0,0.849052494498032,0.262907957404418,0.587927183588789,-1.1509433364768,False
P78417,10,Glutathione S-transferase omega-1,GSTO1,25.521059508927433,25.83912803045159,25.91141174534901,25.369830174512927,25.404776757529817,25.69570798575661,25.105876697415834,25.22879026487798,25.196283359520645,25.247802047286466,26.068599011660872,25.150946736986434,23.142446181242796,24.713616269975766,25.836788983233394,25.25765755023294,25.255234861910512,25.236731183521208,25.513083664370402,25.221435784977434,0,0.904549564227719,0.247107109645634,0.583149616570681,-1.19114619836263,False
P80188,2,Neutrophil gelatinase-associated lipocalin,LCN2,21.15331066504033,22.23080149321815,20.147509649663657,22.06450318458017,20.89934048042294,20.762759559070503,20.906854577329405,21.08604692248119,20.05746568045626,21.511950356928583,21.999546018800068,21.789704529847608,20.94589224355843,22.766891099636588,22.140738349285986,20.845681565016136,22.627966647956402,22.683204951738286,22.43744456229585,23.218862890781256,10,2.08299547086291,0.00609654603570977,0.174374622303767,3.05478123060644,False
P80723,9,Brain acid soluble protein 1,BASP1,22.729027985424995,22.15987046112476,23.376520499354722,24.939701989355235,23.5464582279163,22.284259987647683,22.61508073516631,23.286369656101186,23.534706926671575,24.89479642990672,23.3943834631248,21.897876780586465,23.51118268127082,23.474973671841468,24.36609487736018,21.88919623153853,23.08836118739663,23.671409184874854,23.915153196300228,24.216757101756006,1,0.920799476727692,0.988727078466099,0.843797505224354,0.014301030482773,False
P80748,5,Ig lambda chain V-III region LOI,,23.909450692854847,24.61557493151716,23.33915386690111,23.47129019740591,24.295432683896408,23.973095828674115,23.832415674591232,18.438274701458464,24.714107334912455,23.097552167036586,23.111962451799656,24.587576659667267,23.47463891682399,23.912859485204162,23.53353286634264,26.077576842184172,24.990829593994796,23.944564537102504,24.89039050812024,24.292665564338506,0,1.49631516664996,0.117334303567851,0.465667720371964,1.63436902252086,False
P82909,3,"28S ribosomal protein S36, mitochondrial",MRPS36,22.5682537049542,22.537611204860337,23.053641042890565,22.36609485731866,19.991554178458134,22.275871243429663,21.272404350415066,23.20560765161784,23.047146431067784,22.002747526143786,19.947774332664277,22.545543092888074,21.27191726100456,21.033826624164057,21.404518804720418,19.52535203477601,22.288919817589505,19.648088822141528,21.27721992191166,22.177377304830436,6,0.499601567782134,0.025579917066928,0.263572849645778,-2.40617281739743,False
P83731,2,60S ribosomal protein L24,RPL24,21.078219853810822,21.897581236015874,20.792309643528757,22.330075894414797,22.57791054637184,20.192925389551664,20.986766568592202,23.14485134120689,22.256900676128577,21.78388615742089,23.100965041839252,22.3821333812962,21.91493770563403,22.550220432013077,21.297992129038192,22.36533925918169,21.648255496218574,21.766728734153734,22.701368781308066,23.075323460200533,5,1.34992016361794,0.13636396287113,0.486433579823015,1.54986459814161,False
P83916,3,Chromobox protein homolog 1,CBX1,20.621333497686656,21.03142180832276,21.08245019170873,22.416519163601095,22.076048653294553,22.135074041707107,20.336819794853046,22.481800237899783,21.20034127308091,22.08520326474547,22.20509081820505,22.336597982186735,20.6602309310251,21.615985442133802,21.33484276094857,21.5887497534633,22.09652753727782,21.10197830895413,20.99970134323298,21.354325693898506,3,0.916201618175297,0.95911223269178,0.839761241480311,-0.0518935089457571,False
P84085,6,ADP-ribosylation factor 5,ARF5,21.695386963856667,17.869497017929092,22.360267474528165,21.511144087208233,20.328142082013017,21.039475537250357,21.03378478224674,20.452489927412497,21.69619899606559,21.328414316890377,20.691565928499095,22.57228881573699,21.770713911981865,22.118027960804017,20.18795799974962,21.633544631895614,21.925226793802118,21.262720164893842,18.8839333740079,21.84920371784169,10,1.22671021964927,0.49369294827114,0.709261894965122,0.696807526791985,False
P84090,3,Enhancer of rudimentary homolog,ERH,23.928119358596806,23.080450645222015,23.130639683224803,23.895374867731256,22.687020413450078,23.684862274586955,23.49837487985558,23.821603161021986,23.570109287026014,24.889491562949495,23.91874432045239,22.88699099466664,23.776234471896935,24.69783530874334,24.561424275794757,23.944479587487468,23.056787051264834,22.30160902195615,24.018314983628866,23.77720253000166,0,1.00813390252259,0.798686161691373,0.812593916944395,0.258360448102796,False
P84095,5,Rho-related GTP-binding protein RhoG,RHOG,23.187806093187245,22.724682036333128,22.223389462021945,20.41526478239355,23.086341693845288,22.739128236760923,23.139263868108028,23.242320438693493,22.661651870317375,22.901568073131063,23.794646032388023,22.169413097125343,22.682672352847092,23.219871965329613,23.288344505241593,22.260995078200004,22.291037234026252,22.085930754753655,22.888182664817965,22.582353801904013,2,1.00242001168266,0.767575292317935,0.807231985594737,0.299469165985865,False
P84098,3,60S ribosomal protein L19,RPL19,23.16103756476476,23.542229350300914,22.123004295640982,22.89972423016943,22.75849520879229,22.204893211065595,22.150704692587,23.45011110775515,23.3352470915408,23.15754572328543,23.283573718358586,22.371338321851535,22.70015727966251,22.784192946238218,23.30719117218768,22.38716684068906,22.562115026197578,23.229078308226406,23.636479316666577,22.817602769953293,0,1.00099784417109,0.9110625436108,0.826708499711055,0.113075701498927,False
P84103,4,Serine/arginine-rich splicing factor 3,SRSF3,23.845960723811004,23.93357556687119,23.35311889053874,23.627911765320057,22.950298209777866,24.407670115921995,22.909879868790853,24.010282701280538,23.430656944883456,24.538654296596377,23.613964184442924,24.6045111766986,20.91947729203956,24.743891703918052,24.49056876920503,23.543965401726943,22.640349237506793,23.15726518196715,23.669853512118948,23.77470102182999,0,0.949556186790272,0.640585347533338,0.7585186811081,-0.473839677547744,False
P84157,5,Matrix-remodeling-associated protein 7,MXRA7,23.53648630480135,23.079180506995915,23.220886397774038,23.489983223824634,23.86381011670333,23.876220720397118,23.803790331352033,23.435300410030546,23.15091714264741,23.57492054707343,24.331390652684224,22.858193516080522,23.149327331600364,24.08704078623039,23.92637306136246,24.030176258109655,23.343633271715202,23.334156668248724,23.491041105674203,23.502515442808892,1,1.11885284674251,0.639624878760426,0.7585186811081,0.475209879803456,False
P84243,3,Histone H3.3;Histone H3.2;Histone H3.1t;Histone H3.1,H3F3A;HIST2H3A;HIST3H3;HIST1H3A,23.486241051850097,24.217232938155213,21.808558640224255,22.147653041960325,23.185486887341117,23.091388694437224,22.37813206056684,23.8798296287011,23.221201747061418,24.015976280017746,24.31949977747596,22.63931704005013,23.55650854271414,22.414752664604435,23.973288394685426,21.421035567159468,23.844047372168887,22.81625728937797,23.432562485257606,23.648107854312897,0,1.07656201931701,0.86816598447554,0.825812662811676,0.168066535862839,False
P86791,2,Vacuolar fusion protein CCZ1 homolog;Vacuolar fusion protein CCZ1 homolog B,CCZ1;CCZ1B,27.146772555773836,26.928661222422672,18.35201284238242,25.920812646992662,28.025583985211426,27.2792747353661,27.31351068215475,17.668395282061617,26.7626205397961,27.432032709997614,26.669383501354854,27.455474286218408,26.998355412234652,27.214488885555152,27.19151302124962,26.842451591519154,27.299785862911296,27.15951085130451,26.93754136553462,27.207934738749895,10,1.17048004824676,0.129654505587684,0.479570085952473,1.57846569930776,False
P98082,9,Disabled homolog 2,DAB2,21.12280817219308,22.35348325523893,22.192265015119652,22.804022128178577,20.229604777367765,21.660860480481787,19.83155251391306,22.670384983023492,21.855703112342795,21.615655453920922,19.299961136595172,21.706303952255574,22.05301158805847,22.14714104437472,22.916783058700393,21.30722031176194,21.15457268143859,21.2280303079711,22.385493925129335,23.115910358099292,3,1.09416792442507,0.836946750441241,0.819283344390874,0.208415032343822,False
P98095,13,Fibulin-2,FBLN2,23.436993956018565,22.014618469442176,23.216233917427182,23.743952220034597,23.462754152281835,23.388913755884058,23.234651593487126,23.61830112217271,23.034401953698044,23.690432136820682,23.373121190451375,21.751266721100507,24.082454027176166,24.9090196607264,24.683045457576526,23.56084356366607,23.43775754695734,23.05761309223391,24.080567293933775,23.569977713381572,0,1.31088910750083,0.281113207870055,0.59687397298761,1.10678452887406,False
P98160,56,Basement membrane-specific heparan sulfate proteoglycan core protein;Endorepellin;LG3 peptide,HSPG2,24.905646624845698,26.340520882762593,24.75841672460194,24.612996471225532,24.04348343041168,25.213916775050958,24.591100907483675,24.153414528139216,25.52085245960745,26.57724399924558,26.968499748515402,23.47760576514851,25.202501992304963,26.42454877094318,25.48051010337826,24.182593175426693,25.406939634699373,24.976791513610234,26.057569717166505,25.534307803708046,0,1.28047571821504,0.465472263111183,0.69086707470759,0.743638629409038,False
P98172,3,Ephrin-B1,EFNB1,21.46576396759338,22.0726320636367,18.631776980122023,21.675115068606047,22.007494289045294,20.186702308108096,22.01462758631321,21.848093322622436,20.442612846928547,21.246793554637744,20.768518344892406,20.537505921961326,21.11203689590996,20.918623976548837,20.490988950075426,20.558377411461915,21.083173088775645,20.757122854225102,20.843355370641387,20.699598114677272,11,0.638717312358036,0.324406531394348,0.619186017833498,-1.00952324383626,False
P99999,7,Cytochrome c,CYCS,23.449971796885993,25.244688306301846,25.131837276969538,24.449139577949925,23.31717620135748,23.21488810388194,25.045172285525027,24.32047229491143,25.004805085704362,23.437099678690924,24.637248404363444,24.46491798970914,22.96249149948233,24.627598734907824,23.64544625755061,24.244577058076352,23.885377647772312,24.254281766533907,24.19777635306945,24.326065771312436,0,0.837081907661694,0.667906304426267,0.768339943129565,-0.435235443679142,False
Q00013,6,55 kDa erythrocyte membrane protein,MPP1,21.601328997320092,24.470773171264874,21.686094283745472,23.922980794622205,21.50138983287701,22.64751518027685,23.19133224777381,21.378457406055492,21.176683474036693,22.72891160234977,22.247815268321208,21.099977386720695,20.025574673575598,23.829469876421697,23.768308713476685,22.895275247338123,22.885771968053355,22.440472076860924,22.033394180316538,22.77589961528397,3,1.00278381274739,0.952492117047796,0.838202221894998,-0.0603054975323737,False
Q00169,4,Phosphatidylinositol transfer protein alpha isoform,PITPNA,22.521095001292657,21.432718076236995,20.814640773799628,22.29085091316769,22.34986448198623,22.593367336917765,21.53103917905093,21.240820962648193,21.63192624058486,22.173439511437806,21.456965901153282,22.15020184397218,22.10452243435995,22.039407157146627,21.871107990953316,21.71549108776221,21.628815927918883,22.349272990764725,21.848524488891336,22.31867684809179,5,1.00967171031115,0.740631371436029,0.798823546685696,0.335501270198724,False
Q00325,7,"Phosphate carrier protein, mitochondrial",SLC25A3,22.940695290951403,25.449815259717177,23.186964605045375,23.410568585986326,22.497689482579805,21.14332607157186,23.019330775966672,23.126492324541832,24.143139194079733,24.119084135384213,21.84989847943937,23.650877140883598,24.074584010146534,23.18823469023576,24.30064350863617,24.232419824687252,24.84292356841917,21.584829684615947,23.911361332276847,24.427064142077935,1,1.11831281164998,0.535159877837826,0.727049936758826,0.630692056588129,False
Q00341,7,Vigilin,HDLBP,19.001337583797966,21.85408023172095,18.987574111401287,20.27751473483861,19.645862299336567,21.155475697469523,14.373524937159006,21.898726534557774,21.510980296908173,21.010281026037685,22.96139469545976,22.768079734494453,21.390439544298395,22.21581927875268,21.608938249328354,22.315953331130665,20.55151026685045,22.516690971809737,22.01585166126773,23.362045740238237,6,3.02279313041809,0.00674449921654854,0.175323277667773,3.01047400070447,False
Q00577,7,Transcriptional activator protein Pur-alpha,PURA,23.971619649147996,22.482658967218597,24.34731518442878,23.83460390421829,23.034803658900437,24.35929189702639,23.09657154424354,23.87500673084249,23.619968555424915,24.078981314318963,23.87343637176434,24.264567581816852,23.72191203284559,23.036047794974603,24.025495743508706,24.108177026091234,23.31815172870732,23.32420871975011,23.27473411669011,23.537369255729065,0,0.939687721895705,0.932615808343142,0.830457351070302,-0.0855911667768885,False
Q00587,1,Cdc42 effector protein 1,CDC42EP1,21.69263710916579,20.985832883389406,21.41842605617281,21.303629026080333,21.239801616238804,21.15401587167104,21.063297988487015,21.620588329454325,21.450063719415837,20.913490307748617,21.413989503663707,20.84349416006081,20.629881963427273,21.325068685294905,21.62393142677595,21.129316021552697,21.217454810455344,21.196383881243225,21.421959267775563,21.310122232466124,2,0.955132943718044,0.738639603931383,0.798823546685696,-0.338182379264678,False
Q00610,57,Clathrin heavy chain 1,CLTC,27.77425749650907,27.30718710545442,27.5657729422013,27.45344227761448,27.32793914562241,26.59448476528104,27.839066873103633,27.191200317347075,27.69724424785138,28.10843067347981,27.898303871847183,27.16048375186811,26.904905869179107,28.675407099677564,27.870341537146,27.82287518788431,27.811271110348027,27.940348892653162,27.377757549459027,27.555361479712168,0,1.16056830359176,0.310294842466579,0.613979024606205,1.04015146029844,False
Q00688,5,Peptidyl-prolyl cis-trans isomerase FKBP3,FKBP3,20.7042585264141,21.436497864944098,20.545868731098125,21.56316590184842,21.34547637052279,20.510593657344867,22.176089168798605,22.172388826149945,22.14227370203945,21.39297037666082,22.17452323850437,21.548695734286476,20.45101981926492,22.625712289934427,21.364607812396244,20.425067416724982,21.607057689153294,19.523469586218855,22.471623386470675,21.338292479652456,1,1.0131121144061,0.903173840035315,0.826708499711055,-0.123156571150593,False
Q00765,5,Receptor expression-enhancing protein 5,REEP5,21.940037650803077,23.241120169736238,22.719597123678376,22.78497645379475,23.18223615153435,22.385683901973863,23.127662731118733,22.731854621371575,22.935854813386182,22.630715742250292,23.33415400462587,22.41520656869976,21.699087611455447,22.80918421484196,23.7842008932853,23.02333090574666,23.103816161836928,22.9074144365884,22.718998916832607,22.344468611349903,0,1.06626633916311,0.863087852851161,0.823820601352691,0.174608357321098,False
Q00796,5,Sorbitol dehydrogenase,SORD,21.60711297891564,21.145302329204426,21.58472457087664,21.83883725407073,21.78586848104534,21.906707179595646,21.061858450841118,21.935175799746755,22.59989869441203,21.27795889243252,22.090299728667382,21.81465488962736,21.577746329021757,22.64737153773334,21.737700936009432,21.478631141997415,22.757155402745482,19.335050686877324,22.956388658610976,22.52079412791276,3,1.31757656835365,0.573161619359942,0.735939313452343,0.572503442866438,False
Q00839,15,Heterogeneous nuclear ribonucleoprotein U,HNRNPU,25.756753597198497,25.852261604969563,25.59391255403262,24.97860660983036,25.855236001818543,25.821831500217005,25.54108743852238,25.528611969025658,25.727805125639673,26.248265485964094,25.8560322284851,25.500221239561764,25.716542058886773,26.61533946290043,26.327028728787628,25.45191530488443,25.81208763952835,25.485586448855834,26.16127989706556,26.27346327676828,0,1.1562647162864,0.214609426692506,0.55792310220854,1.28037160118367,False
Q01082,137,"Spectrin beta chain, non-erythrocytic 1",SPTBN1,30.437473050465464,30.269877426410375,30.206152133559886,29.438011571396828,29.76074666634621,29.986213074407818,30.178731829994963,29.927674524295863,29.99443328920585,30.018379690250327,29.880317151654104,29.865547758821567,29.80841896488632,31.059363896406396,30.28478310424895,30.041978704334433,30.27424347166762,30.342632365698734,30.16321630219132,30.083188472149132,0,1.13066198027404,0.312009541545371,0.613979024606205,1.03637807887556,False
Q01105,5,Protein SET;Protein SETSIP,SET;SETSIP,23.512536788997807,20.641836065393182,24.092634767097586,21.065386995455608,24.87899793012034,22.516935241291222,23.260750533656825,23.46878204245666,23.634466689156454,23.62899148165431,23.50804314286296,22.927020458600825,23.589988222597807,22.91473269423684,23.41107001789147,23.049492010202485,21.734500679643602,23.883423450894647,22.167148582266023,23.197756372032188,2,0.789053943831766,0.944346943256798,0.836413853594076,-0.0706615404629816,False
Q01130,3,Serine/arginine-rich splicing factor 2,SRSF2,22.650153405571444,22.637070540672035,22.938430740011484,23.062834480107313,23.02377375864211,23.016939034837108,22.70204432173823,22.95371608587046,23.29021581929743,23.42232241067029,23.42944791883646,22.350913899466764,23.96381925560816,23.87054745658626,23.648590532847614,22.470087168275032,23.56551572890135,21.830535829670158,23.866418059794253,24.457787529295263,0,1.45325736140186,0.222469817597311,0.564550493478806,1.25788886248527,False
Q01469,12,"Fatty acid-binding protein, epidermal",FABP5,29.322432958370307,28.92523677660513,28.432963974028855,28.069534961316837,28.967968842704444,27.539723142539042,28.864080963260886,28.61214461993504,28.45831215470038,28.065615188874755,28.234598220362834,28.41323850595942,28.05351648944858,28.74639290972655,27.64640483952292,28.70380492269119,28.808207946871054,28.78242224411305,28.197157748388463,28.780819546672017,0,0.954610788077083,0.638116453001388,0.7585186811081,-0.477363666480756,False
Q01518,25,Adenylyl cyclase-associated protein 1,CAP1,26.936203557591625,27.020812800833415,27.26315693382017,27.020431945962805,27.195503198947783,27.201796323219934,27.103169684317784,26.86856060824622,27.109049808235504,27.500376965553016,26.950563981801846,27.110345782212143,27.04685298969088,27.80570410114224,27.242831378311053,27.325131592417808,27.19608507474505,27.122796104314062,27.12048909002592,27.044951419238615,0,1.04560734918267,0.548533220580012,0.730613623538725,0.6099734333771,False
Q01628,2,Interferon-induced transmembrane protein 3;Interferon-induced transmembrane protein 1;Interferon-induced transmembrane protein 2;Putative dispanin subfamily A member 2d,IFITM3;IFITM1;IFITM2,23.909027293741968,21.51468493950447,23.358367480057773,21.23559141190019,21.9679551581227,24.80260611413091,21.248870297138858,22.33858447892345,21.81109814291017,22.18885542773638,23.434356216772528,24.469223949194802,23.423931027232328,20.601185770061825,20.86426791864693,21.04486588115004,21.799548219940657,21.57253011651878,25.356163209292852,22.615469277493407,2,1.33785312106608,0.897629490189519,0.826708499711055,0.130249413030248,False
Q01813,5,"ATP-dependent 6-phosphofructokinase, platelet type",PFKP,20.182920576553133,19.612683040329696,20.996861264914784,19.689951956436094,20.410952608517025,19.74021510288337,19.923099344580542,20.876355609439777,20.52134475049412,20.648216130515937,21.300713120047742,21.577087004064996,19.25285146399568,20.46862295683145,20.563290959517715,20.17463812122603,19.489890550603363,20.248280358727776,21.234440104146262,21.19945487859111,12,1.29626149668385,0.380232229475127,0.652282376340139,0.896664135781565,False
Q01844,4,RNA-binding protein EWS,EWSR1,22.031217581575643,22.13744145293314,20.875682579625597,22.32367019623055,22.2199275281049,21.91191180620669,21.45531471371904,21.79691944801256,22.21902088214615,22.461802531495522,22.25970296453223,21.638567365788074,21.043585549199634,22.415771902845794,22.72035807899924,22.506830182772816,22.291000759464513,21.153058012739262,22.255586846589683,21.61448001668854,4,1.05914708570954,0.872101104408789,0.825812662811676,0.163002369599318,False
Q01995,21,Transgelin,TAGLN,29.699817581496568,27.88776575668939,28.65053389139313,28.543173762268303,28.6612861442592,29.055713172364538,29.586845001227,28.149233106058134,27.67620664944651,30.011219027342687,28.571227663241768,27.836761816693315,28.23705071452145,30.390998924586885,28.867780509886742,29.461575660771818,28.10453958548515,28.51873183029804,28.14934303097885,28.632989701063977,0,0.87801195084331,0.729219974481306,0.795870457583298,-0.350896889109237,False
Q02218,30,"2-oxoglutarate dehydrogenase, mitochondrial",OGDH,24.420141535788172,26.115601909443942,25.857547284437892,25.15441895186906,24.072613034963055,25.280872861957768,25.266011358251195,25.325521794061473,25.64489747236763,25.05573369659245,23.686074873011194,25.285333848472632,24.533543100504048,25.585029113937374,25.068027964107493,24.60913609184657,24.961931232844528,24.661829740483213,24.029431333341215,24.942966034788775,0,0.698367647458081,0.0858866206575293,0.419883675208394,-1.80370526480129,False
Q02224,3,Centromere-associated protein E,CENPE,20.68050744654735,20.557084092628255,20.362648481688225,20.689389842906753,21.876422408594944,20.81744997848093,20.256670630595718,22.180043971798437,17.656364293245662,19.926429996487094,20.695394776294602,20.969643724197585,21.3578325789113,21.06733786607323,22.327332108250662,21.555816461924763,22.062391239906905,21.522453650268623,21.74045816148995,22.865514941894766,11,1.72337207055542,0.015617075186972,0.212357344759836,2.63488508899662,False
Q02252,20,"Methylmalonate-semialdehyde dehydrogenase [acylating], mitochondrial",ALDH6A1,25.034176459412055,25.58769710640595,26.82694387374012,26.03579566500094,23.636349621879504,26.239487394865165,25.54207475900773,25.26917336804211,25.68094302283418,24.061880963754483,24.39607080367406,25.563554662466185,24.32587996857057,25.116023726880705,25.535389651810945,24.962772772135338,25.201336789448213,25.76976273768734,24.086660338511848,25.243789393554643,0,0.695227598328721,0.297911046576722,0.608461038679821,-1.0678535691959,False
Q02790,5,"Peptidyl-prolyl cis-trans isomerase FKBP4;Peptidyl-prolyl cis-trans isomerase FKBP4, N-terminally processed",FKBP4,21.84317724587525,19.331293622769863,22.94558749072988,21.322682337177202,24.225149720505442,22.276832389616082,19.36720627125692,21.153441029406927,21.98848749829586,22.53139991347572,21.855324170247055,18.80570643182759,22.327171821466223,21.157384719595154,23.18975210622586,23.098736367898848,21.812643671103974,19.647947362801947,21.80733753055266,23.319197632010585,3,0.892453127161021,0.995610372736376,0.843797505224354,0.00556859106055876,False
Q02818,9,Nucleobindin-1,NUCB1,20.304361305779494,22.82010477979379,22.479842069014666,23.75621790741157,21.95410118516563,21.157650278423947,23.080020090830796,23.48266896077161,22.690917992184616,22.86605037597112,21.278837199377243,22.048453008271416,21.854526859663572,23.292294043597447,22.825084796889342,20.532454891947154,21.387314218478366,22.01155024246499,22.382280489494697,23.022915614396883,0,0.704566349340531,0.367780950720638,0.645446865644454,-0.920811683127179,False
Q02878,8,60S ribosomal protein L6,RPL6,21.38976443012858,21.862582344415028,21.294635749087412,22.843695545488295,22.562264905759957,21.143665285822298,21.203782215954547,21.98138480055149,20.74024663100194,21.942559052384247,20.504298114087014,22.40258813301029,21.792175071290178,14.5589855122076,23.240332076674402,20.428201075804065,21.06897651838746,20.50461095644469,21.644066814272588,21.79382853152539,3,0.843344515614372,0.235067933696846,0.576012803632395,-1.22309518944238,False
Q02952,66,A-kinase anchor protein 12,AKAP12,28.79748533178504,28.257906436977414,28.295608547406395,28.81171374305263,29.000088885056183,28.908634716438637,28.32599823639025,28.257173253317738,28.082717972837784,28.627969204151544,28.073896209963102,28.01666319281135,28.525564977073728,28.325423025041612,28.547447935009664,28.23602233209574,29.043626658264415,28.404516312172113,28.568640901452195,28.196498697056676,0,0.905460504743802,0.340946577599529,0.628450739902339,-0.974787432627365,False
Q03135,7,Caveolin-1,CAV1,28.72351666138734,28.28866489187935,27.25130522973904,28.02339958644084,27.559626669908823,28.432535881745476,28.323831501573423,28.136181867671603,27.987593572668633,28.030663459722284,27.729059943650203,27.819156519764867,27.788906390885067,28.858829237520695,28.32173849363768,27.11737259627193,28.558567731004114,28.475782153541456,27.733392868010146,27.568281992604824,0,0.982165417115955,0.71374334595461,0.789207019147749,-0.371917302094572,False
Q03154,11,Aminoacylase-1,ACY1,25.057655210935447,24.377891120086222,24.850121208669396,24.924923588292902,22.68295895412242,24.252729325725056,24.40720605130263,23.012849245394563,24.296478167992895,23.563149058271364,22.026273277318605,23.639839709341413,23.7210164557033,23.193414073406405,23.91533774103414,23.595337095149382,23.934028952174593,23.642289168060184,23.94365591523569,23.741708359603887,0,0.605235153571761,0.0601074855873822,0.363237063220638,-1.98904184525412,False
Q03164,3,Histone-lysine N-methyltransferase 2A;MLL cleavage product N320;MLL cleavage product C180,KMT2A,23.396608668516727,23.144820457364364,21.7572041169449,23.241666636050496,20.281060218678633,21.794416689413996,23.08504809673285,22.867726856723138,22.359157546791167,21.674877627612474,21.590052123722717,21.0233109592068,21.307222389185576,21.20650115787005,21.472335875594382,23.499210048179314,20.911309119176106,20.09541197328133,20.31331036309172,21.820314282132564,10,0.518521358041426,0.0285754694720015,0.272440420479985,-2.35378880627389,False
Q03252,24,Lamin-B2,LMNB2,25.483133721482485,24.844411006773196,24.80842932742919,23.998136246821442,23.130064654738085,25.45824994477466,23.336911965961495,24.157979101962233,24.934636182138355,25.707701903507097,24.363846683043807,24.58996760033842,24.761850536763948,25.253565166416884,25.1554939729749,24.274357143651525,24.053763696129742,23.990826991227298,25.418156084160685,25.056315903269226,0,0.951291885819836,0.746193310050314,0.798823546685696,0.328027596508971,False
Q03591,9,Complement factor H-related protein 1,CFHR1,21.670791540240554,22.20389392911468,19.230547548253522,21.156793467304485,21.97367890740322,21.80313600027185,21.274695137494277,22.11230082056026,20.862957725154704,20.368061045518836,21.802576880555527,22.04023159324448,20.770796936703732,22.29791235208756,20.965168449866717,22.423014952136988,21.10394512751127,21.914495333061588,20.98855568952999,21.261229773534716,3,1.14342915879673,0.445397869260174,0.6854200276689,0.777989037271531,False
Q04323,6,UBX domain-containing protein 1,UBXN1,23.44633538971394,22.792568128825565,22.664211009742196,22.059675049106414,23.07236087395881,24.009312772118488,22.46612032745052,23.50406194198285,21.621624020466545,20.85952624355477,21.60479674640569,21.088190064430098,20.806734618222293,23.45573818712422,24.228308927318167,23.317941037603735,21.12608791655895,22.762876043557718,22.797675970862343,22.753692720691433,2,0.916022672873039,0.592592988539646,0.744753316101235,-0.543517445128746,False
Q04446,15,"1,4-alpha-glucan-branching enzyme",GBE1,25.653503155541138,26.241067065501028,25.527872202234803,25.512190606301736,24.733889162504216,25.48086871007841,25.763282177449057,24.99505944805308,25.751528014536014,24.9558384766079,24.675124341129177,25.81363300482399,26.147896016732805,25.770366540442904,24.996260264502155,26.463935013689454,25.35084915598609,26.178078391202757,24.625138665950914,25.507224306160246,0,1.13320703904488,0.719833930109029,0.791353431452998,0.363625144134174,False
Q04637,13,Eukaryotic translation initiation factor 4 gamma 1,EIF4G1,19.71061185262912,22.464865689279172,21.928914975622547,22.238331697157644,22.265189080036244,21.53037658178,20.875222455736438,21.420828196315178,20.780447054897817,21.61455381116834,19.84427397720181,21.15591183298031,21.206919660281404,20.92080092648607,21.479942726420962,21.188294511099787,22.41192380777783,20.810503959342967,20.711702820470375,21.871909219506527,2,0.884570332120335,0.37369362809775,0.650564800765487,-0.909278217188519,False
Q04760,9,Lactoylglutathione lyase,GLO1,26.43830728506721,25.845961486095685,26.252867022068806,26.203890954334824,26.159855558609443,26.23033574887674,25.96304736520258,26.02414556891866,26.34502693492634,25.963363185771737,25.954054888748047,26.016061585182968,25.483321697231997,26.697626397311275,26.18797626513204,26.611930567819407,26.371478825274195,25.45461174334212,25.889023443753615,26.386959755896882,0,1.00843344556119,0.825545772656997,0.817624247495614,-0.223235231319395,False
Q04828,15,Aldo-keto reductase family 1 member C1,AKR1C1,27.9781315183654,28.945309335369686,28.533193478711198,27.674305000076046,28.595130039525372,28.90204767842064,28.922925490901488,27.284134768603554,29.10942141530471,27.65559526063702,28.334740669358833,28.780333957189665,28.367951621014225,28.985818378806833,27.964333838767175,28.552049714606945,28.44413180912343,28.707622294384574,28.494475078562168,28.086844326639856,0,1.00826575300887,0.628401412408206,0.758178549609215,0.491290903568427,False
Q04917,14,14-3-3 protein eta,YWHAH,25.975678376800882,25.405940229575076,25.33444374110427,24.346133920062567,25.43150031285859,25.42995962556767,25.374427140636968,25.19740323942305,25.413114643743448,25.547074981431606,24.727529294335692,24.66314313971837,25.546665531846234,25.195925559696512,26.163250904534806,25.169128279400997,25.220092978185814,24.678104904517987,25.40756441690381,25.353340800721636,0,0.92380039127991,0.53196758051734,0.726830710757849,-0.635678827063504,False
Q04941,1,Proteolipid protein 2,PLP2,20.80114624514836,20.073369460621624,20.03283651075554,20.30084555939519,21.661283757335386,22.31128042095568,19.017472552257505,21.080727988023174,21.746273183547924,19.477616242659884,18.74872950168641,20.329819631848657,21.75152813365916,20.169615570581012,18.70220954986452,19.605170985439102,20.750210806271536,19.51287815725017,20.89574568571452,18.174007898776324,9,0.650023361734734,0.120582751070763,0.468473175942793,-1.61916802728459,False
Q05469,34,Hormone-sensitive lipase,LIPE,28.471605273462174,28.34394072987667,29.003990274327165,28.61453207985963,28.432246270320967,28.15098663153336,29.157832896256867,27.876601855736943,28.87482715783126,27.511126339540308,27.993993810553363,28.343235345403453,27.9278586513087,27.68986311734129,27.73973090214517,28.15236372979498,28.59815054697152,29.164239467890592,27.25115961481081,27.823708214231935,0,0.784222209322101,0.109436141636107,0.449353564697873,-1.67286586468137,False
Q05682,24,Caldesmon,CALD1,25.7552310822754,25.243901908614333,25.5502897492764,26.14719603423535,26.20771329561004,25.559965229473068,25.83831757259813,26.41448015365336,24.80531717715185,26.27874086828373,26.05803782691149,24.922229967474824,26.418256286657027,26.735798205417677,26.32933414950599,25.87909353860361,26.213877208894445,25.713162143156637,26.52608885990505,26.138945754258618,0,1.23498891245131,0.194884173908653,0.539227987617833,1.33974963055955,False
Q05707,37,Collagen alpha-1(XIV) chain,COL14A1,26.40812887054432,25.99441049761856,22.748177904683264,22.62833094751762,21.064855285919442,22.084136597253252,24.102215465217675,24.22911568755444,24.87545026984016,26.255362469679746,23.287283721822057,22.015988361420963,24.47560853061522,27.496258191199402,28.333658428755058,25.21234172470325,24.233825337180463,23.610996873434086,25.377277660744205,24.471978654488574,0,1.38958569208973,0.312941563843083,0.613979024606205,1.03433321818836,False
Q06033,10,Inter-alpha-trypsin inhibitor heavy chain H3,ITIH3,21.533587973643296,21.02601745180869,21.28981608694358,20.56268374754582,21.495719135021883,21.266274783006097,21.37651654833528,21.53761805163482,20.41213997027784,21.333647589688304,22.077084960926214,22.854281605847337,23.116883764866028,22.4989321191897,20.663008694963313,22.63014648304411,21.632852648720895,20.818156448191946,22.553297849438685,23.557365168417817,5,2.39369274476017,0.00722595993955987,0.175323277667773,2.98013463530563,False
Q06124,10,Tyrosine-protein phosphatase non-receptor type 11,PTPN11,21.850323673061297,22.903648909464412,21.376486644230116,22.31055526873382,20.871213630311466,21.739631574402623,22.824653629293678,20.805115462662798,22.293487427149504,22.105771805186066,21.41783409400994,23.536773007149833,21.89761213662117,22.291962463804474,22.514061880911083,22.393725541265574,22.56623964946451,22.001166874294732,22.70163513085267,21.539044613725416,0,1.22627664315132,0.269774107388026,0.587927183588789,1.13403208756241,False
Q06210,12,Glutamine--fructose-6-phosphate aminotransferase [isomerizing] 1,GFPT1,20.902758120268896,23.37083395073863,22.54147513445333,21.338936360750015,21.777267470890166,20.515116828419128,21.997096356497412,21.94773688801725,21.547595332534748,22.94400653678139,20.249995828993345,22.20699198608284,21.766549389388068,22.590112182374252,21.643502289486594,21.114505215718133,22.303437917716114,23.145402189746523,21.58614439306764,21.287381054927756,4,0.909728485271541,0.806063899357676,0.813589620325639,-0.248681014862553,False
Q06278,30,Aldehyde oxidase,AOX1,25.71639534203966,21.49423534120526,25.385603317345893,24.330142730554822,25.408435228360812,25.319581782075048,23.50575888002856,25.494328946528366,25.599134105333793,25.475250973039984,26.153087042749192,23.916366985561055,24.64975804541411,26.003706478493047,25.84641313236494,24.281811079050865,24.96593396491815,24.247048902549732,25.01636019518266,24.998934815381627,0,0.919074580941288,0.608734449789916,0.752218059563864,0.519793910166283,False
Q06323,14,Proteasome activator complex subunit 1,PSME1,25.192029699895162,25.10553060677989,24.870917299488028,25.766550689484326,24.96574529716937,24.92516862251251,25.197073335440763,25.265068750379246,24.427940836561273,25.5866027659112,25.391563569479207,24.54326172105629,24.81388459994286,26.085417816894164,25.425125138733314,25.648101862660297,25.389589283777802,25.494094978994713,24.73396023828937,25.492425764395442,0,1.15701304861882,0.415957669293942,0.670306432105353,0.830132509406584,False
Q06830,14,Peroxiredoxin-1,PRDX1,28.600151859403475,28.060989974091644,28.621917306441542,28.310651199936395,28.84340946381866,28.542589309916327,28.55286093790616,28.581826447122737,28.401559626540415,28.592187093919893,28.71293159561187,28.848213095471948,28.599146194047968,29.04790484789014,28.763979218177543,28.69808461254279,28.742476797747884,28.892960791242853,28.613510245752035,28.791238892200035,0,1.18825895474829,0.0229321381623021,0.248645460513951,2.45745355031383,False
Q07020,5,60S ribosomal protein L18,RPL18,21.158550009935162,22.73595711113279,23.04663443578979,22.244961891352812,23.753078464729562,22.27545862881324,23.68293672997671,21.382451259735753,23.036829721876657,23.436254123225712,22.376775486752294,22.92095100690088,23.088096373499592,23.224348890572237,21.799130697878216,22.279169059559656,22.880362009600713,22.49362034504333,21.50777041836311,23.37363207234845,1,0.873557731808033,0.825191463220793,0.817624247495614,-0.223696605295644,False
Q07021,4,"Complement component 1 Q subcomponent-binding protein, mitochondrial",C1QBP,22.40005661038213,23.906551485684766,23.118476276651567,23.866037357033477,24.071331585993462,24.172285009406696,24.154784339422363,23.373203960339215,23.742935533986095,24.3567851263627,23.746530301686605,24.489869049863174,24.282297584508193,23.74522580932364,24.285577337288423,22.53990147192998,24.08006261687076,23.656769861376638,23.58917916341126,24.24604631530971,3,1.07786104073642,0.565632030578116,0.732675882289056,0.583868874351809,False
Q07065,14,Cytoskeleton-associated protein 4,CKAP4,23.870377630498762,23.48025413241669,22.921624880558227,20.228087605434393,21.81810320732174,21.239634105496165,22.09015352781293,22.52330911129038,22.530085021895694,22.96171929685852,20.821873582570063,22.221627425964325,23.09893859458351,27.011425249579066,23.604843404340908,25.835419584029356,22.798737056872447,21.930051175782744,21.89132110713349,25.27672572609589,0,4.20185750736726,0.128834302136836,0.478135953929421,1.58204604473435,False
Q07157,16,Tight junction protein ZO-1,TJP1,22.84701147211425,22.242681395129786,22.088489395438256,21.53449322563566,23.275242131681157,21.641758899246366,21.743086935579544,22.395045131765148,22.355913888135706,23.75697467894247,21.460394931604547,24.774567941423207,20.13847800816539,23.39947863933842,22.682496631744318,22.06905337496172,22.40981891519255,22.452592248273398,22.936774328868935,22.68231537130912,1,1.26150992825178,0.804710221486548,0.813589620325639,0.250455159948325,False
Q07666,5,"KH domain-containing, RNA-binding, signal transduction-associated protein 1",KHDRBS1,24.23445107568083,23.507676322249374,22.351658501872773,23.906050557067253,23.7000682380417,23.611484013660586,23.367533711898652,23.333275901235993,24.17316132708987,24.08537223403472,24.318897783085735,22.70610815448101,22.43464608512224,24.439763740336762,24.397735832188086,23.45539957267467,23.509649579160612,23.775148025910408,22.995575285573377,23.690456638886825,0,0.94557046811172,0.855859545091032,0.821068367518388,-0.183933693366651,False
Q07820,1,Induced myeloid leukemia cell differentiation protein Mcl-1,MCL1,21.11565209739766,21.13541124393253,21.267409330603332,21.54050788638234,20.113641750059276,21.50223666212708,19.51460974382993,21.95579726583524,21.522973457138043,20.045888312152975,21.15482950232545,20.799978346967073,21.403548569695563,18.97573314090183,20.326407652340833,20.396751558665716,19.93092133108586,20.61762836541042,21.712365763407384,20.63394706095319,9,0.76889873658693,0.325687348757298,0.619186017833498,-1.00678999097194,False
Q07866,13,Kinesin light chain 1,KLC1,23.36559324594467,22.453405968396318,22.83836650732168,22.700325973268736,21.252717859161205,30.256936427688423,22.563177783154703,22.915291884261713,22.398666910219312,23.266293250633126,30.119806638361855,19.423434013865144,21.53123885763294,22.260300447381667,29.987927982663415,21.986565548099033,23.304228389119345,23.70601169441554,23.624081146042258,21.911864460364168,0,2.99884820263732,0.756041172769889,0.803470544470343,0.314841275732489,False
Q07954,69,Prolow-density lipoprotein receptor-related protein 1;Low-density lipoprotein receptor-related protein 1 85 kDa subunit;Low-density lipoprotein receptor-related protein 1 515 kDa subunit;Low-density lipoprotein receptor-related protein 1 intracellular domain,LRP1,25.501037950969167,26.396741758648464,25.475155567784082,25.972513901579703,25.45698594353146,25.910925190116163,25.367710707684818,25.54741676788322,26.209892475714696,25.593353554442164,24.553640608897865,25.00443009058464,25.392450113487698,26.214518317799175,26.177832938035678,24.71294706552837,26.167728317743137,25.14151205474743,26.27273096290446,25.221090094553478,0,0.895685846306651,0.306122708786832,0.613768740516,-1.04939489129243,False
Q07955,8,Serine/arginine-rich splicing factor 1,SRSF1,22.662671771118994,23.484463843189058,22.427611832102276,20.446170111637848,21.10266383013033,22.696623668206023,20.526557626013783,20.285488338805184,22.932116571736284,23.21040890757821,20.938381270223463,22.310872146070846,22.25261618372892,22.96550705884657,22.803324124801666,22.017758799105415,21.228828852039168,22.697317710294175,22.48630401163831,23.312877686433374,3,1.05465611599964,0.492610550586356,0.709261894965122,0.69857452469964,False
Q07960,11,Rho GTPase-activating protein 1,ARHGAP1,24.8167705339867,25.154149209707825,25.15730121061646,24.81858977723771,24.04711938521791,24.363600900843,25.42396903685368,25.240493076372378,24.886277746549116,25.473931577473603,25.894801213779107,24.856212724954602,25.275063561248842,26.764246997437603,25.224681458423223,25.78253206599513,25.610673989753742,25.341749885049417,24.49380504919323,25.391902744526647,0,1.35710513477744,0.0428158581696147,0.318513031831708,2.15853882690976,False
Q08209,7,Serine/threonine-protein phosphatase 2B catalytic subunit alpha isoform,PPP3CA,23.085809211781683,23.387747586760806,24.220662267936095,22.25703431463428,21.692894647963737,21.950740628591916,22.144538389336017,22.47273402912506,22.3805596181118,23.12747296749298,20.63725614616284,21.628994811267024,22.16411287420761,23.55307015842427,23.90548984285504,22.720496880634798,22.643518188215353,22.855797050328658,23.393949056807923,22.84326505334884,0,1.09650206780426,0.923440147793182,0.827857818900173,-0.0972823444062591,False
Q08211,9,ATP-dependent RNA helicase A,DHX9,21.345030513637933,20.10086889934373,22.91545463755652,18.984327986778073,23.314586021303857,22.393811076984665,21.843555573350898,21.41438946865761,21.37607076990139,24.002650959144024,21.35899723204023,22.46192029654717,20.887675904347407,23.507061794852547,22.2955033918292,19.74773588255119,20.745018464464117,21.751094025293693,21.57224130734415,22.32485915054491,2,0.740082520983596,0.848621061043602,0.819918955074362,-0.193288966632505,False
Q08257,10,Quinone oxidoreductase,CRYZ,24.760439470390452,24.065058263722936,24.003622657559927,24.53815961819761,24.494655033716704,23.47348622249222,23.5786016072912,23.96224605555171,24.66843858850975,24.137634015895042,22.939406587598082,23.704648819290398,23.64526024933549,24.409499310652787,24.994829984461372,23.81152041791629,24.7050476094723,24.682961584126733,24.105825304684178,24.429818588986304,0,0.978289959997505,0.91805343083985,0.827540449847929,-0.104152225175385,False
Q08380,10,Galectin-3-binding protein,LGALS3BP,24.022251200041524,24.984000690759846,24.41587804561827,25.51752807456243,25.653729569625565,24.616543283878794,25.654413364346308,24.17139028149844,25.30471634175002,25.30333552512765,24.574745530594086,24.99036021154976,24.295914776982734,26.100921800422864,24.89287943015569,24.756881075406184,25.17094988306707,24.125576164913895,25.668285036294435,24.676118374029944,0,0.970329690453835,0.889249624113605,0.826708499711055,-0.14098287402913,False
Q08495,6,Dematin,DMTN,20.12503679531985,23.839388573133053,21.923427846963715,21.056912669183674,21.865088760151234,21.88896162183763,21.797141889144626,21.100548013055988,20.51205475171271,20.015504254263078,20.539808374616094,22.105359346384436,21.002730863153765,22.30398987943005,19.513392850815055,20.1960243093255,22.051236517001225,22.388580971753953,21.898627214734304,22.42645641632192,1,0.842799527051647,0.948813830649493,0.837319346889102,0.0649812831166833,False
Q08623,5,Pseudouridine-5-phosphatase,HDHD1,21.937656311745716,20.759331662358655,20.669804975347404,22.746565646433474,22.679014983988587,22.245669898877082,22.089742943568577,22.427741629154006,21.614095509581993,22.098746764150043,21.838055924705674,21.92158671007345,21.608704876454894,23.223682925424345,23.60035347860038,21.390233058794582,22.469304668682987,21.748596147247575,22.634337314668805,22.266289560406875,0,1.17295350112664,0.326820741910407,0.61962506070546,1.0043775934711,False
Q09028,8,Histone-binding protein RBBP4,RBBP4,22.75338879385828,23.458070781940883,20.8823331004336,22.391691358193775,21.136280402653036,21.672152801515402,22.151838437986353,21.96895879382462,21.836279270148612,22.80935152533854,20.8404996645155,20.600434973321665,22.16809352635644,23.26575263428409,22.77054763751906,22.099665669757954,21.332531561732782,21.845781355246924,22.47630071080442,22.074232746720735,2,0.906622517366108,0.68235877566597,0.774270699342087,-0.415087202397099,False
Q09666,263,Neuroblast differentiation-associated protein AHNAK,AHNAK,31.93479690498813,32.25065738002615,31.772146440936723,32.478361652842324,31.867681628534747,31.978067329065468,31.750917953783347,32.26733755522188,32.112452725528776,31.987892618129635,31.39886700394178,31.92282270021609,31.64437505891052,32.30035762942595,32.23481230913228,31.838198075937036,32.02001257420728,31.890385568551615,32.131486782790475,31.828127525739134,0,0.925731270953906,0.356155889964746,0.639433780302603,-0.943855469227398,False
Q10567,21,AP-1 complex subunit beta-1,AP1B1,21.226412918633578,22.560945689404733,21.9805917763487,22.74993372388917,22.464115407878914,22.03648468259286,22.80248399136035,23.249933810946704,23.42565657023577,23.567057437399352,22.84845427183204,24.453591216942975,23.906658231592385,23.34963298423407,23.713136532683098,23.43315567232726,22.929534657107865,22.446153533765717,22.939507469607907,22.42350492809581,2,1.18799674727492,0.0310150147770658,0.27325797600272,2.31475410814495,False
Q10588,7,ADP-ribosyl cyclase/cyclic ADP-ribose hydrolase 2,BST1,23.223410070738666,23.17830590566859,22.19668356804207,23.717898701306268,21.67747951863089,20.367592989818764,22.23095333474411,24.416569763585933,23.960187283340222,23.52067379175822,23.736088670600456,23.15239547145445,24.14162779380966,24.191984553625808,24.11528428050016,24.460913787162053,23.41172575769183,22.91114239206445,24.336386166357478,23.715013267853923,0,1.48830703327808,0.0316172668472003,0.27325797600272,2.30555416965444,False
Q10589,1,Bone marrow stromal antigen 2,BST2,17.662751703745943,20.266734490131864,18.24911277559938,21.090568560034722,19.493033837690913,19.489056888303583,18.266023084878405,18.767615413211335,19.04383009450125,18.878312124861143,18.897479894033147,20.537827537471212,20.408558420204436,18.723326874046712,21.667415164218003,21.462948722939874,19.282490463736316,21.25905234678103,20.056625035724483,20.49085508223892,7,2.0882383512841,0.0171889948584355,0.221048813086795,2.59097912203151,False
Q10713,3,Mitochondrial-processing peptidase subunit alpha,PMPCA,18.432049151483593,19.03844554501565,18.70303832545196,19.59777023666102,19.247127918003944,19.770426834837778,19.509615746590583,18.31153995292091,19.65372276884121,19.09652420904549,19.175118201800654,19.164513090046707,18.397077695794973,18.88514807930814,19.548584493251717,19.287076256759374,19.268073414760774,19.018728283385105,17.83586574537967,18.43729952429742,12,0.846491243833956,0.366652490379085,0.645446865644454,-0.923026938743418,False
Q12765,10,Secernin-1,SCRN1,23.26832945502659,21.16858858017554,21.8483384251453,22.897887750821734,22.474413332608293,23.55206113716034,22.62567561369372,23.071488103742848,23.04364173918225,21.844137037761666,22.01641896938388,21.9472666621507,23.58993052550104,23.313230034419124,23.348593105321456,24.012962752079016,21.438140073099454,20.439622190094365,22.545579126925592,23.29968906681444,0,1.12188799203184,0.97047510764456,0.842169399018708,0.0374636552445518,False
Q12797,24,Aspartyl/asparaginyl beta-hydroxylase,ASPH,26.813641021720766,26.804165359400358,27.026245036321427,26.46744377465551,26.636223410413674,27.298158654963522,27.28672033276108,26.091215059913953,27.177182462969146,26.323228487468207,26.908071438891614,26.618592861056523,26.814093552412704,26.897239772708588,26.82729541054131,26.731738760252828,27.02832288932905,26.984808782643334,26.350772156236538,26.540864051584798,0,0.970531543503446,0.89263401743811,0.826708499711055,-0.136645954309959,False
Q12805,14,EGF-containing fibulin-like extracellular matrix protein 1,EFEMP1,24.39864125200979,23.810906961429428,25.215545835263416,24.95487744266847,25.5688305799073,24.847956259648836,25.193774004689562,24.15200656617486,24.25235979870904,25.423984858760495,24.952933153828546,25.21414030801339,25.187062628636905,26.140025501933575,25.629076094940057,25.289389341048718,26.065853642292897,24.915455380935462,25.548771141970647,25.38248876440034,0,1.51782543699403,0.0137141681201484,0.203132242222724,2.693997256951,False
Q12841,7,Follistatin-related protein 1,FSTL1,21.089537389395637,19.87090120239153,18.134414610261906,19.454105855726706,21.364646908774613,21.091658770522802,21.62512824611612,18.956272919038266,21.009451760247046,19.293905842319333,22.059619355302647,21.114212282144866,21.35025827388539,21.542933894147097,22.098217188767364,21.784689898957758,21.145895683124444,20.272550247015527,22.57246028068434,20.326833312772152,3,2.01966807404582,0.0113016624075973,0.192250429940061,2.78128137485296,False
Q12882,5,Dihydropyrimidine dehydrogenase [NADP(+)],DPYD,19.7323031917198,20.75853786726504,20.121749573804067,20.254016612839457,21.53540140608564,19.196300366537223,19.844138739500345,20.205668258095073,20.749075309992783,21.869116242517915,20.106117399956883,20.329125766528826,17.281555921082823,20.47336817236625,20.339617156230247,19.55678936929431,19.96194992890846,19.093932394619916,20.943362906598487,19.51145955181447,7,0.636283984099271,0.128514853681715,0.478019797237428,-1.58344564409159,False
Q12904,9,Aminoacyl tRNA synthase complex-interacting multifunctional protein 1;Endothelial monocyte-activating polypeptide 2,AIMP1,23.146905657292454,23.078092278524196,22.33315217364482,20.646386549861305,22.491167491782118,21.04616633224418,21.983969559224718,20.168085136285427,23.65914018698511,22.85882406441662,20.863539945452732,21.473111310341793,21.335191344071895,21.08833715267788,22.04983038745814,21.7115213314679,21.727170609943997,21.461833052272556,21.231182820319443,22.657821197947346,4,0.573367105819925,0.16966857112222,0.521118528909864,-1.42299762602435,False
Q12905,5,Interleukin enhancer-binding factor 2,ILF2,24.24016816543646,23.237399766152087,23.345869850219238,22.790824918253474,21.161544108773263,23.57530171092148,21.830359345356612,23.02920681240137,23.68795431308439,23.97033336621273,22.955083227023387,21.40803710247337,21.34569184131463,24.02687075622043,23.133155545775317,23.552938567196005,22.802916212851997,19.15619414918681,23.151043074577185,22.88839772985303,0,0.723310623913456,0.237571610918933,0.577879893173472,-1.2163507212083,False
Q12906,7,Interleukin enhancer-binding factor 3,ILF3,20.727036333555443,21.854432341069963,23.00816602043914,21.99590064855291,22.961060913042484,20.862102527433628,22.606399021686624,23.53136428775877,21.37721467533177,24.149434961288975,23.44619701791917,22.473874575905697,21.838161254257084,23.31741759273536,22.441712149701967,22.771534970789475,22.20178319472128,21.394178564567948,22.828028984752706,22.341917658848036,3,0.950451017921374,0.635195370592257,0.7585186811081,0.481541046499253,False
Q12907,7,Vesicular integral-membrane protein VIP36,LMAN2,23.39371191077486,22.08810776614233,21.073029412166008,23.147421367826812,21.876825498579898,22.14396183039744,22.63707115258768,22.78185966019467,23.441859953357827,23.115315504207146,22.314309937760264,22.416926696935697,22.441774882228,23.716875669884423,23.62519436341905,21.910400707408645,22.70705567578866,22.83822520776119,22.029415751825105,22.48901206218897,0,0.885532798356075,0.803970278017818,0.813589620325639,0.251425286035714,False
Q12974,6,Protein tyrosine phosphatase type IVA 2,PTP4A2,22.276740051971924,21.772386586953466,21.79859176486079,22.929315859657127,22.10192804213873,22.09724133734128,22.528295713546463,22.452602243362133,22.75561469133745,21.795317102816643,20.94068203137365,20.662847801716193,21.226621856119124,21.79143327126166,21.132693508678415,21.402643379957794,20.819552188733034,19.992876748449564,21.927828653962738,20.861268715223936,7,0.458668404652786,0.000328894355232964,0.0471928029157598,-4.29832704554665,False
Q13011,12,"Delta(3,5)-Delta(2,4)-dienoyl-CoA isomerase, mitochondrial",ECH1,25.88093946770986,26.03406476169924,26.857487567397722,26.442076288941916,26.36920620854115,26.457904321199283,26.46623781152815,26.115634117117885,26.357856140535436,25.987350562714255,25.627966454860996,26.11804706798332,25.587619801271384,25.97006080353963,26.432349223777532,25.823929149754157,26.17134462819576,25.872384139440374,25.968478559295523,26.098698215941933,0,0.791126114358996,0.0384943788033701,0.301223514062292,-2.21056762003531,False
Q13045,5,Protein flightless-1 homolog,FLII,24.08584786452891,24.860941938584446,23.83310877590286,25.181336310707202,23.53266004777404,24.258423983542766,24.076858804478128,23.103253425084745,24.99647559732741,26.04779127690172,23.256632569097363,22.623212363726253,22.959898413086755,24.446603441239432,25.66535752792205,24.752752399556048,23.534062223634855,22.46786625915159,23.893276217958103,23.314839064933906,2,0.691315580450221,0.102315594685242,0.437355574810954,-1.70964976031412,False
Q13057,5,Bifunctional coenzyme A synthase;Phosphopantetheine adenylyltransferase;Dephospho-CoA kinase,COASY,18.176738442608876,21.918196584058425,22.061168977405334,21.37231396542693,21.27347079911552,21.499807810582556,20.35237175495558,20.672063574036397,21.80289724708908,21.63182425988749,20.841140434461906,19.914607810137014,20.973984642392267,20.543538375623864,20.932482929760063,20.612032279295672,20.833178273596857,20.616647903532336,20.328560758391735,19.65825909962245,9,0.582453515146008,0.186034207719045,0.53240815837221,-1.36793564683795,False
Q13085,12,Acetyl-CoA carboxylase 1;Biotin carboxylase,ACACA,20.377855713820033,22.226352988977986,22.767641687415175,20.763850659253023,21.499235171185518,18.742247376550615,22.76115223739406,22.982612002015273,21.186381816878484,19.600438417078127,20.724074451025746,20.947655828747926,21.069158347310175,19.576470079316813,18.72747688012189,21.516088070837874,19.92364042426705,22.228271304424258,18.841581590133526,20.89735856759502,10,0.491200956543989,0.14778558265956,0.499834338442571,-1.50375084154,False
Q13098,5,COP9 signalosome complex subunit 1,GPS1,21.539989810330283,21.39547903970489,20.379719583263043,21.400152324963695,19.288425872867336,21.195683053680348,20.537626817172953,19.054820759895716,21.80899932443339,21.499407018971333,20.214541300385836,21.072082992275757,21.597008248299083,20.66756110539203,19.98785611272266,22.01197781894122,20.6686958481244,19.519901502244874,22.269281882182266,18.97642236455811,6,1.00647747224931,0.811740592369295,0.813589620325639,-0.241249908702183,False
Q13126,10,S-methyl-5-thioadenosine phosphorylase,MTAP,24.320973069161997,23.766222611240774,25.20815368601615,24.719666999648908,25.22829555337307,24.57464303311063,24.488314911042732,24.770013404623228,23.53752380145092,24.172207160788208,23.67835216782406,24.092050808213802,24.32271887491463,23.835710587609253,25.042133499684603,24.571716912018637,24.858430798576673,24.890077777291282,24.094621207070773,24.256728851714147,0,0.904939646452414,0.630753023695458,0.7585186811081,-0.487910727081179,False
Q13148,5,TAR DNA-binding protein 43,TARDBP,23.522535733475582,21.37395473010782,22.451350356674688,21.39990157673873,22.064295216571168,22.88030394828258,22.85655366420728,19.81959956848395,23.075775501651183,23.50275833773482,23.239233812918535,21.525218396620787,23.589590778659048,23.361674034557772,23.71783714225352,23.28349755609081,22.572606275979652,22.984262335104958,22.207629616751742,23.062604974290664,0,1.32943780024317,0.136889184923106,0.486433579823015,1.54767535447845,False
Q13151,2,Heterogeneous nuclear ribonucleoprotein A0,HNRNPA0,24.529732822572726,24.74929360214257,24.150027241803258,24.52917756192537,22.9440569837886,24.521504298469125,23.79834793326235,24.147774896595738,24.416310880695608,24.633998284006733,23.73849136984369,23.71029433447742,23.46155735667097,24.707830167232746,24.55728449078564,23.688318440566906,24.244914240815906,23.954605008957046,24.811838569364348,22.86013337850923,0,0.846791796034483,0.334148862906287,0.62284129193828,-0.988918787406428,False
Q13155,4,Aminoacyl tRNA synthase complex-interacting multifunctional protein 2,AIMP2,22.834669409199826,20.780996530203677,22.618569326770988,22.29043130459508,22.601913169651638,22.628988690227946,22.8760995176661,20.42189083007579,22.55583588132334,22.55768885961237,22.343534355042923,21.588265769285755,23.16544190340254,22.576068110433013,23.100904621860153,22.81166993225297,22.699599059986774,22.34405742163293,22.53550143364135,22.469462874026032,3,1.15983209061601,0.315093428594703,0.614238736937273,1.02962840806693,False
Q13162,11,Peroxiredoxin-4,PRDX4,24.463246605824324,24.632928335057397,24.181098030157187,25.407075055181586,25.00880752880976,24.88419432703402,24.567496790741966,25.123362680627466,24.905697982234404,24.450917343659025,24.160155651528054,25.159919631719152,25.461940036400378,25.756689971800732,24.5779331853976,24.6455457882751,25.316169196459054,25.22322071355828,24.692249699780927,25.00093950950591,0,1.19730307324192,0.275200005060258,0.592304662705395,1.12089117077911,False
Q13177,7,Serine/threonine-protein kinase PAK 2;PAK-2p27;PAK-2p34,PAK2,23.58004562145394,21.809361742389136,22.652408915776967,22.993845520398708,22.591129251102018,20.00316132391802,23.050468578213703,23.149123172332708,23.33307874322587,23.741349405728876,23.00625883259417,20.843850892001,22.721653075438148,24.73646258352108,23.683854805202067,23.37699565800623,23.439433763093056,23.155368154686066,22.97008477081465,22.39980766985805,0,1.17638458437114,0.469454544501507,0.694109688780265,0.736930759685257,False
Q13185,7,Chromobox protein homolog 3,CBX3,23.656975187783335,22.34758655096492,20.90153275626126,21.10038470843846,23.7893416747474,22.768752938662068,22.432871562567854,21.349658374508913,22.907851205705345,23.727454203762022,20.851054636633705,24.157214148935,24.129887997306703,23.54165053593511,22.597654432781482,22.92377736341471,22.31142320034551,22.96992259067932,22.593164217107176,23.088406973034434,3,1.19695577102768,0.368403458991654,0.645446865644454,0.919591596314733,False
Q13200,20,26S proteasome non-ATPase regulatory subunit 2,PSMD2,24.47918576315199,25.392586101939337,24.459497263381493,24.4272896208329,25.037961660322804,24.091915871631738,24.755966997658884,24.806967952086715,24.80156360727337,24.855283548569872,24.848213370025135,24.092543102385356,23.98673882707019,25.558633755665223,24.559374345024143,24.965234748869833,24.784906767423116,24.846333684283902,24.627643700676543,24.306206931324535,0,0.990623124905082,0.800603061925567,0.812593916944395,-0.255843120808501,False
Q13228,30,Selenium-binding protein 1,SELENBP1,29.791647234713665,30.092118139684906,29.85242183041702,29.705069311795583,29.346492163904916,29.39592669134326,29.601791875455483,30.078317498305793,29.96558119687438,29.122565897110768,28.973673601506412,29.682862277541286,29.413311475545438,29.564586523825476,29.83000269144347,29.61290228651033,29.716900805135953,29.618394803554867,29.302986346016436,29.836817850070897,0,0.906977431794915,0.332971477296865,0.621344828365596,-0.991386521387975,False
Q13232,3,Nucleoside diphosphate kinase 3,NME3,20.736663158825838,20.056774295307726,20.242744583964193,20.915337939032632,20.35424420976177,19.688240272702043,19.951057452241493,20.414565770986638,20.3652591009123,20.623207087901463,19.77933523821364,20.030584964251396,19.928739013100106,20.723046955346625,20.828781873253284,20.622677760329406,19.456333636430337,20.767918012595267,21.394924605819092,20.31206853113915,8,1.10214597407861,0.852000826047127,0.820794210855115,0.188918687163196,False
Q13263,16,Transcription intermediary factor 1-beta,TRIM28,24.880062762161902,22.748403135375973,23.802067528794186,23.02506314487442,24.297471074427694,24.33320161277592,24.11347488276415,21.390530682575243,24.36846336045837,25.18182720224286,24.70306471112813,23.159251946581488,24.28265963689255,24.74017779392306,24.68206995396178,24.052875921040812,24.345507444304978,24.31544605998441,23.552565856171135,24.66639866580328,0,1.09448200922974,0.277613468051275,0.593480188836253,1.11510705966166,False
Q13283,5,Ras GTPase-activating protein-binding protein 1,G3BP1,15.203910911290684,19.59284167113299,20.31490881626626,20.805100228473165,20.574352237313043,21.483198186923484,18.118542063384375,20.376275957502408,21.878828873841375,19.994154038579723,20.234689456014365,20.61115438173158,20.15769470770166,20.811657313048133,20.414359021437573,18.987596870337132,19.163051051395804,20.44773181242961,19.73230773216531,18.538982157850175,8,0.853326743981864,0.898841976780985,0.826708499711055,0.128697715169673,False
Q13347,6,Eukaryotic translation initiation factor 3 subunit I,EIF3I,22.07476827205425,23.73494453586692,23.092034496164388,20.19898758102806,22.70389892364095,21.41350681432106,20.21755069821055,22.17522456328125,21.603812523750857,22.24214462445351,20.22849541202275,15.405717417607182,22.086982660407013,20.414901515857867,21.394505601817517,19.344346821355362,21.57304966832245,21.836245699040784,20.94838040682268,19.980974596908393,4,0.419624613876758,0.0234040588080021,0.251287908601313,-2.44792312138561,False
Q13361,4,Microfibrillar-associated protein 5,MFAP5,25.12574986332752,25.998858741563094,22.932353687241417,24.2523903970215,22.907472911080312,22.811969059051176,22.995614927201178,23.264713515525504,23.08089666004862,22.781983367537016,18.857077141131214,27.46998074008216,24.474685476672537,21.189479107255664,22.618101301427373,23.282837210846147,23.934851474866875,25.943678028153993,24.102993926001435,23.626611197570835,0,1.72119966431535,0.930726666025136,0.830111878942504,-0.0879971623904705,False
Q13363,3,C-terminal-binding protein 1;C-terminal-binding protein 2,CTBP1;CTBP2,19.931945493000633,21.236618605201954,21.298444884919945,22.050544042512193,20.72096259370435,21.38881292946015,21.47572212874251,20.941325962484804,21.99324127761473,21.842130872533446,20.478670988614994,20.941512351248477,20.385472287570543,22.58635964017703,20.56892955728773,21.254558394803333,20.078115629390197,21.00564983421628,19.608443377732243,20.61146003726015,1,0.647557678276384,0.126840787607542,0.476445128823285,-1.59082807371636,False
Q13404,6,Ubiquitin-conjugating enzyme E2 variant 1,UBE2V1,22.916391331583977,22.579508936619984,23.221267490191988,22.814811925043546,22.74561219388364,22.936854005476434,23.023511771056437,22.63609904712699,22.877722700093926,22.970323859753933,23.447366942990083,21.98478311500815,22.768506254615776,23.50385719065999,22.960577212310643,22.80206461879734,22.96053419814179,23.002308321517603,23.074829498813838,22.65843457212943,1,1.05245275270983,0.837232059951227,0.819283344390874,0.208044784455769,False
Q13409,10,Cytoplasmic dynein 1 intermediate chain 2,DYNC1I2,24.47133849629797,24.026948262368453,23.825205403804784,23.526952245745193,24.48566513848211,24.146584911876996,24.07014266530444,24.192495255138134,24.64431453501845,24.46713782579663,23.56957233530328,24.879889738295052,23.464775763012174,24.797579098637367,24.158758665902184,23.907246237910257,23.48095408135236,23.757634799193198,24.607579694816483,23.93259514144158,0,0.901123117749157,0.564956688784954,0.732675882289056,-0.584892049241426,False
Q13418,20,Integrin-linked protein kinase,ILK,26.368966603646893,26.759712285177372,26.042281301938655,25.811724517682546,26.10836175145346,26.4646766871155,25.872155651555314,24.785400484173024,26.368644457445914,26.237762661829226,24.853563475750768,25.961842071888608,25.785682865349152,25.995818897307494,25.238395911679927,25.70394800415461,26.184421221397102,25.75538385828416,26.12681218976317,25.427144466156836,0,0.761761633316927,0.0944510284445794,0.42417512839099,-1.75291225156654,False
Q13421,4,"Mesothelin;Megakaryocyte-potentiating factor;Mesothelin, cleaved form",MSLN,23.869606296789996,22.581387596910876,23.447488795036392,23.1556156605713,23.526902270964055,23.410678545001605,21.077552482705652,24.31477172743099,24.306900058707257,23.509404940546677,23.3115976158445,22.945277827475845,22.13657807499605,23.358282716494276,23.912611708969003,23.67779734813422,23.486601551613948,23.53935526214556,22.362171996659548,22.560114651106797,0,0.810889374574364,0.604383277239459,0.75169788669067,-0.526158640103111,False
Q13423,8,"NAD(P) transhydrogenase, mitochondrial",NNT,22.79399602591882,22.95250217417469,23.019109481529934,21.7995249205675,22.82215780570585,22.566179354796805,22.802816780684932,22.499092768473794,23.405532497941692,22.8586098567191,21.61162120875461,22.422664633763524,22.891992939488382,22.583912267361896,22.86541930929611,22.66444632069137,22.33134059090034,21.394511710119744,22.400921904577885,22.83944898165561,1,0.785380413867431,0.1860152391337,0.53240815837221,-1.36799718881077,False
Q13425,6,Beta-2-syntrophin,SNTB2,23.24655094264458,22.42098007053849,21.405833871152026,22.346852181208384,22.01294590758191,21.395871236431457,19.85907889387066,22.318695766410116,23.445654343692272,21.99057930944527,21.259297183854436,21.340710868813314,21.884674561185133,20.536929813984255,22.022017450583725,22.009047590344338,22.156256225831793,22.380128775287076,20.601212133851092,22.320268576382208,4,0.67826463764188,0.325066192441774,0.619186017833498,-1.00811459317564,False
Q13428,2,Treacle protein,TCOF1,20.480052367838123,20.05459885006424,20.44187404199983,20.571613312957858,20.261957882921624,19.934128138382878,20.501079685187833,20.895393833755247,20.593279480392095,20.069275180945358,19.977520258436453,20.479868818212037,19.222638680723502,19.377160295840138,19.728956275414962,20.377253020116235,18.932109942281407,18.41419340637362,20.672557252326992,20.206970844647053,11,0.700266908411104,0.0374885239411625,0.298993964677836,-2.22343886357888,False
Q13435,4,Splicing factor 3B subunit 2,SF3B2,21.64902306394309,21.618986140886413,21.21798170484294,20.505650626122893,20.626044877492724,20.969729207267314,20.76704382718639,21.064962649816763,20.818985498358504,21.61251565865404,21.131186443780216,20.964170932525334,21.599819661589827,21.50734574951171,20.611603981740068,21.77270242803268,20.697357149012586,21.063891416255846,21.403232541653367,21.261392806197733,9,1.07928973954468,0.644636087138096,0.760600679732768,0.468071002174702,False
Q13442,3,28 kDa heat- and acid-stable phosphoprotein,PDAP1,22.373875809187975,21.086345394454817,19.9750755029898,20.209069580914065,21.445844833956745,21.324543214791756,20.47967511978289,22.750062045623448,21.56129873352121,19.734492096996647,22.562905248135493,22.41839632069255,23.499683704057365,23.887485661093972,20.411593975403683,21.787940988079622,22.517387116879437,22.931280855839898,22.041180231552115,22.742415627819376,1,2.38904873506166,0.00546816334239749,0.174374622303767,3.10232912863411,False
Q13464,6,Rho-associated protein kinase 1,ROCK1,22.37359468271999,22.12501345052859,21.38744925757496,21.944580347081892,21.051626061576805,22.233542652604942,21.800662230018553,21.809557740177457,21.921482718960466,22.65235253906437,21.94117752605645,22.12659459211318,23.531654662537974,22.150158567825528,23.455730662536592,21.804470833333546,21.986608235393476,23.03728504309153,22.74119265945076,22.100425158456805,7,1.54003274707306,0.0659042864467692,0.373141418198809,1.94198082903527,False
Q13492,7,Phosphatidylinositol-binding clathrin assembly protein,PICALM,19.908054653521095,21.323615318406496,19.888767825186104,20.046279460830238,21.93639390929292,22.39467895574887,19.621291667249107,22.560837490878093,18.464155987117362,21.548399890385976,21.582102437272443,21.30654479071535,21.531326952728968,21.494251532349736,21.696885004524052,20.83596888189501,21.65360420083085,21.138003286947956,21.226642276630123,21.27063924714402,5,1.05000192304315,0.189030803613175,0.53240815837221,1.35827533679908,False
Q13501,2,Sequestosome-1,SQSTM1,22.05817969283667,21.173738880883377,21.34250393784363,19.804451751733865,22.112129686922906,21.104404299907635,23.24545181711751,19.720031555930717,21.52561831851884,21.626679718219556,21.025660857467056,21.552776073128808,22.503095962449308,21.417316750181634,21.563131437848796,19.224927353877806,21.4351613334977,21.76158999991189,21.587259576538443,23.32186105777592,1,1.10215537802369,0.726104786919707,0.7956111130123,0.355114672224556,False
Q13510,14,Acid ceramidase;Acid ceramidase subunit alpha;Acid ceramidase subunit beta,ASAH1,26.10782766565445,25.65418336496822,25.84721972308859,25.71437131802401,26.088382660321333,25.637049839102154,26.233065022938437,25.422725433198792,25.983379607542062,27.20714162096619,25.514121143754256,25.988645737238265,25.90226961098454,25.54124582487107,25.60959588259575,24.92557460969267,25.975279999832463,25.887557420588944,25.723450395787484,24.972638981851265,0,0.742931448659821,0.0749528058092613,0.401100882140137,-1.8753700854936,False
Q13522,3,Protein phosphatase 1 regulatory subunit 1A,PPP1R1A,21.358382714815097,23.09267962658211,21.37002813994216,21.529310623223992,22.40144117972467,22.2847953883583,21.81582011855959,21.5998571779579,21.591240823143192,21.963144335993018,22.873320342779095,21.51924530565603,23.486513102994813,20.43938613112764,21.89176780748859,22.45851570660601,21.990590833511757,21.53994899268483,21.973215988791203,22.744945608728397,5,1.23165791580391,0.589904911286142,0.744189734601846,0.547498711927422,False
Q13526,3,Peptidyl-prolyl cis-trans isomerase NIMA-interacting 1,PIN1,22.54230604042924,20.693829769727813,22.061397735670305,21.195286677816007,22.175454407796995,21.2318020428853,21.745200704548807,21.93755344352533,21.486139080870164,21.447473476545472,21.423406882139897,22.16426446270527,20.401205937205454,20.70768158931714,19.453000104273183,20.547773194684794,21.100075711127435,21.184969229778275,21.673500293278064,20.463346429837653,7,0.626291977039664,0.0367107370685121,0.294205084989123,-2.2336097375723,False
Q13557,9,Calcium/calmodulin-dependent protein kinase type II subunit delta,CAMK2D,24.105153472180664,24.83567789310551,24.40309613131494,23.983332919916457,23.59530940694557,23.833018352721908,24.17341504955686,23.85753486366801,23.97851285947726,23.99575000118235,24.18899008567396,23.734058261127384,22.715097247162507,25.069976114558397,24.58055748519948,24.501648187126115,24.04408797709493,24.625168352806323,24.210781873943088,23.991331499608037,0,1.15576801370764,0.716977067393143,0.790319464530101,0.367511402973617,False
Q13561,16,Dynactin subunit 2,DCTN2,25.64338852370969,25.385988041889046,25.349670001612267,25.95943561305516,25.47819921718277,25.78593838570543,25.763837689566333,25.45934824280978,25.569098123454758,25.67323825855393,25.151793296836544,25.296704532982897,25.709250955898742,26.32923661405613,25.674436520692254,25.363877868034024,25.719497125060762,25.49796731858901,25.492838763190914,25.65246154295056,0,0.99362217495641,0.905690451616069,0.826708499711055,-0.119939253322721,False
Q13564,6,NEDD8-activating enzyme E1 regulatory subunit,NAE1,21.489693597319917,21.43893131592087,21.67131255410529,21.033607777376442,22.27177829804507,21.545086699456405,21.969856921107727,21.48639475786648,21.66600558064627,22.60143568988138,20.440527145385943,20.40667451421284,21.315574620087954,21.438568160967392,21.410422803293635,21.618591355270105,21.183026273229263,19.46725509658597,21.128029438380096,20.251408974291603,7,0.575789943208306,0.00975142159444788,0.181482743058785,-2.84729730892708,False
Q13576,13,Ras GTPase-activating-like protein IQGAP2,IQGAP2,22.226558654844446,21.063365082996256,20.836942932848586,22.46709453210493,21.218307586815527,20.39648727378708,22.914153573642963,20.915785000855294,21.91084628653416,23.89580033442217,20.814763603354876,23.11247317819045,20.65400356008248,23.039662632252096,22.102873656941192,21.391277351956283,21.76646561349444,21.577296279664345,23.09237653693956,19.675557169134528,0,0.80995317907707,0.901685980701828,0.826708499711055,-0.125059324925937,False
Q13596,15,Sorting nexin-1,SNX1,25.36133481424824,25.353777454054445,24.460565617374115,24.82364856159914,23.643230188348483,24.08634707587055,24.763879811646003,24.496410022415485,24.512624188042107,24.622233237389906,24.111347668262635,24.35963888865303,23.052701045334018,25.581698262021924,24.917340804747884,24.584591353658404,24.58975777740682,24.935460672909514,24.519920725392417,24.55405843991268,0,0.99891622581206,0.736427355259644,0.797441003892175,-0.341163251944119,False
Q13617,3,Cullin-2,CUL2,21.86021171869541,16.67145727405971,22.93345238672253,18.41529148972792,22.446318315186627,19.307135315711886,21.14220323632242,22.114743671466393,19.552620066292555,20.79745322434017,22.20835435198416,19.948735110372894,21.7944561801609,21.590972261925693,20.486171996553974,19.351274285858583,22.8129934803811,20.304066381727576,22.452206005678974,20.520725417610095,11,1.19286119754161,0.38880029791234,0.657483710747093,0.880349575589015,False
Q13630,4,GDP-L-fucose synthase,TSTA3,21.79899784216926,22.15491864105918,23.332686750158622,22.814358434387373,22.442603497324065,20.889649854050305,21.88154774242915,21.094034193762415,21.86128366214698,21.131994991347597,22.1996407240307,22.3646423746553,22.685716192484982,21.77958536909482,20.164176715020158,21.886798628099104,23.179937355082597,23.591719469989954,22.923548525867922,23.296812117608408,0,1.25748910926911,0.170537689099415,0.521118528909864,1.41996879954764,False
Q13642,12,Four and a half LIM domains protein 1,FHL1,28.370353606995643,29.282812258281275,28.150116588344662,28.565311939949357,28.826019208233763,28.672101782232918,28.623627081864583,28.787891256111713,28.5128140474803,28.758660599812927,28.415759128798847,29.514437723062485,29.06040032132455,28.847130766494413,28.311363423122202,29.0125343451379,28.89785500304534,28.985839037666857,29.11545380613531,27.976928005119287,0,1.14038788154975,0.380612972275598,0.652282376340139,0.895934052859534,False
Q13683,17,Integrin alpha-7;Integrin alpha-7 heavy chain;Integrin alpha-7 light chain;Integrin alpha-7 70 kDa form,ITGA7,21.631158827471154,25.480835800364318,20.413686347755085,22.629917883140582,21.740447928217993,23.15320400666265,22.50221931308831,23.123002914808954,21.990044416509335,21.18504088642423,22.298610804817397,22.44998499703636,22.899244684381085,21.48553508938692,22.827925388013686,20.25737236011432,23.420052179517967,22.662305022717685,22.5903903303432,22.973716320397877,0,0.641550252301675,0.99762953129095,0.843797505224354,0.00300711641401893,False
Q13790,1,Apolipoprotein F,APOF,21.05250879678884,20.459237995529463,20.677682191137002,21.923587497778584,20.712418929173364,19.67011718739097,20.037471570376216,20.292451328385148,21.204276043806328,20.677233840549878,20.932180006056946,21.735333253728005,21.817089999094456,20.48923736781413,22.132156625180798,22.13642708662509,22.287007504199316,22.466146190472852,22.09238209951968,21.067919810956067,7,1.97622219635179,0.00222282690125874,0.113801199931822,3.49039513623096,False
Q13813,155,"Spectrin alpha chain, non-erythrocytic 1",SPTAN1,30.68591459207181,30.76454295422515,30.360730222556878,29.583429759964336,29.969549634903363,30.467476122819455,30.45472934837571,30.036238324532686,30.386773359651215,30.38396325967448,29.816473513109287,30.350762589122187,30.16420895059478,31.00839444312268,30.684521713593085,30.170467774735382,30.405421125364178,30.382304196024112,30.404080983185338,30.29707387890094,0,1.03298130253392,0.709662207152429,0.788531933530136,0.377488560468142,False
Q13838,11,Spliceosome RNA helicase DDX39B;ATP-dependent RNA helicase DDX39A,DDX39B;DDX39A,23.725926288121663,22.531783324490597,23.698361131045004,23.437003615826537,21.757469085428276,23.344876318836555,23.181076737822426,23.431812158460836,23.1088408807701,23.21879565657683,22.765927137621812,22.758546450381225,22.684041236322347,21.83037562928215,24.043959234935855,23.63572668663184,22.869228697731774,20.465400182851248,23.58847482720377,22.389160986570033,0,0.815687129391099,0.259833671873374,0.587927183588789,-1.1586214087098,False
Q13867,7,Bleomycin hydrolase,BLMH,21.750638066389904,22.441500072253678,21.939396591548455,21.368508387019084,23.012553247794308,22.3010828415163,23.136477790604825,21.905975951851122,21.427590083827745,22.71505187320478,21.308786467394132,22.02115103128403,22.389486614894444,23.205916879293,22.72546747319729,23.013697896916742,21.269923004974274,22.03198398751566,21.63695128114876,22.724670119508108,0,1.02282731523466,0.920038667603642,0.827857818900173,0.101619797421926,False
Q13885,21,Tubulin beta-2A chain;Tubulin beta-2B chain,TUBB2A;TUBB2B,26.938934585203338,26.98312518534478,27.255688469609247,27.258114595970635,26.822701849606585,27.01232119169535,27.032750833915788,26.414346685412863,27.65628089533183,27.208139887131985,27.432818326280476,26.58995045372166,26.638504827648152,27.419272192835162,27.09047898395151,26.72754896142362,26.852505539206234,27.232259563137664,27.35383666772431,26.93959924519184,0,0.975207796321748,0.851159856626573,0.820460501896426,-0.190005764906801,False
Q14005,4,Pro-interleukin-16;Interleukin-16,IL16,20.96652818287961,21.71038093191959,20.87037609560567,21.98511567985869,18.077152341769562,20.092307306964745,19.482845623968885,20.6655593647925,20.000551315955025,22.30549838263612,19.52192116459681,21.119982122557847,20.887713318668624,19.333996181270845,19.41722888607364,20.077096744445544,20.379617239963494,20.535978529964936,19.79840766547026,20.552532731039403,7,0.577171084959059,0.326215924334606,0.619186017833498,-1.00566420387534,False
Q14012,6,Calcium/calmodulin-dependent protein kinase type 1,CAMK1,22.639152998185754,22.4828440776953,21.372538457282257,21.50507192430548,23.516505027412112,21.583580277549668,22.131668975013405,21.837326385103715,22.290752266780466,23.054811546002163,21.560942577712158,20.80697707313022,21.273312134278004,24.991573128895208,24.888819057593,23.15844196253467,22.785117970101048,22.25806495136308,23.51001412804552,22.427957993995744,6,1.78918502831792,0.302439554496849,0.611114865961753,1.05762979236493,False
Q14019,7,Coactosin-like protein,COTL1,24.929601728252177,23.310293513511958,25.11556482512983,23.433415127986837,24.77654744585036,26.117628714877082,23.93090620366177,24.587578094190423,24.555244553214695,24.832447227737596,26.10669688083763,24.43911057145417,24.49273537885226,24.86922674560197,25.80356526407585,24.514460864302283,25.264216418976396,23.84505605647187,25.237479558452023,24.39173978966891,0,1.15959088184428,0.309551320396152,0.613979024606205,1.04179225558484,False
Q14061,1,Cytochrome c oxidase copper chaperone,COX17,20.89870016573676,20.172799116384784,21.333073512339315,21.7570185393434,21.75514033202478,20.914893235652336,20.85461751909483,21.591333156948497,21.470974446851287,20.953747675969733,20.768436626146084,21.183472728975214,21.133296058385156,21.27117705354925,21.15631899143872,21.19060975001354,20.878363283771286,21.079940645314085,21.306272309605557,21.188681101102304,4,0.921995872380619,0.822662492059111,0.817624247495614,-0.226991229342182,False
Q14103,6,Heterogeneous nuclear ribonucleoprotein D0,HNRNPD,23.511181319568735,25.472703456628384,25.37280509643118,25.515134436921848,24.688441209019036,24.76028961681699,24.40535251879682,25.050514913907563,24.985958287618498,25.66186249744015,25.272909060235335,24.002248839678806,24.270209197670507,25.981718928624574,24.862098180225455,24.85244779258234,24.642848825503233,24.644648169212694,24.8185758551273,25.126951247998186,0,0.915613846804731,0.732460656509932,0.797221050814768,-0.346516086025319,False
Q14108,6,Lysosome membrane protein 2,SCARB2,23.290019884497024,23.438447351785463,23.57314416354687,21.867980840068068,23.491596884565833,21.42396679029418,23.52552254080576,23.86712450702337,23.36362037782194,23.999145778167293,21.878053881399804,22.98677575374767,24.457588517534194,24.98062243928337,23.034318918795808,22.407245344785007,23.518216184231036,23.583682942483414,23.64549510759734,23.664529062014722,2,1.18294010689937,0.564137402331655,0.732675882289056,0.586134155578702,False
Q14112,19,Nidogen-2,NID2,24.223171921492497,23.490212270639585,23.074355071536804,23.460078933787067,22.093795245889464,23.673902166787908,23.8039237246788,25.191626528022685,23.874658559511357,23.448215851229982,22.48946097036071,23.354284849930163,25.828612614176603,23.005826504954115,21.630253916235468,19.953582429598228,24.29804423276373,21.514378408140196,23.223210875946954,23.668509522322612,1,1.13194586896619,0.180445868523242,0.531699147540109,-1.38628625975111,False
Q14116,3,Interleukin-18,IL18,16.599357104997754,20.72543526032132,20.552888010605404,20.320960270499945,20.862975038783233,21.08254789300682,19.037039076416534,20.14900797277633,20.586086785475448,20.35570566895703,18.59388649944078,19.89486215234719,20.251686116345205,21.6185235664929,20.531474126500694,21.022213224256845,19.70681404944626,18.434172860225267,20.733734349924703,18.844726265849165,12,0.944420950168407,0.903650377018541,0.826708499711055,-0.12254724936986,False
Q14118,5,Dystroglycan;Alpha-dystroglycan;Beta-dystroglycan,DAG1,18.769222259883463,20.202518012808277,21.41925392060711,21.98316122045942,19.879127036838682,20.661337566692545,21.437916372924757,20.74306858469719,20.97553617736966,19.22698505040596,21.82471246631893,20.89766626271507,21.82437059421247,20.20276358383715,19.95617678714946,22.107785120550787,20.32464011787202,19.07903189823394,20.76542345911941,21.637247796963738,6,1.24144649567382,0.471998614402693,0.696510122357518,0.732663137864004,False
Q14141,8,Septin-6,2020-09-06 00:00:00,19.83340502419547,21.41821049767882,20.438992707061868,21.290637954681554,20.585586688984034,20.304716014984603,19.55714755235206,19.485229632297557,19.029269576483166,20.363904652866513,21.662990939661203,20.98705553067033,19.3272161552073,20.188603980821796,21.57990617318493,20.91641487700053,21.727702231065702,21.52291944887149,22.326597450251647,22.07870421597402,9,2.04516356914343,0.00674058589020365,0.175323277667773,3.01072905082186,False
Q14151,6,Scaffold attachment factor B2,SAFB2,21.771012556825728,20.74806233092747,18.990272228705702,20.39739746108328,21.442845031215832,21.345064327282152,21.20016040881475,21.981777042105012,21.812659297906677,21.843996603267225,21.094745090209322,22.676241055058085,21.81372632444116,21.354809637411492,21.99696282379816,21.625055761118226,19.792641984166725,19.123459571828477,22.74128544178787,20.819974101399083,2,1.14709504860662,0.725132434333677,0.795526597107289,0.356432526770827,False
Q14152,15,Eukaryotic translation initiation factor 3 subunit A,EIF3A,23.840095896947957,22.801816754131828,24.04641355727654,22.625576528448143,22.15297928782602,22.478619982100884,23.31999274391984,22.81907013928504,23.438380443474436,23.177154096242614,23.562618942177465,21.69934817118785,22.14925723130815,24.111730277285172,23.921978468769332,23.22370688998051,22.99387692005409,23.488447119978492,22.994726978929144,22.977839801393365,0,1.05299814647264,0.896968995996073,0.826708499711055,0.13109482835518,False
Q14155,4,Rho guanine nucleotide exchange factor 7,ARHGEF7,21.773945577445197,21.920710586018615,20.974073020965264,19.62668656815588,21.038513862602485,20.164278827755094,22.016949911056507,20.6858865996264,21.374679407462942,21.066887784838695,20.61569562515914,21.108673297777898,21.208828871060977,21.287907798293737,19.943692792471627,20.91947079494493,21.237177524572132,20.599901059801525,20.866670437626297,20.566825652266292,11,0.788085697584305,0.475464086060133,0.69840672728157,-0.72687172098709,False
Q14161,5,ARF GTPase-activating protein GIT2,GIT2,23.320113199806475,18.229478123764668,22.88538469456368,22.059730506540728,22.69590224395266,21.69023414396423,22.829708740637443,22.34467208600015,22.333497131653335,21.64670505197099,22.90186597834641,21.72127330621783,22.54725378188891,21.577233881061698,22.42238618184636,22.29868807954004,21.778142227569464,21.13320971726885,21.950888402775252,22.35487631660967,6,0.858828763641776,0.893269415150553,0.826708499711055,0.135832028649918,False
Q14165,3,Malectin,MLEC,19.979821401590737,23.07260907933827,22.110902016047827,21.273753430915217,21.090975491926457,21.199111426697165,21.579284028048473,21.189905726291762,21.164697643345495,21.717332181526547,21.112612921065235,21.85057426870037,21.372725279229243,22.053668486360856,21.00501233679306,21.244236876202798,21.46638704813251,21.913242578644937,21.98584966954714,21.462607533530424,4,0.953446462978871,0.734782538829941,0.797221050814768,0.343381592358355,False
Q14195,18,Dihydropyrimidinase-related protein 3,DPYSL3,27.183133580075374,26.816794186193423,26.51524844428499,26.803257860899343,26.781107772039704,25.876936737757347,26.625038215638174,26.8911849906205,26.912629408728606,27.333494918712777,26.03698028217294,26.352352504249808,26.66985079723814,26.990686810944975,27.876268131343362,26.765366728213927,26.695389143863192,26.922156963334213,27.272919488203147,26.73056377437015,0,1.06747111861707,0.784439236418675,0.811450985241191,0.277124842009394,False
Q14203,27,Dynactin subunit 1,DCTN1,23.900129522186198,25.0592092502272,24.519890646999343,23.468366362037216,23.56503771911029,22.33866940552666,24.06698176584399,23.96295953357426,23.970836416212606,24.759048530645327,24.282733041122892,22.668237547094268,21.530642351340198,24.48092372324001,25.17770882512612,24.014829662109754,23.46729978070129,23.9971197195654,23.503863787376872,24.57127038692754,0,0.960045079402745,0.637657175902855,0.7585186811081,-0.478019895299341,False
Q14204,101,Cytoplasmic dynein 1 heavy chain 1,DYNC1H1,26.6309567638835,26.6343339441757,26.358646784046037,26.44037162900887,25.74965295101304,25.85769906389731,27.049889186224966,26.0787240451423,26.675970842918392,26.930960902869543,26.916124610571938,26.55467767578759,25.57432778812929,27.201042508408367,27.05928240668247,26.35051013844695,27.141356503038512,26.68556484133365,26.181303358864252,26.167438178970883,0,1.07199862189407,0.520091818036987,0.721310207615658,0.654375306644909,False
Q14240,9,"Eukaryotic initiation factor 4A-II;Eukaryotic initiation factor 4A-II, N-terminally processed",EIF4A2,22.576433844008594,24.303897010966292,23.67578074808958,23.581168847660305,21.9351783761779,22.530104688348587,23.85200276465006,23.58485930184483,23.496854503868736,23.627762284500918,22.422740740662658,23.567191240907896,23.67404200217706,24.62789571094534,23.722024851542958,23.785677400248005,23.019678912167983,23.31402366670823,23.22667075273965,23.648719098061544,2,1.0588044172787,0.554686277873949,0.731412426372764,0.600531178060519,False
Q14247,7,Src substrate cortactin,CTTN,24.454073355281537,23.856037260705886,23.142260621316854,23.909385764657223,22.833577406632273,22.75116448048056,23.320810269121715,24.095897734846304,23.700839690318272,23.79703515772447,23.55872569973823,24.5144957447813,23.179878532420076,23.351305049631108,24.129346502152753,23.60806607726259,24.755297508536373,23.544518010019207,23.764202418171624,23.591254590836083,0,1.15874551635887,0.423742105370091,0.673330887734645,0.816126393962516,False
Q14258,6,E3 ubiquitin/ISG15 ligase TRIM25,TRIM25,19.06144423304306,19.61332674533907,21.588510179811117,21.17598690375737,20.019124653607395,20.949545969810806,19.99210747320351,21.22331347477756,19.033945548418266,20.622158993361705,20.147799364933988,20.139607077613114,20.71027201006091,19.631520228271413,21.10154219312312,20.87676887503206,21.080129569780418,19.65694537695327,19.550027357487203,20.20419095073579,5,0.902084948766388,0.961149099169636,0.839800241506769,-0.0493061250417017,False
Q14315,48,Filamin-C,FLNC,25.987599411507734,25.776785692917354,24.723662660799054,24.365525875978552,24.35771485694022,22.253383288567772,23.895497052466652,25.42309766562333,25.96880158761154,26.207162466363542,23.03430953495014,24.41341540796446,24.44309872797703,26.466518162535625,25.982952481241377,25.328257861528925,24.679306230380963,24.46628157367628,25.770001051636225,25.559794034956308,0,0.986146551473802,0.806800933853469,0.813589620325639,0.247715393634383,False
Q14376,2,UDP-glucose 4-epimerase,GALE,25.954215489952034,25.689126780844287,26.596718215948016,26.188098194575844,26.188794759004228,25.741186130225362,26.80246371916348,27.13899881474952,25.633748791807946,24.989018212752203,26.49837489829647,26.099540965251645,25.653063346828425,26.119130617592045,26.019924803910023,26.2077361828711,25.913867843290756,25.84905834780395,26.817715115019308,25.91319491451936,0,0.952004759927669,0.942594133939224,0.835753802319233,0.0728911192715351,False
Q14444,3,Caprin-1,CAPRIN1,21.375517289456937,20.65966654919056,19.83218290067093,21.82775668231454,21.44271692999711,21.64561180429537,19.83801393809822,21.144793882252806,21.440622641269087,21.077884073383398,18.95130214808278,21.570951152841268,21.327325764227332,21.52943649658474,21.2821794613764,21.36710525945397,20.381504235240786,21.442292673973807,19.991596803222933,21.46961006355224,8,0.966305367664996,0.799930564897576,0.812593916944395,-0.256726069034374,False
Q14515,6,SPARC-like protein 1,SPARCL1,22.178394909758765,19.930936784245514,21.818896110488094,22.285055597708677,17.64666206479064,19.07205626027081,20.820373850916695,21.003084069031672,20.959718698378072,21.04723346497411,18.9136721428513,21.191487760342454,20.943923919595317,19.558926828994586,21.791525930224946,20.974859822126025,20.498347581575175,20.160394193095083,20.844613370650872,20.878800737981773,8,0.808301481530595,0.849167986597011,0.819923011135721,-0.192581492738354,False
Q14624,28,Inter-alpha-trypsin inhibitor heavy chain H4;70 kDa inter-alpha-trypsin inhibitor heavy chain H4;35 kDa inter-alpha-trypsin inhibitor heavy chain H4,ITIH4,26.712076061369586,27.56407352227849,25.859506389344855,26.100577276186016,26.7075191909443,26.427344672255796,26.779540069404742,26.806714938781468,25.964331805134492,25.655237204760336,26.78181769539418,28.066489284000042,25.866123350457585,26.94236864151387,26.409470662892915,27.105053260175286,26.95639951255414,26.9452032129682,26.862584700399797,27.507612697947522,0,1.44941847173395,0.0667236810095058,0.376495754201664,1.93562722719966,False
Q14643,3,"Inositol 1,4,5-trisphosphate receptor type 1",ITPR1,19.995960949716412,19.256280473423864,21.042765290915185,21.25313342067471,17.005295815823654,20.884640687106394,19.138586825863793,18.74717347043201,18.638417691470313,18.565373404119217,19.80923232059354,18.051927144461303,18.538935903935855,19.476823022486016,18.514165086236414,19.579430492208477,19.055415139154533,19.809353273245204,18.546136300975093,19.97999214369191,9,0.621263614678305,0.494439709016269,0.709261894965122,-0.69558974930186,False
Q14677,5,Clathrin interactor 1,CLINT1,20.477576898319896,20.132119051654747,20.74042544810166,19.95842379282067,20.312024575774192,20.308316434213562,19.728575242627635,19.360919863467732,19.541390838571076,20.532277881250216,18.951983954331855,20.893442766417497,17.950026670110862,20.696827403232803,19.95123168063177,21.27042600472383,17.936682980855313,20.157065514135653,21.371112015165387,19.85731546638551,7,1.12707189824303,0.628312514307879,0.758178549609215,-0.491418798512692,False
Q14696,2,LDLR chaperone MESD,MESDC2,21.574608134608116,21.537043560079393,20.01825651461905,19.88224847235788,20.308642493209646,20.20835432413736,20.58437830478354,19.593066143279376,20.61384812165214,21.81218112824115,21.573971456650536,19.521734147064475,17.817816981892513,22.000751626981156,21.077137373413063,18.643390328378622,21.916835435288117,21.940843423954888,21.49289878629439,18.506414764866218,8,1.22832658220082,0.77422461589112,0.80799837307198,-0.290640966134686,False
Q14697,39,Neutral alpha-glucosidase AB,GANAB,27.200044031995137,27.17150773939041,27.038759525466332,26.79510261328857,26.679255227432254,27.046691153695452,26.854989429209432,27.086757656393097,26.997871933736683,26.90649888404683,26.934905470331696,26.939767179172083,26.746663446658896,27.566114229908404,27.37294518061741,27.041446373665153,26.873801031685932,27.100880686982794,27.337606731462596,27.198520763383204,0,1.10560152572157,0.298540645657991,0.608461038679821,1.06642552313809,False
Q14699,5,Raftlin,RFTN1,20.330887236308847,21.963547643673927,18.729436450483078,19.07966729628441,22.25142262554226,21.67108612481509,19.782745613100573,21.292403200743397,21.57750672782126,18.986296712785794,19.510409348117758,19.196991733864717,19.93443591586743,19.384953371219925,19.062544173861195,19.807575510005503,18.22899931963864,20.428758453233794,17.62112032424553,20.047803808833947,9,0.340947297801027,0.0208146678675564,0.243169194928517,-2.50260287188091,False
Q14764,16,Major vault protein,MVP,23.250504207452778,24.9220307565339,24.058703427124037,23.851398167682813,23.64833248640439,23.24084412455259,23.851565378943633,25.10238691528237,25.17592910419116,24.39259515535958,24.39926698992572,24.11649192384962,24.38022538901571,24.676268616386693,25.000118232175293,24.238485694989873,24.901292886347246,24.00517198705584,23.705393389877717,23.689675559950874,0,1.01876990238284,0.551763522416611,0.730786710248407,0.605009401388143,False
Q14847,13,LIM and SH3 domain protein 1,LASP1,24.743625397404703,25.279851919493986,25.41690620579069,25.982375617267927,26.473094448842303,25.790828978315325,24.98691066622335,25.681668754218762,25.26709228433039,25.56526774575843,26.03414264146296,25.33972003815324,26.002208422243587,25.448099876395347,24.84114442965695,25.321390220166485,25.76865944940829,25.59371294323577,26.097784767117535,25.4878531879373,0,1.02146283105373,0.728469870534413,0.795870457583298,0.351911888882996,False
Q14914,11,Prostaglandin reductase 1,PTGR1,23.698410544776856,23.133272725148924,24.44886517143237,23.630275473976262,23.195777757479654,23.27952389022132,22.220239526191314,22.982060519762335,23.612668385267483,23.290484290505002,20.811366052640548,22.99696207610782,22.175245113338608,23.798762049770506,23.013821042584183,23.384993682900873,23.18172773512347,23.3564592056982,22.961889096424475,22.632711675161246,0,0.78065875802748,0.115934153727424,0.463437012025444,-1.64103051743134,False
Q14956,4,Transmembrane glycoprotein NMB,GPNMB,21.625730673280792,22.575517320909096,22.520344902988906,21.384675918240113,22.90503193691174,22.199978741770718,22.127497977963753,22.831216003697804,22.126119323139733,27.850911433223594,23.651402024783792,22.563423638111978,23.456267105649907,20.808224254475938,22.76935776550692,21.035372315522196,20.960394461593403,21.400344539039732,22.5948763047774,21.13326444013082,1,0.183472262896975,0.205493202603773,0.545341526457681,-1.30725963709534,False
Q14974,25,Importin subunit beta-1,KPNB1,26.30685052770091,25.65392023927046,26.22132186207678,25.428407799413435,25.117071440748617,25.100053432808906,26.15960774041868,25.655306510888863,26.140020735741338,25.757361611351843,26.274029080224476,25.3845200737784,25.18098683525679,27.182210857875674,26.22019839103406,26.05692684985567,26.255884974022795,26.533200732457832,25.765302715884182,25.545851803949493,0,1.2403802674526,0.24792997693758,0.583149616570681,1.18900575798413,False
Q14980,37,Nuclear mitotic apparatus protein 1,NUMA1,24.930750463349803,22.30573827323083,22.004667607566805,20.26717069853336,25.910959926057963,22.246669461914795,22.849615186221033,23.284644489503574,23.81196814495216,24.307001124463522,23.286089045388298,22.799606994064995,20.43979708406791,25.86612495865698,25.12964831655227,23.27457993542635,22.847327551260292,22.891856333846476,23.907755233391967,23.519135906489037,1,0.962284608855784,0.76006550779995,0.805682811574432,0.30946920934402,False
Q14997,2,Proteasome activator complex subunit 4,PSME4,21.747941928885748,19.31258006555636,23.92047300403031,21.114706170776408,22.914722921794954,23.401931176268555,22.07128762516787,23.128177580931645,22.863665779501655,19.244985365696962,21.490472149478943,22.95954073211517,21.769937538133263,21.13472194817869,23.48117915262742,22.705808005159447,21.53984682081867,22.451294583906535,20.829566840303332,21.60971183382254,4,0.718106718287324,0.965219922693566,0.839800241506769,0.0441360715337811,False
Q14CZ8,3,Hepatocyte cell adhesion molecule,HEPACAM,22.437375550388943,19.47733140093689,21.893885385131043,22.40584485420915,20.54613427287388,21.9833491390808,20.43086619712937,20.304463404234834,22.131414086601957,22.469417388411564,20.470801659407268,21.739985465850232,20.07073207225648,19.348067712268637,20.99803580681558,19.789621644574787,20.600527229414276,20.84778075148422,21.48613718678227,19.34461715242403,1,0.489269285098951,0.047524112889274,0.329870541840136,-2.10702054817711,False
Q15005,4,Signal peptidase complex subunit 2,SPCS2,21.775943172677085,21.550222751515914,21.372273668368713,19.37872800526317,20.372269490843426,20.157062600047325,21.007466567650724,22.123750349912456,20.555121879135513,21.828991545926836,20.38488390622762,21.53417547375845,20.027882056308076,21.467607020354798,20.790196456395872,19.245574470603355,20.28754546299471,21.360495055518555,20.939369398045994,21.148804671877585,7,0.776948701235552,0.447145189877597,0.685569866640652,-0.774962240439871,False
Q15008,7,26S proteasome non-ATPase regulatory subunit 6,PSMD6,22.749536127918393,22.30551286525036,22.030272166435765,22.340544464972442,23.259620283302723,21.263136718615545,21.760524939923354,22.897708384014333,22.333099538832027,23.102566026158375,22.051297198133962,21.970477430706936,23.7571528718955,23.86723246773656,18.838455560165393,23.09195653757496,22.965836188148202,22.73304651966093,22.266977545373663,20.755249038216608,1,1.1449608350545,0.734454891491973,0.797221050814768,-0.343823695761027,False
Q15019,14,Septin-2,2020-09-02 00:00:00,27.000842988478556,27.13579585559601,26.777809765328122,27.158517713022828,26.578674771830503,26.991009447316674,26.775191911651923,26.747390597166284,26.89452783195127,27.053344500980266,26.68471634105289,26.373599402881588,26.508190197304117,27.343232448670133,27.176862744406918,26.811344760947083,26.736136336251082,26.793531247622006,26.86285866530717,27.072906929377893,0,0.96393816109301,0.586971840093127,0.743447109981051,-0.551853093427358,False
Q15046,12,Lysine--tRNA ligase,KARS,22.350197569376753,23.464441717604334,23.294135329074276,20.141184709956242,21.577918059837263,22.479844122246334,22.78229725862351,22.23148514790468,23.398063120390912,23.45692726219598,20.303509882417174,21.94820618729612,24.109257162671984,23.292594864060277,23.761156122543735,21.176360651394678,19.930428948659827,23.51052414305267,22.651521846587464,22.625149103782054,2,0.922340790141645,0.730459298495681,0.796028445773527,-0.349220727935238,False
Q15056,4,Eukaryotic translation initiation factor 4H,EIF4H,26.389225746539694,25.6333656380723,26.006212935823374,26.442659764436073,25.914316611483972,25.632784035483702,25.611181343457744,27.047030097425644,26.1095279128748,26.31748905646689,25.504058065737457,26.846910081725053,25.799064297503833,25.79781693735362,26.090465573306936,25.717730207758862,25.91977078119963,24.827299538473994,26.785209880989374,26.456072797851647,0,0.936833452521987,0.583290154185971,0.743117501783968,-0.557334210500566,False
Q15057,3,"Arf-GAP with coiled-coil, ANK repeat and PH domain-containing protein 2",ACAP2,21.216479555748016,24.540771607341508,26.070589687089413,23.97026970527998,19.482804953562166,25.920089408038105,20.353375454019154,25.43928172064427,25.911180407265967,25.58549295829217,26.265032367281062,23.18669761120045,20.61959106722878,25.760064832151354,24.258449931911333,25.620992738043444,20.397732872092703,20.984077958667946,25.29020773825046,19.86832006347982,10,0.819967616154306,0.543094633549649,0.730408413405023,-0.618366148889536,False
Q15063,32,Periostin,POSTN,27.564124476828614,26.409620004028973,27.501728749114655,26.161884444350473,26.628850041529073,26.480238789498593,26.844241258012314,27.735183153024053,26.429072978745044,27.338538704650382,27.749011865613717,25.65753843857588,26.628449947540208,28.09287721969112,28.827687288075115,27.868869783852837,27.47196135620915,26.85258100374037,28.215592863320932,25.98549258429417,0,1.4327317647152,0.245209243072786,0.58311339070537,1.19610344765536,False
Q15075,44,Early endosome antigen 1,EEA1,24.827616079110243,25.930733718433263,25.040160343955012,25.749259754092318,24.62758742671908,24.76404818943809,25.089442131256483,24.97349616608556,25.211574614394294,25.071614682859376,23.492332986604858,24.8630839067176,24.878604340405396,25.806347119471233,25.50832617327372,25.01079891289433,25.346815731186265,24.9855723770673,25.87654090534079,24.39414813826018,0,1.00892907719722,0.671880048114339,0.768734109029445,-0.429677667263614,False
Q15084,13,Protein disulfide-isomerase A6,PDIA6,25.912983628903522,26.343059286052227,26.179417004715894,26.62109774101699,26.07849252169757,25.829677529185993,26.12217067081643,25.883964957631974,26.255035766064005,26.380840227531827,26.07387806084496,24.15091855222769,26.38242810807011,26.709522336876798,26.495735076015386,26.586796857754084,25.983276938768828,25.67326878598866,25.895682856138148,26.33681772654116,0,0.995136892636498,0.599677908193299,0.749006456499085,-0.533066391141353,False
Q15102,6,Platelet-activating factor acetylhydrolase IB subunit gamma,PAFAH1B3,22.370057529537878,21.097064250717466,23.31651161717177,23.699030895958856,22.207655325259616,22.112114477718823,22.793575093584252,22.519251461174438,22.633441854753908,23.170978432373193,22.72225910445611,20.91337064989973,23.694069305192382,23.94754414073452,23.35340481818881,22.66915439920523,22.801935672020594,23.084155644301376,22.46666440866009,23.069696193325218,2,1.20424349108821,0.451798293138424,0.688246675152697,0.766936931219552,False
Q15113,5,Procollagen C-endopeptidase enhancer 1,PCOLCE,21.84888479683821,21.147363309712272,20.849306331903286,20.74996866071861,19.593282722211743,20.698150007846333,19.915752183247722,21.75001732717514,23.086693758444365,22.58996764691367,22.189930594640614,20.550349491201015,20.967656632511122,22.02432348484555,22.033149488590027,19.50610775122345,22.06532522348668,21.09728248956084,20.060304818762276,21.18461430651192,4,0.843093020570075,0.899849316111533,0.826708499711055,-0.127408804587232,False
Q15121,7,Astrocytic phosphoprotein PEA-15,PEA15,24.39952720155899,24.84047551672539,23.971467228819662,23.741714925822404,23.96137338777431,24.484960896563305,24.633248912335088,23.55523970967791,24.452588117407615,24.480942683856004,24.246907310530272,23.837416783545816,24.890174495701125,26.024344126657432,24.758590219064082,24.277786271906947,24.75245528360662,25.05190144438856,24.381095512077415,24.601772364379965,0,1.36004741299662,0.0931481579427315,0.42417512839099,1.76037592477162,False
Q15124,18,Phosphoglucomutase-like protein 5,PGM5,23.99741253580171,24.273466492503086,24.769234090542433,23.787932418700084,23.483694955507854,24.44023681473146,24.672246388358243,24.40641522677887,23.654894936832303,25.291155567389744,24.020959667936705,23.00111061297928,23.251602210626135,25.924748617257933,25.325404288247196,24.44360365632672,22.830199411950684,23.360375406887975,24.070433611742356,24.666004869104,0,0.833593760375321,0.600495540328247,0.749006456499085,-0.531864179750397,False
Q15149,166,Plectin,PLEC,29.068221469728453,27.663886895427392,27.720486372858282,26.80011366255666,27.255791182295564,27.799676327603088,27.71559296642294,27.701938047929648,28.171781599295805,28.885355084451003,28.086670845912813,27.43936001540912,27.687708679618932,29.202330777179814,28.97792695353142,27.663933834880346,28.140722646961954,27.61045251354498,28.24853065536782,27.964513178060827,0,1.04282208590306,0.409469581197681,0.668891502267805,0.841933645878075,False
Q15165,4,Serum paraoxonase/arylesterase 2,PON2,21.18624990393075,21.916793059073743,21.375353544468812,23.513574591827567,22.699115344868193,21.59336782286085,22.528508627650123,21.5984551377912,22.074215063696403,21.339308159319888,20.181353713850907,21.89296727938028,21.375796107620186,21.740307333555844,21.294703660437875,20.996899166659098,21.257952286074524,21.98432816872425,22.190927620016513,21.612252486221305,3,0.656292978625003,0.117735014750943,0.466142859024171,-1.63247489405189,False
Q15181,20,Inorganic pyrophosphatase,PPA1,25.9200061668141,27.090356339122707,26.798836680772137,26.93460946075911,27.201543785825642,27.34332558347211,27.191627687258368,26.508801849677596,27.017504866700726,26.485529427127855,27.336976000910653,26.375637231268744,27.303200698068526,27.615424905581154,27.210913006406347,27.220817583041548,27.504632395307937,26.92808725953616,26.946762543369466,26.640415080037357,0,1.18662002877891,0.188795578662748,0.53240815837221,1.3590292398714,False
Q15185,5,Prostaglandin E synthase 3,PTGES3,24.218317788318757,22.355443760801148,24.239301364353906,23.520377809678372,24.325482009300046,23.337669179824413,23.523141532760597,22.983699304317817,24.939557734929664,24.952595549857605,23.059748857833657,23.513240314375224,24.166536144820007,24.803288646675213,24.612589332302434,25.04911544621681,22.834179695148997,24.228253016619373,23.083055224844852,23.883059343938605,0,1.07156284676585,0.819192323360936,0.817186231250049,0.231516206374738,False
Q15233,7,Non-POU domain-containing octamer-binding protein,NONO,22.411503197960563,20.94566570032464,21.834154232529983,22.840232918722467,21.879427451513422,22.175177698948097,20.13321023761241,20.29871457977676,22.78595029712505,23.78014430277931,21.92439132887414,21.652602622974328,22.49237212518526,22.077342486849613,22.95935468984967,21.424317079377683,23.065526722841604,22.33697372894768,23.014397598947973,22.00263450842752,2,1.08102234210741,0.369898485817986,0.647294075609455,0.916667030608873,False
Q15257,7,Serine/threonine-protein phosphatase 2A activator,PPP2R4,25.614027348842434,22.013038638145204,22.932171054239124,24.490306522850226,23.38127582882875,24.089877611962326,23.32616310688052,23.525468097842705,22.829099008675627,23.976360374368106,23.300502129985457,24.33600095379725,21.206808962521446,24.104116773013434,21.366334930054823,22.836800905283155,23.581893467495853,22.786148880840738,23.545284697130587,22.247486991798517,3,0.635213757902677,0.146562004878215,0.499252044426215,-1.50854761767108,False
Q15274,2,Nicotinate-nucleotide pyrophosphorylase [carboxylating],QPRT,22.13723191392923,23.405131824698323,20.822391741220326,22.815677192302132,19.661648839531853,20.04258332486156,21.900313877346886,22.956015893646807,21.517840577652613,21.901229001003085,22.709515601121822,20.072275676869403,22.98503390319333,21.069947294375577,22.295646759554153,22.465452187435556,21.929315760594893,22.105920752486124,21.132416584605895,22.023412787162712,10,0.985012396009834,0.739194687156008,0.798823546685696,0.337434930349099,False
Q15293,5,Reticulocalbin-1,RCN1,21.395860132846437,21.167943222603697,21.154397886524297,19.89961327494216,19.530499581084698,22.530021106744474,22.011576992102274,22.09229188121776,21.261670531588624,20.54610987426406,22.00854697825512,23.172508144838098,22.868276018408643,22.837302557390327,22.315306242609328,22.42759603861078,21.20602308879167,22.764503371139757,20.537643804396723,20.972817350646668,4,2.02870630724835,0.0154149572641943,0.211679581794544,2.64083032936864,False
Q15363,3,Transmembrane emp24 domain-containing protein 2,TMED2,20.542621758559303,21.31729639242635,20.226812832619864,21.899981557237968,21.364152779223723,18.947085762999333,22.25144395219271,22.72574259299154,20.020648708214676,22.40310410063992,21.117760869366723,20.75143099991776,20.850863799145674,19.89209423089128,20.79963862356978,21.28006121789069,20.64369967845756,20.905674211642147,20.93979759101605,18.64539602691375,7,0.558371447906515,0.215485431996131,0.55792310220854,-1.27783482546243,False
Q15365,13,Poly(rC)-binding protein 1,PCBP1,26.180563427892146,25.647454816421178,25.575563026538006,25.76562820719373,25.783872574054676,25.478568075549763,25.896737524612607,25.901447205140872,25.833243698689625,25.945330543448073,25.791150556544245,25.746451135031805,25.53676632192851,26.216406324965998,26.17434870538677,25.817520907741724,26.138247891770508,25.643321009439074,25.69519136443525,26.068596875129586,0,1.06018604966707,0.554687104471989,0.731412426372764,0.600529913311304,False
Q15366,9,Poly(rC)-binding protein 2,PCBP2,23.34020357182459,22.175895207192497,23.408736251978723,23.75266123783691,22.017621063879393,24.175134960146398,23.66004326274602,22.994080333183568,24.471283123677072,24.57563404062852,23.80914757417013,23.59675807401329,23.195676349150244,24.43755210949021,24.83516479818539,23.342149433865526,22.857208009870952,21.530784978810217,23.57438841074528,23.388709684047768,0,0.94406794408063,0.999088737859964,0.843898074451799,-0.00115600245566795,False
Q15369,3,Transcription elongation factor B polypeptide 1,TCEB1,23.050816712050764,21.633917243010252,23.239199369108423,23.51818493888035,21.92352024168506,21.654657408969324,23.24352173077672,22.355619609809914,23.199040576186846,22.25327991163415,21.17432054092717,23.53458736982016,23.044398169432846,21.369126850944827,24.055819515432724,21.992455155472275,22.79392193452638,23.260850432115948,22.737938143969735,23.05260604783124,0,1.1337447772246,0.808061373310229,0.813589620325639,0.246064595400755,False
Q15370,6,Transcription elongation factor B polypeptide 2,TCEB2,23.09624874247355,23.590334330379573,22.9783220776067,23.109969619760868,23.03928176045686,23.955292840569367,20.630586769550167,21.833129690393935,23.887355226410087,24.404102247942266,22.770945686428547,22.76521461062246,23.043157098375023,22.538559432217088,22.955752634451404,22.082754296226838,22.2832857875065,25.347417048568026,23.821225891064735,21.642636194540138,0,0.934065384871422,0.78998619327608,0.81186965806444,-0.269807291936836,False
Q15404,13,Ras suppressor protein 1,RSU1,26.280212585775928,26.437053613494143,25.91386456226158,26.188637362268143,25.893232564464103,25.942199063873776,26.648784838305414,26.215510729584945,26.28963636761744,25.433815902266897,25.335328115634304,26.288520538096737,25.388779118118553,26.526420049213062,26.07670534684145,25.9365161595041,26.085940126476828,25.957692846938095,25.669281533335656,26.149376288264836,0,0.883358928773352,0.318469112909657,0.617192968220571,-1.02229330897542,False
Q15417,9,Calponin-3,CNN3,23.671237130522606,24.056440954857063,24.375660332534437,23.705526287492386,23.147738522286858,24.833006862828192,24.078311575485685,24.03000668050458,24.34075227688283,24.16373155035277,22.996226466794166,22.350721975857432,24.267057344590445,25.07249907932249,25.524586753924865,23.31824211123332,24.032129579929403,22.88714749730952,24.019063980716066,23.46530273294035,0,0.883773149160805,0.464882285086579,0.69086707470759,-0.744635310531407,False
Q15427,3,Splicing factor 3B subunit 4,SF3B4,18.830027376114916,19.33493386377697,17.18700584867538,20.158349169255516,20.892027332638786,14.673744424295199,19.670196490498046,19.94762130543453,19.752152598114648,21.58919354286564,20.201259357484886,20.07705287703861,19.91452044492476,19.359581647225625,19.29315024521696,19.23336868720345,20.3642759886094,19.485563151973086,19.90753788793777,20.624254085420624,12,0.974442879429818,0.312447653677602,0.613979024606205,1.0354163216194,False
Q15435,11,Protein phosphatase 1 regulatory subunit 7,PPP1R7,23.40857011865663,24.070826664096955,23.657685148899315,23.423885278474316,22.931375147192313,23.3823296667802,23.829649175652186,23.25809452568367,23.213276360335882,23.720982258379046,22.93433015708692,23.052615856159964,22.79986533059659,23.4010611047827,24.613688896536836,23.257317461693336,23.081132777046008,23.935315560739394,23.198665236294577,23.417140679878212,0,0.964248008348181,0.617713599379752,0.755192054657026,-0.506727748512444,False
Q15436,8,Protein transport protein Sec23A,SEC23A,21.109035013829384,21.5204144162716,20.719793144056133,21.468100026745734,21.69511626419005,19.210377375227722,22.74483054447746,21.010366289338812,23.908219326882207,22.967604836950013,21.90279631612019,23.579594561400157,22.348564628800684,22.86819656562931,22.595050616453992,20.98173220368284,21.827987146543123,22.972326117071898,23.870665484244288,20.312552229078882,6,1.53860604959847,0.197548006332756,0.543673593313794,1.33146364558115,False
Q15459,3,Splicing factor 3A subunit 1,SF3A1,20.746248924687993,20.860330720012957,19.872066163006938,19.059175583729807,21.41612760505212,20.527925059794622,20.32534154275147,18.911148230053865,18.391244935960522,21.047693491852286,20.45476896400485,20.172742851304175,19.702777317878695,18.631691089472074,20.463145238089858,20.249741244568128,20.674758853031896,20.471172339967456,20.61236687682661,20.167681882432596,5,0.948517711756459,0.905508271135637,0.826708499711055,0.120172114669701,False
Q15582,18,Transforming growth factor-beta-induced protein ig-h3,TGFBI,25.739140926285884,26.248733688436428,25.70577260505039,24.865273441657934,24.993643223640184,25.069161697703127,26.057493999720975,26.3128888611947,26.135641174804487,25.759411975513245,25.27884647711739,26.2492575890259,25.29137940329316,25.583814905151083,26.7039324221599,24.977651350835938,25.731152621929837,25.43493290112751,25.75711254822157,25.42434755076679,0,0.929539496084088,0.843363192505062,0.819283344390874,-0.200095491006889,False
Q15631,6,Translin,TSN,24.303752050320423,23.386051247266163,24.51479933720136,23.71578286640995,23.75749611755487,23.03105938716958,23.966923429640822,23.912595311999798,23.30545161923284,23.53390450985325,24.191499508955275,23.489503576591865,23.142531553525817,20.90418268089057,24.455504258484172,23.983783689620143,23.961143084977184,23.3966396135343,22.996767425518918,23.772835125653586,0,0.958048505532212,0.372859932570241,0.650418095942918,-0.910897053559836,False
Q15637,3,Splicing factor 1,SF1,20.911025635369096,21.448113421936135,20.654338016489717,21.31790568494044,19.685079395077217,20.68276762094662,20.82984167997513,21.278493089827997,20.176959888483644,21.36774906565572,20.622713310745652,20.41728175245517,22.00339455309668,22.232633956329135,20.083622094135,21.3524213655018,20.949914875671872,20.352955713715836,21.200516057382718,21.18448846341285,2,1.18880387427623,0.532327371093275,0.726830710757849,0.635115977668871,False
Q15642,4,Cdc42-interacting protein 4,TRIP10,19.76233566391341,20.330440442736986,20.52701682689935,19.365675978538185,19.00469094746771,20.491474294323677,20.142764868434114,19.400405351939646,19.819735037234647,21.25297512622457,20.76219238413963,20.135414263971455,19.665947407476164,21.5891774248481,19.992271965453927,19.098439943330376,19.244860739276863,19.66667281842232,22.760011930603017,19.25782319565564,3,1.52057541147306,0.629356093697653,0.7585186811081,0.489917957403319,False
Q15649,1,Zinc finger HIT domain-containing protein 3,ZNHIT3,23.02688384049708,22.1240731020145,22.825493742585607,20.908746866627965,22.508513213992973,21.32520478000959,22.824678920473012,22.603846485737236,22.06696959414444,22.385594281755964,23.619769807774844,22.774110817297398,23.657610158090993,23.31731297776569,23.190664943743506,23.29738342640914,23.42873689329108,23.88624369593568,23.136164607271002,22.998356785363423,10,1.97323647015956,0.000927358108057032,0.073258090536328,3.86130320379211,False
Q15654,5,Thyroid receptor-interacting protein 6,TRIP6,20.556567054708616,21.34148902980018,20.4205498965643,19.412697610592666,21.881214696421672,21.374408530934716,19.248877295480327,19.290713428458467,19.902033953593076,20.055560770388787,18.734069700248693,21.148732231217522,20.081379790350177,20.659402186357696,18.844735749843867,19.6481920665408,21.53499208675738,19.704535172857916,21.57557507335962,20.74594956773428,6,0.995872772453143,0.847802245119673,0.819918955074362,-0.194348332898162,False
Q15691,8,Microtubule-associated protein RP/EB family member 1,MAPRE1,23.244072438948375,23.559946392867797,23.40428683123057,23.01249638263873,23.76558730010333,23.312306987307515,23.53477017054021,21.959712305539675,23.36541711609999,23.29498535884844,22.85525407647323,23.37946145667887,23.45908117555718,22.11755898329847,23.67466405512622,23.219985035286143,23.283779040183283,23.439146785377805,23.323878771744567,23.738427521995117,0,1.01125535293971,0.987783091647151,0.843797505224354,0.015498685746468,False
Q15714,4,TSC22 domain family protein 1,TSC22D1,25.747791767458242,28.056305830275225,27.361392725647327,24.511591048111566,26.02624720005056,24.661737945230897,25.65824242266378,25.5574601540914,25.058651896020244,24.846349807425643,25.674092567446145,24.52489441551574,28.573234204973865,21.925791148934003,21.2626148306036,25.50312621777191,25.58793537048424,26.04090570188863,25.555741642321316,25.19380458111816,3,1.10175902810558,0.260612970468856,0.587927183588789,-1.15666874361772,False
Q15717,7,ELAV-like protein 1,ELAVL1,21.314312691181534,21.601913495431475,19.789652911529515,19.155764359879825,19.592235838246246,21.172230605911473,18.401374925200972,21.312979559477192,21.248860643012723,20.61284876111615,20.054841615075492,20.08879240531871,21.14965776004397,20.710628956927852,22.2965957619734,21.000376350689088,20.52222031701366,20.43358123908428,20.550161000609673,20.499762393492805,3,1.13780533189457,0.46210018605036,0.69086707470759,0.749345478582015,False
Q15746,12,"Myosin light chain kinase, smooth muscle;Myosin light chain kinase, smooth muscle, deglutamylated form",MYLK,22.574775712513986,24.46052931115804,20.12628451757341,23.751296961419026,24.19516723558799,23.26635022294463,24.1276092242216,21.471505145244098,20.549681849783425,24.95701668827779,21.138018955087563,23.97485105683579,20.328840765047893,24.242087327980414,22.58177627803992,23.35618957395069,20.740861398604103,22.609551842064985,22.370413279745566,23.924448896407107,3,0.657310440126084,0.53671651911096,0.727429585475648,-0.628266233349492,False
Q15811,7,Intersectin-1,ITSN1,23.615758607679762,22.93201744246282,22.902180176817065,21.830436353801723,21.489604288110655,23.666807077674417,23.590345222958863,23.530728986747615,22.012746206087517,23.15133590328373,22.9657697283538,22.3091275505965,24.524359548424492,23.995223409703602,22.634996760206604,23.25406283360282,23.828776781492728,22.417682860043165,20.996086266446127,22.75090172781999,1,1.19875600562098,0.80883001328912,0.813589620325639,0.24505825147046,False
Q15819,6,Ubiquitin-conjugating enzyme E2 variant 2,UBE2V2,24.74006665684232,24.477989886987917,24.782247437758453,23.901727413977866,25.20282713065196,24.71572416033074,24.464333154215584,23.81401822306983,24.392060098670555,24.153531062306,24.72191289513055,24.821540726090397,23.898201449664782,24.654024990809756,23.269277310906975,24.285748125218785,24.70510665070409,24.85920872261596,24.459371297151844,24.620714404537527,0,1.02673941338446,0.874359492821621,0.825812662811676,-0.160097999212732,False
Q15836,4,Vesicle-associated membrane protein 3,VAMP3,24.010955303995722,22.67781165913405,23.13815365237542,24.547446430425772,22.968145400121127,23.3902827063275,23.729831772839056,24.17517629826869,23.7023660083921,23.20768035123618,23.438898490838678,22.98461124855338,24.214800949513876,24.142428314515236,23.735124742492932,23.05912114959299,23.60271403630549,23.733826669066328,23.863115433923273,23.394261766014537,0,0.999424677575771,0.807529419797036,0.813589620325639,0.246761209442879,False
Q15847,5,Adipogenesis regulatory factor,ADIRF,27.76938494623249,27.556561526339806,27.75255329214418,28.38173601527678,27.70493279960967,27.636422039225636,27.76867695261451,28.18865433691199,28.02013832938016,27.37336532714673,26.811340384755667,27.70841257618558,27.813402837337097,27.188464927611474,27.80998727379541,27.093395083258244,27.81651626387095,27.727472635641618,27.80607785378686,27.066057757451453,0,0.803456268019919,0.0623256848301028,0.364062657639799,-1.97057635076534,False
Q15848,4,Adiponectin,ADIPOQ,22.90954655368803,22.302464042804164,24.368329266626702,21.603694594106027,22.885735489532998,22.58869326880079,22.991742988213712,23.730446196748186,23.06265249381446,20.93364379555934,21.460763980578154,21.746318520992748,23.566620779503253,21.767860101595645,23.10092553999272,22.655370694024384,22.051118092290228,22.709182441509768,22.72729312569112,22.262115772768425,0,0.711185444819525,0.399111102328474,0.662759156764724,-0.861025155157225,False
Q15907,10,Ras-related protein Rab-11B;Ras-related protein Rab-11A,RAB11B;RAB11A,25.754945065952544,25.55895347177812,25.10336755335468,25.999086515703212,25.440762624582863,25.54583818028549,24.93325690169356,25.07909118070555,25.33767586195408,25.277925186343566,24.27983369379206,25.164826106474255,25.19514561288319,25.82894102287651,24.62854125156107,25.034872459054437,25.602684257787825,25.85147910356586,25.509036853918154,24.782542933650003,0,0.901821561226233,0.288372008420913,0.603321843609166,-1.0897604025951,False
Q15942,12,Zyxin,ZYX,23.635401542748475,23.968915888978373,23.877849745062093,25.51625095845499,25.30973986685626,23.90773747196347,24.838740541886285,25.148011847541188,24.574816685220014,24.235402264534443,24.06210430763386,24.56924407736194,23.632678516320208,25.430298393467663,24.690305454229204,24.30377135326565,25.03704090242344,24.807542234451375,24.7729825491677,23.066742900659527,0,0.952896158032252,0.838470249531,0.819283344390874,-0.206438323257794,False
Q16134,8,"Electron transfer flavoprotein-ubiquinone oxidoreductase, mitochondrial",ETFDH,21.822894131461208,24.518495498469104,23.358075013903527,23.717894980974798,23.362250010906944,23.565847504081802,23.101237394993028,22.776123395496676,23.40408587913896,20.924591393665516,19.848084850238852,22.075231795579903,21.157278931852282,21.14049120024838,22.309376521665527,20.173867993781634,22.76185991018577,21.925760913316818,22.952259848152483,21.72443870248781,6,0.382352942446117,0.00365419767057468,0.143190922277685,-3.27715465527201,False
Q16181,20,Septin-7,2020-09-07 00:00:00,27.055282542824564,26.519136574737264,26.694384635515206,26.705613211023753,26.73307534822471,27.116036721660628,26.74478296794464,26.391652902042765,26.995394964306534,26.745025441572384,26.805343144906765,26.09412636539257,26.464371080940474,27.206770259445598,27.355274689037707,26.410609853777764,26.693017099743816,26.894656636191165,26.89947122941919,26.7427300353897,0,1.00160544611544,0.932593354404177,0.830457351070302,-0.0856197608448614,False
Q16186,2,Proteasomal ubiquitin receptor ADRM1,ADRM1,20.549048232082384,20.667918223162598,19.040067030560365,20.32255546262181,20.83206293325564,20.498995323348517,20.73974259275347,20.583057697701594,20.938335147645816,20.612674943467557,21.68865078262346,20.98028359938226,22.39423743177964,21.13968437804271,19.53478295624615,20.52319828775193,20.577765052571877,20.56056679440631,21.25241216410616,20.86254302600377,4,1.42349162984083,0.150213834475942,0.503421952146077,1.49432706630405,False
Q16270,4,Insulin-like growth factor-binding protein 7,IGFBP7,21.698470130360775,17.303490597226105,21.326822176649408,21.33287130849425,20.84740776686899,19.638207475861517,20.756178779584868,21.701157635872438,20.335214704882386,21.592067281936615,21.311223892534336,21.843339060070434,21.06947895092347,22.1170336806364,19.79721823800203,19.55208690308846,21.442935571221334,20.411571736699138,21.308558780403366,21.909376932216055,6,1.1890525542797,0.411513397326205,0.668891502267805,0.838203398676509,False
Q16363,32,Laminin subunit alpha-4,LAMA4,26.931453262032868,27.033815966890902,26.305660847982914,26.488501107016674,26.185306415932608,27.54512770866085,26.80007028214425,26.415524223298075,26.530907432145945,25.96814700915761,26.2593113111502,26.190006320497453,26.769260940798187,26.88061885176537,26.41515284685871,25.886879833827194,26.742566871371245,26.448913849292076,26.467627488507404,26.653323172521187,0,0.880663911887402,0.434469366525347,0.679014768252282,-0.797087530712626,False
Q16401,16,26S proteasome non-ATPase regulatory subunit 5,PSMD5,23.508662992034086,22.953763907997256,24.725337083378363,22.240770033251525,23.85782335561063,21.975456914109635,23.874946395208543,22.848606755107987,23.85430938463249,23.623752548867948,23.84527537636139,21.601956831807865,21.831344484712947,25.688895225940282,23.749984759925347,23.551931924768024,23.598278786740316,23.765612766379082,22.909608410636586,24.001310164569087,0,1.20134735003522,0.810027779572828,0.813589620325639,0.243490589351192,False
Q16527,6,Cysteine and glycine-rich protein 2,CSRP2,22.657252802489232,21.30825609755503,20.294219878950905,22.62447787505748,19.604445776967967,22.226814786537044,22.188139745539694,22.473560536479976,21.07920055245637,22.271356030050537,23.526248546254127,21.471363155485182,19.759360287993566,23.515857135924694,23.175844898372883,21.54510785139923,22.051611100575037,20.88785938283593,22.034940985700622,21.17873548347663,4,1.35224796592069,0.6217522898415,0.756189145336418,0.500879996418706,False
Q16531,5,DNA damage-binding protein 1,DDB1,20.937568007056665,21.476292176245423,20.538355668740024,19.580136034751902,21.42164359718666,19.65097056904712,20.774554948983404,20.24910210176621,20.041842666124513,20.24448078141259,20.741344038930276,20.5486493852694,21.053195968343108,21.051136381210767,21.135170671861296,21.6733951817446,21.764985786817295,20.959346047051017,21.121028351773504,22.003785494875245,1,1.37467182200957,0.0150570388845122,0.210966091138595,2.65154134474499,False
Q16543,7,"Hsp90 co-chaperone Cdc37;Hsp90 co-chaperone Cdc37, N-terminally processed",CDC37,24.40006472731545,24.899461030243938,24.928464947080922,24.66174392591431,24.692383880032086,24.567595141289583,24.40301635454068,24.13723400306983,24.945788244185046,25.141692930345386,24.229725308701816,24.04521781098643,25.110839323875826,24.149504570666437,25.173496898159076,24.767395599530033,24.497140646320368,24.397158407792062,24.713764832048355,24.720116263854976,0,0.945466048424259,0.608854009400088,0.752218059563864,-0.519619331337626,False
Q16555,25,Dihydropyrimidinase-related protein 2,DPYSL2,28.711611178787926,28.233438546883182,27.995428125504453,28.46907922728283,28.339428355003896,28.16047031100953,28.19446262769633,28.218049523614514,28.402067626827407,28.57284899088957,27.871301269945235,27.767774957788333,28.01021890179987,28.818006905975505,28.966532877987323,28.28748375083716,28.187418260659573,28.05478524653683,28.551715271783525,28.553518737104092,0,1.01105438916612,0.88482897075882,0.825812662811676,-0.146651905442054,False
Q16563,2,Synaptophysin-like protein 1,SYPL1,21.939086510802046,22.997349984486213,21.983248977855883,22.47383394247541,22.562410199680322,22.109286116311363,22.897795722763814,22.8237430606197,22.539537837121458,22.488688932857034,22.688578076461337,21.91840249060003,22.546180928271983,23.281631250898783,22.675811555207336,22.47692937784562,22.549036992284165,22.193179588923563,22.41484878425646,22.573487503756134,1,1.04163700364777,0.825148601310444,0.817624247495614,0.223752422510066,False
Q16630,1,Cleavage and polyadenylation specificity factor subunit 6,CPSF6,20.435631695543275,18.142450045990717,18.716868213281003,19.52840150606498,20.02511561461377,19.451576065683422,19.14478454264367,20.790641888592656,20.833811089971032,20.576027246526607,20.14093832654679,21.556403390487183,20.894623780706493,20.99382719597641,21.703067780799373,20.016878874492352,20.43088129579583,19.457684088205227,20.615561026570642,20.819481431528505,6,1.45771823287919,0.0148413031650045,0.210432875997758,2.6581142272552,False
Q16643,6,Drebrin,DBN1,20.803039567955857,22.49358435839536,21.487108085584126,21.562830655653322,21.27885963363509,20.928212299746505,21.490249819259848,20.9520285511349,21.7965212724736,21.777815440712324,19.998146869190343,22.082485592014475,20.08267129775,20.826855748687542,21.365230236861265,21.409005167261668,21.406961649359562,21.460326481290952,19.05634325044978,21.703348114038175,2,0.74056575695062,0.169022686336526,0.521118528909864,-1.42525659724371,False
Q16647,7,Prostacyclin synthase,PTGIS,23.041579665443702,24.09806715238029,22.384452315204772,24.097687806769002,22.797907623729817,22.819988135409787,22.396921318935618,24.72235329723281,23.055635208134618,23.39292285950101,22.806867104193422,22.1566297601651,21.802698310959247,24.042795564335297,23.156051680699505,22.830136320435994,22.661220539043622,22.801024395680862,22.694373156142575,23.010161753363224,1,0.665687914667083,0.157838953116439,0.516456381836106,-1.46552283713665,False
Q16658,16,Fascin,FSCN1,25.021911967444694,25.08607584948667,24.87739269063296,24.63523709861577,25.256747620926927,24.99394822079471,25.121832082016645,24.72905462783523,25.22692783999746,25.39878264667279,25.366268379458543,24.916277781625396,24.645422540883988,25.65445429699287,25.784236848643936,25.045844151420415,25.193118065692794,25.343020663214475,25.357288299038387,24.834208478028806,0,1.1400165373984,0.292939414871118,0.605169374727376,1.07920700571326,False
Q16666,7,Gamma-interferon-inducible protein 16,IFI16,20.618387269684828,21.059357060432667,20.067353876165157,19.791685122565767,20.73748657127455,21.77925609757123,19.357906903915453,17.357242260055113,22.344465282414152,21.512608960309752,20.748764796315893,20.439157271855496,20.77475151539739,20.324908356808695,21.780201815904082,19.634857902386873,20.420958079438147,20.07685595906393,22.265319144249368,21.592583067000504,1,1.10047627895129,0.514699631561784,0.721090302628091,0.66294222816694,False
Q16698,8,"2,4-dienoyl-CoA reductase, mitochondrial",DECR1,22.58297506427977,24.93004066649518,23.276104469748525,24.265148536153827,21.41894742202892,22.941663383782835,22.968872254855345,22.786539567453325,23.814295577713665,22.979238873958263,22.525955159966085,22.556435258559283,22.22298250858637,23.02108484556439,23.179057396611125,22.778737420905962,22.442668838264066,23.45392585991165,23.136009430402144,22.676780120746148,0,0.710359745784364,0.260480867747445,0.587927183588789,-1.15699944374622,False
Q16718,5,NADH dehydrogenase [ubiquinone] 1 alpha subcomplex subunit 5,NDUFA5,20.567323258494373,20.548579132437524,21.16900899785741,22.04698492965789,22.510375613723202,20.588808184007707,20.912577535561468,23.494139667743756,21.63981337342438,20.49972496031778,21.097944202338713,20.80495803571718,20.812553229430687,21.766192227121987,20.98823719322366,19.864717440258033,20.992149861665304,20.756272693141305,21.840658474522904,21.72329462935996,2,0.66684885905073,0.406249033511676,0.666605052619602,-0.847835815875642,False
Q16740,2,"ATP-dependent Clp protease proteolytic subunit, mitochondrial",CLPP,20.19364413194148,21.331605650159702,21.53143814525045,21.781125097442285,19.867574654660743,20.661586421133915,21.39858329170581,20.713746685119244,20.978912417524118,21.17984665590013,20.176280058339678,20.690482544443107,20.36957552561704,20.530430069337974,20.543171007158072,20.017560191814088,20.929112802642774,20.39184359104105,20.461087523692644,20.283047303776748,8,0.653838815307799,0.0603619329418239,0.363237063220638,-1.98689320794372,False
Q16762,9,Thiosulfate sulfurtransferase,TST,25.374703641366775,24.765345661945613,24.743750258040123,24.363377597411336,23.220147958391063,23.902710975815843,24.356255424932048,23.728388744069115,24.707808853673797,24.310967917937763,23.451364965423227,23.752301823908024,23.989132490980325,24.425261048936346,24.413495446551217,24.17709249645599,24.384748606806234,24.50087482857796,23.97326853583365,24.456764508851617,0,0.828971622214917,0.416990026922643,0.670306432105353,-0.82826557095905,False
Q16774,5,Guanylate kinase,GUK1,20.200519679407194,18.898858990277883,21.28853445073992,23.00590224768233,20.14937743653491,20.904820357871824,22.00905480886518,18.98443857931496,21.442918688076062,21.56944422763857,21.053487243688597,23.279211055575516,22.889596456247858,22.811212219401565,20.332751525084934,22.846294470910316,22.16745239936669,21.61116649883629,21.601749916881072,20.77211135687973,3,1.78233128405423,0.0473787535226633,0.329870541840136,2.108540603305,False
Q16775,9,"Hydroxyacylglutathione hydrolase, mitochondrial",HAGH,23.392657339001154,23.428605510204584,23.46166661702351,23.25317756527678,23.98910934680659,23.60777774948193,24.042653409607567,22.432526393776985,23.27465252758752,23.80745182445212,23.484750668675066,23.67460820415608,23.393783207047367,23.87408969337373,22.807003780388907,24.02806751502079,24.23501152951331,22.19802996692814,24.03639490503978,23.09688611054557,1,1.04893040123512,0.960069257615104,0.839800241506769,0.0506777782932863,False
Q16795,3,"NADH dehydrogenase [ubiquinone] 1 alpha subcomplex subunit 9, mitochondrial",NDUFA9,19.88929576661352,20.676490574329613,22.890761428149844,19.925362605847862,19.56117314475165,20.0150759864738,22.134632766048433,21.56181576451294,22.301200848453572,20.74248366927865,21.361219893072356,20.650156399503217,20.814233754707622,21.750950056092638,20.459102732736213,19.25939103558116,19.438068848934883,20.266885884420788,20.61947014647499,21.63972140562528,8,0.655270809793015,0.434224243384297,0.679014768252282,-0.797519288360608,False
Q16799,8,Reticulon-1,RTN1,23.60681331243468,21.423029695848886,21.978660995338675,23.24365758204776,22.829841959923726,23.042006540849485,22.91837741417811,21.301921447398378,22.98090097438081,21.922647426105048,21.128111492385617,21.91144417913341,22.66334174365276,21.040079073920822,20.066958501765324,21.712021808302357,21.33963702734877,22.882331796368497,21.00741110313299,20.784682998387215,1,0.506642178843629,0.011978640907247,0.198716972458467,-2.75512496693569,False
Q16822,21,"Phosphoenolpyruvate carboxykinase [GTP], mitochondrial",PCK2,24.489360475184014,23.916619405785546,24.672258095862794,25.84624892209299,21.173130728861068,23.12041175624951,23.838310880996954,24.584120545089256,23.797291301555408,22.59016937875688,22.274254752086293,22.597862797112885,22.271177866864825,24.441921974619277,22.4357535863289,21.960726279607126,23.744230506754022,23.499021399649727,23.704388379061346,23.27991817707836,0,0.548884925148147,0.107248981940987,0.447030877785058,-1.68394215491964,False
Q16851,25,UTP--glucose-1-phosphate uridylyltransferase,UGP2,28.36350004178136,29.24334060885832,29.181225779416586,27.725674549015146,28.399281732025063,28.60888062659887,28.500708097191687,27.462747939951473,27.894953512388803,28.53781561592804,28.150749581531468,28.347395053338424,27.902810246501673,28.361458459397628,27.289787010201163,28.349212695232538,28.311123437497184,28.788973328861477,28.357999561848224,28.152808246568494,0,0.87174137265052,0.359251245482525,0.640829874733339,-0.937670793784662,False
Q16853,22,Membrane primary amine oxidase,AOC3,29.93335296049459,30.536528818982895,29.160459464849296,30.414340832854204,29.79181600775934,30.417138285678647,30.308792621618288,30.159608116776948,29.81653946325314,29.47570565944247,29.10316162742168,30.247154471142974,30.465112786253815,29.973755252311474,29.916714198100838,29.774646820907073,30.018784757441722,29.848996914576276,30.005324462463605,29.716859318012887,0,0.934782687879884,0.612903646077092,0.752600100252505,-0.513715747232133,False
Q16881,14,"Thioredoxin reductase 1, cytoplasmic",TXNRD1,23.070180537579454,24.796167101573143,23.70028564518186,21.750044118821283,24.40241802994557,23.474366178339707,24.59228545603995,24.113094875818383,23.892096835360974,24.51571438953161,24.821870495279672,23.808828890384063,23.679586157154613,24.787189623695905,24.375143477413253,24.024591119832202,24.065769284547617,22.875752506917824,23.662611187121392,23.975432243519098,0,0.948015832546846,0.586889340280777,0.743447109981051,0.551975727137461,False
Q16891,18,MICOS complex subunit MIC60,IMMT,22.686329193395025,24.593294169468777,23.69585082292342,23.373402594628047,22.341798626672556,21.929020675464628,23.60148583045349,22.66740999026228,24.381265122694806,23.409324682803145,21.9755003709276,23.2655748448665,22.603615637823204,22.839453012514376,23.973410733067993,23.82988164143334,22.467162977601923,23.18666026585661,22.445227454268142,23.43079136544911,1,0.756785381600994,0.458317676519419,0.69086707470759,-0.755776728196896,False
Q1KMD3,11,Heterogeneous nuclear ribonucleoprotein U-like protein 2,HNRNPUL2,24.12755325175824,21.358880342558443,25.016638829073177,23.719918863004228,24.216833514295587,23.79641712124834,22.19101160665973,22.606778806851437,24.285756443634078,24.69937335798653,23.030857123455572,22.73332538247213,22.0170673106591,24.49709471404764,23.925150413697217,23.375450732820862,23.489088202108462,23.25391033365912,23.56378419091423,23.38174894913853,3,0.721096733723969,0.52198960977557,0.721310207615658,-0.651371889266948,False
Q27J81,18,Inverted formin-2,INF2,24.226872956379392,23.9589156568046,24.222506796975168,24.606874855922232,20.677243957305574,22.54023461619673,25.11051138294679,23.790872934305817,23.656670631879134,23.551801516706718,22.804434112968462,23.696572757179617,24.036259846648857,24.79344094666408,24.011390808966564,23.478380787213144,23.719408387732916,24.74574354862695,23.371619099400004,23.069269790806292,0,0.945006173449847,0.753564472027369,0.802380521731585,0.31815212086565,False
Q29974,4,"HLA class II histocompatibility antigen, DRB1-16 beta chain",HLA-DRB1,23.969282778115186,23.14917309751337,21.56489960012616,23.879289771264524,23.327274206883082,22.57828700991153,23.976991023762878,23.132826955037036,21.143774099092933,23.26846610682773,23.19973465825861,22.381115197778964,21.804182381278114,22.674708078291733,21.86967126431471,23.338996611820484,23.056507816951346,23.50832232483211,21.478103167758967,22.33705591782943,2,0.671387346368868,0.270669503238085,0.587927183588789,-1.13185023292775,False
Q2TAA2,6,Isoamyl acetate-hydrolyzing esterase 1 homolog,IAH1,23.879693436593133,23.956277079138086,23.472570750275505,24.41117904103741,23.162177856681282,23.9545252343269,23.697350900805944,24.177520110096577,24.222804214810335,23.727507674092514,22.748144074357192,23.86069214522571,24.163112182672624,23.356457577409053,23.898330739053183,23.322912136670325,23.86143800896979,23.435044966382517,22.70787029862906,23.8016613376592,0,0.811192351463284,0.136934541646182,0.486433579823015,-1.54748662403723,False
Q32MZ4,9,Leucine-rich repeat flightless-interacting protein 1,LRRFIP1,21.727712323520343,21.265230302166362,21.469160472631852,21.777631749702426,19.16384120315286,20.013326023744742,19.533861547075624,20.37885417784187,22.829362984507448,22.86389379703991,20.061679511092557,21.031158551506692,18.54109262670219,21.2502744779174,21.613776064041723,20.00811228197156,20.137421328934927,20.816917691183107,21.61889496339065,19.700912486744556,2,0.597280701967102,0.234431296088031,0.576012803632395,-1.22481887825917,False
Q3KQU3,9,MAP7 domain-containing protein 1,MAP7D1,21.05698022546799,22.903386524464445,21.542859832844037,21.81538410482501,21.37238877966876,20.875953219818978,22.157166912986224,21.771863663897534,21.60127560722218,21.35995112959443,20.616330322762227,22.029992268132776,20.856206956094894,22.839851458879927,21.90857101004808,21.727683076040837,22.748440784587412,21.369398108016753,21.886389215106224,21.44382976591751,7,1.11293557326553,0.768507601414675,0.807231985594737,0.298229901006104,False
Q3LXA3,7,Bifunctional ATP-dependent dihydroxyacetone kinase/FAD-AMP lyase (cyclizing);ATP-dependent dihydroxyacetone kinase;FAD-AMP lyase (cyclizing),DAK,24.229507924694015,22.715889514424692,23.05290756181547,23.834436952057374,22.087344688050795,22.113177070004166,22.973280879178223,22.726680908929044,22.24786754068575,23.082504212521133,22.24393330684219,20.926973720563968,20.955287006998873,22.385315898300714,22.972398587322566,21.70744664544365,22.53116916516854,22.91722767244759,22.232349681428214,22.872291385264294,0,0.650069717004063,0.0363262931316937,0.293552510629563,-2.23870993798361,False
Q3SYG4,1,Protein PTHB1,BBS9,25.568505605686486,26.439691835878975,25.83921922855484,25.92459970629768,25.76216455015068,25.938735764889778,26.024211796016644,25.714287484520316,25.533540404133564,25.845467822377582,26.089775665970077,25.754284087964944,25.635467267763122,26.692038172838775,26.139789128251202,26.018959333309773,26.341547036223307,26.68356996861858,25.947061985653146,25.798153653614097,0,1.22554658590012,0.138619671009221,0.487227709966479,1.54051116822071,False
Q3ZCM7,11,Tubulin beta-8 chain;Tubulin beta-8 chain-like protein LOC260334,TUBB8,26.618497717932602,25.387331594940186,26.314865764368072,26.45886382381611,26.544134808630584,26.09535260409138,26.847941468090234,25.494500650703852,25.752267215851486,25.07496565543299,26.096209561555224,25.917194128371197,25.45848268075821,26.50036582787282,25.782416750941234,26.23238078234294,25.976806461547035,26.76514822730911,26.607140906450077,26.231858687367055,0,1.13521482366555,0.653103463319798,0.761003945946475,0.456064291876683,False
Q4G0P3,2,Hydrocephalus-inducing protein homolog,HYDIN,20.400933401620772,19.324571742305473,22.6960864087095,21.49340386952925,21.919744488382886,21.703954625669677,20.904657636668045,20.155959256378804,19.53953370713008,20.54155921735452,20.361406599661983,22.81932757884236,17.06106536691128,21.553292516000173,21.9492585347656,21.327317327991164,21.75654886029514,20.59464456474901,21.91405770957328,21.14085760091952,5,1.24483926585947,0.758109170732139,0.804637350404568,0.312079540701136,False
Q53EL6,9,Programmed cell death protein 4,PDCD4,23.164658009941228,20.04628407206649,22.02230311977338,20.402851213267844,18.803762009966437,20.745403333940306,21.56944933855414,21.630302887441676,21.0456010323475,21.8144561505529,22.139399591006523,21.113112673671232,22.01753519759624,20.933736712340927,22.394351436304426,20.95339480255148,20.922462231109982,21.04254172053442,21.55123794340172,21.763144595500634,3,1.03493877845088,0.404560021944541,0.666605052619602,0.850943191407152,False
Q53FA7,3,Quinone oxidoreductase PIG3,TP53I3,21.685050688624816,21.394561366682044,20.71288991098019,21.645377189670864,21.525450259393686,21.477342721184925,21.207870419545657,21.499139967789024,21.784389795006483,21.326336642104085,20.187996134380807,21.24467892056681,21.873595110077552,21.896570273496575,21.64837671140069,21.1914462278452,21.938001811659646,20.919231378095986,21.269296457174878,21.20149114486811,11,0.977158122012647,0.734735806697933,0.797221050814768,-0.343444645006413,False
Q53GG5,6,PDZ and LIM domain protein 3,PDLIM3,22.368038846071425,22.047130318622372,20.31054734704723,20.987213180526513,16.489606476973975,21.46585991520335,21.63715872676802,22.634292037842666,22.8217807742477,23.426227485435838,23.12601550114567,20.906783165730058,23.561524713973633,23.52384306901831,24.387615552808803,22.856089004781463,18.245933767866273,19.883428604742868,22.295943378030387,22.441604476999423,4,1.23251788723078,0.328895164968547,0.620838122156971,0.999977306199688,False
Q53GQ0,4,Very-long-chain 3-oxoacyl-CoA reductase,HSD17B12,21.68909743898326,21.13648632199793,22.937113196998414,23.21503380285566,22.65933154497575,21.459505704325217,21.567342972610582,21.501412055871537,21.460805371185963,22.05596924043415,20.789031005290852,20.697164408912368,21.76886877366583,20.005618149452,22.25257986821759,23.12334381224861,19.514487770328287,22.987884386854123,21.864105094742428,21.615468102748768,0,0.784694350846377,0.244649099019941,0.58311339070537,-1.19757207100158,False
Q53H82,3,Beta-lactamase-like protein 2,LACTB2,21.51921757969685,20.17240800756373,22.39994384890892,21.784275979282576,21.044929259737792,20.98091898600602,21.622804608384147,22.108980209661777,21.811357614705532,21.835319637873283,20.901972305363643,21.58473770357487,22.007547082221514,19.3853177668171,22.08124621792756,20.895887095172576,20.810852854624077,21.019939637572595,20.72395503161311,21.071580075481425,6,0.719276381381484,0.174763749675841,0.524268348365009,-1.40541561577793,False
Q53SF7,10,Cordon-bleu protein-like 1,COBLL1,21.784961869950447,20.58860897697028,22.875398448267543,22.38507637911473,23.039407972091155,22.051502957303263,21.845307697967694,22.923311179538786,21.94461769482873,20.790325240502238,21.47754354193326,21.19232412905009,20.683057019447993,21.267167629486174,22.65930713840839,21.60525879766616,21.613962835961377,22.268545069104423,21.371014736013166,21.539006895834273,2,0.708811725458473,0.201739115393055,0.544755748559004,-1.31860291159086,False
Q53T59,4,HCLS1-binding protein 3,HS1BP3,20.835689898788832,21.92850540471168,21.37070513994435,22.02329695133704,21.69480299489832,21.502093320093845,22.27647035836459,22.531201303869413,20.821265823558566,21.71533215253307,20.498773428811496,22.621256813133026,20.864550005026164,20.705696401378553,22.186658520646017,22.12961948939857,19.654744514082484,21.542284261334935,22.503943940364348,20.052980395075675,6,0.903760146552595,0.332913631424174,0.621344828365596,-0.991507918827095,False
Q53TN4,2,Cytochrome b reductase 1,CYBRD1,22.765646114783117,21.126131123502137,21.554160890100988,22.591778613881566,21.542822136399245,23.18589711553117,21.98963609842675,22.991441648460885,22.80668311651405,20.948823669299877,21.779272389987803,21.738509511896456,21.30546229396814,20.045929481145997,22.29225721491729,20.556336402559037,20.849396420762623,21.03677853621049,21.714056595698274,20.66292016711953,2,0.566296797150669,0.0129956403774446,0.199618756214225,-2.71836039148428,False
Q58FF8,9,Putative heat shock protein HSP 90-beta 2,HSP90AB2P,24.182723276423605,24.556248433237606,22.510644001852476,23.24513575204215,19.750108518187947,22.4423851935712,23.913374700592367,21.687891789330408,23.709055334800883,23.866025633287137,24.106340359087962,23.367554090082873,23.87796435598185,24.09435162360734,23.539598681215093,24.165711519830776,23.11842095195518,22.614681006338447,23.761510099932206,23.95161286208025,9,1.21560789488781,0.168738607775557,0.521118528909864,1.42625235916589,False
Q5HYK7,11,SH3 domain-containing protein 19,SH3D19,20.012349137889323,22.434109067279387,25.155780727055205,20.52455761767132,25.54579599836595,21.381831974318988,21.590238418511966,25.738077846914084,20.2969257182713,21.084326885315757,20.056379498840894,21.98405795276753,19.277929554614243,21.701603453437848,21.799524559514595,22.154828634773477,20.750542004704215,22.215327126893133,21.361052077007663,21.918936880725713,2,0.219025996392757,0.164667582892218,0.521118528909864,-1.44067292862916,False
Q5K4L6,4,Long-chain fatty acid transport protein 3,SLC27A3,20.27422371255633,19.58704306752289,21.11981884358453,21.775685202567352,21.67997810373616,21.495899914865078,21.21213052441763,20.11793403093911,21.12516735207104,21.448834025802483,18.45241869038111,19.730545031707866,16.380575889326565,21.616505551802366,21.93833181746016,15.529556812576995,21.837115203859042,19.627393885005695,20.728251292230162,19.432842868878048,10,0.683722955971447,0.0526068108107587,0.347692777049084,-2.05633854458794,False
Q5R3I4,7,Tetratricopeptide repeat protein 38,TTC38,21.077104175098313,24.67715180822537,21.994351318585345,21.088392157237376,24.27476116800648,20.775943943332276,21.344427038247606,23.038010231456873,23.13108502676414,21.45145541858341,21.060987243456076,18.499400662575376,21.82525934179904,21.776573688031508,23.073244566096516,21.83293784852556,21.80167752098962,21.199127836103877,21.21140955639379,23.56115170871422,3,0.466888757871608,0.244142719994183,0.58311339070537,-1.19890191232963,False
Q5SRE7,2,Phytanoyl-CoA dioxygenase domain-containing protein 1,PHYHD1,21.48648945887567,21.04486309294533,21.96747510811888,20.686379735877022,20.899738847553195,20.697894013140143,21.484319248798734,21.47118340741746,19.409364689247763,21.702649435248127,17.960492501761987,20.81602794197642,21.989185835449117,22.344296208228204,21.31015738325252,21.189351549528812,22.419140375326485,21.052331578279393,20.796816233468874,20.282055583582512,3,1.1286114317659,0.884162341830844,0.825812662811676,-0.147507211990141,False
Q5SSJ5,11,Heterochromatin protein 1-binding protein 3,HP1BP3,23.46240309807222,23.00982730462462,22.434974103815172,22.90259953885989,24.012445449055384,22.51807478352757,22.93612377949124,23.785386463096707,23.529326164278032,24.05638101189844,24.789529065960263,22.006163080477815,23.228530369485757,25.287507030050683,23.82189807432306,23.703525945245097,23.019695065249962,23.27513124758091,24.08205249560851,24.05018015874834,2,1.37870023602034,0.204428759761396,0.544755748559004,1.31045937547393,False
Q5T013,6,Putative hydroxypyruvate isomerase,HYI,23.534590187376523,21.1880362862407,23.24674647330564,22.94670954815156,22.34943879866524,22.09273506725439,23.41686337159741,22.77792930249365,22.13268790441701,22.21871120276577,20.027520464692163,23.496261803571265,22.438835637512685,21.81719120871283,22.71435822483719,21.50074509414039,22.09239459152775,23.6801380735017,22.265784000921425,21.581700024446267,0,0.824167529166635,0.312928262784954,0.613979024606205,-1.03436237044279,False
Q5T6V5,4,UPF0553 protein C9orf64,C9orf64,20.561234597291044,19.712188862834477,20.567055809398916,20.654856355101625,20.8561366075632,20.428550763217935,21.11733428756315,20.78136983922539,20.09120456517643,20.39327173550795,20.307960433762204,20.958472768529557,20.831965522708074,21.385599012820272,19.692943842537368,20.324075561510693,20.150267437530804,20.554610723238678,20.99404289469821,20.69368600487747,7,1.08177941837151,0.777927892051995,0.810123039051943,0.285734466717534,False
Q5T7N3,7,KN motif and ankyrin repeat domain-containing protein 4,KANK4,22.489686052923506,22.753034589333012,21.25397875323251,20.387691375246224,20.432044339200786,22.011848417715047,20.963465469556304,21.253008446085087,21.67784525426078,19.92760090863286,21.556191073770524,20.661764472942014,20.960861364421703,22.816772318185222,19.591243377103893,20.74437755665649,20.517001375097667,22.473330072728928,22.134953772145483,21.199836443480752,5,0.998478502218526,0.910847317640221,0.826708499711055,-0.113350571341363,False
Q5TDH0,7,Protein DDI1 homolog 2,DDI2,20.508222744986604,24.46888413950784,22.321830286515276,22.387912233345947,23.25178410689155,22.64523113793083,22.509396108223758,23.109305918403795,23.2206044062627,21.13155035214711,22.426914681395395,22.997543375649187,23.23513993438306,23.673283136213573,20.513551546137904,23.632384023592945,23.076302007037206,21.721847227108395,21.94153895556682,22.79690604875273,1,0.982327194898182,0.922812357779538,0.827857818900173,0.0980827342436136,False
Q5TFE4,5,5-nucleotidase domain-containing protein 1,NT5DC1,20.10003936959582,21.664356624209635,20.68482699945065,20.355582769495133,19.280355315664487,20.82481650617245,21.50128111514678,19.140949308015458,19.99213549382787,21.333624893064467,20.31424005615379,20.670750518698743,19.448393517775564,20.22992909616608,20.66126192611168,19.95383206405647,20.042613390898406,19.70412705799791,20.523477415096984,20.39287894904475,9,0.7208376809241,0.387849118618228,0.657189567517688,-0.882149013701303,False
Q5VT66,8,Mitochondrial amidoxime-reducing component 1,2020-03-01 00:00:00,23.054436549966006,23.981803570938773,23.697820840339556,23.735072956188482,22.79909769385679,22.991704141052757,22.872476454677376,21.777656884323132,23.809770510638604,22.341618288031576,22.510645248414857,22.025209198557654,20.97588082121444,22.94250918738364,22.663435182949712,23.340158761176806,23.12852591402578,23.652582657464414,21.04273909145151,23.428678546967905,0,0.647384910899875,0.146453297881593,0.499252044426215,-1.50897536879257,False
Q5VT79,12,Annexin A8-like protein 2,ANXA8L2,25.19012588495964,23.752039893748698,24.64272520153869,23.390403159166144,25.033383687952583,23.068164496260113,24.349018228499865,23.484217432556513,25.872999244403392,24.55838427503798,24.864632156809634,22.56006236231833,23.11115371021177,24.468421984642728,24.721298707955835,23.880681100840068,23.249925004605284,23.504195328442474,25.289824753308814,24.476836885349545,0,0.789256487960297,0.422917259985453,0.673310065329544,-0.817602769654399,False
Q5VW32,4,BRO1 domain-containing protein BROX,BROX,22.439677384879634,22.539976617565994,23.456878151258316,23.60196600172634,21.194079812387567,20.803098347478603,22.30324627752815,22.29493493482331,23.015832377660896,22.825571798081906,21.247380604212257,21.08098356697186,21.012765269338164,23.456726073568934,20.915337344070316,22.03178088901468,21.474738103456986,24.131526881593903,20.55869309815677,21.50634811818418,3,0.806761161022272,0.13975072083204,0.488948402836312,-1.5358685178208,False
Q5XKP0,2,Protein QIL1,QIL1,20.353053623631723,21.780363656694522,22.34001137391016,22.086395649894584,22.230303078093947,22.085008771131104,22.25119073993585,21.742321563978955,19.98201885654716,21.27666579212702,20.638739174622067,21.198025608193205,22.3861720705309,21.01380060511987,21.482797047389518,21.716397205639442,21.65996120018923,21.704497667244684,21.42888179029088,21.662718300996172,6,0.851229501652533,0.711745219566262,0.788733295532262,-0.374643478185535,False
Q63HR2,7,Tensin-2,TNS2,20.424558171455544,20.30760119673677,21.714018670999746,19.044613817732724,18.517256502536654,18.51692405000625,22.074060355485372,20.14138608057582,18.67560733774719,22.264035183308437,21.596239689764662,20.78948481029541,20.64375853543797,20.583836509235464,21.54741512700673,21.04648278491502,20.26302731053514,20.052667071858387,20.725815328600497,21.4087775281695,4,1.03612610555345,0.167737652453238,0.521118528909864,1.42977174298971,False
Q63ZY3,15,KN motif and ankyrin repeat domain-containing protein 2,KANK2,23.794931172220704,22.312595109291966,22.7141566459291,23.479385976487436,20.98568832198338,23.308589477264928,22.20140487840477,22.389053376736154,23.648461543495877,23.70093356186504,22.66168977703487,22.223057920276425,23.005032143201007,23.35499759743155,24.38270927556843,22.54771043651379,22.572363896847428,21.911846450299663,23.526177816984184,23.10770250101304,1,0.929730173765659,0.837581708507713,0.819283344390874,0.207591084075799,False
Q641Q2,5,WASH complex subunit FAM21A;WASH complex subunit FAM21C,FAM21A;FAM21C,19.529058860047282,19.60855069121576,20.394757591140714,21.307981071052467,19.036620720254,19.054955329924404,19.237736345023343,20.55616459744223,19.490738965444283,18.979575883290458,19.565513032545283,21.172657320777105,19.00173447131902,18.810227189350346,19.168704475930376,18.106481937451367,20.523451144982555,20.495998954618102,20.432146766249318,20.71855549920629,7,1.06941919005535,0.840648014444601,0.819283344390874,0.203614180196159,False
Q66K66,1,Transmembrane protein 198,TMEM198,28.137221492344036,27.145467760990055,28.34433202183265,28.044362814017223,28.590747802735365,28.655938638100892,28.416339122594273,28.596919536569978,24.049891026690965,27.611429479028935,28.273634074695643,27.66982217820334,27.756206687317057,27.506421807995153,27.84406700014669,28.46075779995645,28.37160495293664,28.118074126115175,28.610302883695834,28.42102607458804,0,0.975238571988167,0.414637724016453,0.669770143980959,0.832523812666708,False
Q6DD88,12,Atlastin-3,ATL3,25.86176707465257,25.57592315219072,23.1963570950622,23.944435355064687,24.23692136342483,25.51632857554167,24.188254139271404,24.672334956247393,25.33176523608799,25.011112773766897,24.343237950208596,24.839431897904745,24.353115117525235,25.391885263555444,24.968012596204915,24.01554713119148,24.96853681408295,24.929547123454658,24.064608084294797,24.01305203185466,0,0.780066690689896,0.591329159492574,0.744753316101235,-0.545388168492192,False
Q6IAA8,5,Ragulator complex protein LAMTOR1,LAMTOR1,23.13684653242593,21.069146808816605,22.967195183798466,23.518568126344515,23.35227785425897,21.933774719047904,23.36625656720054,22.633221385314858,22.109694418934417,22.179415311598397,22.2136253469538,22.803346677872472,21.52735686212607,22.324068608580912,23.240219800087306,22.551071120596728,23.19759417643589,23.479640717055215,23.068241692037553,21.633741693043497,2,1.01129707675648,0.947435637040383,0.837319346889102,-0.0667336011518859,False
Q6IB77,7,Glycine N-acyltransferase,GLYAT,22.659781863068286,23.23651411344239,22.843841332319293,23.475324607006684,24.01090792890512,22.230855006821155,23.92741670545632,21.80929278131287,22.143217132547036,22.234457914861174,21.447080168053084,22.85944473114362,19.80484501515522,23.428689079171463,22.743524961619173,22.445910164195976,22.9009026545427,24.07870481410844,21.911368564855902,22.827828061182668,2,0.893239864533365,0.33243813702731,0.621344828365596,-0.992506363243888,False
Q6IBS0,7,Twinfilin-2,TWF2,23.534157853480664,22.422520207003522,22.622142662244002,23.706568790690962,21.656086191742798,22.028966768802267,21.230416773328777,23.779390901574914,20.695903747524444,24.4383610197816,22.929081339275815,22.148279149698848,22.896547361857273,22.94595322126022,21.821549734223115,23.833710169059664,22.418599035492342,23.041855644136334,21.051641688612925,24.164040763163925,2,0.928023148320089,0.813785911278191,0.81473256288073,0.238575904514463,False
Q6ICL3,2,Transport and Golgi organization protein 2 homolog,TANGO2,19.967609431900318,20.4203180626059,20.206686072170037,21.039803335885292,20.69075490239603,20.44393704782207,19.96220919704981,20.684531456133765,20.16067917740647,20.576481042694912,21.193422424870704,21.82038553452787,20.223660652038028,21.40083105932973,20.023805909596827,22.079247060248196,19.73232824488649,20.560068549891433,21.105395721959272,21.68239988722831,8,1.6495814336204,0.085765770164552,0.419883675208394,1.80445280952129,False
Q6NUK1,7,Calcium-binding mitochondrial carrier protein SCaMC-1,SLC25A24,21.950549208208827,21.23777014005006,21.778877060994983,22.320828729649804,22.311082226387317,21.20744213650898,21.827042479621507,21.83034124823477,22.22113217546102,22.591169578232996,22.112798707968313,21.46339699255041,20.896982088618607,22.193214424894258,22.237197504269275,22.10375279268206,22.210588119906934,21.231681020482593,21.72303390856644,21.55651362389454,1,0.893215111879846,0.566708144701452,0.732675882289056,-0.582239811424661,False
Q6NUM9,14,"All-trans-retinol 13,14-reductase",RETSAT,24.71300182818844,25.512819506803613,25.033907847811488,25.056079423428937,24.814204310648154,25.57246354973792,25.730439851619245,24.759217508954265,25.241013866900342,24.060032471148286,25.379393598096552,23.255493082564723,24.87189589620778,25.02068662046315,25.024530055122735,24.06787461756433,25.073856761513163,24.761093913588756,24.52919244991786,24.886827178391385,0,0.786384909752198,0.177404765611194,0.527958552151401,-1.39646349436137,False
Q6NVY1,8,"3-hydroxyisobutyryl-CoA hydrolase, mitochondrial",HIBCH,22.045197890177974,22.259261989327257,24.439619826929295,23.457043201221257,23.168475538747003,22.11945525006005,23.180536554505096,22.810286886794987,22.353573744779684,21.434823201457544,22.43120306928229,20.35246684286584,22.6787826258222,22.85880668285961,21.79091206594996,22.690785720084886,22.569772699443863,23.09930921528102,22.30768769205044,22.91553876872508,3,0.792021524683814,0.326170221217526,0.619186017833498,-1.00576149437931,False
Q6NZI2,18,Polymerase I and transcript release factor,PTRF,30.507051335941753,30.269493088177867,30.486218311623453,30.37754785155286,30.295196809587587,30.56853375099982,30.336213644350295,30.196567080284456,30.432800070168955,29.98683732204096,30.09794517263959,30.572772383522814,30.61924105554448,30.015859554622065,30.22497605750015,30.34362186142811,30.659619763127136,30.579177165125685,30.203749688282905,30.159181274904284,0,1.00103455965244,0.986012014167801,0.843797505224354,0.0177457520476868,False
Q6PCB7,4,Long-chain fatty acid transport protein 1,SLC27A1,21.742559640906755,20.373013225516054,22.024743244684345,21.245315148684238,21.853145272933197,21.526445493879237,21.40814117389626,21.806431255495475,21.340383699027388,20.54247497786491,19.423791666045588,21.92189915615814,19.93483165119843,21.689072550152144,21.547558405284978,21.855931422029606,19.89133598876944,20.392631061988006,21.589084709785105,21.403070178828393,6,0.830308816918897,0.268347681297639,0.587927183588789,-1.1375189759397,False
Q6UW68,2,Transmembrane protein 205,TMEM205,21.457873664679816,21.078368328666212,19.232475308779097,20.87050953897235,21.141774695074776,19.253687239073024,20.43254010993981,21.059861187966252,20.865965252092348,21.0072475290932,20.996461660135296,21.730682229166916,21.120038411525865,20.53625856149596,21.70840292088814,21.897287356313143,21.873176438419183,21.18257431072086,20.527630665416197,21.772875230350394,11,1.56376495702721,0.0472153667967425,0.329870541840136,2.11025420689126,False
Q6UWY5,5,Olfactomedin-like protein 1,OLFML1,19.94728351494685,20.5357582609687,20.65329805008206,19.846483910718984,19.04647252596306,20.681443546549257,18.483542877672775,22.857514412601414,20.56740096015775,21.213243016383707,21.716465030016906,21.422752545837767,19.187209430142374,21.791158754739616,21.84844977301678,19.64235935547272,22.440113424024908,21.53329319080072,18.051325279153176,20.525095733616585,10,1.54461566357443,0.441728483769706,0.683685726064029,0.78436909378482,False
Q6UX71,5,Plexin domain-containing protein 2,PLXDC2,23.91824230990573,13.137282687133665,20.268731942729424,21.30720546772595,21.769993535411157,22.098143544934636,19.798535343211196,21.364820969544542,20.71205373469665,22.412139746614965,22.33958370232621,21.372509925674308,21.805599815024102,19.547266337003656,21.09138714884319,20.1564826950633,20.681573798620235,19.548003173777143,19.168660924639845,20.617388940674875,1,0.518418499196944,0.959262847830878,0.839761241480311,-0.05170217380618,False
Q6UXG3,1,CMRF35-like molecule 9,CD300LG,21.4977199170182,22.278098373906264,20.44919896267476,22.281830583564776,21.999509574104906,22.30515873065157,21.58965776982316,22.353161432261267,21.419110142483365,21.35536748280872,21.593017687943327,21.855399217665553,21.441599738584745,22.00967706537797,21.627544104634875,21.398690634238914,21.86759356143225,21.749731469561688,21.554587696288653,21.440536305925747,8,0.876847597189842,0.710211324142229,0.788613870184338,-0.376738241190064,False
Q6XQN6,12,Nicotinate phosphoribosyltransferase,NAPRT,25.61873376733936,25.29339159797407,24.606569699038364,24.706591236985386,24.006092055376396,23.6042623371835,24.35522696329541,24.835210052854364,24.227895036975927,24.054636123721075,23.90243120206572,24.486250088541652,23.29040591201877,25.2602772628119,23.232042630519473,24.63014463278319,24.79174154893459,24.880197051764902,24.458125342545014,24.565346362613074,0,0.990204076519226,0.493359636673661,0.709261894965122,-0.697351415270426,False
Q6YHK3,3,CD109 antigen,CD109,20.981057688173184,21.32353590349342,20.971656557526597,21.87379498653754,22.716819367658744,21.882365931097855,22.923098995207397,23.03090444683812,22.28215869554793,20.78750862502325,23.14552487430912,20.459290837619708,22.160100800650135,23.047578913495503,22.144552169621356,20.40787288226427,23.07955443253565,21.606715988398527,21.112246353277015,21.7114857488953,6,1.05187817265854,0.980407456384261,0.843797505224354,0.0248572475488325,False
Q6YN16,12,Hydroxysteroid dehydrogenase-like protein 2,HSDL2,23.797494302987545,23.832113718863244,24.096873221352258,24.33019929954199,21.83823394027178,24.390185422326393,23.726841511284547,22.963223277103953,23.046033575963246,22.378153292698936,22.87437704884077,22.18520743783897,21.82759000323277,22.656244092951813,23.405267779911018,22.792995462616364,22.97121342926351,23.35329901548129,22.368323513270706,22.853332345783173,0,0.554812395612703,0.0402417324790618,0.313418394878318,-2.18891998093907,False
Q6ZVM7,2,TOM1-like protein 2,TOM1L2,20.994704346708563,21.568496324901762,20.53845361140103,20.01248660913565,20.995064001123485,21.2844473416163,21.856877594684068,21.883566672428223,21.938104230918942,21.966025899909322,21.289284821390115,21.818331169912152,21.66452724186793,21.905356131566215,21.107577879223427,20.841368708284122,20.304446269300676,18.992768705492715,21.312819910690656,21.51385680390525,3,0.761987873628994,0.463459764163856,0.69086707470759,-0.747041562734996,False
Q709C8,3,Vacuolar protein sorting-associated protein 13C,VPS13C,18.78492677640155,20.84761642931968,20.001502273236312,18.280603748308323,19.61860328132001,18.945112810374386,19.20825910031199,20.690519201105314,20.309237939127353,21.01156735692588,18.86510634144342,19.38458731554829,19.368415632223172,18.85652582709298,18.89892184370827,18.866981049724384,18.972052632683653,18.670443399479534,17.909749685589105,18.322886293280348,11,0.415989139251518,0.00750361450014018,0.175323277667773,-2.96351151885509,False
Q71U36,24,Tubulin alpha-1A chain;Tubulin alpha-3C/D chain;Tubulin alpha-3E chain,TUBA1A;TUBA3C;TUBA3E,24.35156677318687,25.235996840664605,25.161302646907185,24.66678159767219,24.689441650439775,24.097975416131007,24.77668482008593,24.16418837021929,24.826776101914344,24.59776259911149,20.77529336551285,24.594657544176904,24.411724100810893,24.70905403205328,24.92134195788243,24.403024205227098,24.314302127194697,24.249463968076043,24.032717567013325,24.054265334333763,1,0.769571550954588,0.123607356675023,0.472275082413764,-1.60532079347089,False
Q7L1Q6,5,Basic leucine zipper and W2 domain-containing protein 1,BZW1,21.741769846212563,20.437145056376426,22.408205293531168,21.670883080666282,21.564576375160822,21.492652725817646,21.56986796325764,21.483777887626786,21.990034866785408,20.797913298758683,21.354975977494615,22.000554782925903,22.16916555184932,21.631109863135585,21.50676921483255,21.93387643599011,22.176119285228662,21.368446942499435,21.851115018697566,21.821350617523237,2,1.1703054610559,0.320557355100525,0.618038991134543,1.01778307137531,False
Q7L2H7,4,Eukaryotic translation initiation factor 3 subunit M,EIF3M,22.500748862652014,21.51628499590833,21.914074675952428,22.35033005226742,22.50856168914473,21.247286248241547,22.481947017210366,22.580533688645772,22.166896360307444,22.27661138457263,20.070729388820318,23.329596938045167,21.795072045431308,19.90084392365467,23.32378787854677,22.451265784914884,20.81133066359544,21.16959592978606,21.681615533159622,22.342947839989375,5,0.904457708900682,0.282955200246634,0.599491919752463,-1.10243451094735,False
Q7L5N1,3,COP9 signalosome complex subunit 6,COPS6,21.820002247596417,16.12673740882929,21.246725973827818,23.268893873165364,23.890120612458237,20.298005545887605,20.807928328099933,23.572360852489997,21.907304327497993,20.08792967588422,22.55902511860002,20.013635602485472,23.173651554461088,23.8800655783084,18.0772735347472,21.59165896441724,21.478525718905505,20.89892432043447,20.99060775929139,22.422886011570913,9,0.885292517010297,0.810530712282068,0.813589620325639,0.242832526938273,False
Q7Z3B1,3,Neuronal growth regulator 1,NEGR1,22.17587007019573,21.86547606394111,21.209808507563658,23.159141658238344,20.99960641966793,20.70446890722065,21.702109774663082,22.821904502443292,21.622961961461414,22.131771524008403,20.752238196188863,22.25413063575038,20.95968214723917,21.5485802928065,23.152231774935135,21.803326729877476,21.507980430381533,21.30785508144828,22.212730777908266,22.261656077114445,1,0.94209151092118,0.86208451496671,0.823336638057841,-0.175901807982957,False
Q7Z434,9,Mitochondrial antiviral-signaling protein,MAVS,22.942634362200742,23.892467209853393,22.32625849117168,23.450727808492616,19.994130113454567,22.67864479994062,23.079116824422766,23.006691408713188,23.04803132361764,22.16651864176053,21.629994239014042,22.153893162014946,22.906010794046797,23.111233672524556,23.383433508630016,22.037987604139474,22.291342228001135,22.557579882507813,22.400570876436515,22.52429977186367,1,0.786938438544574,0.68288575312756,0.774339015625465,-0.41435589202913,False
Q7Z4H8,7,KDEL motif-containing protein 2,KDELC2,19.400331901011942,20.245377616939223,21.898160404247776,19.92120285287688,22.27000018541309,22.49087356056975,21.244444345909823,21.24807634189872,20.33356168819448,21.670160198357916,22.44851663511571,22.932690870857037,22.569856811547556,21.23970780233668,19.719831021410968,21.563665646960356,20.700761343631584,20.336204544620497,21.933242207839886,21.124686223773786,8,1.17119021987671,0.402300529679169,0.666318713990859,0.855113176151432,False
Q7Z4I7,3,LIM and senescent cell antigen-like-containing domain protein 2,LIMS2,19.51909381710244,17.62137724194938,19.882618853545274,20.671448656061195,17.87336864749891,19.80337827999517,17.935949292787843,20.099796317089403,18.165272529514976,19.651704160643554,19.03835473345197,19.219114081368456,19.292460827907504,19.267947844500302,19.2374423764176,19.474006311018808,19.314158388487847,18.94521950115252,19.661174267115676,18.57256803199721,10,0.847778075030963,0.830469532614057,0.818226127002315,0.21682871282982,False
Q7Z4V5,2,Hepatoma-derived growth factor-related protein 2,HDGFRP2,21.677232586346168,21.30001656492612,20.377013012386126,20.572682057877113,21.510611377793918,20.34883761369819,20.31441696630816,22.143018170081117,21.619668525923423,19.88150540445922,19.903142625899882,21.017399959333627,21.70655613889039,20.980074320360462,20.943236835875524,20.773988637865727,20.593545325968876,20.805523289533085,22.153689538670438,21.353772007181057,2,1.00417906724056,0.887005865402117,0.825812662811676,0.143859657825001,False
Q7Z4W1,11,L-xylulose reductase,DCXR,23.99003512922626,21.228814265432046,22.036845038999736,25.302534343842577,22.900731891287563,22.83051395430818,23.68420395596987,22.610615696378332,21.6716185562056,21.528347054970652,20.698010210179987,22.536827268055625,23.18163629893501,21.878320099979792,22.478163657139323,21.152428426759283,23.397058385645817,23.137841305137634,22.88680499526259,23.332485872439936,1,0.621875449695138,0.521168872079657,0.721310207615658,-0.652670034449525,False
Q7Z5L9,2,Interferon regulatory factor 2-binding protein 2,IRF2BP2,21.389316271573268,22.582393373961494,22.007487196209844,22.734225955234216,22.33313837946972,22.764600309739986,21.856046389650093,22.078624850458688,20.25887553588647,22.20674916012728,21.007388424925555,20.22872275029224,21.91852478176796,18.451761797225448,21.73667868488224,21.38045286470582,22.309750792037352,21.000423336245547,19.804074602456033,20.730039774234655,11,0.506854343020674,0.0140669072624996,0.204853677638634,-2.68247646335821,False
Q7Z6Z7,18,E3 ubiquitin-protein ligase HUWE1,HUWE1,20.148885685597083,21.3391916512465,21.366022241505636,22.968673801224416,22.72379180380122,20.034398996532197,22.98326573897571,22.495449180181904,22.91704155731869,22.290543763358112,22.142639050045535,23.285517285054343,23.0944678600178,23.16492674975117,22.786218654384747,22.534987812838413,22.27587545019846,23.100126006682252,21.1271987048681,23.261447571674594,4,1.41228901270504,0.0875289591374816,0.419883675208394,1.79363562356155,False
Q7Z7A1,3,Centriolin,CNTRL,21.03361730333272,20.91478956366971,23.63819576041693,21.872667081140612,22.718416901674566,21.60774762764135,22.489554345832932,20.877564445026987,21.680558254358736,22.339036958071045,23.047302899782075,19.810979921739712,21.263419345930874,21.850115610031207,22.569325948274816,22.74480458413614,21.056895915580892,21.512357825914858,22.633987657647896,21.77632272178237,8,0.932231745934049,0.834099253017985,0.819265653095417,-0.212111894540387,False
Q7Z7G0,6,Target of Nesh-SH3,ABI3BP,21.359209847009808,21.883220998297407,21.67958545488598,20.3290406511238,21.664831687305842,20.356223681714923,21.031716566816876,21.208405077627503,22.23538330252728,21.853362424841738,20.584864375173893,20.221591381666105,21.44093012619143,20.579072218659583,21.42871193790317,21.171787625842455,21.808714114261754,21.339840271965752,20.78804701837401,19.377578594244664,7,0.728101509854324,0.164998770403404,0.521118528909864,-1.43948908888652,False
Q86SX6,3,"Glutaredoxin-related protein 5, mitochondrial",GLRX5,21.524190842870592,20.64678116829616,22.712137125935225,22.90365995132386,20.973157719120152,21.784883748381713,21.68612318823044,23.593454214601117,22.12235845325542,20.50755919339599,21.812103440138607,20.572532673899925,22.91420419829777,21.80972947935708,23.237316944171987,23.306227873958637,20.792936491583344,22.035646306394536,22.11605299767174,21.160571075938407,3,0.994125496164982,0.773887906020082,0.80799837307198,0.291087436360362,False
Q86TX2,18,Acyl-coenzyme A thioesterase 1,ACOT1,26.80252206031727,26.976603942886715,25.863191810096758,27.1531876832945,25.51841487669779,27.25337559333538,26.75479931424057,26.865531614727317,26.99619209774385,25.326185841606975,26.1070967024411,27.189614942203736,25.414846373593548,26.48342134744849,25.209398869314256,24.706146305527618,26.387457500543025,26.06525148690262,25.667262782223016,26.69609607144379,0,0.688981437163939,0.0917519339814135,0.423185026411948,-1.76847489304109,False
Q86UE4,7,Protein LYRIC,MTDH,21.924997665135315,19.718940332511686,21.421637733720633,22.619900014914883,22.125956083607438,18.999840880142287,22.575131237094624,23.042042077776717,21.83589995722014,23.09343517143953,21.328655306231624,20.712852422444804,21.961952821050456,21.63053158328029,22.82210530835841,21.14684520436918,21.950473899487488,20.06887791827019,21.388285983656026,22.166696941799312,1,0.692511280911238,0.663588824263718,0.766605691647668,-0.441289857836061,False
Q86UP2,21,Kinectin,KTN1,23.644117149630194,24.06480354882571,23.49495142367195,23.423956525802883,23.90360293095863,24.184425078027367,23.240448861254883,22.447287888267386,24.506173925937457,24.26339361033056,23.55607807448325,22.533334644556227,23.423168558569806,23.588832151863357,24.592847195087288,24.23960290130526,22.72684455364858,22.54283045049234,24.18141383874435,23.893271095441108,0,0.90765363834548,0.552595434781387,0.730786710248407,-0.603733482561522,False
Q86UU1,21,Pleckstrin homology-like domain family B member 1,PHLDB1,22.4062483068113,24.468503182182683,23.501374642531378,23.927580290030356,23.51754197975428,23.940381276345768,24.36187030556441,21.245791420008185,24.101418016736528,22.11531076119007,22.791217286887836,23.543238046759466,23.739979964623274,23.002229481763127,22.63027752758786,24.134984784910028,23.539186727885433,24.3592689299067,22.122577022662334,23.607401463722063,0,0.901747777941416,0.977022679695861,0.843797505224354,-0.029152727765582,False
Q86UX7,4,Fermitin family homolog 3,FERMT3,20.80724883358134,21.982430428132815,21.54093022564918,21.948205843204406,20.13703320759408,21.75271925056473,21.819420378899114,21.66069707723173,19.78771331077367,20.721679653921047,22.431065167599414,21.948370105266164,21.6636216478021,22.07938410422142,20.949804300530808,22.358411248411144,23.145522855436152,19.538836452425734,23.094903470296988,21.6081901656214,5,1.69450869888445,0.137713322093585,0.487113906409608,1.54425414717221,False
Q86V81,3,THO complex subunit 4,ALYREF,19.979625262070645,22.691054241995122,21.565785499719762,21.23722019872153,22.646779476553075,21.37255179482159,22.06308769498866,23.014534128244236,21.412584450650684,19.68561273304248,22.072719739588983,22.387812486018277,20.633621845582535,22.434750390576603,22.2089480170384,21.243815828575023,21.862062630717205,22.386640489251025,22.57712826284481,22.240299144729153,4,1.15704993867386,0.303158574465388,0.611822514573478,1.05601658954573,False
Q86VB7,15,Scavenger receptor cysteine-rich type 1 protein M130;Soluble CD163,CD163,24.34383789035489,23.85630579553769,23.566423719670205,24.528021858954506,24.83543250960377,23.08917424950272,24.604728569424076,23.467814313359288,23.69042473749419,25.522801565631838,24.4419841340597,24.595083235781956,23.540199201073204,24.81615264687742,24.20343906012086,24.377611748752752,24.29770034812036,24.215417693323314,25.22948677681549,24.23172004961018,0,1.09555206448728,0.397167669341456,0.662183299609314,0.864642515536672,False
Q86VP6,34,Cullin-associated NEDD8-dissociated protein 1,CAND1,25.384258133339287,25.4076020143862,25.54697198557966,26.04369580922129,25.17372941498948,24.442200018172787,25.714179201011888,25.603354723856267,25.3036689737027,25.616227106641816,25.9694576888272,24.470924486142753,24.02331919560552,26.98355673620204,25.4710319338873,25.734172614655755,25.95718203778585,25.738903510282373,25.21837431268722,25.146284899384053,0,1.14810287612956,0.871384141605686,0.825812662811676,0.163924710022682,False
Q86X76,8,Nitrilase homolog 1,NIT1,24.08930954140551,23.60981019307052,23.65851225994195,24.130079974092915,22.99043008017652,22.684797316583833,23.935430245078436,23.87446241521792,21.840423325978467,23.46132580893227,23.04447167558029,23.831942324594152,21.442849370339093,22.598813391020624,23.991516858702443,23.300054097645784,23.493051941514036,23.61501946604924,23.782965322958965,23.400205728965023,1,0.930821862505141,0.588132403354306,0.743447109981051,-0.550128855233929,False
Q86Y82,5,Syntaxin-12,STX12,20.63462204185323,24.258263637537727,22.561354086273163,22.439561364411407,22.795700368886855,23.726414302972717,20.7143168916023,23.328238687995082,22.667936020548034,23.174951742454486,21.08548149333897,24.448054057776435,23.924591598005364,23.079897046885772,23.906557940385827,23.323891924921572,22.198475263922976,23.578598721440926,22.794041511917094,23.62721856757949,0,1.30521244611212,0.247928799098429,0.583149616570681,1.18900881795752,False
Q8IUX7,6,Adipocyte enhancer-binding protein 1,AEBP1,20.639711038943638,22.07914596869477,22.024534623049572,21.63286153808787,20.92843372308901,22.645929194391307,22.369376398168836,21.86551783214299,21.15162224455578,22.68006221216024,25.35368343350505,21.581129782006528,24.70854630623642,21.981592824964316,25.62293849694924,22.244229993606695,21.3034756489227,25.236951377222596,24.36450164458481,22.690911189770457,9,5.66349788296276,0.00548269867665792,0.174374622303767,3.10117078390889,False
Q8IUZ5,6,5-phosphohydroxy-L-lysine phospho-lyase,PHYKPL,22.125759194564335,21.193307212845937,21.622226961842763,22.07814849662795,21.262612352632964,20.213778724321735,21.944237755760028,22.690385265345732,22.560334989360452,21.25898073415678,23.158523018474693,21.059513459432893,20.314358936742384,23.655210626258846,22.283820843517205,22.19948164165238,22.852077322309402,21.858415118065697,22.21101466902203,20.964774882945733,1,1.38593495323047,0.398727001465608,0.662759156764724,0.861739186721768,False
Q8IVM0,2,Coiled-coil domain-containing protein 50,CCDC50,20.78563337947783,21.308889717289066,21.057449369599333,22.233927077517894,20.96013260169771,19.365836557175893,19.674874067340507,20.63951157214022,20.3799104744068,19.740225465183006,20.068433038146626,15.524229331655228,14.895621114393283,20.59521993001612,20.787934980682746,19.111371753843294,19.994961834208308,19.40900235465124,20.719880911979796,19.181895549546773,4,0.565310718533935,0.019972100210782,0.236659049950114,-2.52177301864676,False
Q8IVN3,1,Musculoskeletal embryonic nuclear protein 1,MUSTN1,19.047209574372594,17.422465856352098,20.0681525973783,20.563746788897497,20.031597734284173,20.697319572455747,20.596272260805865,19.20283113136578,17.833475347613124,18.729088100847065,19.791956269628358,19.870430006173688,19.36348818105678,18.554468366182256,20.268919701945524,17.914856501880134,20.870148379525105,20.361495314462484,20.457497083815312,18.31945138350067,10,1.01829317788786,0.74571506949716,0.798823546685696,0.328669460139102,False
Q8IW45,4,ATP-dependent (S)-NAD(P)H-hydrate dehydratase,CARKD,20.457878836521342,21.909223981400086,21.166114640155644,21.794409363730463,20.562715604860855,19.597491718311066,21.78912005812717,20.789498320499433,20.810178386518395,21.467022297967365,22.23491915891064,22.531191177645617,19.636837383548023,21.506867482710526,20.590793278044742,21.884625830749474,21.549247382620152,21.726717699294273,21.163939804438552,21.613109409002004,5,1.3782459512815,0.2806351106655,0.59687397298761,1.10791698859415,False
Q8IWA5,5,Choline transporter-like protein 2,SLC44A2,20.774381799440153,18.75255265743094,20.64325860664117,23.575082889433634,21.80532927004856,21.306736215678512,20.44364419233804,20.678706983904643,21.474195784940726,20.29725325239608,19.765694143099555,22.309181572745363,22.242044559981572,21.860511439965993,20.78713672768942,22.291814482306187,22.014822173880066,21.86989806802912,20.34258651732387,21.79551599567911,6,1.08389962811805,0.265961020479358,0.587927183588789,1.14338385950547,False
Q8IWE2,8,Protein NOXP20,FAM114A1,21.577976682404685,23.606921544586324,20.05720045268149,22.168161444081928,20.98815040093545,22.31074331161776,21.999659841543497,22.623344560687393,22.853153245632814,22.55269326309842,21.160947459663703,23.443907656506152,21.485966256650762,22.763202915933018,22.388794546237207,21.095908205391055,19.977443900488154,21.585940217927043,22.66832590841351,21.974016904881026,3,0.847022993525277,0.608965028322694,0.752218059563864,-0.519457238143819,False
Q8IXB3,4,Tumor suppressor candidate 5,TUSC5,19.40085207088861,23.48615580842734,23.326258024475056,20.504486903114362,22.906722133524056,22.95270238459567,22.297219220373567,25.799890979484346,21.685121471902388,21.253631188886004,25.369069265388386,25.338506714644872,18.980343792176082,25.40029922268183,24.539706595536277,24.495740309758048,21.486182026833767,22.386566984486056,25.40085934900577,21.494486615531173,3,2.18467538829357,0.195352728500785,0.539227987617833,1.33828573548582,False
Q8IXS6,5,Paralemmin-2,PALM2,21.09280854120869,21.575134127853314,21.922751108780623,21.224110792967636,22.11969594362431,21.29486701461999,17.598132848678226,20.81979541796388,22.850561652600764,22.518523810946807,22.46256469383535,22.534456503948405,21.190684250983804,20.301397617959136,20.00595517238265,23.169286506199416,22.973422825604306,20.97439003938699,21.027378694114276,21.203199943429265,9,1.12546045296053,0.617594368635387,0.755192054657026,0.506900658603491,False
Q8IYT4,1,Katanin p60 ATPase-containing subunit A-like 2,KATNAL2,24.505310184838606,24.629868228747085,24.62350430147337,23.814298569681437,24.48617537691848,24.314180964062903,23.607222952428355,23.3774877787242,23.761995283007963,23.94039326223556,24.370861594776887,21.046646811668893,23.846586099784307,23.986584893151775,23.831630140661954,24.165472956463464,23.715865171135118,24.176960614789554,24.235109560455157,23.846777658400505,0,0.817818357695402,0.237028586505065,0.577879893173472,-1.21780893498745,False
Q8N0U8,4,Vitamin K epoxide reductase complex subunit 1-like protein 1,VKORC1L1,22.852424150998523,22.355758786262154,22.959078285198498,22.05473936140574,21.851467723202884,22.893441596657837,22.56109857810411,22.43076943213214,22.34376732767938,21.80230562636165,21.8592736948718,22.762568113504308,22.688057113719786,21.902921763273433,22.21853385983045,21.978282554249706,22.464695062100297,22.6073305320265,21.33151603267214,23.091616110283805,2,0.930056301957852,0.654611251695585,0.761003945946475,-0.453933443110672,False
Q8N163,10,Cell cycle and apoptosis regulator protein 2,CCAR2,21.62752644361816,19.661730707252193,22.928686417263112,21.10786372123773,22.51613558557334,20.539628455469217,21.147151661451947,21.564587143037546,21.740948375718403,22.834214434989313,20.454852353943476,18.782859081318175,23.50358320815401,22.493302296976864,17.180297821126672,22.71847570030626,21.995658344937475,14.03871618765514,20.93845492331617,22.739002409582202,8,1.05729182151516,0.269555021722056,0.587927183588789,-1.13456675624352,False
Q8N1G4,9,Leucine-rich repeat-containing protein 47,LRRC47,23.513397977221832,19.616442135746677,22.60740369062369,21.35217224765125,22.013505548921394,22.12465279105423,21.670587385093114,22.48838151070548,21.56719652403164,22.152532990000495,21.552750974730436,19.497914324047805,23.192118102891765,23.375967724114197,23.895992990802423,22.21786468437052,22.77252063766102,21.396686597915654,22.044765194142958,22.18247740177635,1,1.20900698297627,0.556241780158161,0.731996907067397,0.598152905273881,False
Q8N335,10,Glycerol-3-phosphate dehydrogenase 1-like protein,GPD1L,24.61540378616628,22.420477942419446,23.721786890176777,24.07650371407882,23.238226227180025,23.442650395912466,23.067734069476764,23.155039246102593,23.17544857672676,22.428657712694175,22.66713778107579,23.632355361366383,20.932548618056718,23.059959701702507,23.546815408765305,23.337591222551428,22.687483939322497,23.846355959918572,22.737606365879994,24.032647942402757,1,0.897832562846798,0.413547053766302,0.668891502267805,-0.834503395264018,False
Q8N3F0,3,Maturin,MTURN,23.086273174738963,22.461718329460826,23.1289598305905,23.762386908343576,22.531794366100282,23.713599462030828,22.79817080832374,22.935346849108893,22.68745488653721,20.897357956606637,21.95791464016518,22.432514232254704,22.89746213885501,23.66388166200191,19.733641956598806,21.86851468995848,22.398611276931796,22.98639312957053,23.019228164910132,22.351870015131475,1,0.77833073691123,0.275487146746515,0.592304662705395,-1.12020106409843,False
Q8N5K1,2,CDGSH iron-sulfur domain-containing protein 2,CISD2,20.840334468413175,20.004469614788356,20.73481220030155,21.409760759777544,20.563849585400835,20.94922831160733,20.903059386644372,20.728295686733397,21.560276771038293,20.92051121263408,20.539219548978032,20.883950716659957,20.96547161170867,20.923224335139725,21.143757631312692,20.779214361318935,20.46478128473579,20.81090950712508,20.388577739039448,20.503996211603766,7,0.8806771447999,0.592077484702497,0.744753316101235,-0.544280257603487,False
Q8N8N7,5,Prostaglandin reductase 2,PTGR2,15.997245351101194,21.460407423302918,21.9496113183984,21.9620853453624,21.46703749250319,20.791130962787268,22.610548809693572,21.58571038654894,21.271561344282947,20.516106992264348,22.433391178483635,23.044825557037598,21.386801572602586,21.06045506226655,21.729669707444472,21.23434541893479,20.968435927235216,22.7388232459149,21.167369307792807,19.60749761304809,2,1.13394110140512,0.365478342387811,0.644379893917954,0.925336734707464,False
Q8N9N7,2,Leucine-rich repeat-containing protein 57,LRRC57,18.544605837837253,20.089235665935384,21.004510203654874,20.934444234993336,21.190309409666998,20.743797210847983,21.88773493167905,20.634967600214544,21.221481286523133,21.312376643594863,21.93514483037297,21.523866668363905,21.720509783516643,20.149610222213674,20.44887484976392,21.66137447680007,20.836370812330816,20.280786845053978,18.19714089546614,20.765081003808373,7,1.04768963195587,0.991668649593021,0.843797505224354,-0.0105691291767118,False
Q8NBF2,8,NHL repeat-containing protein 2,NHLRC2,21.21938083027495,21.411869009946784,22.24349841753895,20.99541729584177,22.226519428368036,22.360438153522978,21.700697423951183,22.01367230724997,22.559716879019966,22.085898280090248,21.411426531552507,22.25099862182165,23.10093305039672,22.72557280992455,21.077573426395098,23.20649625774972,20.501108685058398,21.850681063841726,21.005591397757136,21.378888973819684,1,1.07466546076978,0.930018086191626,0.830111878942504,-0.0888997405579567,False
Q8NBQ5,1,Estradiol 17-beta-dehydrogenase 11,HSD17B11,21.329930006047466,20.932639319417632,20.384048514404636,20.939981317223758,20.327411682778205,21.089043354264465,20.1419407020251,20.961099828807093,21.125474364323573,21.329493251830918,20.59924850227292,20.81184430055132,22.02064117301011,20.791720126175207,21.534485524661257,21.669698766965055,21.20827852514849,20.30628085779272,21.41764687642235,20.42299393896274,3,1.19360795553074,0.430870838116773,0.678937927195674,0.80344121334646,False
Q8NBS9,12,Thioredoxin domain-containing protein 5,TXNDC5,24.68978271898389,24.838212919804825,25.238357649815075,25.295690465033797,25.325812804753898,25.829442424939458,24.902152603698717,24.909217482875594,25.18953977477409,25.421618301173307,24.84460548340529,25.128946198993678,25.035575192868944,25.957167690832772,25.16915211048037,24.636023725688666,25.025958179792973,25.66270531722101,24.900345857010816,25.046299567797842,0,0.973875730248182,0.900242803929943,0.826708499711055,-0.12690538948877,False
Q8NC51,10,Plasminogen activator inhibitor 1 RNA-binding protein,SERBP1,21.29386918662607,23.095751156033586,22.37011554705345,23.542109618391756,22.94425251628078,22.76302513002815,21.61417613239208,23.59190060709421,22.67186490411199,21.236512127365803,22.76233455878477,22.352095310423966,23.468403243364573,21.394581991457233,23.28985890778395,22.34799179293538,23.713049862190392,23.04963181400506,22.940178991442156,22.585040674634897,0,1.13736043371507,0.448031075902118,0.685569866640652,0.773430424525246,False
Q8NC56,2,LEM domain-containing protein 2,LEMD2,23.03128318574912,21.718956602786868,21.808147107608104,22.552182875871928,23.615836567101567,25.931449391658465,22.74024174147162,21.019358359747905,21.942075249221613,21.42721707897314,23.862003073052577,21.851000698041318,23.084735643612394,20.464661917192874,22.808636427445446,20.231574998269533,21.271465049472862,25.746424964927343,23.943395002826477,20.544242261893217,5,1.03080025809962,0.780845085112883,0.81078497116161,-0.281874512693766,False
Q8NCW5,5,NAD(P)H-hydrate epimerase,APOA1BP,25.190884366255013,23.23114591047169,24.924924842918944,25.35889853622448,23.214779445936554,24.496298914075577,24.502211642202877,24.518925632857194,24.5952864599543,24.807320120327287,24.48685168355868,24.320433448600863,24.86259455288492,24.58355422406077,24.58808089808497,24.70027227986332,24.316841396989613,24.70296830440514,24.496090232370427,23.62593292595113,0,0.912876777150347,0.952934565321307,0.838202221894998,-0.0597431587765346,False
Q8NDC0,1,MAPK-interacting and spindle-stabilizing protein-like,MAPK1IP1L,21.888237171689376,22.07225023006052,22.170624127566168,23.01804873664084,21.89114887411522,22.37871285307255,21.64123593978212,22.25128018292819,22.038189659096062,21.465303540782863,21.908804328767992,22.282942808567853,22.2097140155069,21.97998670158769,22.017888986881907,22.009261152058272,22.583928964858227,21.558189179528092,22.69277026860133,22.82077424067674,5,1.05100515313005,0.609800402926419,0.752555933614109,0.518238001833297,False
Q8NE71,7,ATP-binding cassette sub-family F member 1,ABCF1,20.657228702224714,20.619229684226475,23.02673973160473,19.66563113201054,20.263336139196554,21.272132724412277,22.857373809759864,22.73534089545355,20.711336777956426,20.410722570203955,25.202162327472855,23.962627638371334,19.991696273295805,22.155004153422638,25.482901169588747,24.370434372833614,21.311622858190734,23.766333808033778,20.86957555182501,22.72168358274513,7,3.62451725111921,0.0147761497348104,0.210432875997758,2.66011703718717,False
Q8NFU3,4,Thiosulfate sulfurtransferase/rhodanese-like domain-containing protein 1,TSTD1,21.447976587871555,24.990293695691463,21.374188126794543,22.199995823025148,21.659265879767165,21.044707956706514,22.49296761461405,24.96182190553454,24.591471854034946,22.009624298798478,21.519784366660456,21.760063677082528,24.37951558893944,23.31929317026784,21.65539235822669,21.336689966643082,20.668438398071114,21.81381834288992,23.149068546196368,22.23716039083781,3,0.428951574488304,0.397593345368702,0.662227458628831,-0.863849215986472,False
Q8NI22,2,Multiple coagulation factor deficiency protein 2,MCFD2,20.009465000837565,22.05453484495732,20.970284500060043,22.074565888127413,22.94509093757985,21.907798295229114,22.223205930023507,23.047372612397897,19.49995773339835,19.43052035960471,20.309084174361104,21.137030781107413,21.685425807573544,20.823262708024426,21.441608443073566,21.428207384427324,22.011515378967843,20.74402601026177,21.772260366134585,21.38548901525709,10,0.689461717009946,0.759112506625724,0.80518711011774,-0.310740518306711,False
Q8TBC4,7,NEDD8-activating enzyme E1 catalytic subunit,UBA3,21.877285265604495,21.957543329589594,21.567714671777775,21.56364077610033,21.54094729330198,21.82224765747243,22.814188429767995,21.374274655760363,21.762384847754312,22.27254831697186,21.649326442349064,21.736212609131748,22.36267651934843,23.3817699810295,22.22977953572026,22.358837105091098,22.698736103044574,22.292628213784116,21.587242333560155,20.883808760746202,4,1.2123378678886,0.377290824696024,0.651298791049508,0.902320688370416,False
Q8TCD5,5,"5(3)-deoxyribonucleotidase, cytosolic type",NT5C,22.79131023716113,22.199199698781214,22.403022158716325,22.843611668625602,21.843686973858805,22.646367986297737,22.745193821246502,22.580056052617117,22.486544930432665,21.75950908724261,23.358942404661903,21.615057611818237,22.613884705490953,22.298647085027937,22.27291696916772,22.24063307135393,22.546108080748652,22.43205181535348,22.150311186266094,22.653503481750988,2,0.9980534855981,0.962487983329885,0.839800241506769,-0.047605561360656,False
Q8TD55,6,Pleckstrin homology domain-containing family O member 2,PLEKHO2,22.239961202616286,21.44373309456355,20.259910546948106,23.58208884152673,20.443833360072478,22.435775654845376,20.90227883506797,20.39877908667476,21.60311432284838,22.869199524990453,22.022911692503293,22.347603299411514,22.910486315398966,18.484632958194595,23.413355190841855,21.97306804320592,23.09661485209011,20.352833172900795,22.655028069248143,20.86182494020546,0,1.19388129812525,0.745035910175899,0.798823546685696,0.329581226805016,False
Q8TDB4,2,Protein MGARP,MGARP,22.308578790476716,21.525644616479195,21.94848244778163,21.39692034467992,21.798071414266293,21.476645617093624,20.53376258654025,22.364662576207273,22.57166743359455,22.443309409164556,21.878579448757222,22.104046685752724,19.410848650448223,24.361063559267585,22.08063257351874,22.90677886050381,21.697227264200876,21.437996722298564,21.57356451794304,21.807253543881664,4,1.26437705294492,0.84401229415512,0.819283344390874,0.199254684190456,False
Q8TE73,4,"Dynein heavy chain 5, axonemal",DNAH5,24.054061380413255,23.611800460210677,22.411199666163952,23.30327857226201,22.897406196919373,24.12071682144544,23.554404803328644,22.294715612954587,24.186913120337536,21.67610631672685,20.965667295047258,22.16754909137999,22.964873477482218,22.766349353414085,22.633589668425106,22.474530462038242,23.110572008746924,21.397240277949678,22.40838284962631,22.552192888563678,4,0.515374260069976,0.0265055934315934,0.269759869962038,-2.38940383830096,False
Q8TEA8,1,D-tyrosyl-tRNA(Tyr) deacylase 1,DTD1,15.686250032232206,18.759541442253408,19.12281995509248,19.882281603446625,19.1279788901284,19.82457745937765,18.31349274085383,19.406631814796835,19.214392984306272,18.77691523694667,19.042759630676247,19.433363800902118,19.02155899547902,19.476093271240956,19.80732453342237,18.343082951096736,19.488702714372213,18.74279872920367,18.67662929665641,18.57274822726349,9,0.969652654785287,0.524556553614765,0.722158764334251,0.647319056818923,False
Q8WTS1,8,1-acylglycerol-3-phosphate O-acyltransferase ABHD5,ABHD5,24.755575352294944,23.81373453413025,24.15061860706687,23.876114549752103,23.830966775674487,24.213298185119616,24.51327735166619,23.888943231764923,24.025239298893627,23.869033990230808,24.362027446202177,24.74117654764488,24.29634185217604,24.215926257693788,23.70892471067876,24.77851788040091,24.645178635182187,24.4072278179977,23.352071055095852,24.058619186962503,0,1.13922474494804,0.442620969352473,0.683685726064029,0.782814321094501,False
Q8WUM0,2,Nuclear pore complex protein Nup133,NUP133,20.050814790787058,21.97821585920416,21.489377198211933,20.033414372660207,21.06852757682454,20.942489339520115,21.12401880158741,21.748009948461767,22.320671972896545,20.484431032101106,20.510345437134248,20.74852049652948,21.297948654747557,21.649224583355235,21.749912343775847,21.949772824431196,21.07950437425749,19.97547462340521,22.092718016830737,18.859210379738645,5,0.936205950970011,0.748390744121457,0.798998183059113,-0.325080148423636,False
Q8WUM4,26,Programmed cell death 6-interacting protein,PDCD6IP,25.258153741184582,26.015737627298684,25.72186287518852,24.90786253018912,24.98457094764366,24.87309376959425,25.599169078582413,25.04745933321022,25.56243410734311,25.908359147670936,25.71444748749511,24.920890012143975,25.12384221029105,26.411722761673797,24.7559726519785,25.17720147156107,25.72909847784422,25.706136898558952,25.238159600232095,24.97395096048967,0,0.992519888104559,0.95484527338457,0.838236223008712,-0.0573149299992216,False
Q8WUT4,5,Leucine-rich repeat neuronal protein 4,LRRN4,22.804731122485,19.607057931042004,19.590655718260965,22.304781636624096,23.45972952309199,22.41333173377765,21.043294698065914,23.35014567086396,23.39370287701572,21.767178476661858,20.83961688515699,22.040105958556463,19.452729188376757,22.042980861799037,20.840704297408212,21.33806958190655,19.944908539461387,19.797154061051003,20.194344018409986,19.740963465587456,5,0.305570614585313,0.0160123361291985,0.21422020420723,-2.62346556137691,False
Q8WVJ2,3,NudC domain-containing protein 2,NUDCD2,21.227683131448835,21.91782086521527,20.421947552148165,20.95574094030684,21.021167421655974,21.10811899549107,21.196458095060684,21.451445410161046,21.551355515393137,21.207984535548338,20.53677611892748,22.84369166172664,20.689490353879556,20.0115981716269,21.038855355631537,19.466187355130945,21.625929716308928,21.03350272755149,22.09392973597871,19.929859485942835,1,1.03031881558887,0.46309880813517,0.69086707470759,-0.747652837061275,False
Q8WVM8,6,Sec1 family domain-containing protein 1,SCFD1,23.14434764767054,20.841746078319545,20.436527059570487,21.729461394050556,21.59523095689234,20.765101949643217,22.974390743059264,21.39065986324767,22.36352429207259,22.127558187650664,19.08867980831126,22.876319054265608,23.16926595983793,23.371581923613956,22.05025899265538,20.833602632270445,22.23512026582522,22.925894215440323,21.97875053452574,20.708816191452424,7,1.20881016706819,0.716987793769687,0.790319464530101,0.367496800846108,False
Q8WW12,3,PEST proteolytic signal-containing nuclear protein,PCNP,20.842462784899066,19.400143434031197,15.847484515512868,21.251628975156674,20.675419670683528,19.684415338998324,18.665186497701438,19.3888381312658,20.52841122687564,19.298004843687192,20.243930274578094,20.28767401148066,19.101860782778534,20.477320223401858,19.75474264395355,19.00883429416828,19.59267772179434,19.027935662887046,21.531385554306098,21.156978044791853,4,1.05736818423738,0.411258409546487,0.668891502267805,0.838668140497069,False
Q8WWA0,9,Intelectin-1,ITLN1,23.293555963579553,20.558570112209885,21.319377692719783,22.790230915631536,23.254181715238875,24.498668200101285,23.409391730634567,24.37578589672296,23.33573653828214,24.597224328969816,24.492272971198396,22.11558454881162,22.086096029571262,24.113555069985072,25.596029056485673,20.129504791104672,23.196562997296084,23.109603763936,22.459888159609385,20.507087668774723,0,0.860492940410714,0.496324068748894,0.709261894965122,-0.692521521687623,False
Q8WWM9,5,Cytoglobin,CYGB,20.52945709403079,20.060170966740486,22.1650693621959,22.43237363193567,22.26995964273361,21.080900044191964,21.753749014518082,21.999619092379536,20.804739582171525,22.50001469808267,21.93114324870532,22.028701088613555,22.078159051976915,21.763237930215674,21.474355137827175,22.02229711295949,21.8947294028246,21.755374844996876,21.829920833118027,21.091282529732272,10,1.02646503414238,0.494723443686272,0.709261894965122,0.695127326963457,False
Q8WX93,6,Palladin,PALLD,20.463378664358,19.67896794832436,19.2341706132703,22.19045525273783,19.26282820932706,21.189633269067393,19.499874946335066,20.28528839104356,19.33272074342611,21.846121468704883,20.635928407428818,20.441896078795143,19.755591292329697,21.009018362969883,20.88602091636426,18.467218888508256,20.536297323458435,21.341580262812823,21.343734335016805,19.715786117531962,5,0.932165325373091,0.800294718414704,0.812593916944395,0.256247931407509,False
Q8WXC6,2,Myeloma-overexpressed gene 2 protein,MYEOV2,17.86554882083922,21.248053398642302,21.39165307227533,21.650796535477095,21.27341191053759,21.45648756332438,20.26834175759068,21.336225303654125,20.899401930811624,21.823188804388,20.343079805662505,21.381267375836416,20.23351036521133,22.036205937305937,21.106358484701747,20.311441268110638,20.285264038331615,20.43834579217922,21.384473369832456,20.326715878266732,9,0.791468596654539,0.746501038845899,0.798823546685696,-0.327614657297908,False
Q8WXH0,4,Nesprin-2,SYNE2,18.544134053881308,21.541667274405842,20.513434764213965,19.874913551309312,20.78972119773987,20.23448985788968,20.84866440965732,19.847995008509304,20.2457716955061,20.639945341314327,20.420157794179126,22.162974341475,21.97141507810798,21.650345108790297,20.66073820331306,22.104802463696057,21.180733602812758,22.550669213047787,19.452115614400476,21.024314160581895,8,2.11408614003769,0.0221946936670748,0.244466286728116,2.47271868380602,False
Q8WZ42,10,Titin,TTN,23.51596064421637,25.465414814265547,23.275594883154408,23.553613508246542,24.18822407936818,21.45049256114292,21.800358870765542,23.400821879939382,19.432775734256957,21.214711139471298,23.096969282144443,25.971581725686647,19.54207257013957,22.524229106314145,25.322828862771587,25.556773577641785,25.663291472178706,25.993594784611368,26.629335584701288,25.314333871598155,1,3.74229932415621,0.00804872625301896,0.179270862063884,2.93252914859144,False
Q92499,10,ATP-dependent RNA helicase DDX1,DDX1,24.945296743524995,22.66405993673067,21.90790294056204,22.226553533723333,24.29380251683459,21.788744975945015,23.57247078165202,22.97368431492117,23.390599442681733,23.8970020231691,23.501559121474507,22.18627195090123,21.99294016321175,23.725180890961965,21.244458188367787,22.50961384582254,22.07239694106809,23.38193197469397,22.205127815845717,22.896453870493495,3,0.619035330999305,0.170721100184611,0.521118528909864,-1.41933120996879,False
Q92522,5,Histone H1x,H1FX,24.545055212407824,23.039328964873707,19.870573958364087,24.562996560128916,23.14493203666647,22.952151453865337,22.498164291378938,24.14638991586334,23.03858917491216,23.772239338321313,23.958544743427915,22.129588174038723,23.646953425362963,24.052152962516843,24.347812625251912,23.69389321626115,22.98373815552228,22.613556816743667,23.69855541053225,23.90066088963892,2,1.05023124985762,0.472337622114441,0.696510122357518,0.73209548961437,False
Q92530,5,Proteasome inhibitor PI31 subunit,PSMF1,22.907621900955263,22.901141151798022,23.16291541159386,22.806441318686996,23.650348414054385,22.11444077358646,22.801446642308537,22.368280908973023,23.461982030462924,22.810949009320105,23.35166901995181,21.252128061111,22.10203542385091,23.769883793043007,22.845612202217755,23.00753014502045,22.96209893371495,23.009566862179323,23.58044250642392,22.633058885273297,0,1.054691878032,0.872812167084135,0.825812662811676,-0.162087762813496,False
Q92575,3,UBX domain-containing protein 4,UBXN4,19.554948409045274,21.601939585990472,22.443709322540133,20.134974225153226,22.686842674647377,22.58440873650176,21.668430225677373,22.137863286843853,22.66137581041013,19.8549833792425,21.995995470100492,22.11734586587177,21.645412238861486,22.081925129347425,21.663728957789615,21.14633352018924,22.039477036574358,22.05482441656317,21.069136298619682,20.70998916872516,4,0.876369082742979,0.778617389579923,0.810332388735812,0.284821742433041,False
Q92597,10,Protein NDRG1,NDRG1,25.951298482542864,25.72074684177017,25.47038318337607,25.376058768857746,25.387428385170796,25.349295011986968,25.340932710715173,25.89453063090536,25.58976679763535,26.03151607623667,25.61437304122698,25.51880510020567,25.706085181880916,26.69488347560257,26.069124056195353,25.856321294925507,26.068609851370564,25.748777584710933,25.83112948534335,25.798307072999265,0,1.20311222044798,0.0972086155487384,0.427872205634169,1.73740265032557,False
Q92599,8,Septin-8,2020-09-08 00:00:00,20.767318357430877,21.96157373392503,20.514614332442513,21.907039657662672,20.946591762869055,20.72659170821828,18.492809749986563,20.909626197253594,21.588350512921675,22.91987089912579,19.19376476031728,18.086352357203168,18.318709820843534,21.901013506407427,22.244499046373768,21.89264661700663,21.935117008744157,18.033801366851137,21.619786563538206,17.722876711829255,1,0.763000416936913,0.174090321132767,0.523546616129746,-1.40771563022515,False
Q92667,2,"A-kinase anchor protein 1, mitochondrial",AKAP1,20.875676315281744,20.927703900381537,20.551399274331708,22.5318298449752,21.223202556622134,19.956206288062145,20.83947999274319,21.119610433837682,21.80622921756575,22.12672788428453,20.932241840574118,21.11312224585057,21.818868105123215,22.63133438136203,21.64888996405169,21.570633768097384,22.095798512529825,22.360036579960802,21.77527778772398,20.604267963748622,4,1.31516422532662,0.199045640029973,0.544755748559004,1.32684368074351,False
Q92734,8,Protein TFG,TFG,23.50707800180334,23.870423965201887,22.968896997850866,23.997470421613126,21.50766127795366,23.035954908799642,23.06458281165844,23.77507311823766,23.684517783130815,23.479415733038863,22.731267497354256,22.543525305839776,24.074556516225396,23.571648085002586,23.95955213202819,23.705538320507355,23.377399971028105,22.739116559839122,23.699767842410786,22.17071315222227,0,0.9662699537391,0.922253749982505,0.827857818900173,-0.0987949767797791,False
Q92781,7,11-cis retinol dehydrogenase,RDH5,23.288510797526964,22.799935946190672,22.973432984020075,22.261824041156586,22.70754130393706,22.70434449606358,23.01542311301219,21.001762723938594,20.466391714320313,21.95525010454305,24.253891171355555,21.510144578129434,19.478517283888507,22.63785466108025,20.8903423096857,21.372558613661763,23.439498545270705,22.753300549779734,22.271983801036455,23.82148141534438,3,1.42121454484405,0.881720431749008,0.825812662811676,-0.150641232401281,False
Q92783,4,Signal transducing adapter molecule 1,STAM,21.74797812753499,22.486523039170002,20.784104711847156,21.214028771614228,19.99940348919494,22.794706427200655,21.686111873870022,20.210493197537648,20.78824609872344,22.9571139934557,21.193443876681048,22.13418105416302,21.177886768795588,21.85325521770872,21.657537972555563,21.57530667637111,22.35709245517939,21.524431172122885,21.575561612482904,18.77927952232143,4,0.862514002217722,0.854437265299094,0.821068367518388,-0.185770541639878,False
Q92804,4,TATA-binding protein-associated factor 2N,TAF15,19.786529010665216,21.625524411884218,22.018755437184733,22.286550610038226,22.53598524013548,20.84707277980182,21.48431743077437,22.371121136697163,22.54622746867418,22.36626638694645,21.451864474955492,22.449885659779824,21.946759559226976,22.45064053706885,22.260461510416796,21.7548279666206,22.06893536100784,22.079695399023162,22.073307700387737,21.221184821422483,8,1.00917327374616,0.579134030516811,0.741312801161535,0.563542508937059,False
Q92841,10,Probable ATP-dependent RNA helicase DDX17,DDX17,24.15328104107467,23.650692743765898,22.736997411569476,22.74784136416008,22.34959415652669,23.495555034168877,23.619545815106356,22.993223315327725,23.638053580574585,24.004263067854687,24.417863997010713,21.980533408630603,23.134775191538033,25.362547058163965,25.225753013666104,23.63715880693017,23.436391779444683,23.278235068659885,23.926082230862495,23.73137068717671,0,1.3077739599747,0.203972196997703,0.544755748559004,1.31183580128271,False
Q92882,7,Osteoclast-stimulating factor 1,OSTF1,20.779462843785378,21.983267817960343,22.988032899872113,22.029621576914625,23.362903618037254,23.342988647966948,22.89190997448907,22.943399195287803,23.076890022626806,22.83123280782418,23.69299314031493,23.913328009056862,24.0808388042414,24.74055381714816,23.427189118399383,23.15101418083448,23.006709285483556,22.87838779189173,23.70615679412197,23.169502945203917,1,1.62123892078265,0.00274533586232036,0.124769845734801,3.40010026500936,False
Q92890,5,Ubiquitin fusion degradation protein 1 homolog,UFD1L,19.736574074501803,20.643878176602062,20.355541217374082,20.474434101056417,21.433602884171854,20.461691455118157,21.775979749929196,20.95626326062494,19.47835998420157,20.260575746228664,20.176098854103866,21.85184762658788,22.54965115627198,20.805312550412513,20.514573813307678,20.988064721722274,22.441300302134774,20.404375182224257,21.554594082173047,20.220309970033227,5,1.63057647661839,0.134365545977088,0.486433579823015,1.55825887883412,False
Q92905,9,COP9 signalosome complex subunit 5,COPS5,24.032847492155717,22.731068299309978,22.675689902288774,19.255799046966935,18.736878181132067,22.4886356620375,22.521709672026518,21.8026764302884,22.085521454190463,22.2802030352022,20.028178499271537,21.43758989417302,23.16203833343949,22.74141770437905,23.278989426893716,20.510071214229686,21.471307627611125,22.01612692732126,22.249850511905315,20.65439424519779,2,0.729607429883753,0.85890037733756,0.821714813561017,-0.180008683741726,False
Q92930,3,Ras-related protein Rab-8B,RAB8B,17.56328087979492,19.413799969604597,18.943757719650097,19.945609800350425,19.49860882194421,18.741425465438407,19.401259328407914,18.538297142159422,19.938957038386185,20.069910000420673,19.794540213176944,20.484565030481882,20.722208370251142,20.1697060634705,20.95211142968856,20.950716599940133,19.972731786875013,20.19132037645892,18.88036220830623,20.80320835202035,11,2.00443830020493,0.00379631931541978,0.143190922277685,3.26068786614701,False
Q92945,13,Far upstream element-binding protein 2,KHSRP,23.609206942149488,24.256811921527458,22.770093420113994,25.268872315072798,21.938486006010045,23.01003569688783,21.451688497443396,23.547029515482897,23.718493042633867,24.297963200002673,23.801370516501994,22.409677181505835,20.480693386539937,24.468808627320318,24.41202696310385,23.847357151282523,23.492659983331368,23.210227522756,23.225233633143265,23.615359036881824,0,0.915188554842217,0.856872818680289,0.82112175216731,-0.182625465609159,False
Q92973,8,Transportin-1,TNPO1,21.972041395785194,17.869127321619708,24.37710285597033,22.175883028443423,20.652593054837265,21.174940720560517,22.329561736662967,21.261083770279715,22.38176099485506,21.94407911776633,21.476175772325544,19.10342360264658,21.186368691150726,24.755126322222246,25.0191209611833,21.952304623432607,22.248875565239725,22.114726922236404,21.186552185784862,21.993077369366087,3,1.24891141230104,0.50495698184026,0.715497513978022,0.678549251058287,False
Q93008,8,Probable ubiquitin carboxyl-terminal hydrolase FAF-X,USP9X,17.803166849277744,19.041417628293903,19.903196641366264,20.570357894987207,20.578314305068503,20.100131417692563,20.521493028232218,18.65852123851318,20.84215497174328,20.671491702101033,19.474616104875167,20.67965225375089,19.009229877361417,21.57158798960722,19.59606831879827,19.695891983856928,19.05209269604196,21.463925371660736,19.136805705944152,18.085099747600488,10,1.02488197462855,0.842844620555344,0.819283344390874,-0.200767323936544,False
Q93052,26,Lipoma-preferred partner,LPP,26.79818868298787,26.22720476791952,26.270034436383984,27.258056362129256,26.299723936565776,26.384087348215886,26.47431431698824,26.309124734476985,26.33353486005263,26.49650530135234,25.279546560476568,25.797243416678114,25.81292161547679,27.220554472709544,26.126258773082828,26.24210571154421,26.12299092440141,26.153910835737143,26.435304543843916,26.137854447797476,0,0.824240688848892,0.0845677774487348,0.418710352294526,-1.81191309566522,False
Q93062,4,RNA-binding protein with multiple splicing,RBPMS,20.57007153562163,19.798893448293715,19.961720589807896,19.62584690291,21.25610744184503,20.26985364573409,20.18233368352053,19.336248499177707,20.18854984811301,21.095402873811235,20.921660550248596,18.633014468651396,21.618934060899207,20.94315864181636,18.76935246592793,21.715365793431076,18.689649478641982,19.84317399210767,20.65059635389978,20.12758593758467,7,1.17209019020533,0.93135292192708,0.830224077374221,-0.0871995097532093,False
Q969E4,3,Transcription elongation factor A protein-like 3,TCEAL3,21.644875509353685,19.80930047220617,18.403260273362058,19.777057150484744,15.524949967760232,19.40966203447285,19.10711251886686,19.706439310697668,18.227959752591303,21.496612669015843,20.025966896815405,20.388751718536117,19.93816519533004,20.408618469319595,19.45820823592678,19.43936607112844,19.552873642812813,18.907396376511787,19.93168859120162,19.60004292179565,10,0.844270796483417,0.409834109247232,0.668891502267805,0.84126746246468,False
Q969G5,12,Protein kinase C delta-binding protein,PRKCDBP,27.454467361254583,26.87382637171457,27.475584911230076,27.126846942681098,27.078805828362395,28.15120308535694,27.18701181110872,27.113371838407687,26.988087734633694,27.16181190062706,27.72913369665354,27.327184059675922,27.745540133713593,27.84085407363183,27.14793524375268,27.163638856384793,27.931286235376614,27.477562728137922,27.592866889338293,27.03333754329852,0,1.15312462569748,0.160755933713339,0.521118528909864,1.45480309550557,False
Q969H8,2,Myeloid-derived growth factor,MYDGF,22.778362737573172,20.057125900828865,18.688410663821585,22.954725061575434,22.051978665099345,24.39172651763703,21.82985540091218,24.031226362084432,18.94426140137489,22.01110055193551,21.91251874907751,22.94524626180234,23.75139929612483,21.88237004864601,24.724043410818656,22.344960722055525,21.882892775815577,22.019311373984216,22.990736737265696,21.300108952302654,9,1.45813675548932,0.23095229699236,0.573518903263941,1.23430169113442,False
Q969T9,2,WW domain-binding protein 2,WBP2,23.60833009383115,20.40529740610571,19.84174173978526,22.434945786300972,20.736342819056077,20.543080687446714,21.037878536478186,21.556066361668496,20.961129039155757,21.52977361704155,23.81174719378664,21.933484417037732,22.31913651605796,23.38210617122307,19.781887690626245,21.5915587642245,21.46591820074595,23.558879668610903,24.574211181785234,21.436523776653512,2,2.2225364377609,0.0585600718298774,0.359803391382992,2.00228584263836,False
Q969X1,2,Protein lifeguard 3,TMBIM1,20.088356713118127,21.61374077504911,18.391060036838674,21.86651702700479,20.307303633412815,19.497599418112646,20.633433141794058,21.541569988084767,21.516244117490643,20.638298713796498,20.32001727869307,21.540224083247825,21.68927813613959,20.393374418376677,21.17421073772589,21.333435442572938,19.633585583663706,20.157250040391137,20.80639798675412,21.626268406946046,8,1.04962566751579,0.545570126090953,0.730613623538725,0.61454049485897,False
Q969Z3,4,Mitochondrial amidoxime reducing component 2,2020-03-02 00:00:00,20.66496962845769,18.927439092498936,20.52676411676376,20.28618759604021,20.742881343010954,20.114959669370894,19.52749418962371,20.172657269085057,20.262896527503674,20.756186341083826,20.217656709026922,21.161536897641714,22.02825612248166,21.69822771470002,19.843199587173153,20.129666024538178,21.581131338541955,20.65596190849213,21.47178092047736,21.42438461907824,5,1.87022227143064,0.0219047066161872,0.244466286728116,2.47885138480217,False
Q96A00,3,Protein phosphatase 1 regulatory subunit 14A,PPP1R14A,22.241286510241924,21.84176996225545,21.878483154327395,19.267542533165447,22.263460688403008,22.459890027361013,20.40717707819383,21.095944372875618,20.724192741919143,20.61510763828331,11.377413139034962,21.390764097728145,18.657907426504728,20.999516685592983,21.514969225505215,17.850786413451537,19.41048388513726,20.384561805322075,21.373556038410914,17.11141342180451,9,0.420407725886271,0.0301965640475441,0.27325797600272,-2.32752406029241,False
Q96AB3,5,"Isochorismatase domain-containing protein 2, mitochondrial",ISOC2,23.21794241047871,23.252876395777317,23.895232939649325,24.018076410294384,23.253329660314236,23.39762711701744,23.079066761045176,24.734573740514247,24.3586758459088,23.01041193237597,23.255201684051883,23.128098959380416,23.863139650794654,22.20290522898887,23.54361117751125,22.44992163201523,22.63559520487027,24.3373573167135,23.913359701221506,21.713825265558917,1,0.757771118315318,0.138451107158209,0.487227709966479,-1.54120575621111,False
Q96AC1,21,Fermitin family homolog 2,FERMT2,26.425268186535774,25.75573677506172,26.22694407566924,26.675598031872976,26.20870242118134,26.49644337042542,26.377635929776112,26.014245001416565,26.256101707157537,25.99427587986083,25.907711187987424,26.00672673868595,26.2279412745753,26.32548027831224,25.88986218252944,25.9130963790606,26.199773470955773,26.559344095616105,25.99933374987331,25.839721568269134,0,0.897325989916859,0.284046278774412,0.601035960943796,-1.09986755061001,False
Q96AD5,8,Patatin-like phospholipase domain-containing protein 2,PNPLA2,23.195322555630742,20.352823957329633,22.598862439320833,22.110205341210204,20.99014766694037,21.806858808745538,21.82577573589122,21.268805791575073,23.087903851238433,18.026262334930536,23.36472995094332,24.370853005145104,22.05661664620246,21.98517200093706,19.961462545767283,23.866064299076974,24.070041672705624,22.922034574868636,20.86278967390017,23.249659366494807,4,2.18306347418694,0.0827399489143424,0.417224105855535,1.82347439976148,False
Q96AE4,7,Far upstream element-binding protein 1,FUBP1,21.423801685423584,22.5219159734118,21.499877077210268,22.43625978869709,19.49314535947621,21.584073563078782,21.310377995259607,20.885172704844095,22.17470534673162,22.409956098443516,21.947767915764103,20.599577291193366,20.39326285344799,23.628675397270005,23.063418801388817,21.67536848554165,22.238410712165074,20.495727963238007,22.999570860790268,21.234338413190603,2,1.33429749096623,0.59591367643294,0.747184243702463,0.538611485543055,False
Q96AG4,5,Leucine-rich repeat-containing protein 59,LRRC59,22.04258503214109,20.8410111419985,23.21356527590315,19.897476455130196,20.75692662342546,22.26183875969958,21.376230132531116,23.432004527505338,21.593464798067696,20.74266474059931,21.88780900018216,22.483349580154375,21.830024410249564,22.518997746052726,20.36852606569072,20.888113287744442,22.10628833841949,21.425457436081892,21.01165392965603,21.002555380622994,10,0.731735414779673,0.881825146460635,0.825812662811676,-0.150506806834717,False
Q96AM1,1,Mas-related G-protein coupled receptor member F,MRGPRF,21.46849611516267,21.164594102406387,21.330356824397935,20.965572896951716,20.687050879420145,21.391701583089976,20.93431556860627,21.270798426879868,21.168222756912286,21.11073276100755,20.70642973794231,21.022202673334313,21.25692274304253,20.825576592940948,21.567740151431625,21.250839935364084,20.45700409511171,21.204520666643766,21.103629771174965,21.103177152240107,8,0.942637807381534,0.650896479821745,0.760966574422578,-0.459187146231632,False
Q96AP7,1,Endothelial cell-selective adhesion molecule,ESAM,20.774023326576106,21.26564610862341,20.386455245907083,21.385146334576422,20.1663317885352,20.46578320338474,21.02038740113593,21.65332395331379,21.132545445902714,20.832732330092462,21.1803991964319,20.327677910200734,22.03968336694666,21.64427927108579,21.120089326165335,20.27836279586911,22.021959577449095,20.68518227479067,20.803333843497494,21.39612104961263,7,1.24438186647252,0.418060202074736,0.67072686746708,0.826333329718958,False
Q96AQ6,6,Pre-B-cell leukemia transcription factor-interacting protein 1,PBXIP1,21.0150842009588,21.001722954218387,21.574794197137408,21.744735951141266,21.39473759113825,20.973712189907307,21.17606684913864,21.41061486962655,20.848647155150985,21.799583611675104,18.886622030273745,20.54248272305092,22.218047453694954,21.97939421913636,21.461729512181297,21.40213735905736,21.71733520384946,21.381968391466785,20.407517183912155,20.701768019147035,5,0.989310832606596,0.534525759976975,0.727049936758826,-0.631681341472281,False
Q96AT9,3,Ribulose-phosphate 3-epimerase;Ribulose-phosphate 3-epimerase-like protein 1,RPE;RPEL1,21.86728868970535,22.319134688514854,21.890943705775666,22.017587512040116,22.36084669419323,22.132833200099178,21.514952974374552,21.806413400280245,22.20191127646318,22.23516355232806,22.158108388361846,21.552379152055792,22.42612122776088,21.800663347652552,21.698040226675015,21.792142153804463,22.406520253391477,21.843511045937873,21.803147951911434,22.354517824144803,6,0.958435064533178,0.815606174720564,0.815079242072796,-0.236197632489377,False
Q96B97,10,SH3 domain-containing kinase-binding protein 1,SH3KBP1,21.17010340940049,23.413007951560473,21.327000372974734,22.324178974563917,21.233627052789803,22.272914167697007,22.3024763026519,21.089932139280673,21.556692635703353,21.959335510710492,21.261207277433915,21.5541741973648,23.23397245542301,22.3469970561302,21.131057364016097,21.447816565596117,22.201198399914386,22.937733402319953,21.954425215654727,21.272801772128783,1,1.06222625269414,0.847674924331075,0.819918955074362,0.194513078246178,False
Q9NVJ2,3,ADP-ribosylation factor-like protein 8B;ADP-ribosylation factor-like protein 8A,ARL8B;ARL8A,20.778686806613123,20.968089272328445,20.425536282182485,20.986841053168444,20.75981877069121,21.416258263439083,20.48973473942929,21.343665546743587,20.863912688222836,20.6497181248966,20.84259479498489,21.41016636205814,21.234310190279103,20.736300943040284,21.421149198192442,21.012911092926522,21.399608709501695,20.800832457211097,21.648135609309442,19.93871644185838,8,1.16091535016069,0.488168070623042,0.709249011116845,0.705850356910677,False
Q96BW5,8,Phosphotriesterase-related protein,PTER,23.513038310546957,20.69452533278183,22.103032416426338,23.005659084776763,20.57679515655225,20.29491308142589,22.265532850981902,22.179738354851466,22.015518106715163,23.007418823118506,21.155380161123635,20.42549330027479,21.142909404474967,23.499016700000013,22.564504006018403,21.280360072267076,22.64756498641685,23.106999982393827,19.446251854187413,22.4360557606178,0,0.963660350651597,0.71780086552384,0.79069031954819,-0.366390179961676,False
Q96C19,6,EF-hand domain-containing protein D2,EFHD2,22.249673533847545,23.189693045108797,20.867299268320185,23.1085912663051,20.601309606222888,22.29432482062416,21.002666286103622,22.633071703437665,23.19601949837081,21.56772195799946,21.05722682209335,22.010419019374055,22.597300129810524,20.99913293362014,22.258166776125293,21.871303414788382,22.337927190778146,21.534835503153197,22.414705019450654,20.08623700612174,4,0.724246397078728,0.405732747767098,0.666605052619602,-0.848784776442828,False
Q96C23,3,Aldose 1-epimerase,GALM,21.288328424754557,20.95998009036445,21.420943921151807,22.21570452671914,20.95451224670627,21.46548421982447,20.170110230035814,22.260421882625362,21.666724859319913,21.33347448421678,21.713232043433095,20.333167403720417,21.403348386257694,22.219542231009385,21.522514659204433,20.157802417089496,22.341207361258462,20.82983566511443,21.761567966982966,22.04464484685357,2,1.07727721984179,0.864538417322572,0.824256658905437,0.172738905471283,False
Q96C86,3,m7GpppX diphosphatase,DCPS,22.006952187268684,22.45923443034323,19.84712689067342,21.575156224322445,21.603312098003528,22.442186661024042,21.61209894063801,22.115368367697844,22.74180936287625,22.033060839206144,22.15685459624143,22.371393320205975,23.00302169033387,22.950836869771173,23.0553511374958,22.471258458195884,22.043511243638253,22.326685656020015,21.22104696229847,22.0222129530646,5,1.27116825071415,0.103554752659629,0.437355574810954,1.70309480543683,False
Q96CM8,10,"Acyl-CoA synthetase family member 2, mitochondrial",ACSF2,21.989500986946112,23.322068100515416,23.502736003900278,23.739072668227212,20.09046126444925,22.92210739076092,22.47322675266552,22.838002449728588,22.86205105580448,21.496599369420903,20.99500608159129,20.316076329187446,22.087143999633916,21.32154599999687,20.88004210890563,19.639417206978813,20.967964118767405,21.47773188420357,21.95741386374713,21.60913945127608,0,0.346274085910782,0.00388419105859304,0.143190922277685,-3.25080464379176,False
Q96CN7,4,Isochorismatase domain-containing protein 1,ISOC1,24.76487590300002,24.481488071264017,24.99544480979338,24.779605237281384,24.355887324662007,24.282625842046677,24.82778125692187,23.92975600510698,24.34516352758015,23.786280687969985,24.079889210748767,24.70984994998873,23.484808227423944,23.713151097471787,23.796239873043707,24.555569312469604,24.29743287333104,24.72071664087433,23.44646514448843,24.969448413888657,0,0.863041276102003,0.212172960047704,0.555931941352656,-1.28746965247492,False
Q96CV9,6,Optineurin,OPTN,19.601336216516614,20.566724249494385,19.750016977791137,20.16185144048271,20.31341192688357,21.544395727020788,20.830902672937306,21.360662559621968,20.585990606363946,18.52663109794731,20.55910052323774,21.75822657269206,18.816162516581386,20.18023522596258,21.235381745799494,21.48867187067622,18.618038840844264,19.768837425339562,21.8582721732668,18.360044421423474,6,1.22736175466532,0.904101965378597,0.826708499711055,-0.121969872018714,False
Q96CX2,10,BTB/POZ domain-containing protein KCTD12,KCTD12,25.06630867549356,26.13157467064046,24.297759961788913,25.030837909840812,23.360705110858962,24.59443807382058,24.532648630544056,24.888458386580925,25.23302315665394,25.895812835371263,24.7376393197874,23.715960908716184,24.85100863860523,25.88808896320038,26.200667167688646,24.492757503524075,24.51780076612779,24.38664114575601,25.85383050103141,24.885140327210472,0,1.01667489490274,0.886153578774696,0.825812662811676,0.144952723108451,False
Q96DB5,3,Regulator of microtubule dynamics protein 1,RMDN1,23.02887674121761,20.95915684374081,21.930619165325133,19.966883334084923,20.566377349910947,22.258903265924165,21.06819352310696,20.956862942487614,20.87001893175546,20.180206147539277,21.798564195840832,20.128146133189894,21.545583236334206,20.78678310178347,19.323114579277448,21.444535438914205,21.25103878733302,20.794297883699183,19.628976483520148,21.5810712764252,4,0.731142746540192,0.412808854347946,0.668891502267805,-0.835845122250483,False
Q96DC8,8,"Enoyl-CoA hydratase domain-containing protein 3, mitochondrial",ECHDC3,23.87872383054127,22.775544076139944,24.25523738461959,23.726567762108406,22.39160764943011,24.65846333159731,21.070800918063956,23.047650268099904,24.434247775575134,22.238810793731577,21.428669415924023,23.416038814538645,22.293885679963946,20.105429478490237,22.34099175676581,23.40411294389922,21.05687921954827,22.239502963109167,21.21319700196694,23.24903063293052,0,0.429717073639101,0.0277800314712082,0.272440420479985,-2.36718387674526,False
Q96DG6,8,Carboxymethylenebutenolidase homolog,CMBL,22.737495139035737,23.376681253544536,23.263708242719076,23.14528202526041,23.23064377858379,22.3154841683768,23.214285595945803,23.182601765700124,22.724129176571484,22.583928639815177,22.766388623254056,22.17840063628258,21.233504888880177,23.694412796948964,23.96273698089227,23.777137151234683,23.378643943182013,22.32534172491726,23.08579992095904,23.001902278699163,1,1.13186460056781,0.904683666946603,0.826708499711055,-0.121226201441589,False
Q96EM0,3,Trans-3-hydroxy-L-proline dehydratase,L3HYPDH,21.29692640593249,21.50043710669325,22.035311348577306,21.42420233251322,20.96712079696758,20.7333518764781,21.549293687334462,20.366718006215578,21.649461486164505,21.410206632168745,21.90584789343572,21.47452556838033,21.328097643007457,23.452909294678022,20.041857037794404,22.382116195327065,21.520451841540588,21.422649541614746,22.236411409368984,22.15657475176698,4,1.56496953400497,0.161021035940112,0.521118528909864,1.45383670857085,False
Q96EY8,3,"Cob(I)yrinic acid a,c-diamide adenosyltransferase, mitochondrial",MMAB,22.01298187839914,21.876202635640123,22.053318750169325,21.752024958145636,19.802723832950267,22.127382880079814,22.13688281872936,21.373617525311726,20.369942161443284,20.21249236416248,20.302612005794167,21.343184679687944,20.924093492616098,21.52381184296909,19.537483021719957,19.766239802714363,21.96545221035423,21.683380767505458,21.40063490985473,20.092411657936292,10,0.679186557565261,0.217057641442831,0.55792310220854,-1.27330188294228,False
Q96F85,4,CB1 cannabinoid receptor-interacting protein 1,CNRIP1,22.848304908199832,23.996892525670678,22.803346105213933,22.878342009368204,24.04829869407358,22.95114072087481,22.123569849618058,22.91123282087663,21.938340356102245,23.831511730738026,19.227889951287427,24.323696690284635,23.635304331280437,24.46935838503555,22.465021615878083,23.625768045771945,23.402385413319607,23.84141949761888,23.023628438895095,23.04745834247699,0,1.26519040113909,0.884910683445213,0.825812662811676,0.146547073156888,False
Q96FJ2,3,"Dynein light chain 2, cytoplasmic",DYNLL2,24.073551890489625,23.487967895989808,21.363458173228484,23.940621688931497,22.85617250423458,20.641437252755512,23.98147048126215,22.087280050365013,24.17219508108986,24.31773049821831,22.233316269968423,23.068968261302512,24.12754840565798,22.163170852825047,24.079752229481755,23.968753246437018,23.9824878716836,22.383600671671655,21.59136880908658,24.26820420953997,0,0.981281281379824,0.855258681378283,0.821068367518388,0.184709618216954,False
Q96FV2,9,Secernin-2,SCRN2,25.697829974112356,25.220234716737583,25.072704140181354,25.858669402911925,25.603260463906604,25.306337339548456,25.698961112139955,24.71068829622754,26.240908510532254,24.465324523406046,24.363948546173006,25.470457841506985,25.463261825372772,25.1382657212722,25.4804416865209,24.488094317563878,25.911755442956615,25.996594617284792,25.267202517710835,25.2832076413253,0,0.901038882371543,0.681505237747462,0.774270699342087,-0.416272185508984,False
Q96FW1,8,Ubiquitin thioesterase OTUB1,OTUB1,23.84096477185262,24.331743223038355,24.251722536586186,23.582027540934387,23.744373785727202,23.747025340942564,23.19732037192598,23.51571587031956,24.160853817201353,23.744601019225662,22.768261067341715,23.387385496264326,22.866457020241185,23.15643635456206,24.43532013904605,24.33306286918774,24.095438107148105,23.72520102618835,23.569538234601474,22.27593527885331,0,0.826989937624387,0.20309919384257,0.544755748559004,-1.31447441100613,False
Q96FZ7,2,Charged multivesicular body protein 6,CHMP6,20.251184778876972,19.682906460166773,20.439266418074325,21.055757207779557,20.177266985941554,19.02870317411227,20.083757951602575,20.937031432803195,21.40880002690983,20.10419901270591,19.77268775092832,20.011129735749254,20.969533300433106,19.41487485584648,20.56632881515332,21.782173324445367,18.915668143805053,19.23098056660522,21.223556201795706,19.62606647416451,4,0.974792942992438,0.672022548347962,0.768734109029445,-0.42947861987679,False
Q96G03,15,Phosphoglucomutase-2,PGM2,25.45005367973984,24.7688599509682,24.83803953582398,25.45611424800779,25.369578190861848,24.673727872912902,25.14899004097094,25.374724144964784,24.674481472005844,25.33181751780337,24.84745022709283,23.76448480263656,25.010409817633338,26.18520615166001,25.80021128124961,25.46321140927225,25.58767220102581,24.947381660322748,24.727968943974574,25.560432622420795,0,1.14320046841694,0.74733471926431,0.798823546685696,0.326496239577352,False
Q96GK7,5,Fumarylacetoacetate hydrolase domain-containing protein 2A;Fumarylacetoacetate hydrolase domain-containing protein 2B,FAHD2A;FAHD2B,21.711575109965025,23.293282860900757,22.131875372112194,21.95591678834367,20.329943144735925,21.893826170932503,21.818246494898208,21.445835370455814,21.81549884738888,21.97522674362334,21.115026863127735,21.386097787970478,20.4332939024685,22.379776132995616,20.3166092412206,21.7191106770402,21.854584352637268,21.596759730554556,19.304107745934143,21.630201070375563,1,0.652862964157776,0.102302122393623,0.437355574810954,-1.70972139835448,False
Q96H20,2,Vacuolar-sorting protein SNF8,SNF8,21.400171042906056,20.091281045261365,21.56952492337758,20.442718136990052,19.72252025860804,21.281845451837533,20.540565743780746,20.66079187980907,20.998543463247756,22.194954358144397,20.38559018016401,21.959878470355687,22.002330089192693,21.764551304034022,20.58713012283774,20.967880406744882,21.9910493594019,22.20081399200645,18.65637895311487,20.432871965639592,12,1.26161476447905,0.63295705790796,0.7585186811081,0.484747913680074,False
Q96HC4,12,PDZ and LIM domain protein 5,PDLIM5,24.477414810578516,22.27486108551354,23.67884289053047,24.211560455914537,23.82621828756307,23.86205967709172,23.973984921239868,23.253207188004172,23.800681350433987,23.734810637224378,22.902351621859836,21.57809704450431,22.576177785649683,24.72563083504895,24.65374676639261,23.50428630646194,22.553786314259884,23.01160409772529,23.713475384762845,23.497005706351402,0,0.803731459049232,0.244738247564557,0.58311339070537,-1.19733816592152,False
Q96HE7,6,ERO1-like protein alpha,ERO1L,21.2854445065232,21.765158839801046,20.61954226588406,21.96702693051319,20.80026539637365,22.016632662335795,21.043249144920143,19.833562564327686,21.325353555488118,21.413722461795047,20.57706615939558,20.582629887001673,22.11240634902395,21.498845856661834,21.032491679385714,21.779745000942864,21.526645988336263,21.778860394404617,20.27521809317149,21.247888004841858,0,1.03577874984806,0.916490416048719,0.827540449847929,0.1061465456078,False
Q96I99,16,"Succinyl-CoA ligase [GDP-forming] subunit beta, mitochondrial",SUCLG2,25.341196437391694,23.84290632091906,26.090381261189734,25.90748506980404,24.527711394140873,25.670528611210994,25.181533406399776,24.569288437544486,26.0500289724112,25.27707455152809,24.73225795039825,25.189927772850115,25.07864208665744,25.48895219916879,25.200718599011847,24.831199243421064,24.761573850285693,24.966379111389106,25.032063136535925,25.060509770805474,0,0.776508711517255,0.406214307278911,0.666605052619602,-0.84789962026391,False
Q96IJ6,3,Mannose-1-phosphate guanyltransferase alpha,GMPPA,21.881255795642314,21.138201737248682,19.85002225154732,21.739663640362398,20.216871382436594,20.349624610690704,21.605674779360644,21.228068161572658,20.901928558972475,21.095736407907744,20.430165960261185,22.093209498531916,21.497569216479032,20.11874088190678,21.51571165988698,21.211853315959722,21.165925682291643,20.811957586296696,20.92414982598575,21.186493095265106,4,1.0283652371277,0.768099914923705,0.807231985594737,0.298771756320939,False
Q96IU4,8,Alpha/beta hydrolase domain-containing protein 14B,ABHD14B,26.682009358867184,26.515242985947495,26.921258458526378,26.729859095226843,26.71554619788878,26.834763375990068,26.50939059644033,26.29059316934119,26.427390543426654,26.03301364874624,26.2895704668134,25.627600739576177,25.794031834226484,27.166519593078334,26.064331145718242,26.72230117427465,26.25460389639035,26.465075662044633,26.240967265987187,26.72787054322802,0,0.901138915979771,0.1901812146314,0.534740430164704,-1.35459889343271,False
Q96IX5,2,Up-regulated during skeletal muscle growth protein 5,USMG5,21.619227967665783,23.202103324903764,21.907628747785456,22.070267384195233,21.42125172723507,21.79813719809556,19.71309732536323,19.88413520065041,22.522682608350816,21.734969489689647,20.935868153741907,19.905506870172673,22.053175643425316,22.114076024854796,21.228960848519066,21.948946857878706,22.579207105641178,22.26255739706989,21.596478006502217,22.417855503257396,2,0.968276156696324,0.766734207899134,0.807231985594737,0.300587583266696,False
Q96IZ0,2,PRKC apoptosis WT1 regulator protein,PAWR,21.522697283934054,18.637978826665282,20.589680025794827,20.076414964666803,20.645781181866028,18.962384727013855,20.991128688534527,21.843372916097973,20.470482333901835,21.167311017669842,21.894480614890085,21.60282434089197,21.757536049167975,21.105892084540518,21.896493850102026,21.314173765539625,21.43473317295571,20.62979718737747,21.621049934767882,21.295345478660828,7,1.62666672181797,0.0148329148405224,0.210432875997758,2.65837161678883,False
Q96JQ2,2,Calmin,CLMN,21.309454857270655,20.759377321195633,20.810465626831544,20.929925461283,21.57705199244328,20.946999739520525,19.899979808562502,19.801028576038405,22.090776873134285,20.17826305269571,20.680183721993252,20.630059161441608,20.870116510728675,20.08522743205831,21.06519017448611,21.028200011396518,21.307802449702198,21.04204590625564,21.185937997984873,21.236017844441378,11,0.915183475335612,0.770826579366825,0.807535787260068,0.295149484603658,False
Q96JY6,5,PDZ and LIM domain protein 2,PDLIM2,22.32785337283529,21.347176691568215,20.120568619757755,22.75645091327503,22.317984011658105,22.196730198179637,21.561381030327457,21.780453200543906,22.168567129876294,22.382963516976464,23.065927268886526,21.96861550638167,19.980272102011885,23.181396603015525,22.234022557150222,21.893488458365088,22.401481369435725,22.76931799744121,21.80091934635014,20.34496539904432,7,1.13186319976944,0.873424789809537,0.825812662811676,0.161299888612452,False
Q96K17,5,Transcription factor BTF3 homolog 4,BTF3L4,21.352365594922436,23.381477794926713,22.638929141492387,23.95432166448022,22.35821094231375,23.108134719764937,23.577545126003432,23.331557285002972,23.68995054315434,20.845643787905384,21.26680264200947,23.21716775660102,23.1071068073454,23.233088931093405,23.48790501556232,23.285995848846397,22.803048653540305,23.23719383673323,23.291097613722506,20.82720887607354,0,0.883647524238891,0.914008010569186,0.826745231285015,-0.109314870576943,False
Q96KP4,17,Cytosolic non-specific dipeptidase,CNDP2,26.048032844579073,25.833123701402826,26.231720971363103,25.825577559288682,26.428493606352017,25.712230371889326,26.30358837941488,25.754769227479542,26.37775637925964,26.40913995289815,25.912716692636593,25.97126144794709,26.55473400987359,26.209711942776206,26.39299934822657,25.92062556934427,26.108509014081697,26.04686839774429,26.307728771866763,26.467156060467147,0,1.06157003070408,0.513443655092093,0.721090302628091,0.66494485027509,False
Q96LJ7,2,Dehydrogenase/reductase SDR family member 1,DHRS1,21.580952935772675,21.14540214356714,20.618596215942222,21.35744535340072,21.249632580090132,21.706800236805776,21.312970727165222,21.15763894807155,21.596423354073853,21.31701386325443,21.006431173442675,20.466166406961722,20.828256430103455,20.171877404458016,20.79842279120411,20.782207022966784,20.51917850384942,20.55233796151944,20.27893092223932,19.99968189499703,11,0.581436316952082,0.00214835589110201,0.113801199931822,-3.50493658616327,False
Q96MM6,10,Heat shock 70 kDa protein 12B,HSPA12B,21.698464258112942,22.070294616734532,22.01080672100166,22.929609407948934,21.859585325072576,21.603110911918055,20.829404828302742,21.26765403665319,22.229098971247566,22.77703799174449,21.064120340869593,20.24038776150438,22.407629192493918,21.933545197831133,22.594148508480714,20.987355532983354,22.43503056956298,22.035669083517142,22.179337518819516,22.464891885301324,0,1.01918539658043,0.787403727297482,0.811510678024041,-0.273212180835798,False
Q96PD5,14,N-acetylmuramoyl-L-alanine amidase,PGLYRP2,24.352070923622758,25.067242761872745,24.414847391869813,25.518125859060593,24.376660090977502,24.15324047873336,24.446568909307185,25.120738077510012,24.400332968067563,23.956773408490253,24.98981419367497,24.822677645391966,22.70923963417909,25.74532509423711,23.993015282675543,24.9372775684059,24.488621497871055,24.541381766813682,24.507356712897003,25.436727489466065,0,1.17539932755764,0.904752459944996,0.826708499711055,0.121138258370545,False
Q96PU8,2,Protein quaking,QKI,20.060429602033185,21.205160904356354,22.321283717688562,21.54334800999212,20.581539518411663,19.79304616587796,21.793987604184217,21.101933123328703,22.05031490105886,22.441213683537125,19.984891089377577,21.110379323107964,20.486943405882965,20.492745773837456,20.82708370181768,19.593776854032786,21.193908728986244,20.900310193487936,19.6163665052382,20.128947286773478,9,0.514732006471544,0.0283359841925518,0.272440420479985,-2.35778504973568,False
Q96Q06,71,Perilipin-4,PLIN4,30.93031108949865,31.946452681833954,31.43253730426204,31.624468432106095,31.152322562855122,31.18836770362735,31.58649139859681,31.17787204968261,31.39714254599867,30.865390039993827,30.664150973792783,31.458264901538772,31.385386119566803,30.493799809198794,31.218492705938026,31.151684885763775,31.385550479345735,31.93046694212925,30.743985959291837,30.879234576161203,0,0.892408659886628,0.261516353431648,0.587927183588789,-1.15441058499754,False
Q96Q89,3,Kinesin-like protein KIF20B,KIF20B,27.318444150756164,29.846583001856054,28.870087088708768,26.789297999264182,29.27140516299099,28.39046707055971,28.469186511397083,28.607181582524532,26.964232253177986,27.399162889976246,28.90088864328285,28.801047155839232,28.06381457748035,29.15434260813536,23.03128319902942,28.072252649520138,28.386287725590403,28.357700200292562,27.85840718638121,27.542315517923438,2,0.888896402835935,0.535998139350403,0.727049936758826,-0.629385261453221,False
Q96QK1,25,Vacuolar protein sorting-associated protein 35,VPS35,26.093283770329403,25.961718039427367,26.4262365856699,25.86316598359855,25.36930409913501,24.954733322737393,25.885743958574388,25.667728585270183,25.992156224628125,25.895558721436622,25.382533332698337,25.626830295713322,25.54200392591084,25.739999006534166,25.87531524203118,25.927746747821395,25.823254210540274,25.98022111850601,25.84339234593581,25.909855045597872,0,0.945924132138495,0.771062423885309,0.807535787260068,-0.29483636458193,False
Q96R05,4,Retinoid-binding protein 7,RBP7,21.029026963380648,20.45423619881769,19.97128038525993,22.181777541809282,21.445281982526243,21.258722750247678,22.8932602377537,21.492639801521918,18.75919787432638,20.798812463718278,19.858177360276414,21.823189612045027,21.452053349435566,22.32699180071149,20.067438926289142,22.69662629094216,21.194316105302676,20.858637242837112,20.34895557749063,20.308285776410905,3,1.04619273008799,0.89376250690734,0.826708499711055,0.13520045768576,False
Q96RW7,3,Hemicentin-1,HMCN1,23.07399763545327,22.935578987011876,23.143413526976406,23.96170846262175,24.449695497834213,22.326527239009437,23.94065211850316,24.2157005090022,24.771578167451732,22.03150637843828,22.619708602015656,23.603956088446054,22.20036996230824,24.402009970368706,24.83821212645211,21.901618910566768,23.03073611344459,21.00617816326407,26.57364756101063,25.430505698797383,8,1.54839607917253,0.900580921970756,0.826708499711055,0.1264728395417,False
Q96S66,5,Chloride channel CLIC-like protein 1,CLCC1,21.886714422891785,21.944452635421662,23.869016589686915,21.82911415046679,23.64604644024525,24.36408996874132,22.51485999725798,22.68591528518389,22.721158496290485,22.566489309330688,23.96169709024371,22.490407865295897,23.102897951719157,21.67324825684975,23.884533007114488,22.404728370522857,23.045935964088454,22.677176943085893,22.905857445963335,22.401916629470445,1,1.08767721008798,0.886973171748223,0.825812662811676,0.143901584401905,False
Q96S97,2,Myeloid-associated differentiation marker,MYADM,20.80091192058669,22.282581405326614,21.761685402720584,21.739592381864412,21.312473335976343,22.470982896335528,22.537638990886904,21.288673017570957,21.206528355845883,21.83719825820358,21.275791861365885,22.099245767914503,20.717376133515174,21.725855322300415,22.120735339198987,20.834649905471686,21.341755361602832,21.492818648511392,20.933976427293427,21.89202700904737,9,0.822133649826393,0.338413540085971,0.626458497370308,-0.980030293573593,False
Q96TC7,3,Regulator of microtubule dynamics protein 3,RMDN3,20.880416621788292,21.764022647689117,20.632326317499924,20.420107522011314,21.56522002681379,20.020928997034705,22.105473430347306,20.837502189853094,21.669431450926776,21.300834661741806,21.954620096602966,20.834139089364434,20.366452568700694,21.330785828652477,19.61308676193481,20.903213420396966,19.45439199855992,21.776209643814155,20.962622105909272,20.330569582473736,4,0.805844749465458,0.321971965070555,0.61820388738581,-1.01473946803385,False
Q99426,4,Tubulin-folding cofactor B,TBCB,16.843811328374155,20.670627123391487,19.503935263666612,18.236414615279617,20.51099192252927,19.579953089196447,19.124913941645115,21.270727536389348,19.01471351027106,20.269854327894866,21.25176758516179,21.031214404599904,21.357541022202476,20.272775534864248,20.589239398913797,20.378078620836035,21.439286696306525,20.756390951374385,19.470540303560426,18.96385922150914,12,1.76890430122596,0.0324557973855258,0.274703142797361,2.29300987116762,False
Q99436,5,Proteasome subunit beta type-7,PSMB7,23.59664642830834,24.259568238720785,23.850011234617313,23.517042000511825,23.75173674629898,24.231981093774973,23.800169652743886,23.65908396188955,23.88068356561382,23.420836863741677,23.53390879152848,23.88191702823854,24.249157951982987,24.173476361256007,23.83685283046874,23.99152507353819,23.94210643865891,24.099711519420254,23.88931341849504,23.734906024055647,0,1.09085550734503,0.432076572356102,0.679014768252282,0.801308665291624,False
Q99439,3,Calponin-2,CNN2,22.433546296270208,20.798135856291395,22.468965063023447,22.68928948156557,22.611575065561585,22.58508525868309,21.375078743734957,21.846201966460654,21.801402291505322,22.768890440064204,22.304270151827225,20.54215247457709,21.90029654205097,21.118068305185115,21.995771271503756,21.49780353278877,23.05570352145355,20.80053834621988,22.090762749571162,21.04060365737475,1,0.746593030998865,0.165087359103136,0.521118528909864,-1.43917275154539,False
Q99447,3,Ethanolamine-phosphate cytidylyltransferase,PCYT2,20.30951120434612,18.612276764114338,20.06428653957623,20.896572245673443,21.292248347785694,21.536845212661813,19.768334537259992,15.427015533004948,20.667987309350107,20.90175006417804,22.322404760865936,19.268789300241938,20.579983344918933,22.574488493335572,20.980661342847256,23.608290040204164,24.066074259839343,21.03574926384777,20.06190914223878,19.8272669811205,9,2.91443752948479,0.0543120149551566,0.353332145682743,2.04031872346634,False
Q99460,17,26S proteasome non-ATPase regulatory subunit 1,PSMD1,24.01184262900406,24.263014007143674,24.895960384151213,24.34722393111508,23.896188504148633,24.022131565061756,24.747787368029414,23.424671094789314,24.180562892333143,23.873113780688534,23.66836311529448,23.35844672145048,23.77877895430391,24.95587814203572,24.3641776430961,24.18535701191554,24.81966443095131,24.095360994664656,24.124188227949286,24.06703666536039,0,1.00365342357168,0.914492927757887,0.826745231285015,-0.108695875412536,False
Q99471,6,Prefoldin subunit 5,PFDN5,23.49888860756283,22.901641450052043,23.56249165699275,23.944188841624936,23.93419470308799,24.518503389568075,23.226772592811532,23.327763428581953,24.05907703334058,22.603387840273196,23.43400822389258,22.896336469542778,23.495940553679066,22.649788070854513,23.63618862415739,22.24421405114553,22.848830486242747,24.214987389280786,22.927068979745876,23.983062010456575,0,0.807044419174127,0.276377644636174,0.593131287249533,-1.11806421725367,False
Q99497,14,Protein deglycase DJ-1,PARK7,28.4085948632959,28.67023093091051,28.591285091933315,28.696437465736576,29.054227240396784,28.927889899563326,28.688773529580352,28.665986055531366,28.623449559827893,28.333473647723455,28.448929650926413,28.686672287634888,28.727606478529964,28.521970251271757,28.864831167402446,28.671492744146445,28.824201162812788,28.837647894264638,28.607103634469834,28.49076730011845,0,0.997591079031168,0.984762927739606,0.843797505224354,0.0193305945293381,False
Q99536,13,Synaptic vesicle membrane protein VAT-1 homolog,VAT1,26.98420529548795,26.591284984223766,27.01537396651059,26.4758425513258,26.44014227397034,26.26543378756775,26.499522601741887,26.77519600164982,26.655814322038005,27.134529846217674,26.0426627637209,26.46892470794141,26.71086530426185,27.05889132387696,26.567765652681455,26.628446834914747,26.52513038654869,26.367554057056772,26.71881188412355,26.785519102142125,0,0.934415566570482,0.519840377348244,0.721310207615658,-0.654773687654851,False
Q99538,3,Legumain,LGMN,22.25772520826413,23.872728120953223,22.944937743543193,23.36566211155922,23.82308346998368,22.468834154852097,23.369256698464792,22.431020475849646,23.275899587376543,24.335104727542493,23.143310438216012,22.87279246426394,23.328347607023712,23.72834989907318,23.17389329964377,23.695705061193888,22.373782119453484,23.686030559053645,24.064913676235257,22.81028330250224,0,1.00718000441867,0.806519541512014,0.813589620325639,0.248084029542447,False
Q99584,3,Protein S100-A13,S100A13,20.979423786681895,23.17718178974304,22.398154918784414,24.034652046258568,22.061188007947376,21.730358800575885,21.974856995165958,22.665002259579463,21.1126853400853,22.523038304124967,21.579097144296618,21.8697532259739,22.50940622363887,23.37628869551072,22.351975984616807,22.784198027792662,23.488119930674706,22.757672587633934,22.25014227890028,23.05104729891903,0,1.23755169315255,0.34889745307781,0.63152204513882,0.958502497191677,False
Q99598,3,Translin-associated protein X,TSNAX,20.527529979754636,21.702450518247133,21.173800255745626,20.61637533564529,21.766744636793078,21.014408275027503,20.78084551293854,21.72332589665875,21.52967789635544,21.184841244345836,21.34217757527934,20.126196652496738,21.74119763079074,21.158175773940727,20.54992065380211,21.024279807097304,20.723985247278225,20.63628519612739,20.227206415770937,21.85971352089548,6,0.85628527462651,0.370382649829581,0.647421492064222,-0.91572160262634,False
Q99614,2,Tetratricopeptide repeat protein 1,TTC1,20.013128311505884,20.28108568964412,20.06683867944933,20.011673211980998,19.778715863121914,20.143626231178477,19.156705388814878,18.117952623997102,21.43965600250752,19.888077221722636,20.12812110024186,20.645686921936267,20.942945161463022,20.67209521837955,21.428895173028103,20.39528489051575,21.405476448758176,20.033179265748956,21.4597724172458,21.929454840261734,9,1.88914303544372,0.00888113812771149,0.181482743058785,2.88890335005559,False
Q99623,6,Prohibitin-2,PHB2,22.900623471683897,24.424501746046396,23.444626389914376,23.380457617494443,23.490031381429485,21.978152874061458,22.86608428437131,23.687930064662414,23.779479735366905,22.71751534520769,20.439999160080085,21.89986563582063,22.629659621645978,22.80836776757163,23.03545860649576,21.886604586455967,23.15027511622693,22.939201107108868,22.236483504575943,23.21186478014519,1,0.568088235777591,0.0222519721284347,0.244466286728116,-2.47151619790682,False
Q99627,6,COP9 signalosome complex subunit 8,COPS8,23.164422445620282,21.92899574843691,23.23768657327739,21.034321877360313,21.828581613366318,18.910133237367024,22.32024378184072,22.600280943382558,22.562620052004682,22.289604843012505,21.31541368934459,21.339865744833745,21.798372446192495,23.582287070790635,22.266669977285837,23.07598232124352,22.141583604955464,23.49428806202308,21.676614188038478,22.4252661526405,1,1.28670503814769,0.495587406666264,0.709261894965122,0.693720202405391,False
Q99685,14,Monoglyceride lipase,MGLL,26.180902546086124,26.300244920073197,26.290082174393532,26.26470409678169,26.84925660946659,26.27069112695773,27.266657027002545,26.199378265579863,26.482785002536012,25.570535193601945,26.013919470095605,26.307908762479048,26.01296484445826,26.261161807875258,25.89213448374368,26.283731568817757,26.63536821572621,26.679093394647023,25.522331064925027,25.46270885565884,0,0.827593952497514,0.212463078194743,0.555931941352656,-1.28662116062628,False
Q99714,14,3-hydroxyacyl-CoA dehydrogenase type-2,HSD17B10,26.322600534591363,26.03221906710493,25.89107839737898,26.41539253941622,25.06544324804086,25.878091303680648,25.89812943591956,25.768997518945362,25.909735061244,26.17251303395389,24.51277832200407,25.378530569356222,25.13527040056156,26.42686722308681,26.40223298563346,25.58265142292699,25.71081064190709,25.128155401488282,25.62715257623297,25.906176890875617,0,0.814107220360499,0.135725848979026,0.486433579823015,-1.55253382232333,False
Q99729,4,Heterogeneous nuclear ribonucleoprotein A/B,HNRNPAB,20.487270034022583,18.534965333169918,19.759965288651497,18.410403343102544,20.599917056192385,20.57272573545609,20.74133270340969,20.71611206648607,19.60980620621534,13.67970619986115,19.71968226535653,18.96908878066782,19.00128616154744,17.95968586386808,20.067266791414653,18.21451321011671,20.338959023194494,20.100471248767263,20.309638690949704,19.226265833536885,8,0.734553663665216,0.910025787466124,0.826708499711055,0.114399848368304,False
Q99733,10,Nucleosome assembly protein 1-like 4,NAP1L4,24.09183369307953,24.104075527405502,24.38052508989847,23.98882276550738,23.327083801335572,24.480553163459795,24.175511060652884,23.23972520764854,23.75264198138418,23.872775091058575,23.758595408611168,23.90847113547012,23.10574269538448,23.946784523271617,23.32808065312316,23.627049229798057,23.83084264943866,23.699130379113104,23.75593056478037,23.505855965752847,0,0.802075942320251,0.1522602143394,0.506147554975687,-1.48648166371482,False
Q99798,32,"Aconitate hydratase, mitochondrial",ACO2,27.438764283628366,27.821895562408606,27.999339093059692,27.80479853058873,27.518973816958358,27.71417442120299,27.534894100365847,27.236608997990224,27.866236969346875,27.230727752779657,26.642083916988636,27.414053111950828,26.823366264435027,27.37313744772139,27.331903623607182,26.881677993130467,27.347228730685266,27.48735191173194,27.43100906173988,27.43840571237367,0,0.757634720110078,0.00958862073664446,0.181482743058785,-2.85480281040084,False
Q99829,8,Copine-1,CPNE1,23.331032404933776,21.992757235741838,22.25467799884007,21.840250227578135,23.425490573248467,23.661562005123454,21.83181797170794,22.575249588642343,23.514304232540812,23.164720592249015,22.378874752551255,22.04984042042885,21.87901905274145,23.888547893361228,24.10087139564953,23.039856918021233,22.56448362614391,22.594305922352103,21.815815710903955,22.37924538738983,0,0.917561325731428,0.799166156914519,0.812593916944395,-0.257729944932983,False
Q99832,11,T-complex protein 1 subunit eta,CCT7,21.87921245687931,24.389246300798675,21.831167548108137,22.68637042086409,21.492405876732334,23.917007636599557,22.16572692487468,22.229854474771017,23.574130266368936,23.128474439305844,22.824479836646482,22.191959164373447,23.587393645143138,23.002292167591275,23.82465054022804,21.379052327347853,23.396728783318785,21.986428807176484,23.129205677492703,22.802568620109035,0,0.896729547887711,0.830592517095592,0.818226127002315,0.216668812607291,False
Q99961,5,Endophilin-A2,SH3GL1,21.190506626282467,21.91630386670064,21.26626981607531,19.543464521802804,19.3229452039324,21.53802620779362,20.400305232695008,20.485210964902652,19.384070298944366,22.009334880124097,22.004027252159513,21.13495681772603,20.880318435120248,21.820208590239464,21.372314833687888,21.358118876542925,21.67497730112914,20.284762572125217,21.689399726515422,21.627109902954338,8,1.35541875821116,0.0921284813689506,0.423185026411948,1.76628027644834,False
Q9BPX5,3,Actin-related protein 2/3 complex subunit 5-like protein,ARPC5L,20.09628566999307,20.216339660006426,20.592872700426906,19.222754182765318,20.270127966464088,19.7882344376285,19.812640320431022,20.30674868969476,20.059209178348233,20.20705523727891,20.22676262875659,21.388725303116747,20.6426997109814,20.583812493528242,20.066251175887153,19.93728022896968,20.89825690531385,21.19259961693967,20.597187785393373,20.507419091927936,10,1.49648709154623,0.0379870280075814,0.300084413217238,2.21702096531553,False
Q9BR76,8,Coronin-1B,CORO1B,23.89274335158002,23.047329031995833,20.06932985928792,23.346556674631437,23.313363353926952,23.29206636573595,23.034245719308643,22.544860108283533,23.251601684937988,23.674690946091058,22.656759618849204,22.407498632162106,24.108001077937846,24.325419496630534,23.57848462215954,22.78514205804954,23.25751928098104,23.378088614919918,23.5371667344606,21.990104206393102,2,1.04657559900141,0.534995733797012,0.727049936758826,0.630948076151957,False
Q9BRA2,4,Thioredoxin domain-containing protein 17,TXNDC17,24.375161860928515,22.800864248384716,24.09322996955379,23.729450039183007,24.83225330545477,24.166687679963825,24.227243724670515,23.4292848818566,24.0441661846105,24.09629028274338,24.584852411253863,24.169401424063786,23.376637956695927,24.260080870252953,23.37166139022903,24.149740669468606,24.303181673304667,24.11696712135783,24.245148584263415,22.814882673760994,0,0.973688191277575,0.881874438884417,0.825812662811676,-0.150443529587111,False
Q9BRF8,7,Serine/threonine-protein phosphatase CPPED1,CPPED1,23.43038228963167,22.567020521429495,22.19885105285155,24.25578044100968,24.317153175316943,24.35579355542547,23.83209639789349,24.172965363662943,23.452376434833123,23.529834178102963,21.37815651358779,25.104167077957495,24.25704001458891,24.449248429391037,24.808660054362136,23.168340750453044,24.076991925508604,23.44353492985431,23.480821770305134,23.253704264087574,0,1.01492223767387,0.742019403714078,0.798823546685696,0.333634333317538,False
Q9BRG1,5,Vacuolar protein-sorting-associated protein 25,VPS25,22.214666507668788,22.503132596713375,22.7611393705054,22.345084263712323,22.18830408844066,21.968856021074362,21.92051613788679,21.372295300486652,21.885018902872684,21.98814914549199,21.71547476842312,21.280711277543606,21.645468728762022,20.617734720202314,19.873394513480932,22.004774119104177,22.09839784211281,21.807365706684543,21.361517592240837,20.738220067497696,10,0.65705231018199,0.00778200413667103,0.176846314359072,-2.94742805201271,False
Q9BRP8,2,Partner of Y14 and mago,WIBG,19.82647779999088,19.84853086893265,21.944678024817275,21.80737272362445,19.88497170085988,19.75555495445894,19.654755463705023,22.197373617004875,20.32615354550942,21.468942370952504,19.76812120384202,20.005793705212945,20.333176456485,18.884034352466553,20.837017857857113,18.169390540894195,20.166928482697145,20.3125733241403,22.43286139681157,18.655640997914745,4,0.654066545139057,0.171076881360608,0.521118528909864,-1.41809598162678,False
Q9BRQ8,4,Apoptosis-inducing factor 2,AIFM2,22.564459082950165,22.921008935386133,22.511791852495698,22.300121460945046,20.52957436782382,21.47068807165381,22.338651078936703,21.692814425503347,22.460426666141423,21.525089272458334,20.977696642242474,21.90697539471293,20.396729387953144,21.94647741246481,21.88006308511333,22.670692501501236,19.37715163046344,22.48654751330862,22.56077713028168,21.35205933183894,3,0.772069766410932,0.26263253240683,0.587927183588789,-1.15162848885656,False
Q9BRT3,2,Migration and invasion enhancer 1,MIEN1,19.73091102947532,18.688998769059577,20.49885153220089,20.581014728790187,20.3756171377739,19.020697069662596,19.380869735674338,17.098595237406688,19.680559757302944,20.920052039975083,20.227671835027536,20.890915755866946,20.10951402662979,18.778354492621062,19.60636420658603,20.407368145467007,21.553857321574824,21.113622914313755,19.65308849019043,20.659502802463564,7,1.38916461729407,0.103519784709657,0.437355574810954,1.7032788601682,False
Q9BRX8,11,Redox-regulatory protein FAM213A,FAM213A,26.799084441774635,26.488128164350517,26.8725838448276,26.601913647189917,26.098218690988325,26.101702549733986,26.93351799082893,25.57565161602321,26.601689820414425,25.978706429563335,25.49701079371181,25.371536159729338,26.189264109307143,26.442928933509084,25.60578808986213,26.536464628847583,27.00329483545687,26.603864928499753,24.594399290799096,26.03716478508328,0,0.795876710027311,0.120444812454854,0.468473175942793,-1.61980646153383,False
Q9BS26,9,Endoplasmic reticulum resident protein 44,ERP44,24.172656335943767,23.553284320726764,23.23196175775949,23.325887966409475,24.07334997385531,24.31768133872462,23.716349846813912,23.353167380996354,24.06421652613982,24.24299478262763,23.22951178458128,24.270360429802036,24.68519235189901,24.176156466594957,24.159034935488126,24.854819475607812,24.046023981167405,22.700202656225414,24.334822127954517,23.247118206802696,0,1.15833641349698,0.543317271272492,0.730408413405023,0.618021701375289,False
Q9BS40,3,Latexin,LXN,21.219934670907776,23.28175729755807,23.347613180565283,20.240156097441062,22.657584236096994,22.368870593433954,21.118660773224498,22.96653786683278,20.92938519510854,23.13985757280232,23.433418590679672,23.22392123162532,21.350972177177212,22.164456242916582,22.127924394020084,20.488151904182264,23.87030494019473,23.434212328571753,23.568195064738717,21.163561879898488,2,1.42497133528539,0.499183700514238,0.712046075963366,0.687878011762214,False
Q9BSJ8,35,Extended synaptotagmin-1,ESYT1,27.118860350424644,26.663909611591443,26.649430104605383,26.860421148615146,26.25816676034377,26.949097278988177,26.508893030192528,25.924995796375736,26.756578365782993,26.954512857874164,26.556818318218145,26.81429823736805,26.719089144750757,27.223460463163285,26.566549613945664,27.085310075145408,27.210109951801297,27.011168826189316,26.30523917051487,26.72509840016178,0,1.1158974173765,0.349084395066887,0.63152204513882,0.95812267244941,False
Q9BSL1,2,Ubiquitin-associated domain-containing protein 1,UBAC1,19.8314229785468,20.98171955474886,22.06309447150883,20.67019458094698,20.66079468854095,20.209516376148517,22.063276343372102,20.07002184197691,20.049032571107077,21.29010364669146,22.002226268740028,20.280107391851242,21.69584426410787,22.07633817203958,22.135228039067833,22.38207894316303,21.469936346537146,21.80522267694189,21.636264334010516,21.421517330150273,4,1.71627741281804,0.0165982872347134,0.216813824767178,2.60701673927516,False
Q9BT78,9,COP9 signalosome complex subunit 4,COPS4,22.11488633405233,22.337546157408283,23.343525163823685,20.86119109935456,22.515137736129173,20.410847931779564,23.30820430964011,22.731765788684402,23.051103574119583,22.278920089287954,22.46457843684883,23.058840422504492,21.857575592473044,21.11033319474491,23.052533572470615,22.803348750050823,22.025071635443226,21.92665714264816,22.349391443442993,21.83083704471305,4,0.850760942763006,0.902683335134354,0.826708499711055,-0.123783802980725,False
Q9BTV4,12,Transmembrane protein 43,TMEM43,22.518362361502533,23.639917706632215,22.476891947687644,23.18322925405381,21.804706380649165,23.539068847735937,22.26511290329461,23.247454738227997,22.45703846328667,23.54987953320821,23.569270757541513,22.07271458956356,23.209175531876607,24.023920147072598,24.239277370205226,23.256236757869388,23.11715080589663,22.66223878051461,22.106938834095573,24.536346382655207,0,1.34948067129612,0.245223048803022,0.58311339070537,1.19606728279563,False
Q9BUF5,20,Tubulin beta-6 chain,TUBB6,26.201387725770605,26.02464359366629,26.453595258303277,25.864932357446815,25.743029646155726,25.380981720637728,26.069487486549956,25.719197378370747,26.489785656249634,24.696378917811455,26.326306056223665,26.302418753561167,25.792604423573998,26.277236812517774,25.275785770329758,26.47746585686768,26.75589529024836,26.73901402200123,26.109802188634234,25.82393188017804,0,1.24800449817014,0.142683042038755,0.495190015417898,1.52397504928362,False
Q9BUN8,2,Derlin-1,DERL1,19.74649770318957,20.97653921703591,20.613509709176473,20.476773695667834,19.02138740521231,20.95501480690023,18.883244822834673,21.09942594080329,20.864938357733443,20.92327052056765,19.655656373620168,19.63658682842646,20.30163863839015,20.638088351092673,19.121753150366047,20.631543531054792,19.887892919382086,18.741412498955185,18.15688108220321,20.04480659174301,9,0.631087861509898,0.0848784090275871,0.418710352294526,-1.80996992645141,False
Q9BUT1,5,3-hydroxybutyrate dehydrogenase type 2,BDH2,22.854443484131163,20.931518664244233,21.207432473126936,21.38905321179855,21.486965827889627,22.610216255497733,21.8792539130622,22.55537220198521,22.087260976589352,22.662581917978862,21.376402319640487,23.64772121959993,22.84475995673213,21.57815625789778,23.327441105104608,21.25692467559902,22.190696163788896,21.61803694535743,22.56159988686516,21.221951583441562,2,1.09401352119037,0.565972004215765,0.732675882289056,0.583354036680307,False
Q9BVC6,3,Transmembrane protein 109,TMEM109,24.40800768549384,24.00890152058507,23.642260741731377,24.182537188655143,23.500456385405272,23.022244052817772,24.14065693812384,24.358253779431532,23.62032687625027,23.451432381394387,23.438420932033807,23.372191686790686,23.784381781258247,24.728960304163653,24.469813710031865,24.492195492740958,23.963666294422485,24.15276083805405,24.033748191808836,24.30064709110477,0,1.1849976613956,0.298558722254811,0.608461038679821,1.06638455401465,False
Q9BVG4,3,Protein PBDC1,PBDC1,20.688863029743576,20.461107416761642,21.23141265844528,21.010754094012842,21.193277970086335,20.172681013401377,21.14598729151769,21.55608490105044,21.249432048188197,20.845496113136356,21.739676183970726,21.17144659108233,21.590605803313384,21.82596364356807,21.819789539481018,21.771492881743637,21.63063250909146,22.102133131207307,21.10478261633777,21.154174424790916,8,1.54486342785428,0.015823030059617,0.213408620082281,2.62890123188484,False
Q9BVK6,4,Transmembrane emp24 domain-containing protein 9,TMED9,21.902393495812007,21.80929079764205,22.642286913296132,21.508895623204644,22.630581461503002,21.97747397743689,21.549893968511252,22.0580730445255,22.179401217143766,22.516278765328305,20.91096988861647,22.42281963438079,20.99958027090781,23.010926017188623,23.304142019138293,21.824222560377383,22.91790883182998,21.43359429910044,22.516117989303453,22.168921468132865,4,1.16339919874324,0.825471113521672,0.817624247495614,0.223332446671502,False
Q9BW30,9,Tubulin polymerization-promoting protein family member 3,TPPP3,23.61017883088005,24.927917100292404,23.801132434224222,24.649596711896994,24.183774693216773,23.36741888179109,22.546721676350707,23.530329260895193,24.606401159738883,24.765418895659,21.710706706658232,24.609672200350097,22.960521889279246,22.666606541618744,23.072821570686532,23.185191599288355,23.20176494970079,23.863909018299136,24.62698132053215,22.49879191684794,0,0.626575473364962,0.0496326849193566,0.338835504947756,-2.08542961371153,False
Q9BW60,1,Elongation of very long chain fatty acids protein 1,ELOVL1,20.35191704633646,19.260364492520285,20.040406195436226,19.914178862746244,20.087371830631312,19.222107970997563,21.61122536169893,18.818822378905963,20.201901206534984,20.36019501151793,20.291034504721328,19.488913883338896,19.8503590506844,20.718461618542733,20.83600444876497,20.213077969754682,20.779216148219053,20.273940055201674,19.86221236016807,19.496313470723933,4,1.05052079143981,0.550561281224547,0.730786710248407,0.606855095222241,False
Q9BWD1,7,"Acetyl-CoA acetyltransferase, cytosolic",ACAT2,22.27785107506003,24.41152254914252,24.556579721707184,23.8868611010232,22.670630542044744,23.378418295489837,23.932036579074566,22.546783424922367,22.902780948397613,23.635737944437505,22.149808508896538,23.763025833925408,21.885129728529883,23.113498325032126,21.82538459379195,23.401012378964765,22.42060292081808,23.440201332329366,23.217367336672364,21.665350818047106,0,0.653121827870719,0.0548326834601173,0.35525066816155,-2.03551699992402,False
Q9BX66,31,Sorbin and SH3 domain-containing protein 1,SORBS1,27.018791923390083,26.926000823098455,27.144800943215564,27.473332202061545,27.27687506988545,27.558401539216046,27.723173885163114,26.63671512039951,27.497167039063516,26.48066730425331,26.669869864082283,27.8423018132047,27.278259398992226,26.42841784363065,26.568520489633862,26.60575457131493,27.326956053444903,27.33500521126338,26.962881119287953,26.500448527788087,0,0.877766060961953,0.289532707977403,0.603321843609166,-1.08706711970249,False
Q9BX68,4,"Histidine triad nucleotide-binding protein 2, mitochondrial",HINT2,23.083690680307587,22.229010934673603,23.923254366637998,24.11031052750334,22.192078647759008,22.25328171217896,24.498699045784647,22.70844056224755,23.894056394154603,23.315950730483493,22.107894700122152,22.788415189794964,22.117952343356862,21.960034251084906,22.718326152020182,21.158664441078354,23.717172086201614,21.76133652465958,22.064284648473215,21.85908164799856,2,0.490193682506366,0.0123517544703609,0.198938501065838,-2.74130407475818,False
Q9BXK5,6,Bcl-2-like protein 13,BCL2L13,20.55818467370491,20.669731517365115,23.09295248361484,20.65689991497236,22.570588503227135,19.774557346665027,23.06554357106964,22.377986318478474,21.794592901246954,21.062146820955807,20.621887397624814,20.313346843336884,20.673961724215136,19.957505065262218,20.341173096608888,20.915777386166962,20.6460831508811,19.909180540022042,19.54262711924814,20.367736065198134,6,0.331642052542102,0.00675054997990442,0.175323277667773,-3.01007992430728,False
Q9BXN1,10,Asporin,ASPN,25.4252674956176,26.030815153728273,23.722510699439884,25.008710180542668,24.18712945052996,24.972832310413335,24.14887389896005,26.417796535413277,25.57969603614974,24.85534757368052,23.23946165097739,24.45181685866117,25.99903452552199,26.260963161984844,26.827648094639308,25.447872216134552,23.8871636025483,24.606931041584506,26.245191958113832,24.99165209864493,0,1.29178439669338,0.7145998433207,0.789207019147749,0.370749608117318,False
Q9BXS5,1,AP-1 complex subunit mu-1,AP1M1,19.46509777445974,20.390836539343066,19.3146703429615,18.99799141077245,20.817368832078166,19.5522632703539,20.54936881757765,20.44004492847997,18.104783501548408,19.93715784177476,19.720417223719643,19.033652477757187,18.951805372805254,19.83929677284837,20.09705796050008,18.835299844325696,19.334825752117542,20.968609919184722,18.5178475577686,20.38799327411418,12,0.890750605338102,0.617366197623345,0.755192054657026,-0.507231599157166,False
Q9BXW6,3,Oxysterol-binding protein-related protein 1,OSBPL1A,19.861054156269407,20.22708657943737,20.078981916491713,20.027425951035926,21.573463011334752,21.080590796834084,21.68691853013287,19.830701545331834,21.314608290720436,20.226865807803275,19.84955750418849,22.79260253657015,21.545241049622273,20.80321336075078,20.178036911613006,21.63591310194854,19.482420922697063,21.455773862609448,18.886833222865793,21.336036896370477,4,1.16662796800807,0.642309919194737,0.759476558552735,0.471381719651633,False
Q9BXX0,11,EMILIN-2,EMILIN2,22.949606970554534,20.29372496509837,20.15704097904292,22.680746002304087,20.302260441698678,20.85043099302982,18.276278565930774,22.52426357156868,21.0859642867383,22.448900582639205,18.940764131936927,28.691152189955403,20.613845152965123,19.96256708276771,20.52650763249404,17.667724654731018,22.473291902032443,26.055059966143965,22.84350293617566,20.892798089827878,3,14.5398440080328,0.522160250879239,0.721310207615658,0.651102131096924,False
Q9BY32,4,Inosine triphosphate pyrophosphatase,ITPA,22.380995383354108,20.197141604372177,21.975386843941898,21.389790588289944,21.35248535612532,21.212213758141772,19.81597274535523,23.30494448290001,23.27622074168227,22.047741169705485,21.88858669140913,18.490679504635775,20.929959682944194,19.508868932954293,21.755078690090777,19.54083648878071,19.711164420482923,21.13252944000034,19.998813540930776,19.828536490138063,5,0.366790563540296,0.0092427022102116,0.181482743058785,-2.8711636785441,False
Q9BZL4,6,Protein phosphatase 1 regulatory subunit 12C,PPP1R12C,21.042270095674784,20.02668224864526,20.68484002659756,21.96166006975143,16.24576998941977,21.104388534923157,18.59788524477858,19.24567761306043,21.773012305220536,20.78896470609546,19.974962833882852,22.225943262155628,19.087947601843013,21.67515572132002,20.71093623035731,20.661703809066744,19.649334406276797,21.11918424959247,20.933371265070445,19.762645945563005,9,1.06496598851293,0.482803522234507,0.705049346435958,0.714687669095708,False
Q9BZV1,5,UBX domain-containing protein 6,UBXN6,20.474624188331898,23.458288614987552,22.75115283384388,23.289636030978855,21.463950362721505,22.60076603894173,20.792749328262573,21.251706400270884,22.87773047720677,23.049062135123865,20.106490555601837,22.034804464391787,22.618488014202317,21.361073872788186,21.968922995194486,20.83093004884523,21.938053695845348,23.227947160411002,19.972304469198058,22.9861821789368,3,0.75053383280949,0.329388083864469,0.620838122156971,-0.998934565358928,False
Q9BZV2,1,Thiamine transporter 2,SLC19A3,21.931891296509324,21.075971364151602,22.050490417306506,22.21575684283072,20.747067651161966,21.86322898193976,22.230289199093402,21.521040567946514,21.815764965322565,22.820465235313844,22.61721696246033,23.625896438779947,21.72600628796658,21.915854453274157,21.91678056098023,20.290665262196868,21.780266150945316,21.717398846178618,22.541852684116712,23.241960382367743,4,1.46148269167988,0.398425127724215,0.662759156764724,0.862300672818232,False
Q9C005,3,Protein dpy-30 homolog,DPY30,20.075634620060082,23.191474992720206,21.416726808181863,23.05668524489116,22.324938350614126,20.943077959241243,23.042549253640587,23.130595263930363,18.86226391181263,21.390991535161465,20.09506639484135,20.895835942466466,16.250355094334168,20.108716115186507,20.42239333792945,19.195574930092274,21.214060228415295,20.577225049622246,20.8532088084742,18.628279960835073,8,0.243054664340533,0.00644381293793894,0.175323277667773,-3.03049950979456,False
Q9C0B1,3,Alpha-ketoglutarate-dependent dioxygenase FTO,FTO,19.55794863372731,20.738616862912412,21.19993055274934,20.343046603810127,21.767184267367828,21.281186628249024,21.056726447624765,21.01060371365763,19.51478981189348,21.152695403876407,19.666268711912434,19.963572247837085,20.89754369945862,20.46683057374376,21.655618305437926,21.574693111246088,20.542538125805834,20.088968199024784,20.2982533620485,19.73610565553034,7,0.832401607539081,0.443063726407555,0.683685726064029,-0.782043721811444,False
Q9C0C2,32,182 kDa tankyrase-1-binding protein,TNKS1BP1,25.224747052119767,24.79053969862764,25.058043740038777,26.208806799425794,25.10902672725812,24.65631993636991,25.12143132620424,25.363027658366043,24.908605465192974,25.19343199208123,23.860568753333276,24.871337813569497,25.302621340204002,24.911620203591422,25.00486696873448,24.561344820575428,24.852925392096477,24.827478262291145,25.83437849637418,25.023235747351094,0,0.828981883329583,0.248827063418138,0.583149616570681,-1.1866783326718,False
Q9C0E8,5,Protein lunapark,LNP,19.854031662468053,20.66071583177238,20.087759890604346,20.960989699466612,20.321915597902127,20.471893851167533,21.174796159011763,20.846863734067515,21.419301457523925,18.99302318041062,21.348249926281774,20.535488022216857,20.24065004097644,20.375647335661274,21.444915534255507,20.92809693334093,19.097118685516023,20.261129348537587,21.92802002068075,20.710120171348716,10,1.2224784916672,0.567528411136109,0.732675882289056,0.580999130388043,False
Q9GZP4,5,PITH domain-containing protein 1,PITHD1,21.687642234457023,20.917159223960883,21.374061888657053,21.79219383423109,21.714561024900263,21.17282153394884,22.332363529852994,21.67580344640962,21.050729323023095,21.469936526786814,21.96469161161478,22.2898256945337,20.787837129549125,22.251900716443714,21.338962908933613,22.296546586047462,22.192402173193113,21.12919874051757,21.268840796674375,21.53019361082732,8,1.17173655405175,0.506422214906933,0.715810942831439,0.676191288550974,False
Q9GZS3,2,"WD repeat-containing protein 61;WD repeat-containing protein 61, N-terminally processed",WDR61,20.142860943687296,19.557696209020197,20.817285098474606,20.077072420249085,20.847609519712446,20.025886929472488,20.68847235418828,19.88887263853297,20.213046148047056,19.83661287464219,19.246685207530643,22.13206102647434,20.90126073547933,22.234174593052842,20.445015059761534,20.392902262769983,22.374349409248357,20.17495357474534,21.718468743548474,21.088155878247125,12,2.15827022308622,0.0319775603888083,0.273698145271085,2.30012718021347,False
Q9GZT3,3,"SRA stem-loop-interacting RNA-binding protein, mitochondrial",SLIRP,23.346407287764617,23.74678290132653,26.644652194930536,19.3190741993878,23.497036641102703,24.95839159613748,20.320606374069893,24.338098505153493,26.32154193786479,23.117910012181543,24.54271935490122,24.380903017183286,24.361881039669694,24.623322260465066,23.02411889251874,22.476549000842713,20.73384274038924,24.813860352001836,25.853327126005585,24.55277014460357,8,0.76654782061449,0.649687213710647,0.760966574422578,0.460900213777772,False
Q9GZZ9,3,Ubiquitin-like modifier-activating enzyme 5,UBA5,21.50943409993608,19.88219739095829,19.482605309494055,18.386845719629097,20.3618931665187,20.12489283363853,20.99781869232644,19.878292065521777,21.309057975277614,20.141285036377973,20.532873218864655,20.485716832422096,20.60963802474528,20.856079635542997,20.471652839652048,20.300067263085538,19.475519734797192,20.319727282398492,19.854415487821896,20.177859866517817,10,0.887880493636679,0.754537144687404,0.802778333272415,0.316851423521166,False
Q9H008,6,Phospholysine phosphohistidine inorganic pyrophosphate phosphatase,LHPP,23.58378662706435,24.329543240164995,22.634792540454363,22.670924934907266,23.07648729171839,24.308613994391436,24.25762415091424,24.6702848668736,23.967056099481468,22.907884325848272,24.392575778389883,24.952534973692842,24.02308560762572,23.769339832992525,22.21032470018841,23.310718771880424,24.02331888300928,22.690730366661704,22.73517477164271,22.77198929649559,2,0.723704920017128,0.651826845197607,0.760966574422578,-0.457870125840754,False
Q9H074,6,Polyadenylate-binding protein-interacting protein 1,PAIP1,21.38509811604495,21.102402688391308,21.73259618557842,21.70045264525239,21.277047638323836,22.691868856129926,20.9997964745683,22.17328629469867,22.637406629129988,22.476173744430884,21.047396559188115,21.46553993754794,21.0585225094878,22.42860588337823,23.17498675074706,20.23247804286294,21.22653714582747,20.923685064484076,21.363851165950965,21.647565495856764,3,0.690030561304741,0.26854092785063,0.587927183588789,-1.13704578710719,False
Q9H0A8,2,COMM domain-containing protein 4,COMMD4,21.34958298997451,21.477505574938085,21.508750903466606,21.463819233494416,21.47976311781062,21.43752918039341,21.484384069653114,21.383296465577725,21.299596991269706,21.626732623469003,20.745004085687164,21.2585370731653,20.958829024357655,20.772873192440414,21.35624527096896,21.31151244123746,21.232180926718595,21.049874510141596,21.204599302623706,20.341203955219363,12,0.75769797189035,0.0528254108346617,0.347752097771272,-2.05425907522474,False
Q9H0E2,4,Toll-interacting protein,TOLLIP,22.963718088845624,22.307085959866402,22.89253420244508,22.048611678426884,22.10459885073798,21.64838496365106,23.2313992642333,21.276394518364043,21.834728769287562,21.36595185158511,22.317760768327865,20.76891994631552,22.886830253402938,22.751946437988366,21.09998752257332,23.956443058274928,22.76358083595181,24.003580607594944,21.07577014853699,20.98575969145018,1,1.2050598124117,0.829325401292861,0.818226127002315,0.218316551851908,False
Q9H0R4,3,Haloacid dehalogenase-like hydrolase domain-containing protein 2,HDHD2,21.312647432324198,21.732762466005415,21.7474787594573,22.89618126211439,21.068558503855066,20.68471651578683,20.90213796197691,21.789935221103065,23.694897073372555,23.0739922073953,21.660074841158576,21.94022901424565,21.443739779905876,23.80015496823851,21.667364242099676,22.935028957002647,20.472631653052225,23.55212450433759,21.61860308654347,20.54512408883402,1,1.03524061124048,0.880348821450487,0.825812662811676,0.152402275877776,False
Q9H0U4,8,Ras-related protein Rab-1B;Putative Ras-related protein Rab-1C,RAB1B;RAB1C,23.978444999820926,24.196879413311482,25.174764930287612,24.60812146260895,24.315308196763752,24.480667612526123,24.811444491839048,24.583067420221017,24.82806512439065,24.426871715513325,24.80287586709194,24.004572080938914,24.367125133006212,25.114783934040208,24.27127961773598,24.439779398651147,24.449127198354283,24.365646834150805,24.60319846586847,23.84628737409106,0,0.910673682195623,0.550621619196259,0.730786710248407,-0.606762412988319,False
Q9H0W9,8,Ester hydrolase C11orf54,C11orf54,24.552739007401858,23.996417976142187,23.22516900677179,24.757773041919492,24.650165927705206,24.285046693646066,23.646103558126555,23.609362480297854,25.032095340630995,23.276971972769893,22.88268126273648,23.323312912715636,23.931142504782255,23.792886513684824,23.980983866393604,23.953536681179607,24.40298682619383,23.897414866589493,22.84292416143191,24.14682943938716,0,0.737449652326167,0.171615673847082,0.521118528909864,-1.41622928699491,False
Q9H223,27,EH domain-containing protein 4,EHD4,25.2887932616259,23.944885734506876,24.7724633225451,24.305874248660462,24.872350892784194,24.84131117744663,24.928552647420858,24.853561384177958,25.064256285394457,25.449413832428604,24.57946056200853,24.866673100986173,24.77233837465056,25.399436436547916,24.773358173445,24.5603647503271,24.174698419112396,24.407397202749188,24.850327039482025,24.445751369221487,0,0.877528153379194,0.417873941870241,0.67072686746708,-0.826669404317825,False
Q9H299,5,SH3 domain-binding glutamic acid-rich-like protein 3,SH3BGRL3,25.59654466401798,25.626438278991657,23.91172276748326,26.019150944918742,24.757610675792325,25.143743728001475,24.105561296724712,25.04655344766946,25.611780057451384,25.509093235739087,24.250217676709628,25.33915341456181,25.174130429753973,24.96393904499118,26.216192908262098,25.604377312827296,25.829177801423857,24.849774023432925,24.923119071102512,25.23192083110991,0,1.05783664844193,0.712909596155038,0.788969552900123,0.373054490977176,False
Q9H2D6,6,TRIO and F-actin-binding protein,TRIOBP,23.282682791534235,24.01276616001272,22.4998598556584,23.126659280066843,22.691563112231133,23.022708529751117,23.158880261695174,23.127794448750258,23.756858706712396,23.369578576486084,22.69053641645755,22.808455386755487,22.272022316058617,22.231568717569942,23.64831532282576,21.915058968240746,23.138630457341527,21.83594025296265,24.126571837671417,21.812407319559288,2,0.75320001638865,0.0880807122641386,0.419883675208394,-1.79028938986803,False
Q9H2U2,8,"Inorganic pyrophosphatase 2, mitochondrial",PPA2,23.684159400828808,23.415777746487247,23.94521611859017,23.902710838141758,22.006345815188364,23.81559262993977,23.048260872689074,23.016066909184733,23.77682226937589,23.59440327676167,22.852391500556713,22.090907668315946,23.26244866928335,23.92936217923065,24.403954339130337,23.921602212816342,22.094906773585006,23.259229876749625,23.676200388331637,23.290189066319574,0,0.952668545006073,0.663275928022972,0.766605691647668,-0.441729283963587,False
Q9H3G5,4,Probable serine carboxypeptidase CPVL,CPVL,19.875416394904217,19.40845308009836,21.817372685931947,19.96984233585543,20.293560248173186,20.928186230015122,20.772408359860908,20.224248050182034,21.43507919919375,21.12764277801446,21.434335886685652,20.94177238214248,20.672496332442122,20.760585610193008,20.747570015227012,20.89784948505291,20.803195030942017,20.855741387555053,20.30469686803458,18.572357582802525,11,0.904447492007993,0.96762688400231,0.840871075182162,0.0410797580209488,False
Q9H3K6,2,BolA-like protein 2,BOLA2,21.535720587156757,21.252856043409118,21.18344477569753,21.93047186973141,19.85603280232766,21.271436690311447,21.524834360412477,20.597072764247045,21.01421743182122,21.47883416791399,21.052933705978383,22.01985280294022,22.045340970408326,22.18107313996789,20.900189467307417,21.18637633109566,22.12164912484776,21.841352491212024,21.118018670138998,21.804124132924073,6,1.36306551378733,0.127867859456505,0.476682051757318,1.58628923719239,False
Q9H3Q1,5,Cdc42 effector protein 4,CDC42EP4,22.485046897226486,21.738693653740917,22.39838576056038,23.233171635898,22.863546985971656,22.78283420901445,22.67403483904976,23.043217578929976,22.209163920659698,22.426372937467022,23.187183896443106,19.938828949254486,21.803219059217046,22.845146666873635,22.49844697503959,22.503557987219367,23.02435104082887,22.075573365334755,22.521365832555265,19.73119876916608,0,0.812666627444008,0.18737870607603,0.53240815837221,-1.36358616347893,False
Q9H3S7,5,Tyrosine-protein phosphatase non-receptor type 23,PTPN23,23.113108212731134,22.148513256612773,23.830634173521947,24.390588831816174,21.652128628868983,22.749566321167023,22.526340732609427,23.0645147704946,21.532088639455058,21.320876520775187,22.753808547153106,21.757260452842736,18.209360734714146,23.495883606088473,22.128846006350457,22.84603537476344,22.441896068722862,22.915683361564977,21.374861705702973,22.708268955444343,7,0.885146131564819,0.29464859395164,0.606452439173249,-1.0752883225204,False
Q9H425,6,Uncharacterized protein C1orf198,C1orf198,20.507264435889034,20.97198019963676,17.879438944909396,22.52275283992506,21.233048159008227,21.46044579867011,20.835445467921797,19.219472073202684,20.38888997331966,21.651675209358913,21.92733570840178,19.64696781250804,21.741825445685375,23.213727716547805,22.257486809363805,20.90025349226588,22.619442188110778,21.674526368035917,22.063989085240742,21.087688415748794,2,1.85760055502362,0.0567013434305399,0.35525066816155,2.01861319161604,False
Q9H444,4,Charged multivesicular body protein 4b,CHMP4B,20.67890350799862,21.159473213786573,20.04615150598034,21.358502502659224,20.900096157190635,21.03787352263539,20.95841958803125,20.58709497540446,21.423343089083478,20.662722666795823,20.629827681320464,22.379662799373854,21.455796497178873,22.257069899696894,20.937478822677747,21.99179365306529,21.65157468107679,20.89546452744228,20.61476593764028,21.97990994668819,8,1.59843139342259,0.0555500690342932,0.35525066816155,2.02896751801753,False
Q9H4A4,19,Aminopeptidase B,RNPEP,25.071976956984216,25.075014330310253,25.687017045227023,25.219393499576658,25.759403199990164,25.648660813521037,25.892474611305826,25.351384939622662,25.669544050433693,25.510487350211587,25.472307025755914,24.731989864877466,26.000080939626518,24.910139801109707,24.97976475724407,25.649008993168206,23.97406957693196,24.967491562070737,24.586038011320124,25.657927512116085,0,0.804165691156093,0.0849161971293183,0.418710352294526,-1.80973396280451,False
Q9H4G4,5,Golgi-associated plant pathogenesis-related protein 1,GLIPR2,22.099375655222875,22.77318079011069,20.20422499482033,22.165016021464325,22.40916935486075,19.923828350781946,21.46009314439513,22.868685758197532,22.035714022930907,23.62692053264666,22.20754351297029,21.859466210655533,23.377427854315417,21.78616903637595,22.520638301183414,21.093451797339036,23.438824589902136,23.524911022193592,22.44368786405751,20.986094649535048,2,1.20701550061056,0.444824518701319,0.685173298790309,0.778983806736717,False
Q9H4M9,24,EH domain-containing protein 1,EHD1,26.61061053604044,26.091904448318022,26.4276008395679,26.079489024921415,25.7194743941975,25.76097044565762,27.394769193266026,26.60188517293245,26.5763836427238,26.46687863453687,26.6984359872934,25.928099229785595,25.984531273015268,27.032066214482466,26.409476964651862,26.24693527103905,25.803057301762912,26.497774165609925,25.934136741532054,25.69889834321313,0,0.820400211118268,0.458660414534312,0.69086707470759,-0.755192672609626,False
Q9H7C9,5,Mth938 domain-containing protein,AAMDC,23.167274244407352,22.74978223633901,22.125314010221683,23.313902753374993,24.013202480560967,22.82647899845865,22.665523089234483,22.6804079527533,23.757993538558345,22.099539412785656,22.40237707155343,23.501419445343753,21.260895870471554,23.19283225284379,22.851619278540753,22.284907684911534,22.97395745293734,22.69896855104948,23.165614815593102,23.425228147375346,0,0.867830438023775,0.602412673009648,0.750269498002461,-0.529048420294676,False
Q9H8G2,1,Caspase activity and apoptosis inhibitor 1,CAAP1,22.45212109562993,21.785046962152432,21.910592427511464,21.073914771946463,21.68578007237448,22.45690105162542,23.264210083767292,20.624921976307512,16.54588707537113,20.23603300757453,21.869631549018607,18.483361235995726,20.482119737285746,19.64505029115354,21.748708113595217,21.798418125949215,22.42443783021121,20.268043757593937,21.303396946230283,22.214076402033076,10,0.70578228973733,0.782578463144242,0.811450985241191,-0.279583031475641,False
Q9H8H3,5,Methyltransferase-like protein 7A,METTL7A,24.696966100781744,22.260795275555697,24.631099033778504,24.33869092754521,24.516960127535107,22.93724660399712,24.586650176287705,23.92262332413979,23.94954072575485,24.934312746356536,25.231238759165844,24.329890774688263,24.299936463941393,25.057070763996727,24.293567954338087,24.616455823072542,25.38714356689581,24.453181747646553,24.738155061066664,24.130906406109,0,1.36840964344091,0.0768565590176943,0.406844594708366,1.86226246723931,False
Q9H8L6,5,Multimerin-2,MMRN2,21.001463658274645,20.15822644731475,20.671236263026696,22.289987776559922,21.452101136660573,21.050616642238623,20.3212041327482,20.430884757293626,20.684115220846184,20.41043437022887,18.469339556233844,20.562635021034637,21.00063485564375,21.293665908948675,19.797577979531535,21.194502306494673,20.219248120704528,21.041244759293154,20.911214459034156,20.433403834347022,3,0.856747232588857,0.311397335201682,0.613979024606205,-1.0377236155384,False
Q9H8Y8,3,Golgi reassembly-stacking protein 2,GORASP2,19.959493796886502,19.155966703480757,19.953759581137653,19.625887065883187,20.023002246769977,19.861419012688224,20.414506215145714,20.319467197249995,20.538471786512883,20.558107172741185,21.5220782176561,19.28103473748904,22.537975401886946,20.016137377845187,22.30866192052754,20.474805934659486,20.728688849516356,20.524658015659686,20.50258569181044,20.46128717357889,6,2.32387211527615,0.0313894249974118,0.27325797600272,2.30901553063061,False
Q9H9Q2,2,COP9 signalosome complex subunit 7b,COPS7B,20.322294344372082,19.099564864780163,20.295423532346724,16.577705017708233,20.510990949456644,18.44510357225457,19.419467088091125,18.77375836502657,20.3320636389751,20.67399164025298,19.132756479308625,20.245702226855293,21.16074673479811,18.51859961491847,20.419393541046208,20.348805836113613,18.514281937711512,20.741123340201938,19.039997721717963,19.994584165245147,11,1.18727840967231,0.465862842080976,0.69086707470759,0.742979218454272,False
Q9HA64,4,Ketosamine-3-kinase,FN3KRP,20.821014414283717,21.00744337710704,22.216916709408064,20.85645610965891,21.159417846968584,21.513552643943292,21.114690127977553,20.453842983540063,21.25168942667682,20.32833458839085,21.103658428515576,21.753623818105265,16.76801525080584,22.532828771450635,21.054037602990437,20.45601291548679,21.67279493798257,21.04204618224228,21.61593070374885,19.824517819304965,5,1.06423489946601,0.586729655118313,0.743447109981051,-0.552213119126017,False
Q9HAV7,2,"GrpE protein homolog 1, mitochondrial",GRPEL1,19.91638495671128,17.41524182391199,18.942353199525392,20.398615253183827,19.659410386811473,19.95789555231062,19.57306505914275,19.27622695500871,20.36023959962453,19.635112699228866,20.149092314784635,21.361292210572152,19.204002054231026,20.33532765575945,20.121452950714772,20.96427334075858,18.709244356879637,19.63309521527535,19.848141769447366,19.54587825852957,7,1.39621889912477,0.208248095314605,0.548362697862882,1.29903798307314,False
Q9HB40,3,Retinoid-inducible serine carboxypeptidase,SCPEP1,19.803560441503716,22.186984188905228,22.372655659518568,20.981640639263855,21.17955982256343,17.652320117770593,21.271378596450965,19.978617089976616,20.207089368010617,22.340594753489494,21.063504970640672,16.497047869949544,18.880840391928686,20.98429184295284,20.064459292699098,20.707171196588725,19.966367751495355,20.09000481668704,21.51462621958628,20.286375209869895,8,0.568103769088183,0.191938398044672,0.537857928627357,-1.34901714475296,False
Q9HB71,6,Calcyclin-binding protein,CACYBP,24.150499273397617,23.265692163234284,21.505879956511667,23.49715231183879,23.483405119503978,22.548328259501353,23.355770608515574,23.03606485828675,22.701217663411455,21.92902264486446,22.260460212643387,20.112020394817694,19.58338010632358,19.70077993845377,23.0789063049548,18.999090511065305,22.57536422273616,23.294021532800375,20.05048649188239,22.148808988615677,4,0.488110198259921,0.00459257992823336,0.159015256816369,-3.17826371273346,False
Q9HBL0,65,Tensin-1,TNS1,27.74989744095794,28.382463176206432,27.81057123987434,28.300814940236084,27.45798386207237,27.845209196458793,28.22012990310414,27.669835870618773,28.03766533298843,27.19542579572723,27.314296719506043,27.803375425563374,27.604656154838505,27.635371372570994,27.604535295805825,27.709859672551083,27.870130377749835,28.025357362818983,27.480299150301466,27.61005296531318,0,0.850193420982074,0.184935065102929,0.53240815837221,-1.3715099710516,False
Q9HC35,6,Echinoderm microtubule-associated protein-like 4,EML4,21.840453574611335,20.501081286255662,21.095306591906258,21.05459711333302,20.916079539587184,21.498889581268678,18.591169605391322,19.165285473416898,22.757446310547092,21.002698397656935,22.15641806552697,20.907784389709843,20.956313087189063,21.688290307024836,20.887158960875347,21.79330518956278,20.728719577972235,21.91474764224317,21.999228235673037,22.55199290228734,2,1.35657198652755,0.11203431209109,0.452941459078393,1.65994966166838,False
Q9HC38,11,Glyoxalase domain-containing protein 4,GLOD4,25.497634321857053,24.203362300624487,24.896822647122303,24.72971451239212,24.98368390588175,24.184287446900424,24.84364718492551,25.055342085783003,25.24241659013514,25.063224330702155,25.45875174149488,25.20935511018068,24.78795874792839,24.433359693443553,25.503159346525454,25.523852311632705,24.97394098102447,24.979709855859536,25.05110949754257,24.78627204294513,0,1.13808715955366,0.31978661893896,0.617581871743622,1.01944531655555,False
Q9HCB6,7,Spondin-1,SPON1,22.119497574827143,23.11548463014262,22.561679322949907,21.949205765074637,22.330956554357588,23.113364566100746,23.066764091943906,22.96344734121419,22.352826092120054,23.918823144808204,23.666222818133225,23.959702030697763,23.24620172240652,23.100491740728266,24.712597929270434,22.917468402874718,23.301716372438303,22.245247891569978,23.442482545639077,23.439899639878874,3,1.52148573265148,0.0227601382156533,0.248404079019307,2.46097258670721,False
Q9HCC0,6,"Methylcrotonoyl-CoA carboxylase beta chain, mitochondrial",MCCC2,21.784141718013,21.91475023997259,21.681390248352248,22.215250463997236,21.22063153789827,21.044938283109488,21.95627395241017,19.376817256298082,21.104776229855837,20.522166888401316,22.45250044347774,22.401928535269807,20.095055381163753,20.105365186291618,20.313227382742856,22.56436624555976,20.842686682629363,22.238897697791497,22.28633902735728,22.24697887376629,5,1.32714197298557,0.490866277662699,0.709261894965122,0.701426735384282,False
Q9HCU0,4,Endosialin,CD248,21.72002158873414,18.406943612985703,21.42640895682863,21.88454181629097,21.557454625590733,21.405745585152758,21.01445573513232,19.823457902421662,21.137993499600366,21.133061747411507,20.42020057610748,20.53510629389162,20.429392984434738,21.18095213086044,20.445008342065442,20.3645708796246,21.31886971453926,21.354702256284135,21.113605690062,19.33956791756126,8,0.769378475491472,0.4638332936909,0.69086707470759,-0.746409295222447,False
Q9HDC9,10,Adipocyte plasma membrane-associated protein,APMAP,25.88596510744676,26.10956962774985,25.787819485404217,25.323859078120847,24.9472786092047,25.6553556104035,25.574442135619467,25.481160047437484,25.13174738605579,24.906101575072444,24.471074334608396,25.616391662597763,24.904316017372498,25.20293102575197,25.27396970115339,25.518542803499457,25.146364476783674,25.49381410836813,25.28097297984181,25.33467352632864,0,0.82744256833326,0.166186749815707,0.521118528909864,-1.43525835596276,False
Q9NP72,7,Ras-related protein Rab-18,RAB18,22.076746186453285,23.2505312755992,22.2064855619343,22.979398133345008,23.289768085762976,22.735982830760324,22.156063925037593,22.290108932822605,23.15974682925897,23.732781432393438,23.19905460167412,23.243822586539444,23.58823572854151,22.708179891625395,23.03744487831222,23.73332807404113,23.14017378238577,23.324456911322944,21.739538947241588,23.567485264523096,1,1.2494887944927,0.251388284236841,0.583149616570681,1.18006790766139,False
Q9NP74,12,Palmdelphin,PALMD,24.633519390660727,24.833430936987625,24.77518126155802,25.510621932439467,24.94441864008265,25.332458382360926,24.156727822744056,24.128148415094564,24.65800309134973,23.470355603990214,23.57728940095606,23.57567221305531,24.35113714531357,23.899120051576272,23.699058747990694,23.372410327834142,24.846228737081276,25.22995475169716,24.432428486968718,24.1727341014996,0,0.680313489481143,0.0456026166821632,0.32800665024696,-2.12746229944091,False
Q9NP79,1,Vacuolar protein sorting-associated protein VTA1 homolog,VTA1,22.402928224610616,21.295788964942318,21.940136509976274,22.19932217658286,22.36899168918851,22.09358886877512,22.12900994138875,21.85773541543746,22.119224019596732,22.536148477030313,22.22550919311723,22.235632002629043,22.506048627406336,22.43283872198794,22.43471246576827,22.19188153286112,22.48822336690326,22.28500508314588,22.07665623468474,22.264435636386004,0,1.13491790678865,0.302435582130444,0.611114865961753,1.05763871242368,False
Q9NP97,3,Dynein light chain roadblock-type 1;Dynein light chain roadblock-type 2,DYNLRB1;DYNLRB2,23.543670141916124,22.647561253981564,23.587692119849155,23.74822402615955,23.31747833423347,23.406390043358204,23.160961380973436,23.207554941802496,22.91705735430543,23.962334355516838,22.685142126124404,23.154234440292274,24.053352437012467,22.915345368142795,23.84921387350213,23.32507390492913,23.633760464390452,22.857402667717178,23.420392409010287,23.61098659921047,0,1.01223195944075,0.99795239348557,0.843797505224354,0.00259754059004062,False
Q9NPH2,9,Inositol-3-phosphate synthase 1,ISYNA1,23.673500995585165,23.208808389135797,23.089281242897325,23.754657894394242,23.603750629537853,24.483756506174196,21.362935077392397,23.339323865495096,24.579977992215678,24.882403897997737,23.234300461206438,22.38153808639279,23.25062271546386,23.670968911534764,24.744296962769322,22.82830951209661,23.69377089236734,22.389576522284255,24.436005385681973,22.615666637212268,0,0.76572393728491,0.505485060766264,0.715497513978022,-0.677698981660814,False
Q9NPJ3,2,"Acyl-coenzyme A thioesterase 13;Acyl-coenzyme A thioesterase 13, N-terminally processed",ACOT13,21.905418106262765,21.81117655502979,21.300401607411136,19.263151963221638,20.369721785380964,22.322467556282586,19.560339597298572,21.752209833667592,20.03648375223021,21.96227679585385,20.900037502069978,21.318121698322834,21.3455713219076,20.46115921347933,20.082644395716663,20.386871272389293,21.013942946394593,20.492967475219984,20.944626453999362,20.285218465466624,8,0.648197441290158,0.44877989821214,0.685569866640652,-0.772137050886579,False
Q9NQ29,2,Putative RNA-binding protein Luc7-like 1;Putative RNA-binding protein Luc7-like 2,LUC7L;LUC7L2,19.631283548389348,19.5685160418931,20.275563180322262,19.57303514737041,20.488807394764105,19.4945790179818,17.775061827218238,19.942832180109153,20.335917632343666,21.45480801927662,19.84862665620061,19.862570288428035,19.903117392597576,19.220957707663434,20.402821667653388,18.92965586854557,20.283828780117002,19.3401744523668,20.603327641778552,20.615113605544895,8,0.931590263435808,0.899288838517773,0.826708499711055,0.128125919237471,False
Q9NQC3,11,Reticulon-4,RTN4,28.083738034654427,28.37463498031276,27.859646372343608,28.246656687982814,28.656793084400153,28.47262097428578,28.421640599394717,28.069874212879956,28.303175644707558,27.927726996803052,28.2212949365012,28.212642840508675,28.054456749005368,28.950788495086343,28.524890853933663,28.635862646171756,28.349904326690556,28.856244710133115,28.01220979764977,28.13628312601268,0,1.12455577650808,0.304464506337683,0.613004169071843,1.05309355396389,False
Q9NQG5,5,Regulation of nuclear pre-mRNA domain-containing protein 1B,RPRD1B,20.612888207870522,20.576440623743974,21.259645818095123,20.19052054693739,19.814174351278762,18.801429705532485,19.233611165682596,19.785314948959766,21.51424270568565,21.381730887626034,19.899153155089873,18.541135395239678,20.681513631054628,20.46629096140115,20.567269357213043,20.857623674627536,19.240131153307395,20.118249909164078,21.184748069760765,20.491949827577805,10,0.864695265986349,0.776860800679005,0.809519958509786,-0.287147522429322,False
Q9NQR4,12,Omega-amidase NIT2,NIT2,24.97685391784818,24.61461589706495,25.149574921969062,25.564642886805697,24.922326728564354,25.180707784321303,25.12467969378145,24.77332227460509,24.627433308276455,24.531732187054015,24.53710132982779,24.174228928638993,24.814075237144525,25.159157510122082,25.012451311384567,25.376068325748502,25.08021914522773,25.107092446354503,24.757112300885254,24.366661203115843,0,0.939768419789688,0.556428275873872,0.731996907067397,-0.597867998337681,False
Q9NQW7,8,Xaa-Pro aminopeptidase 1,XPNPEP1,23.20775127862911,22.567420207973143,22.07718873366669,22.424967765522478,22.631346541637836,21.888656781849864,22.005957483947977,20.963784833021638,22.744382821172106,22.81571472694719,21.35610203786963,21.724682774522137,22.4322893543341,18.655179294468496,23.500328116491932,22.76788204673925,21.134435534943034,21.169857811621196,22.792624303754558,22.2939597611187,0,0.809811539505138,0.24729449779127,0.583149616570681,-1.19065829410174,False
Q9NR12,4,PDZ and LIM domain protein 7,PDLIM7,21.681210135783314,21.681467462708717,21.61254648102715,22.415908028731394,21.80286858478754,22.672001428414408,22.689885373269888,21.72951148689082,21.580354240024757,23.52674143045982,21.409746693101017,21.605437857652205,20.813830888947713,23.902933984996736,22.235694010014647,23.181223816965698,20.489864152658996,20.4962138459514,21.310368841914237,21.485479511200392,4,0.796905016307905,0.281167543712717,0.59687397298761,-1.10665591348106,False
Q9NR19,13,"Acetyl-coenzyme A synthetase, cytoplasmic",ACSS2,24.529663453986146,24.58838761900783,25.049682594716327,23.955268594438476,23.085868373696847,23.18417624780436,24.150103894960548,22.929172537606025,23.524571434019755,23.28126669868126,22.66922791778697,22.55970011423885,23.391779088606608,24.315109376896245,19.89874325133196,23.50771919732434,23.610530391797262,23.2821741042942,23.320573878409252,23.25314199980922,0,0.671779472669483,0.0455386125494261,0.32800665024696,-2.12815651090038,False
Q9NR28,2,"Diablo homolog, mitochondrial",DIABLO,18.829068511913885,20.051682261074557,21.48723278030051,20.20669185312488,21.692061174984442,20.8224583552857,18.202737508993376,21.93863880764822,19.854299877071508,21.615589821185573,20.332406944070613,19.843683406436465,19.913841724578116,20.14474428114547,19.28604897953409,20.212598857526217,19.475532661246337,18.55206847511628,20.866314650283908,20.247222902805923,8,0.541094055006869,0.214112814070345,0.55792310220854,-1.28181327612532,False
Q9NR31,7,GTP-binding protein SAR1a,SAR1A,25.743086939697925,25.345069541272608,26.1370912698395,25.49761347346923,25.68467415925452,26.557673920778498,26.47528574368627,25.374683286935735,25.689803338867964,25.77973572137698,25.860708674784213,25.393527025748476,25.536882650773894,25.65058381169492,25.324776346097753,25.18859317400045,25.605380530617463,25.57355275438338,25.359348583168682,24.56995683881754,0,0.740589060958812,0.030301168771728,0.27325797600272,-2.32587429887727,False
Q9NR45,8,Sialic acid synthase,NANS,22.549790395343624,23.55358198617139,22.667807091806264,22.435150154601384,22.79028832910274,22.806384658286802,23.528245002319153,22.89588980631276,23.269065716616822,23.26821765460819,23.030133726693084,22.515516556649363,23.232686064764383,25.2323195959743,23.997121220456677,23.108662967180486,23.281405024519273,23.485681932364805,22.94453890037292,23.416303458981943,0,1.26216596361183,0.127507463467094,0.476445128823285,1.58787842013339,False
Q9NR56,2,Muscleblind-like protein 1;Muscleblind-like protein 3;Muscleblind-like protein 2,MBNL1;MBNL3;MBNL2,19.71937744431343,20.792848003212573,20.406574241276672,20.18045646957252,19.705650664328545,19.383020915037946,18.644279585265224,21.118580944824,20.7668060291737,20.096693220176245,19.960843348972805,19.779577727548347,20.10241537230839,19.743834069198673,20.00803013880076,20.19612582629149,19.865071726583277,19.955492252359704,20.164766805882042,20.208770173939072,11,0.848851680124371,0.76882594899441,0.807231985594737,-0.297806849419088,False
Q9NRN5,7,Olfactomedin-like protein 3,OLFML3,21.50197892729455,23.144568122743223,19.708683670273583,20.51912351738203,21.060579167895362,21.99097152374744,21.596633347219612,22.491026989353294,19.903717021428292,22.772370657479467,23.00072186734403,22.883307074699456,20.74631009699683,20.346168172221414,23.78874627661047,24.05998081984045,18.055684078875224,22.566873056175716,22.665699285021564,20.59723011431988,10,1.71997238543012,0.553372404950499,0.730895477929307,0.602542743385479,False
Q9NRP0,1,Oligosaccharyltransferase complex subunit OSTC,OSTC,21.294837583955516,22.777785350004216,20.509815529060646,20.86697713810046,20.67887338073045,20.118539943851445,21.760082241572153,21.480891622014326,21.886919679038623,22.47884803318535,20.47995474494456,21.82104737403144,21.209292569276563,21.82128223589731,21.938105009029684,21.006118292019742,20.957100198897052,21.046311231254492,21.257295328152157,21.405864345045444,10,0.813375199801275,0.788147616978441,0.811510678024041,-0.272231051404904,False
Q9NRV9,9,Heme-binding protein 1,HEBP1,24.509169836381123,25.32186848455255,23.988538871788066,24.38416576310019,22.582121461786386,24.658857469709094,24.48100233984631,23.78455455272417,24.498908316887192,24.433746625771718,24.311627827100178,23.754896917776016,24.422244951169304,24.606625930703917,24.613616449024867,24.339435456110333,23.82469090896066,24.035017664877984,24.40471030240236,24.033952856092732,0,0.889627448514346,0.909782644888574,0.826708499711055,-0.114710420855303,False
Q9NRX4,9,14 kDa phosphohistidine phosphatase,PHPT1,25.687513087017233,24.817620569561434,26.004476664365445,26.004899544335675,25.730641913382016,26.061311815145455,25.585729916031504,25.709888338440887,25.692291477014955,25.528106553063267,25.80794511604,25.45038627549812,25.981025001147202,25.64079530586343,25.847837979036953,25.59435449708397,25.87779646021739,25.887366768527155,25.590035421272617,25.446260209450315,0,1.00288205570317,0.848472555797743,0.819918955074362,0.193481082607465,False
Q9NS86,6,LanC-like protein 2,LANCL2,20.199416519098538,21.326723201904883,22.18385594556462,19.9536357884756,22.27491024387301,22.681640858972848,21.879356636710234,19.794437385204684,21.015069073749036,22.157104580887758,22.365132788161315,21.1999078718854,22.28475228740929,22.19236143199714,20.705507282064218,21.611640472130667,22.093213869705558,21.439777653813124,22.09264426563396,19.92131856362609,4,1.0354699443721,0.572947542613733,0.735939313452343,0.572825519179328,False
Q9NSE4,14,"Isoleucine--tRNA ligase, mitochondrial",IARS2,21.734158348923085,24.252015257855657,22.03052676371771,24.142718928337644,22.403562797550308,22.453816825191794,22.56017684919521,23.516268697206772,23.85896354620386,23.542994804500317,22.62728758891783,22.41961473411342,20.108637967221455,22.94278553757497,23.062786725343738,20.209441370943214,21.237098361282236,23.7108944745052,21.411143456601298,23.223296263925885,1,0.58226616278337,0.0650624107090499,0.372185602375831,-1.94858195362885,False
Q9NT62,2,Ubiquitin-like-conjugating enzyme ATG3,ATG3,22.238793627835523,22.83720717920557,21.871060182765635,18.65714973976917,21.582576083702822,18.80883720228164,20.745889116450915,21.534467968018802,22.113704722025837,21.393644036983595,20.294975101410046,22.367582738277306,20.685801338331565,20.498394484581492,20.798695793203887,20.248311277493663,21.934241386338527,22.03103215045267,22.064097304704053,20.958011104333313,8,0.994218770408213,0.98460145115196,0.843797505224354,0.0195354798606411,False
Q9NTK5,11,Obg-like ATPase 1,OLA1,23.849861311158982,23.327670878351668,25.020130444135553,23.766349002894454,21.19376895468472,24.388286982446395,24.30587473339763,23.40420041311512,23.936242050860777,23.78466999953956,22.84685057190113,24.6206637275996,23.58124304145456,25.375696562368393,25.26398202171533,23.78642594575337,23.52003295370753,24.279428519545608,23.92049336209484,23.52056155580351,1,1.1189865156627,0.346852503190743,0.630980493438796,0.962666482708588,False
Q9NUJ1,5,"Mycophenolic acid acyl-glucuronide esterase, mitochondrial",ABHD10,21.14409908469646,21.415266814527108,21.886061158113407,21.58903460090804,22.552930687716454,22.536157865264624,21.83506899979423,21.476344888107224,21.98524827131305,21.696359687298884,21.11260190150086,20.732776135976454,20.834678276747354,22.03161459182629,21.017542957157463,19.767080306614666,21.250434586687078,21.483653877660263,21.645675684259942,20.64058204216992,2,0.604251564372571,0.0162478633774846,0.215632223675004,-2.61678670504833,False
Q9NUP9,4,Protein lin-7 homolog C;Protein lin-7 homolog A,LIN7C;LIN7A,22.6840606456577,22.100177039045654,21.750495034964135,21.99389610389085,20.299120000368728,21.323432357795667,20.765701291673032,21.681087237394422,21.43070984351023,22.2691476413032,20.761981907709586,19.378517891206922,20.475662754943745,20.318144071103593,21.10409136225836,20.832671478722393,21.837439545608028,18.700705938707475,21.793718185949157,20.231533290485675,3,0.533217125911773,0.0123236043466555,0.198938501065838,-2.7423328779131,False
Q9NUQ9,8,Protein FAM49B,FAM49B,24.45559193611159,23.977751235892615,24.496929451351974,24.608418401702092,24.247966908833877,24.458678509151163,24.004285214095628,23.265074742278312,24.330160092537092,23.85240062633264,24.058967374128144,21.753397574074476,23.802103513204525,24.384231487197322,24.339146487907858,24.15537018832905,24.273328177361144,23.83761880765727,23.712659177372153,24.234928835289995,0,0.876273131170976,0.270890575711203,0.587927183588789,-1.13131235299796,False
Q9NUU7,3,ATP-dependent RNA helicase DDX19A;ATP-dependent RNA helicase DDX19B,DDX19A;DDX19B,21.04188562836483,21.309625710114076,19.839821691952345,20.429663184540345,21.18796066668643,20.144886685265355,21.9606182641609,21.096342636436933,19.908986943538565,21.28718568698333,21.73979561476479,20.668505005960068,20.797295318051994,22.80151863455845,23.03881458416582,21.46575400963849,23.01173467730075,21.65993277460379,20.158310065944224,22.161134295286775,4,2.09129935963379,0.0328454217780101,0.276589718891896,2.28728224509529,False
Q9NVA2,14,Septin-11,2020-09-11 00:00:00,26.57044355829234,26.057671217593935,26.209035279047693,25.94792759280405,25.489654212447185,25.84341442856406,25.98522553274204,25.797867473929305,25.84706412193983,26.451122761079162,25.502486780822345,26.298025541125906,25.65115820240437,26.487217612475018,26.288593838305037,26.189779233005122,25.901338243341222,26.246318651269053,26.113211327191806,26.12687206225625,0,1.04244638803453,0.712740142788793,0.788969552900123,0.373285677446923,False
Q9NVD7,11,Alpha-parvin,PARVA,26.76349535843446,25.789460045965406,25.978114512776546,25.973171779904646,26.564981086627736,26.588746609262127,26.559712672887088,25.893390489021172,26.294945762805103,25.886770846333775,25.38152179046913,26.166138552464567,24.970907343023306,26.540465858659836,26.471882265024497,25.809149641559955,26.353145757164718,26.07808736052175,25.42962124613601,25.706568207658375,0,0.806093321852393,0.123838839480254,0.472275082413764,-1.6042727701034,False
Q9NVE7,4,Pantothenate kinase 4,PANK4,20.734403112235583,20.622053837565538,20.276204330515835,18.769138279256445,20.319775514641204,19.559550145723442,19.673166201083713,20.026231980065642,19.82895312475122,20.20207596467815,19.136899828803937,21.45336771748359,21.03812444658833,21.15309885197935,19.930713893018766,21.821596920782866,19.48339529594294,21.79727113020534,19.858716376343565,21.18282267251167,7,1.83604778105854,0.0820477587604865,0.417224105855535,1.82791066113018,False
Q9NVS9,5,Pyridoxine-5-phosphate oxidase,PNPO,21.751627368205483,22.41275603042745,21.311334575358252,23.178333659929066,19.517354005804698,20.234330000560778,22.17322459068139,20.59010889669766,22.001910661807862,22.531052161462284,20.21714878484913,22.159548343608908,20.62155748663175,22.363327634809263,22.51163809885739,22.605805450262192,21.68369578581316,22.383644176448538,21.091266122062386,20.74958814268511,0,0.992375457258116,0.884512789255719,0.825812662811676,0.147057562523226,False
Q9NWV4,5,UPF0587 protein C1orf123,C1orf123,24.46277326866156,22.407090932380587,22.393437348635388,24.28097826658376,23.20130298464857,22.44316331045309,23.5315646418029,23.32851643898881,23.08281147676312,23.336578991900986,22.412036495371794,21.562893464627248,24.407841248176833,24.48525007861992,22.815345030684675,23.39246981513246,23.367402295649477,23.460990852332472,22.683277748990456,23.802173546376512,0,1.07193244184862,0.983331751286713,0.843797505224354,-0.021146535897379,False
Q9NX14,2,"NADH dehydrogenase [ubiquinone] 1 beta subcomplex subunit 11, mitochondrial",NDUFB11,21.7370352635306,20.972043676524336,21.814091642731533,22.81610248665401,19.791914265482138,22.294276923663862,22.392187800652966,21.000485889948756,22.39023297329573,20.462721802773313,22.884256596510415,19.676094711473066,22.330077390118564,21.961672517978215,21.633417657595313,21.920415520797143,22.853274840670835,20.332605688795383,20.288517891035823,21.681986876964352,6,1.07559462961354,0.981701465672076,0.843797505224354,-0.0232152054006982,False
Q9NX40,1,OCIA domain-containing protein 1,OCIAD1,20.6044827657892,21.552965199582257,20.973083337167193,21.60457744233713,20.28844990877589,19.872355013018307,21.806920499404793,22.15029710623605,20.954557843039854,21.758561722094786,19.238913569620422,20.205780402869816,20.867171022380926,19.09929259539426,20.796112654539524,20.528411853505272,19.992364240675904,21.24941747075207,18.990263118449093,17.92768003128044,8,0.471447844548901,0.00578762705754659,0.174374622303767,-3.07753189774716,False
Q9NX46,4,Poly(ADP-ribose) glycohydrolase ARH3,ADPRHL2,20.299595660325906,20.211103368672354,20.69956142231923,19.056081852614962,20.663497499463176,20.603495811330948,20.47935712935397,18.605918419989568,19.5772791383312,21.292722927199563,21.151125161179973,20.444916951161495,21.080602760608983,22.056904489096226,20.66202319159175,20.60495523386415,21.70939624557531,21.229307915036816,20.58063623644151,21.64234329991103,8,1.83755091801461,0.0101986037737877,0.183899398151153,2.82728135214973,False
Q9NX63,3,MICOS complex subunit MIC19,CHCHD3,20.954837179101972,20.98131784887209,21.70149008372254,22.311178523602045,21.345503954111233,21.54689191400359,20.904613277661024,22.421458580818424,18.74455020529942,20.432234034554646,21.025116971434798,20.007503984998067,21.300087745639136,21.309145369293713,21.16561707794964,21.31171036235349,22.166713059676766,21.21278996270608,22.13029340310136,21.230543938550454,3,0.884092872038042,0.689750341737802,0.777340920468375,0.404850438209405,False
Q9NXA8,2,"NAD-dependent protein deacylase sirtuin-5, mitochondrial",SIRT5,19.636806870370403,20.110936365336794,19.511864938727793,18.884035914249854,20.788190540342622,21.073385255446063,20.840830430657103,18.923159190934424,21.172584552023068,19.48715264869942,19.751072552820645,19.82553077639148,21.21308200405063,20.662191837227137,18.779309547016297,20.72607996329139,17.87774109542277,19.94362405408409,19.286088123950393,19.832376032024897,6,0.852076077120709,0.539357301471573,0.729692264899217,-0.624159588975607,False
Q9NXG2,4,THUMP domain-containing protein 1,THUMPD1,21.810602090088626,22.546783340906213,21.783877391351165,20.04248224503385,17.982547782174066,21.258837141189765,21.48877665911065,20.04219715755474,19.152658608200063,22.070672045653996,22.412151663320685,20.326723791070116,18.557295727106002,21.009216751490857,20.417419113014553,20.43455654127347,21.936689635114487,19.59194225001183,20.79301272283168,20.11975713461542,7,0.770338154033681,0.653946955274302,0.761003945946475,-0.454871981182324,False
Q9NY15,10,Stabilin-1,STAB1,18.233703375365714,21.478531073271064,18.256193485003003,22.44950675038068,23.412384505683857,19.341502623674362,22.05434225117341,21.79375596487156,23.0552249463281,22.259496071390764,22.640898211711374,22.538453803318156,22.661625911369228,22.98140165413664,22.625047875097376,21.914834406530666,22.007687258421882,21.613419696151386,21.586730144208232,21.650753282586727,8,1.10700142172451,0.102731330350045,0.437355574810954,1.70744306333042,False
Q9NY33,11,Dipeptidyl peptidase 3,DPP3,23.145046645476405,24.202046490422028,24.343088507218194,23.277603367248663,22.713706232252445,22.548693382855795,24.075080988968484,22.79044748534663,23.263287199189918,23.240402347461803,23.110364191655638,23.31666277911154,21.607720387773814,24.110288939649507,23.42500504375398,23.484391463729207,23.56162110566887,23.903178863885895,22.99153508809022,23.39289465936539,0,0.986127950257936,0.820889101562753,0.817197073956267,-0.229303054359038,False
Q9NYL9,5,Tropomodulin-3,TMOD3,21.82377968850382,23.263616562757047,20.801339923290744,22.761239084943572,20.968302127698575,22.19262198273882,20.07168608880237,21.579766657375178,22.75729704769799,22.182177249688525,23.115136567192422,22.39803172213521,22.513766059360613,21.178630706282558,21.562920371147598,21.868523407980078,22.239221038362675,21.960906287591147,22.606038862888152,22.928524190187186,3,1.193121008608,0.316739638913583,0.615712669870206,1.02604444154585,False
Q9NYU2,23,UDP-glucose:glycoprotein glucosyltransferase 1,UGGT1,23.992626800481204,24.558449559006487,23.834295887374118,23.4545433246775,23.591458076404365,23.554157033743106,24.197953886953098,24.67401052636662,24.734484696486543,24.60022680707736,24.093843024707493,22.981274440782165,23.774270358563825,25.713280730856095,24.765330972281483,23.86426082526836,23.965302811676075,23.805444662367545,23.894482507468368,23.469049417727657,0,0.947274548584394,0.757243120632607,0.804232691629066,-0.313235815151605,False
Q9NZ01,4,Very-long-chain enoyl-CoA reductase,TECR,23.07484132756668,22.116339576195607,19.552006816431884,19.80642153451246,22.56485670443497,20.615627937523154,22.425839869675187,21.189834865853022,21.55898542423895,21.604913627479828,20.906955317965135,22.30306967998906,21.9840414351074,23.409112848179337,20.862522855206567,21.907530897088666,22.07285374847773,22.446747641276335,20.915341681876363,21.842492402099847,5,1.19922275265741,0.376031162593167,0.651005541947793,0.904752042170297,False
Q9NZ08,18,Endoplasmic reticulum aminopeptidase 1,ERAP1,23.705171435502187,24.294101395539947,22.083512702997645,24.62070326423088,22.43166419598382,22.826375001258793,23.680295089756,20.820803247313652,24.01738104057334,22.641883768745846,22.478795672547843,22.379708732100337,24.64353340655995,23.946068652355628,24.249144202556526,22.49537955171661,23.2728844594643,25.212925574287116,24.668431926469054,25.196044000790035,0,1.4710839225002,0.137338436271633,0.486825883959794,1.5458082877805,False
Q9NZ32,3,Actin-related protein 10,ACTR10,22.09807199097859,21.382971922399317,20.819048662207365,21.715195450434255,22.370772325129156,21.411609275241275,21.28946496513753,20.726412481730737,22.146467720791776,22.79141395490395,21.476755633090146,20.856013106946566,20.956705870061835,22.352685657332973,21.68654804492818,21.07194725558018,21.915625880848207,21.998812252780247,20.61489168836895,21.748123188125547,6,0.842136163673759,0.5219366022748,0.721310207615658,-0.651455696143542,False
Q9NZ45,3,CDGSH iron-sulfur domain-containing protein 1,CISD1,22.7263582152057,22.648152513615777,20.527962780406206,22.136252031192708,22.38868759266632,18.65815104159277,22.134767812418055,22.339832353837874,19.950181877045594,21.610471031451073,13.625526124683217,23.054379395296213,22.512048502630858,23.08370324036217,14.484718724999222,21.02818898594575,19.573307394394973,20.13147782718866,19.610358971280316,22.151051825903338,10,0.781517755501571,0.14865311619392,0.501229162150809,-1.50036956644603,False
Q9NZA1,5,Chloride intracellular channel protein 5,CLIC5,22.572575950492872,23.39702178243239,22.409276358403424,21.025014638308065,21.30020850664413,22.716960235339858,22.050185434862943,23.761835269170724,22.500476898394417,23.194650876349435,22.469346935885348,21.90322268432802,22.126615399133858,22.27084172163852,24.242277217052692,20.015328606998818,21.91744719947716,22.161376474808726,22.141203358263763,23.256936840653445,1,0.856637770127393,0.564536213511864,0.732675882289056,-0.58552940831922,False
Q9NZD4,4,Alpha-hemoglobin-stabilizing protein,AHSP,21.959910829431088,22.694689476202427,23.38566259893729,21.75802070017209,23.548344695130684,20.98763114206254,22.075942468902234,21.962568502393935,21.222306571026945,22.202494891713947,18.93734283415374,22.67239975286564,21.2450597356407,22.9873205125487,21.12490745810819,22.68714959951224,22.326693878808065,23.111520742495834,21.891048690422394,21.84630210585241,1,0.957534290429829,0.492314952261457,0.709261894965122,-0.699057472886796,False
Q9NZL9,5,Methionine adenosyltransferase 2 subunit beta,MAT2B,26.237499702781456,27.65154976899109,26.064526574508392,21.159278818607245,22.690433157561333,24.286583952611362,24.243454570936656,23.791713032416418,24.53494934535694,23.886238361960277,22.471215293767578,25.862858167577116,24.780132667893398,28.07294692860549,21.14120470535555,25.42689942199243,24.73498809986438,24.654825946533986,25.461669957996474,25.110323095979723,0,1.60274381337807,0.686577971095034,0.774818436677217,0.409238465052409,False
Q9NZM1,27,Myoferlin,MYOF,21.931367492397587,23.411534111576234,23.42913787968814,22.127751987570324,24.286991772027353,24.471659402155016,23.69560501187851,20.58482595773121,24.115255246765035,24.799704448449994,21.959165159258458,22.03595887549672,24.142552338046023,24.19374898661676,24.666745614585167,23.667819399993068,23.72635351117975,20.20281999336748,24.858936488511315,22.061974757231397,2,0.99641963873218,0.82689516018156,0.818187832819081,-0.221478542551406,False
Q9NZN4,36,EH domain-containing protein 2,EHD2,30.88008604400466,30.800292416472786,30.570639770816207,30.50469514425517,30.44121819181027,30.773355133827742,31.133756220621187,30.49553639270707,30.592633589734096,30.220215170275175,30.05255914842962,30.396738524438867,30.359947210258674,30.788919610768147,30.24322412810703,30.661150365017054,30.345484105664344,30.562398543210165,30.02747492311267,30.226315745191943,0,0.825359793089582,0.0430483507780152,0.318812921823578,-2.15587714407238,False
Q9NZP8,2,Complement C1r subcomponent-like protein,C1RL,19.03453450323157,19.49042497119046,19.081825622125628,19.493857207824913,17.783417149783546,19.28987935988924,19.101450887448244,20.28205708310271,19.247672466658926,19.406577936941254,21.48190453568398,19.761255817399956,18.7495000044898,19.108381900300397,20.951001711287883,18.79488586768046,19.697907035837734,18.904526329339472,21.532665425739662,18.67848103068041,4,1.82888363699969,0.1880604443744,0.53240815837221,1.36139017229451,False
Q9NZR1,3,Tropomodulin-2,TMOD2,22.249992150096887,21.636377055477336,21.557278843812504,22.509455134541692,19.230323465821968,21.996045941093616,21.374387877472554,22.797042291454286,23.364270409884746,22.38158928867401,20.721400436564526,23.768222980394672,22.404620353878467,23.18807548675227,23.534542092189536,21.065672368414226,21.879711725372402,21.302591347468095,21.88205076721157,22.75692598248434,5,1.06630145126065,0.449096150816262,0.685569866640652,0.771591211307699,False
Q9NZU5,15,LIM and cysteine-rich domains protein 1,LMCD1,24.68945533191621,24.101296365187178,24.010791346144668,24.57917867754248,23.559007519439554,24.835711609991574,24.9368604133609,23.65747520224766,24.028422829544546,25.807636594369246,25.122971717464292,24.228464795708195,24.914048518054354,26.408677579076418,23.82355935617746,26.010316643344243,24.427695666956474,22.896227121955658,24.575354894268457,24.261750230672018,0,1.18517944277562,0.510892786971804,0.718858449781335,0.669020596840623,False
Q9NZZ3,3,Charged multivesicular body protein 5,CHMP5,21.185547054018283,21.41743748865557,21.75707126999584,22.55234022503422,20.55091457811446,21.026212720798352,20.2494893063907,21.727470732247774,20.573588437732738,21.451665661999154,19.963710514997707,20.630096008118798,20.442672925502485,20.101580909611286,20.25132772046195,19.765241573283827,21.823474152751206,20.81039191383383,21.00679842495465,20.41836577051839,1,0.552940378046238,0.0267642655546737,0.270731567753698,-2.38481497979348,False
Q9P000,3,COMM domain-containing protein 9,COMMD9,22.96937212624779,21.73251385731943,21.763659097481845,22.809474987396175,23.084889758096022,22.588045158612545,22.11816002534677,21.85424370379344,22.20388482307418,22.55425905114786,21.415215101472043,23.152823531740648,21.907670911373277,22.349800758795205,22.970053041091568,23.1342786385741,22.873451991640483,22.346408130823,22.30823141524133,22.17451023276028,2,1.11992204750426,0.73589849335164,0.797388814095911,0.341876329005214,False
Q9P0L0,5,Vesicle-associated membrane protein-associated protein A,VAPA,22.764530020317945,24.67744145204163,20.829542215392458,23.501834026611228,22.856784450469412,22.37150376708728,22.718466959610065,22.92319327744586,22.78824837727537,22.712366075872524,23.870481983832875,22.352862570035285,20.430910765840704,23.69649844913236,22.750858393784057,23.302895110122744,22.269975087394986,22.631555905569048,22.97969410858192,23.033845658498134,2,0.965226680540909,0.849613756772504,0.819923011135721,-0.192004942700874,False
Q9P0U1,1,Mitochondrial import receptor subunit TOM7 homolog,TOMM7,20.241723311343755,19.8011418377309,20.147600473690474,20.608862750751232,20.30022949818102,19.3643587975742,20.563281942736282,19.981235864878723,20.675238792957003,20.304216409174803,20.42104113295757,20.226332928741797,20.048516522051113,20.596642644214697,20.082193275026818,20.475778411659043,20.495854699204834,20.3183872081101,20.022245776589187,20.273686471805167,2,1.04372820143618,0.657970696139348,0.763304689342174,0.449193447847338,False
Q9P0V9,8,Septin-10,2020-09-10 00:00:00,21.861942836875553,21.310160604300464,20.739799002774923,20.589332156731775,20.69290946295955,22.366387217466738,21.17628976325385,20.368020713815184,20.64596089033899,22.537955628179752,21.896294115167333,18.636358441691804,20.98576770513137,22.431223218773088,23.356883786026874,21.16373628890599,20.11282920291975,21.254712467628035,20.66388434956496,22.210894808359456,1,1.23432017699851,0.930652194138597,0.830111878942504,0.0880920199954994,False
Q9P121,4,Neurotrimin,NTM,21.616142498340185,18.744687735874127,21.32846924841565,21.278401364681958,21.61311621789784,21.324558024391305,21.201096229996516,20.415734424136566,20.611437216802862,20.98877591885463,21.196241521974912,20.03847522413408,20.401261644148576,20.139016969855206,21.202662176828817,20.35513216630621,20.957510364277727,20.0549318153968,20.82353081258461,20.825767629404137,11,0.750884146476068,0.365144944380937,0.644379893917954,-0.925993505143051,False
Q9P1F3,2,Costars family protein ABRACL,ABRACL,20.858668937116505,19.98191115011497,21.272458224717308,22.64810932187628,21.48510508993345,23.266225287669794,20.17289017584165,22.503112130358932,20.87573657140496,21.103219826757126,20.290701751896755,19.381356532850987,21.531830253020228,20.504466678212808,21.7671576388157,20.687008275978233,22.035833758086685,20.184582090316106,18.366434838990955,20.526722623150526,9,0.579093048819301,0.0812924329668423,0.417224105855535,-1.83278889250344,False
Q9P225,4,"Dynein heavy chain 2, axonemal",DNAH2,20.455239209657677,21.61834129110585,20.787958659791556,20.95283033301906,19.840705822271765,20.4779295121264,20.23813904089858,20.986741183554038,20.768123936741944,20.58411790921322,23.531060360472043,20.429547085314415,22.97996322660493,19.966362391800985,23.45837595577305,21.61445563156808,23.14007624293593,21.480827629349687,23.226404975256262,21.503568274167197,7,3.55491456608185,0.00382861381711426,0.143190922277685,3.25702993959092,False
Q9P2E9,37,Ribosome-binding protein 1,RRBP1,24.87451985947729,25.382349630927614,24.655049755879848,24.899973904188105,22.629468602249073,24.40686171589345,24.421551316566795,24.140035938060215,25.110680989414252,24.88351475925385,24.905851417041475,23.818238905598616,24.155516946809165,25.052085284051664,25.57694855433434,24.71155565161575,24.46175946005607,24.506763926312555,25.466188179758518,23.84109092362567,0,1.05788470361692,0.730103509684236,0.796028445773527,0.349701820402309,False
Q9P2J5,7,"Leucine--tRNA ligase, cytoplasmic",LARS,21.90818697383573,21.68199533246951,20.76286607265358,21.03316051292682,18.656725840844633,21.62959898384341,21.9135249572074,20.847403085434863,20.98314701318106,22.183264554210204,22.211647970766588,21.631800260553938,19.19868657981968,22.346718438655333,22.221516273515455,20.71962031591084,20.112183835103444,20.89351074522963,20.89946357234512,21.47158719357526,5,0.941421879456044,0.980599651904386,0.843797505224354,0.0246133553667244,False
Q9P2R3,5,Rabankyrin-5,ANKFY1,20.776811262275977,19.195018798417294,20.579207383100503,22.08600354767816,22.473640705184422,19.651192889975764,22.217265802149754,21.93328668004405,20.30299323360798,22.104301460668715,23.388114007457425,20.22496282088297,20.51452869421784,23.108396975924105,21.312497246870244,22.215341885895697,22.102051045167986,22.27772160880556,19.56095574393588,21.29407109175751,8,1.40361145920604,0.39338394229187,0.659915516841869,0.871718312742844,False
Q9P2R7,10,"Succinyl-CoA ligase [ADP-forming] subunit beta, mitochondrial",SUCLA2,22.889055643825785,24.617328237456366,23.784787047196378,24.063953498612072,20.90932911838526,23.40356181764442,23.5456700326181,22.061548913648,23.403228690500676,23.08313321696595,22.358892476153066,23.682967592059985,22.123411282379635,23.639096541459693,22.159778427075256,22.911902211182586,23.45474881107927,22.728959224868742,22.90393934071677,22.73190760537892,0,0.731417690370475,0.435858038108495,0.679564756804511,-0.794644384388115,False
Q9UBC2,6,Epidermal growth factor receptor substrate 15-like 1,EPS15L1,19.691653976056973,21.45850799266735,21.023550952859306,21.250291517933434,20.97210414095042,20.823919742615303,20.812321314755177,21.065345553377984,20.668877110826642,21.142905553312207,19.907909691312184,20.717776195050313,21.998076740787706,21.267519042493472,20.84537178009138,20.403045958002654,21.444730558027747,20.427349171976022,21.535192866159605,20.809074201149134,7,1.07431891992177,0.881101137743712,0.825812662811676,0.151436297956739,False
Q9UBE0,6,"SUMO-activating enzyme subunit 1;SUMO-activating enzyme subunit 1, N-terminally processed",SAE1,23.52811339085017,21.15189247741275,22.33478565300156,22.405951403925098,23.19768101166465,23.371123610046634,23.615303679111562,22.158795584368054,23.319600623608927,23.059843836836514,21.76644159638286,20.872225488734294,22.275032342417397,24.084963459411966,23.751597639535277,20.934980099071424,22.07275824554056,22.091687388087426,22.350599008030038,22.393992388634853,0,0.723565976139728,0.178505075281547,0.528663623258471,-1.39276526859427,False
Q9UBG0,8,C-type mannose receptor 2,MRC2,21.452136900054576,19.593733067947717,21.64166818076504,21.268567464277833,22.199721258974872,21.913620608389667,20.481525481462196,21.620063970020418,22.60794808948485,22.43572179919185,21.116852523979112,20.30104489232863,21.28692574908618,20.811241422484763,22.711996729878628,20.906163973347645,19.178610293199938,21.099526079293152,20.29377178684848,21.84693610853915,6,0.744297736626729,0.182474074280744,0.53240815837221,-1.37957455602146,False
Q9UBI6,4,Guanine nucleotide-binding protein G(I)/G(S)/G(O) subunit gamma-12,GNG12,24.94837481796075,21.397313052455672,23.92791147118558,23.798353297329655,23.931939651926417,25.0756614392436,22.078442668917383,24.644659615122475,25.171743728664232,24.46242331323476,22.617689968886022,23.209039108975933,22.170956367233096,19.222471355258612,23.84928690590947,20.632468934481377,20.041945415555073,22.742693049726984,23.75593062618221,20.46736720599309,0,0.347651369133686,0.00304782705065647,0.12640310548859,-3.35525444225912,False
Q9UBQ0,6,Vacuolar protein sorting-associated protein 29,VPS29,22.86390079239724,24.631957868800615,22.873119890310566,23.351261876962436,23.228613415385524,22.889148214004404,22.85755025471903,23.05466485080637,22.87981558098262,22.268376336057045,22.790428620400455,23.481512257435096,22.644217458365034,21.014830306198526,23.717390851994622,23.582391937618368,23.16621668618404,23.21715182532459,23.33688382453742,23.345033828016213,0,0.918983453487529,0.845529528511162,0.819386444260236,-0.197289924721548,False
Q9UBQ5,2,Eukaryotic translation initiation factor 3 subunit K,EIF3K,21.08139126612191,19.96896190343738,21.396267576950887,23.451446692333302,22.926314661612032,22.15258882593011,20.873961494905963,22.41081755862774,20.676649067138406,21.519293135114005,19.673518021712773,21.725225339619644,23.704850389234956,22.123681490124493,21.50469921933609,21.933616605362936,21.946482844786633,22.64968437678463,21.425426790236735,21.96783586159629,4,1.15882192280219,0.645525884569161,0.760737113067147,0.46680600639669,False
Q9UBQ7,10,Glyoxylate reductase/hydroxypyruvate reductase,GRHPR,26.004448820524324,25.804972294867405,26.241261400257187,26.257490181690667,25.78861175267177,26.151382075722918,25.797564445781468,26.043770243668373,26.210025304536803,25.998023813259273,25.437711255755335,25.77918529198084,25.856072596181793,26.02498655027865,26.006923361972785,26.24337814955325,25.793525433392517,25.555867268937895,25.762253812677184,25.64587295865104,0,0.862103726268109,0.113442311664617,0.456778093633507,-1.65305578198162,False
Q9UBR2,5,Cathepsin Z,CTSZ,23.301515283401823,22.94822535024793,23.753684529289657,23.686721072334795,20.95982215268454,23.458180342774714,22.477732837847793,22.827051817297587,22.817792274356606,24.253155658396672,22.892579954208156,22.742263977715652,23.821212480990322,23.44291684833344,21.585853753703727,21.745639605431776,23.0367776081669,22.842817956847572,23.170734193999845,22.504913107790586,2,0.757788484512668,0.473764299889695,0.697374128392804,-0.729709238903033,False
Q9UBS4,3,DnaJ homolog subfamily B member 11,DNAJB11,20.716586520121574,22.34042666989526,21.785491176881383,22.365851948827313,21.30681961406703,21.8420057976055,22.277630255912474,17.377977914320535,22.356371184205862,22.902377820402364,21.17217510699893,21.101585578168017,21.138754993107657,22.49619978740584,22.491814614151604,22.73353372128694,21.761714449731123,20.91593087254023,22.523143759716305,22.225020233903255,7,1.02833434001682,0.548754876346411,0.730613623538725,0.609632319392714,False
Q9UBT2,4,SUMO-activating enzyme subunit 2,UBA2,20.133035347775767,21.613637297073485,19.49260314188966,20.92101185629388,19.40928144445042,22.335216605696818,19.994537017440912,19.112874668470575,21.846961023609257,22.08538996637062,22.043466297866146,21.36045348845722,21.999089859269933,22.69759617226763,20.002569159056844,21.788103157039743,19.12925119446159,20.608531774449705,21.14099295389106,21.630885702970684,1,1.2126355195054,0.270435742256995,0.587927183588789,1.13241933645594,False
Q9UBW8,5,COP9 signalosome complex subunit 7a,COPS7A,19.35490348300959,21.780398158607394,21.475114785911476,21.44896488382414,21.67848279281984,20.178701726248672,21.314650326558787,21.47142752531857,21.126424544983053,21.11147577356264,20.316923422132845,20.598449996268304,21.99848081045509,20.57277962648201,21.901230618588553,21.061964130178833,21.756444026530957,21.16602756481567,20.938808558580497,20.99980440132152,5,1.01253950306089,0.913019960610406,0.826745231285015,0.110576249130731,False
Q9UBX5,8,Fibulin-5,FBLN5,24.785016997239577,23.42404472900411,23.746014182391516,22.381063039440335,21.544145864661196,24.51490317503868,23.177331242332613,22.42791219522234,23.853766873620476,23.361884642686668,23.208158393792072,22.614207688767344,24.548960867329342,24.167745362052802,24.98588129751284,23.160067076764403,22.358700322728286,23.572140519461186,24.861982756937113,24.116549617399325,0,1.32425879719169,0.309528818550348,0.613979024606205,1.04184195593904,False
Q9UBY9,2,Heat shock protein beta-7,HSPB7,10.217557846092198,20.38647725872621,20.403578254222563,14.185681130557183,19.85810084256383,20.815798031375376,17.026895977738594,18.697096471353255,18.4652758851444,20.425384761732733,23.81331019066625,21.032222380345722,21.60860756126302,19.04430840972576,23.61608581493785,20.232778751575456,19.132957807480967,21.2432611313164,18.815264827737465,19.311216043645913,8,4.53167039877665,0.0177812240323516,0.2269058628652,2.57541268992724,False
Q9UD71,4,Protein phosphatase 1 regulatory subunit 1B,PPP1R1B,22.79627361791108,22.83961821960676,23.658663369825003,21.701262189472928,22.894282617272157,23.88560506478852,21.29458642288877,23.0933016151988,18.496194106088325,22.554255395608244,19.27783208381257,16.770430957082397,21.407584736227264,22.4225763901661,22.302407880792014,20.695831656201864,22.140978236704886,22.00119061524419,19.607034080753813,22.301954868690796,5,0.418501342408743,0.0567483660469359,0.35525066816155,-2.01819428592257,False
Q9UDY2,7,Tight junction protein ZO-2,TJP2,19.71455710517723,22.27106211805953,21.687338479878736,20.569188061858604,19.439813172882694,17.65827099908327,20.786015597212973,19.461313543138694,18.82856008400239,20.515455686951675,19.626763232403544,20.0661638757032,21.354730073520813,17.07395719972993,18.526319217282143,20.855106885578948,22.620042783652256,18.906756532305756,20.324137718738857,20.37423270583158,5,1.25314887532232,0.833557061501147,0.819265653095417,-0.212816155682646,False
Q9UEU0,3,Vesicle transport through interaction with t-SNAREs homolog 1B,VTI1B,20.538781213774822,20.79602526957682,20.12487986243757,19.80813047949631,20.26496074809889,20.329752992927684,20.275175274445665,20.170275910538248,20.531102811906337,20.16113055171674,19.855176001918938,19.59533276154541,20.328094619946626,19.2959811309851,19.745072864339885,19.663626335978172,20.297539179531388,19.852699324860158,19.788866125776792,19.282266444439156,1,0.699944714742805,0.0212520616028215,0.244466286728116,-2.49293572675828,False
Q9UEY8,13,Gamma-adducin,ADD3,25.471779959803545,25.03929717742727,24.46306239229443,25.24978771106729,24.825155824102396,25.011422999888,23.924448123456592,25.00335564403978,25.32480680168843,25.08692585627641,23.817397896222843,24.85673464612444,24.902337531512927,24.305158334909645,25.426865445080743,24.00024374243725,25.107066970153134,24.698233840994728,25.309558648677722,24.89151429093343,0,0.889203999532886,0.3844552265272,0.65469462881483,-0.888593229364644,False
Q9UFH2,3,"Dynein heavy chain 17, axonemal",DNAH17,23.40161864764541,22.10490071586421,22.845821227849573,23.074405295542515,22.743625977648865,23.071834219204863,22.608447794402917,22.97623122651175,24.780180269379617,22.66396863536574,22.667779520497298,22.562108014673463,22.934223209373457,22.873990585073013,23.02185863224624,22.64101956614628,23.03032850831901,22.221050598301563,22.2196463702065,22.017624638575825,3,0.663549051916637,0.149727547934102,0.502808000359564,-1.49620424235535,False
Q9UFN0,6,Protein NipSnap homolog 3A,NIPSNAP3A,22.916053327968136,23.277391819310637,21.57354178263674,22.834199545480512,20.26421465225547,22.81595379976795,21.27296509983739,21.446275280785358,22.612462687324854,20.809411440569797,19.29998223028203,22.176411160677326,21.866919314896105,20.545481563698033,20.17316454160966,21.173851278231503,20.79309112847166,21.876590023274556,22.02955335074981,20.09720584980174,2,0.492645513208431,0.0419282877093499,0.314522477872934,-2.16882226072056,False
Q9UGI8,8,Testin,TES,19.104358031066315,21.547916518500948,22.789346488073882,22.03873925578152,20.00687334643563,20.618993889026846,21.774883832845173,22.105537352571595,18.96781757527238,23.476378091914132,19.730697361771444,21.911122921017622,21.583424804642274,22.542249115186397,21.463352421363485,21.156604770990274,20.98341936360518,21.883329437324644,21.9476333107715,19.80348263951775,3,0.797024740469832,0.918111697391865,0.827540449847929,0.104077888720684,False
Q9UHA4,3,Ragulator complex protein LAMTOR3,LAMTOR3,20.03619786242486,21.88992869103166,20.753783431481416,21.005094901899415,22.13353817461526,19.746390070573547,21.525929260326784,19.96984359743617,21.204541229919943,20.03378399150797,20.27454911555893,20.250913820339143,21.351598222861163,19.24567860862221,20.704106439871424,21.161161878574568,20.12473858417662,21.62042651555813,20.389503367749573,21.869070772882125,12,0.85686231290992,0.721709934268972,0.79236564064944,-0.36107628286966,False
Q9UHB6,3,LIM domain and actin-binding protein 1,LIMA1,22.327574631715805,16.48048484881917,19.582921893569985,21.469124069906062,20.87724494997145,20.853677714023096,21.7024601115663,19.578340251758696,21.98700272010564,19.988878326342675,22.08372724867989,18.96858424175319,21.765874749119583,22.09709095272615,22.264642452831268,20.2508073397252,21.292623555441715,21.526991542479493,20.493548142508825,20.242940335140894,9,1.105790724254,0.321504746308361,0.618143294404304,1.01574367323059,False
Q9UHD8,16,Septin-9,2020-09-09 00:00:00,25.539703964780735,24.463559496820626,24.170291903368938,25.432866249644626,24.233446598485735,24.78394526159084,24.259540779542757,25.324798953785173,25.09579916791475,25.513939272134376,24.83823742659567,24.211266932422326,24.63376561432274,24.85908735376305,26.213385315933312,23.914116747163817,25.025635672556053,23.866438159976056,25.2975830252756,25.513813816198343,0,0.989234821925199,0.880406591300634,0.825812662811676,-0.152328093831173,False
Q9UHD9,8,Ubiquilin-2,UBQLN2,21.56597411726455,20.713403337348538,21.43337252881833,21.845806278037426,22.047416997612096,19.565347589231607,19.874977685932066,20.702840114850503,22.390634207067126,22.391614612669773,20.70078887175518,21.063715503765135,21.231605594627517,21.577622859250415,22.774760658723423,22.06662059277843,22.910347514117777,20.604828958995736,21.37410256713363,23.073152904425932,1,1.57186152164477,0.267353323851882,0.587927183588789,1.13995777007589,False
Q9UHG3,11,Prenylcysteine oxidase 1,PCYOX1,25.350918714180242,24.794337909192333,25.002855264015682,24.67187508772431,25.102330944184928,24.706074188746012,25.381963087442657,24.83043774436973,24.74747842319036,24.716638458943752,24.442033418048887,25.185830448676622,24.26423558394097,25.395381465170363,24.996968792387047,24.910805010422944,24.88741198480648,25.15854932386324,24.822079978202627,25.045329427533574,0,0.987010013357028,0.908677878872781,0.826708499711055,-0.116121714386954,False
Q9UHL4,6,Dipeptidyl peptidase 2,DPP7,21.489996540500236,20.7336784569621,22.16949139038936,20.333126864043027,20.946745795254778,20.52851178670414,21.78932691892098,22.311305193316755,21.400667102592337,21.52304717354102,22.225125279823377,21.195928980674513,20.19272804788375,21.163078020053206,20.43866099271233,22.087719646582286,21.718893190699834,20.425703511723817,18.312288515138192,20.791097329077296,5,0.807436373318391,0.281359756062181,0.59687397298761,-1.10620108351346,False
Q9UHQ9,6,NADH-cytochrome b5 reductase 1,CYB5R1,22.302274298857473,22.507548759300565,22.054652586613717,23.35379620095643,20.90962755134195,21.96690761545811,22.621567820365925,21.362302922959774,22.901582736987145,21.51861669749052,20.431437027490688,21.153591927284133,22.17650055837973,23.97174648656344,22.754948619949598,22.490150877593347,22.642556129360102,21.911290864142153,21.578990273936277,22.62215807844434,2,1.09924892339149,0.954097893136578,0.838236223008712,0.0582646973021775,False
Q9UHV9,3,Prefoldin subunit 2,PFDN2,23.135246457874864,20.945668050331584,22.565690373583273,21.843500109262163,22.07033892801106,21.962267763113537,21.53466204422903,22.047250786433437,21.80272520329482,21.411117711569553,21.03926902167087,20.870163651777506,21.889505304123055,21.58335561171637,22.152293941728328,21.644474066902575,21.57622346327458,21.98216383604514,22.19314482828556,21.941001746930795,0,0.827827671532299,0.385440886124664,0.65469462881483,-0.886717858340676,False
Q9UHX1,3,Poly(U)-binding-splicing factor PUF60,PUF60,22.88240998536824,22.70886947435695,22.13357763660072,21.061902903736353,22.688991021971752,21.99395652437949,21.992068813326792,21.393072106939684,22.78340535909813,23.454737908408966,23.022291165888188,22.859703893669806,22.137386283537943,22.91832381255025,23.011825016098857,22.623096256853028,22.95268670212466,23.055861068716165,22.476396402055986,22.700000051876128,6,1.25864460672861,0.120415780959691,0.468473175942793,1.61994090899239,False
Q9UHY7,4,Enolase-phosphatase E1,ENOPH1,22.44848845847185,22.98652060438033,22.703900882350062,22.52514098743979,22.397040659156392,22.354117162796346,22.109437269216333,21.50607311780905,22.51168795832968,22.636550342211265,22.265841954389483,19.27485091158852,21.934973755981645,22.20878647946765,21.347376637555733,20.60963931090185,22.14222329029044,22.348594200353528,21.751719097425163,22.122879581447776,6,0.647473842562522,0.0290126375088609,0.27325797600272,-2.34657303041314,False
Q9UI09,3,NADH dehydrogenase [ubiquinone] 1 alpha subcomplex subunit 12,NDUFA12,20.232439275472284,21.764483298726475,20.487620584986285,21.465296081860714,20.96009821062739,21.979432894936867,20.249606732983512,20.139546095292697,22.484386564569064,20.366118701611857,20.33662130147211,20.330115926604112,20.362964020190432,20.04549490790703,20.566344856543346,19.89553466403355,20.210419366897433,20.502169739597022,20.42775176542197,20.29651193904619,6,0.525555534981869,0.0331580766779205,0.277812355780077,-2.28273106995494,False
Q9UI12,3,V-type proton ATPase subunit H,ATP6V1H,17.716746801708197,20.56543576046711,20.183683747374033,15.165651751368586,20.928647976989456,19.515658972219217,20.79367613934159,20.20829447435176,18.479344084568886,20.764300732045466,20.54495410345286,20.889747373707753,20.249401620156064,20.80695757988859,20.546986909529508,19.03968023641875,19.39516337334064,19.947268651268974,19.830377109892066,19.624449851194782,12,0.99260849861114,0.246217226268332,0.583149616570681,1.19346700244736,False
Q9UI30,1,Multifunctional methyltransferase subunit TRM112-like protein,TRMT112,21.615601801522857,21.87077949841902,21.789979636056444,22.449223712972255,19.47705675706873,20.12104384665676,21.58378632729276,21.832873833907257,21.64870390309792,20.542624408890642,20.600268746663517,21.233649846736334,21.4017628085774,19.308677792002896,21.497936891914772,21.121059766512808,21.822399955351397,20.26981827722889,20.593349233047125,21.70927793994864,8,0.760703932717427,0.40318572581962,0.666318713990859,-0.853477720192921,False
Q9UIJ7,7,"GTP:AMP phosphotransferase AK3, mitochondrial",AK3,24.0322193656981,24.135384502761372,22.615357307211344,24.07246751305048,22.889249645596735,24.122741018348886,23.127821244808644,23.465731725049704,23.42060378695796,23.080205565883638,22.6094402930915,22.023404945079836,23.116835452380197,23.969372054610904,22.38699681604129,22.32354072198174,23.63289155294757,22.72610699058959,22.94466969203836,23.006415596915662,2,0.668520347524391,0.0417193164404747,0.314522477872934,-2.17127214176409,False
Q9UIQ6,10,"Leucyl-cystinyl aminopeptidase;Leucyl-cystinyl aminopeptidase, pregnancy serum form",LNPEP,23.135202192096983,24.282913981490868,23.27712467596899,23.671778958106167,21.84947123191759,21.386875150869045,24.1681116913943,22.417666245278593,22.99462646013298,23.18726253816693,21.305741494684103,23.52354124138458,24.006959204430455,23.11661302551373,23.327772791632626,23.5054651909208,24.044662385524262,23.02861788646083,23.409517303901442,23.3543139445769,0,1.11093009878524,0.557030168100354,0.731996907067397,0.596948836790206,False
Q9UJ70,9,N-acetyl-D-glucosamine kinase,NAGK,23.677392285792365,23.845603567841717,24.17389862163735,23.153888178840198,23.980886022079495,23.28796626660651,24.389942576076656,23.763100707641243,23.474775548389168,24.528396157805098,23.677271572239217,23.04456593654607,23.700500817182025,24.815276374653006,23.28813525519008,22.038554175983908,24.209062072911564,23.434860509229523,24.118542407432322,24.112218209925498,0,0.922052602956543,0.540961118755858,0.729692264899217,-0.621670795570501,False
Q9UJU6,9,Drebrin-like protein,DBNL,23.69489688449279,24.203031447404165,24.499579930090977,23.862696291962973,24.01396972019859,24.149498930386407,23.573616010029557,22.936650167508446,24.99026349297286,23.771820643585233,24.450695066778437,24.029486432131307,23.94851328205548,20.9303681712376,24.356269278919214,23.78327173092567,24.82555438488495,23.26957901232262,25.12974245281554,21.559509679840225,0,0.989405095515735,0.462232193924607,0.69086707470759,-0.74912160263853,False
Q9UJW0,7,Dynactin subunit 4,DCTN4,21.162679826042936,20.008155666781672,18.969255485073965,20.406289799476276,21.15028173218854,20.61465457216517,20.51939532344019,21.57861783843625,21.299509954538202,21.79840704018133,21.456590631789005,19.430243856407394,22.286828985243528,23.55790508634426,21.599779947407445,20.38572820978141,22.473823376832268,20.501942839510203,20.362983866117197,20.492947995752775,2,1.66318365085214,0.269729514193132,0.587927183588789,1.13414088930615,False
Q9UJX2,2,Cell division cycle protein 23 homolog,CDC23,25.52171693158146,26.325064200707555,26.146150271433243,24.25755932004922,26.70944012809772,26.767754821486523,25.921555838953427,25.92396517982773,24.922504052773995,25.305837387674448,25.536560058900598,25.424545267671164,25.691583245549793,25.30108433208314,25.43267681658233,25.275442805940592,25.682277561773653,25.755827982900747,25.97707242114643,24.814142520178635,8,0.738247931411161,0.297757405228707,0.608461038679821,-1.06820238449249,False
Q9UJZ1,7,"Stomatin-like protein 2, mitochondrial",STOML2,22.572196308153806,21.535126390088053,22.61175191690077,22.842143510653244,20.22675337734588,21.889612499788573,21.491085344194477,21.826332495027383,22.059868050271476,21.486304577853844,18.992665194810396,20.244791373223965,22.120595363644743,22.513189512863313,22.01670744937933,21.035705106691175,21.57417613560268,21.388786317025332,20.978713145348337,21.945336725260226,1,0.741410247180526,0.186454762766907,0.53240815837221,-1.36657246893358,False
Q9UK45,2,U6 snRNA-associated Sm-like protein LSm7,LSM7,22.040077169411024,21.583889172387973,21.85084992700402,22.359556528354787,22.376357346534245,21.405717597546392,21.000670386207943,22.201725578372873,22.247023827023103,21.577189387421964,21.67840890551633,21.555231974086983,21.836414623063707,22.467547258454754,21.800611232034708,22.16404612788775,22.12336685731717,23.84517254344584,21.238803275000386,21.74522855662506,4,1.32291783610957,0.552849537677159,0.730786710248407,0.603343962307364,False
Q9UKG1,11,DCC-interacting protein 13-alpha,APPL1,22.269978674284125,22.109030897087724,21.305490835615245,20.03223004435456,21.3113264359154,21.27037249705075,22.860912124311493,22.336629773477313,21.402381199841024,22.32920668094618,23.663561356212316,24.1466080325163,21.038440863714133,24.389859350318886,22.38266840825545,22.731876327283423,22.728298930267005,22.840925303079672,22.661070572333852,21.487521489683445,3,1.68994861097152,0.0151332498252544,0.210966091138595,2.64924066104538,False
Q9UKK9,11,ADP-sugar pyrophosphatase,NUDT5,23.911333389563534,25.025815874964362,23.799406517653008,24.574419783454957,24.57844712487319,24.244561673717318,24.088007174592963,24.843181910041558,24.390746151425933,23.900238984854397,24.13404127127697,24.071206945287845,24.54946733577773,25.0133928509334,23.946418217941805,25.017537094408635,24.87521321374507,24.503998646995726,23.628171985403963,24.112292476541214,0,1.06854409059955,0.827592161876904,0.818187832819081,0.220571437044085,False
Q9UKY7,5,Protein CDV3 homolog,CDV3,21.53744431140348,23.96084474094644,24.18646538472549,24.997785227919643,21.519106522218593,21.676427963723015,22.709528821961065,23.37274712006068,22.48608498956641,23.135171398894737,21.991956386634747,22.373714353807607,23.645698300225266,23.165758699232722,20.759889041760527,22.91984008008987,23.09520601738557,23.246489760617013,23.096296127612092,22.40087068896403,1,0.79807888676899,0.5222009644818,0.721310207615658,-0.651037776147385,False
Q9UL25,6,Ras-related protein Rab-21,RAB21,21.942962836682604,23.112990916050183,22.426952000504908,20.845833422861926,22.20680196048098,22.74757445680141,21.902831916556043,22.45484618359238,21.380823666527725,20.659219042393776,22.40497682591562,20.5581932142039,20.723797338512234,23.411567297234235,20.19315832010832,21.82067566586536,21.956758920231973,22.003436188375517,21.374890979522235,21.52617711268849,0,0.835581626239417,0.370751828566514,0.647421492064222,-0.915001260378484,False
Q9UL46,9,Proteasome activator complex subunit 2,PSME2,23.523012978279443,24.275658982732285,23.53998403655765,24.666872234025064,23.95162386228554,24.192167882812043,24.263268845930234,24.66090915104716,24.192415376533273,24.01669189076028,23.96435806952717,24.507064359301552,23.287101999794867,24.449843022106144,24.42585521438987,24.03256119417667,23.91664888747427,23.877316812606754,23.941515415403572,23.49787930225529,0,0.834946956935306,0.500760585856627,0.713069120052468,-0.685323937431812,False
Q9ULA0,12,Aspartyl aminopeptidase,DNPEP,24.39241833429438,24.710591042408726,24.813275553756476,25.80505657679282,25.06683711828657,24.651177173486452,24.99552219735083,25.163321445952324,25.304846331901665,25.12547101001327,24.113679591365766,24.200991988990012,24.422450635057587,24.49287961852411,25.678039466730105,24.9889366092171,24.236651448990433,24.29568420737606,24.53116455205808,24.403444949860273,0,0.726904311102622,0.0409376415256344,0.314522477872934,-2.18053610621347,False
Q9ULC4,4,Malignant T-cell-amplified sequence 1,MCTS1,21.490054608413345,21.179836339821115,21.720737320931796,21.693909156301956,21.528193184917555,22.672833306827965,22.01770289777168,21.493685999019778,22.088662376120208,22.11318069792227,21.441564365118467,21.698166179035407,22.087810422727806,21.913692626806217,21.904616312491342,21.118146969541492,20.97651221669034,21.006367277524486,22.17529995921954,20.996188815927216,2,0.787679000818106,0.265680484937865,0.587927183588789,-1.1440757866732,False
Q9ULE4,2,Protein FAM184B,FAM184B,22.07135577747942,22.06360826915247,21.910599039266632,20.263117314281388,21.93852343594317,22.26390409736752,22.174596448829128,19.503667879203146,21.44756086668218,21.336885466580743,22.409155083954456,21.541893588241418,22.241778539940366,21.49177785916372,22.016700738941022,22.594926546225356,22.265849592542864,22.37860730085059,21.88201212299541,22.10049932508709,7,1.32005970228667,0.0926789709816626,0.423547374592402,1.76308575718327,False
Q9ULH7,2,MKL/myocardin-like protein 2;MKL/myocardin-like protein 1,MKL2;MKL1,21.162837212775166,23.396535565666092,17.80799843032514,21.146360274080894,22.68478858699219,20.582698100416007,21.22833273367742,21.93876667120437,22.107792305422272,21.347814838474203,21.788961828465304,22.025746022143586,21.450754167291873,20.514483432098572,21.403850343749216,20.780714732024663,21.211221535248054,21.566046339972967,21.999115815446725,20.619812791701335,7,0.749559705485423,0.993223778582165,0.843797505224354,-0.00859623984343065,False
Q9ULV4,11,Coronin-1C,CORO1C,22.79892193743238,24.73078604928796,23.038998348944297,22.91299540697361,21.88960586277959,22.27426578456767,23.832346708358816,23.140347327889454,23.66354926442312,24.08353254137517,22.599461466622532,23.029160488334018,23.560044305204652,24.768475213572774,23.397030565894585,23.524865110096993,22.38951394038151,23.42686525749129,23.50481785021012,22.88537586025221,0,0.900113830129902,0.836861422681505,0.819283344390874,0.208525768501459,False
Q9ULZ3,7,Apoptosis-associated speck-like protein containing a CARD,PYCARD,20.936362671527455,22.61095325891153,20.824954763480974,22.164701319345916,21.37717872261879,20.327994447025592,20.47633574787735,20.960606374428178,22.37272744169056,22.826637658454,21.64959297640993,20.922611786389986,22.133391618368417,20.254884471433343,21.050405137699897,22.279739264351722,21.002409905735384,21.14715612826085,21.28828989353544,21.243139864827143,0,0.780132035956258,0.61246602608146,0.752600100252505,-0.514352816048848,False
Q9UMS0,3,"NFU1 iron-sulfur cluster scaffold homolog, mitochondrial",NFU1,21.100102526449106,20.41158994230694,19.955986743256602,20.59317606941786,20.40370489137132,21.02539378917548,21.51087620218367,19.20697660305084,20.602616401212636,21.154565329528825,20.70696286812424,20.269721884636972,19.635440567582446,20.94483814485283,20.201349369557235,19.91640325914178,21.78197304753913,19.855460464271083,20.75117300434132,18.41743490711076,10,0.852286186243926,0.358638158086484,0.640460086745567,-0.938892905184093,False
Q9UMS4,1,Pre-mRNA-processing factor 19,PRPF19,21.90505488866918,21.42392333099702,19.88471161871027,20.84309761546418,20.728092983785587,21.56733229785604,21.003592836103,21.896256904950164,19.816207733960383,21.740259165526805,20.428165005457032,22.04269828853715,21.603579066069003,22.8267100180838,21.785337757564445,21.553322837727915,21.353084014454534,21.069361210981757,21.650649375431435,21.821304196345576,8,1.40994797197782,0.133887993445921,0.486433579823015,1.56028014626678,False
Q9UMS6,11,Synaptopodin-2,SYNPO2,24.239703908693784,20.73488116275055,21.69907202333631,23.964486032411322,23.358474420258133,21.668178839897752,23.593633055497925,22.689150643834413,21.895458230411048,24.114948752307257,23.52903117532979,21.882064769782826,21.462032658261876,23.669812411448383,23.32641678140249,22.351156976872485,24.145386510368038,21.1869728989227,23.668668338453053,22.55242109711082,1,0.916580940480219,0.971151557427081,0.842169399018708,-0.0366049123819245,False
Q9UMX0,7,Ubiquilin-1,UBQLN1,21.858900735799438,21.95789685512961,21.568007229478173,24.317870801573594,22.367660770435446,22.644868562381113,22.601788690154407,22.43453689708745,21.830381326895033,23.38444121735192,21.614134820653724,23.13408121413156,21.989261421407406,23.724268075564435,22.869915962248495,22.54187252157927,22.86381824062959,21.76954612074394,23.003075135465245,22.327669174133863,0,0.96128713696682,0.808312923244232,0.813589620325639,0.245735224357259,False
Q9UMY4,4,Sorting nexin-12,SNX12,21.409247318120368,20.642480331875586,21.569818774306654,21.047968402732252,19.62048773439652,20.842460727669923,18.716858937455857,21.23291279921076,20.76650588707276,20.135628483901794,21.665820879381158,21.814709055698934,16.313775119648994,17.691586751148183,21.308666287229148,18.640021547580055,21.753703707454044,21.24947042668831,18.557916012429683,21.189082125074524,10,1.07908864541619,0.391841559547073,0.658598533853274,-0.874615352269026,False
Q9UN36,8,Protein NDRG2,NDRG2,24.822782205756347,24.78285587524203,25.106840269151117,25.095467690718515,24.67633756924604,25.358191359424477,24.853466980542283,24.859967362985703,25.489747677915023,25.144711828807417,24.44267841861395,24.622090156931666,24.909883009836182,26.05288363141311,25.547575925856943,24.90289271716061,24.58409890382806,23.98479464911996,25.599713467783175,25.281809805199188,0,1.01354982681668,0.907705248604091,0.826708499711055,-0.117364410409624,False
Q9UNH7,11,"Sorting nexin-6;Sorting nexin-6, N-terminally processed",SNX6,21.65435418633707,22.989227499186395,22.813745253967447,21.327510648826525,23.003144175254498,22.298209562429733,22.019655003857093,21.653107922380325,21.096118456247357,22.340205438918304,21.797101762866124,17.987523852635867,22.39118995911238,23.760350899425703,24.03234029301871,22.51818271571794,22.228225602784704,22.82572493392561,22.16312430317203,22.61393459119761,0,1.42177758430816,0.83900275170308,0.819283344390874,0.205747611925309,False
Q9UNM6,13,26S proteasome non-ATPase regulatory subunit 13,PSMD13,23.053018445233445,21.46935144464065,21.40817320887179,22.960009861910592,23.565896016368942,21.74075634136227,23.413272315452094,22.267599475318956,22.12921119311703,22.5689789251329,24.55658262557584,21.83401690294055,21.242937427029002,23.23943387734354,22.84246479683149,22.087893506788813,23.234772798635237,23.10614047659494,23.007145708714187,22.61611386562938,1,1.29850604874855,0.425397660031014,0.674669112819751,0.813168585147154,False
Q9UNS2,6,COP9 signalosome complex subunit 3,COPS3,23.431651095547195,22.11966929540414,23.91999607392545,23.150185394317635,22.59638141258454,21.996984402025046,24.096976682904447,23.73624794095588,23.377299023171826,23.25580800716901,23.411433278890183,22.1305574841759,22.735189219130444,22.41414048129492,23.667663617332895,22.763157846945454,22.06011774795665,22.601718941565178,22.625240871991856,23.063315887917962,0,0.684608267982205,0.177585135994916,0.527958552151401,-1.39585600144913,False
Q9UNZ2,11,NSFL1 cofactor p47,NSFL1C,23.048687015980192,23.921763151022663,23.261701166399654,23.664325876968803,23.68858852175791,23.686738509680833,23.80412843215545,22.821184581498642,24.02200648214014,23.875597120309987,22.97087613981423,24.388178313163213,24.37780811144243,23.602533543071203,24.007889210357842,24.100748399730463,23.380546673770926,24.86386266050979,24.113830618699136,22.26370757148276,0,1.26898558207755,0.441887606257878,0.683685726064029,0.78409174987561,False
Q9UPQ0,22,LIM and calponin homology domains-containing protein 1,LIMCH1,22.566944402499217,24.78063125709236,24.05548891796493,23.127599580537574,23.124246117384136,23.71012053811492,23.264727598702763,23.11071483215061,23.591253174183894,23.24627811591675,22.406807245592585,23.399843744704786,24.705918211401034,23.775160191859488,23.10830452163264,23.88737936907631,23.906117783404646,24.39884320887683,22.067143144314198,23.868366425927782,0,1.15650863197218,0.78100722047075,0.81078497116161,0.281660108564331,False
Q9UQ80,6,Proliferation-associated protein 2G4,PA2G4,20.891483664862573,22.658962852208813,23.037973953597497,21.234305124340157,21.467599478777775,20.689719463110595,21.681829273062075,21.167108865699362,22.250046508407202,21.994567946569145,22.35913915603843,21.56495811508066,22.781142213870627,20.08953182609681,22.19039275256072,22.009579835204743,22.578840513185657,21.498759255199204,22.080273192516657,22.32476428447941,0,1.18991770244761,0.514762866651036,0.721090302628091,0.662841473644929,False
Q9Y224,4,UPF0568 protein C14orf166,C14orf166,21.02260504445021,23.99404141334529,21.46326896201729,21.668784140026215,20.807251824707347,21.948294892049162,22.99922314661384,20.943552467123787,22.427600299127395,22.604856881570413,21.93871896077492,23.00019764597812,21.028404158628764,21.374623839089807,22.25690407757762,22.202601431393255,21.733184941063758,20.39707690793404,21.68144372225198,21.616965377467942,3,0.693487291831903,0.516324198983291,0.721090302628091,-0.66035593796897,False
Q9Y230,8,RuvB-like 2,RUVBL2,22.539996381327708,22.775402391104183,21.026770857221095,21.71268375026151,22.156768027922816,21.12069288338846,21.563572569926603,21.911086011746402,22.204000772811078,21.841895253322235,21.573514203614675,18.484888396452217,22.51785126698903,21.97002718074258,21.260832194838738,21.37206911591216,21.21109437454675,21.916220373906935,21.132986964192597,21.745116330721316,3,0.785725756925115,0.169664271611614,0.521118528909864,-1.42301264058075,False
Q9Y262,5,Eukaryotic translation initiation factor 3 subunit L,EIF3L,21.386092649342512,21.50960153752319,21.336143354613007,19.13501124600791,22.502880910168578,19.240230957903865,20.41621764845544,20.91113579561179,21.568131848660588,21.781193834178573,21.048505212824075,21.822089627234476,22.006919676550414,20.993693776807262,20.18723459523515,21.67075395211612,21.81707044210762,21.50654988634251,21.56495191967282,21.451936301257195,5,1.19479447826389,0.288050778296316,0.603321843609166,1.09050716971736,False
Q9Y265,10,RuvB-like 1,RUVBL1,22.555121366117966,21.80761540063529,23.702457912453053,23.291800272631203,24.257884371441907,22.65640142857331,23.31269115758405,22.798746191113047,22.498823022794348,22.48302100545168,23.799647543907415,21.746136814797698,20.09806443734273,24.57063994222,21.471086657072068,22.94686173623412,22.674953451461594,22.559600379005115,22.783235066783064,22.586121279618954,1,0.93235992311916,0.363085901601635,0.643263472980514,-0.930058617407164,False
Q9Y266,4,Nuclear migration protein nudC,NUDC,21.532958408009428,21.68586581368726,22.33062983061819,22.107060473645134,21.610209687889906,22.522908163817124,20.45120609536403,21.535663673441896,22.19939324781251,22.45795545920884,22.00791538492154,21.49168992792869,20.98143860865627,22.76100355551598,21.878458784237445,22.122837881148232,21.8664374779407,22.00509362482726,21.42969433220693,21.796040519342327,0,0.95303632822714,0.974983439908347,0.843288256353484,-0.031740909638276,False
Q9Y277,3,Voltage-dependent anion-selective channel protein 3,VDAC3,16.276898551807275,22.102554212291288,22.20417413749253,22.588503725671135,22.10596708440067,19.591500684957243,22.1423151506947,20.171524056449805,22.14549050888538,21.81109616961877,21.9832503179542,21.701775626925144,17.12471935015041,22.19660530546789,22.22317809956879,17.93562799206506,21.948280428153844,21.171421198852855,22.006229508704614,21.584140713347058,4,0.894325063756735,0.878519574501111,0.825812662811676,-0.154751661561232,False
Q9Y281,8,Cofilin-2,CFL2,24.324625326052477,24.583023459525442,24.275722204757855,24.435734289596848,24.646010463315047,23.8073295273247,24.742065225041806,24.804404309533453,23.921014957325408,24.09306730591683,24.186493897468257,23.478222388186154,24.720928294872408,24.18612603028459,24.43558332230858,24.902753441464,24.455898924082316,24.38453479273932,24.011342116140675,24.15005907679916,0,0.960335500790812,0.714519889922052,0.789207019147749,-0.370858589188044,False
Q9Y2B0,5,Protein canopy homolog 2,CNPY2,23.85668357094334,23.334578840557906,23.895587063580063,24.520761935028048,23.819154198483815,25.18784433310174,23.225674267488802,23.68916669908536,23.863423756057976,23.069627670655564,23.56396423156716,23.732145005641947,23.060934538769576,24.09574700775713,24.244341395994574,23.81608939806551,23.637253577222932,23.81186272267721,23.901886471185705,23.92106889278273,0,0.890432784133608,0.787994442424272,0.811510678024041,-0.272433053656886,False
Q9Y2D5,14,A-kinase anchor protein 2,AKAP2,24.91566027446291,24.695559469333528,25.186282824950663,25.041731959232653,23.819651324416295,25.06635834677032,24.706244744464655,25.0454537332248,24.50904318488814,25.0061581260312,24.43574028621801,24.624542205028877,24.098413639792966,24.29225260536329,24.48116664944449,23.247732994664194,24.837895261870106,23.55649065227499,25.10378809999938,24.51183609405586,0,0.743869645688655,0.0537454496679433,0.351022859815568,-2.04559077954908,False
Q9Y2J2,10,"Band 4.1-like protein 3;Band 4.1-like protein 3, N-terminally processed",EPB41L3,24.023625199623453,23.27745214318943,22.664453967654513,23.668421213496767,20.261438185774157,23.68822319362738,22.762352551366718,23.24072320406907,22.616500182760788,22.714804294157336,22.75502216274278,23.96185979555204,21.755043915133548,23.228196527615253,23.603752172453305,22.91536122057244,23.169225458779465,22.79796575266277,23.00580679629355,22.28830262894572,1,0.938047600984644,0.887078026691708,0.825812662811676,0.143767118605555,False
Q9Y2Q3,7,Glutathione S-transferase kappa 1,GSTK1,22.81286566373581,23.58205853655457,24.12695194486972,23.78778395213004,23.14156532379516,23.50919010078024,23.976854839103495,22.435788626993045,23.632795456063427,23.64765913944234,23.223315614364775,23.040157243805783,23.367601621032353,23.43237402335275,23.408432914547127,23.171472948901375,23.049156411775083,24.047996928432514,23.092865526635652,23.35932686006089,0,0.878356220237792,0.53422048830935,0.727049936758826,-0.632157821426437,False
Q9Y2Q5,3,Ragulator complex protein LAMTOR2,LAMTOR2,21.541761361368152,19.619358184211876,21.62509260102187,21.864172985678206,21.859715043734685,21.28775122912704,21.802111501290593,21.359478169466303,21.214810537225517,21.94328229422475,21.678906031144077,21.516872275800335,21.70728982668461,21.302756864372117,21.62056190602887,21.50843607973608,21.03219986730521,21.773626437239514,21.34193366384651,21.072857300583227,1,0.959703515086047,0.876730285574688,0.825812662811676,0.157050592952862,False
Q9Y2S2,7,Lambda-crystallin homolog,CRYL1,22.064738198315926,23.58504285123417,21.63424868446875,20.704767452626342,20.94421240866135,20.590243947793045,21.860411500389926,22.641360907316034,21.490457893784164,22.652687830404652,20.483172908405862,22.516761890507013,22.679783757095333,22.268887894240304,21.233372355229477,22.702619291027204,21.816288409821514,22.452489024351294,20.33899606939582,21.569433526500838,0,0.939691401833886,0.980251227339786,0.843797505224354,-0.0250555001507949,False
Q9Y2V2,6,Calcium-regulated heat stable protein 1,CARHSP1,22.909610739072257,24.059834012583632,23.953428108086595,24.427323269415307,23.523103009144766,21.97746981622318,24.851694006313863,24.52074393349293,24.040888979203093,23.65500103501089,22.93616989973914,25.121371152982366,23.5034702228675,25.268081399652974,23.68960820606157,24.49987287046031,24.07880739735917,23.818200961158997,23.624988302662473,24.324332717721123,0,1.12239577628753,0.41632963498872,0.670306432105353,0.829459500361708,False
Q9Y2Z0,5,Suppressor of G2 allele of SKP1 homolog,SUGT1,20.53135822632543,19.02854399076064,23.105831610278205,21.86269183692989,22.900007786014072,23.022419602500346,20.58337726012544,22.458597003790018,22.323241551740008,21.26391128027643,22.04346092519905,20.985333512145548,20.451396099007557,21.857307578138595,19.7191856570906,20.73590689052787,20.585577426626667,20.660232341956352,20.11613173406502,20.73572213028139,5,0.425557741039497,0.0658248259077145,0.373141418198809,-1.9426006778573,False
Q9Y305,7,"Acyl-coenzyme A thioesterase 9, mitochondrial",ACOT9,21.79712404135963,21.888765047627217,22.33509508006675,20.10233931363005,20.897091474680984,19.464653394661237,21.92439788149994,21.791547106921303,23.034545591988465,22.1598950660698,20.222231381893916,19.65253281095024,21.543963999439207,22.077015023448077,22.469915228502817,21.895234728349045,20.07099140737631,21.26969312118022,20.27391566431934,21.101199439233216,1,0.679780700675547,0.306712785713395,0.613768740516,-1.04808215159681,False
Q9Y371,10,Endophilin-B1,SH3GLB1,25.75478047666215,23.468305247335326,23.94178883080138,23.570473363903503,22.943110724721397,23.46870973957835,25.931415932128573,25.420399737343665,22.6814661410904,23.833355759884093,22.42962559866184,26.572015621812685,24.36275796031976,22.933068106352355,23.745626119161088,23.352910051052437,25.880169369668856,22.86783970239052,22.950030197145,23.33525541944954,0,0.938301191635344,0.639873524045465,0.7585186811081,-0.47485507442,False
Q9Y376,2,Calcium-binding protein 39,CAB39,21.21103555241244,20.108621467887435,19.612413654447113,20.331761069043036,20.305533428381032,19.886816890935727,20.560774623464777,20.748031486491634,19.263238030933433,20.7488348896705,20.590664878876783,20.332629061779016,19.633254799120085,19.346558122122985,18.716649565525447,20.488461329736413,19.18475328954475,19.08399194690925,19.526334100944286,20.69788501096461,8,0.731530456198095,0.118778704022468,0.468473175942793,-1.62756682917499,False
Q9Y394,6,Dehydrogenase/reductase SDR family member 7,DHRS7,22.497458195839656,22.255432392128306,20.292179089779477,23.83625139630159,23.74909728948908,22.737218648848724,23.078745433282375,22.927285890610577,22.6177236572925,23.397968741634866,23.15290471124747,22.011148736864317,22.447366625081024,23.08718321627366,23.075040376459146,21.853599273837297,22.806903206969103,21.956242195996357,22.603000419180432,22.425374561811473,1,0.765995866654739,0.588248210317318,0.743447109981051,-0.549956894669471,False
Q9Y3A3,2,MOB-like protein phocein,MOB4,21.883095459627643,19.843193888631802,21.04193634136875,20.761929867821422,20.75282833010866,21.67611764193891,21.47838747505198,20.758481064327775,21.447952656293452,21.11985385717376,20.31583329496579,20.355576358288435,21.395356566844562,20.784338746359513,22.066307518093698,20.467172526797853,20.588755416915546,20.316467551991263,19.985877490134833,21.36133069148491,1,0.784858496257301,0.30966741270546,0.613979024606205,-1.04153588049626,False
Q9Y3A6,3,Transmembrane emp24 domain-containing protein 5,TMED5,21.97552048156272,20.57266509392483,20.576117320204453,21.189713073801343,17.3807066242018,20.745024952808848,19.07439810051628,20.75137302044948,21.427341770995437,18.307408303029423,19.22200865374893,21.935790756896953,20.707873443196174,20.382121276083396,21.02894694507784,20.96124899271415,21.60881779752305,21.134609633350728,20.171131593578803,20.79010950373224,8,1.22189198212889,0.261178927979995,0.587927183588789,1.15525335831882,False
Q9Y3B8,2,"Oligoribonuclease, mitochondrial",REXO2,19.859537040941643,21.14815141126517,21.385991781078864,19.781953108664265,20.780310813636248,20.246820700204797,21.25534312944346,21.384932191387474,19.23360706374834,21.17541363392255,19.338282793004364,21.393075518595502,20.583767998268915,20.814682515326457,20.563994490563772,21.24061722063075,19.843030390955203,21.025334808744375,19.783882114464983,20.46076621784324,10,0.897445518023165,0.735298736931647,0.797259687542989,-0.342685214198305,False
Q9Y3C6,2,Peptidyl-prolyl cis-trans isomerase-like 1,PPIL1,19.48699079148747,19.953088780347738,20.067087733240268,19.817290116963424,20.727788935481836,19.724337553016866,20.978213960423044,20.27524456323386,20.4482571840528,19.658911060538923,19.577679596730125,20.85132695172472,19.94613300797474,20.310807090847337,20.720368559802363,19.062508391916637,20.177671211746027,21.59734663904845,19.219114479425215,20.31695652119819,10,1.14651042484035,0.840390417716091,0.819283344390874,0.203948144655389,False
Q9Y3D6,3,Mitochondrial fission 1 protein,FIS1,23.048207647207708,23.150589265288907,23.769422523568224,22.32809016565344,22.0715952456869,22.62492747301341,21.2312030888078,21.773879882262253,23.15084493868565,22.216895999864896,22.23299372375319,20.749900442271365,20.7306170787253,22.744688334992325,23.297961421612694,25.185337757666456,21.646132077710863,22.653860532183412,21.55353303260645,22.087451065958863,0,1.28694040137887,0.592596334603374,0.744753316101235,-0.54351249488719,False
Q9Y3F4,10,Serine-threonine kinase receptor-associated protein,STRAP,24.119397781189818,23.99703977071676,22.842685926609203,22.87546604752054,23.049046788789894,24.023941348642865,22.962835098227522,23.31649742254987,22.966878514437944,24.28088236585856,21.662088188449147,23.044138102222757,22.312747489695706,24.133614402562177,24.338881666609105,23.440734887523234,23.331535000367236,21.58442481550689,23.609076168530596,22.85830054272041,0,0.82219708242543,0.266872409113875,0.587927183588789,-1.14113968046872,False
Q9Y3I0,9,tRNA-splicing ligase RtcB homolog,RTCB,20.623826946976173,22.164996866448462,21.394074758807868,20.542066053917125,22.509927906581865,21.369845701840653,20.633694096662246,21.79506538876505,20.185965048612424,21.7395476212079,22.097773543691456,21.490175311792886,21.192867550896224,22.568215111554046,20.842895680293736,22.588151807230947,21.19115122399473,22.58873432391321,20.80013622753628,22.53452829119639,3,1.47993120109764,0.188763062441642,0.53240815837221,1.35913351383994,False
Q9Y3I1,3,F-box only protein 7,FBXO7,21.581332454672904,20.9662510092502,21.63994500067248,21.567996700399583,18.466360463747648,20.106569350895196,20.84541352160306,20.814375858857648,20.795676271123096,20.19145818313535,21.461441853744436,20.647723947543632,18.461524505589615,22.562330349939153,17.39604449207511,19.908487131615168,20.294411920709283,19.404775676142265,21.539404842413518,20.850378021140173,11,0.980221730102273,0.433593083716137,0.679014768252282,-0.798631703821361,False
Q9Y3U8,3,60S ribosomal protein L36,RPL36,20.115312597219,21.75281538764241,21.74305997561979,21.937305650057862,21.536014790204117,21.564653524101193,21.48422579569942,21.423039946253557,21.82049504331633,21.547261369137157,21.88565365186611,20.13290398719868,20.9056422473838,22.116537571771563,20.201241717459386,21.613952879207357,20.508899837184554,20.84839578898926,20.961167360643486,20.554396031890416,2,0.723806024546134,0.109586359054774,0.449353564697873,-1.67211204855518,False
Q9Y3Z3,18,Deoxynucleoside triphosphate triphosphohydrolase SAMHD1,SAMHD1,24.3966542160175,24.854072021943164,24.156634121120398,24.95243392939408,24.20113389241721,23.239294930238312,25.02479521811955,24.38531023880717,24.86213798762212,25.687196957805813,24.814377397621673,24.00141396781973,24.729667102709914,26.09822059775591,25.337873848256585,24.9696508465097,24.900086843296496,24.918279177183397,24.931154036419347,24.624574859054228,0,1.17433487417148,0.207870050362887,0.548237441134078,1.30016117814396,False
Q9Y490,114,Talin-1,TLN1,29.6525067867893,29.72599339677215,29.74563798947624,29.508481991376105,29.298790474971934,29.88651890011144,29.989971371802948,29.142825255342625,29.79305212470994,29.822594299062295,29.39838928702202,29.827484145887002,29.45087371924045,30.084313020034628,29.59272781433834,29.53422473024012,29.61004879308569,29.602430786984982,29.484522684702128,29.41900967986595,0,0.938652375309366,0.64425650260049,0.760600679732768,-0.468610881458492,False
Q9Y4G6,95,Talin-2,TLN2,27.97703346235671,27.66783425564246,27.787931824057583,27.695264376279763,27.637346876484205,28.134447634944856,27.991489814082403,27.309956070924244,28.069483411879485,27.702824560095298,27.440885791140982,27.51752274618508,27.943304263079938,28.77699221578407,27.777071458263777,27.813735558805146,28.09694752064023,27.774169095675244,27.659769206199257,27.668364396028334,0,1.03752746239038,0.752866421356211,0.802152111353787,0.319085928655416,False
Q9Y4L1,15,Hypoxia up-regulated protein 1,HYOU1,23.45442402972896,21.50558987649586,23.224200379158674,22.417339052724984,23.23968322213308,22.647775797649714,23.301752256911623,22.99123167500309,22.933813661315906,23.192267013345695,23.853883800693282,20.689453577377524,21.959687404433325,24.108915992845017,24.325462926025203,23.26041119024671,22.029118499404703,22.55126171465111,23.0817662071353,22.789242245952053,0,1.01842178236554,0.949217257358992,0.837319346889102,-0.0644683820170974,False
Q9Y4X5,1,E3 ubiquitin-protein ligase ARIH1,ARIH1,20.72284026801999,19.948428669183897,21.091227982866958,21.01325366380419,21.248361627350413,22.028998589039208,20.137040575531653,21.435368306940283,20.5111202623768,21.046312121207617,21.412293733746754,20.55608630518889,20.76357468197936,19.92656348106885,20.79541838038172,20.42435974401903,20.223383847702422,19.801160482836988,20.575205773126413,21.295099090810567,7,0.761705274222183,0.260014026795698,0.587927183588789,-1.15816911210164,False
Q9Y4Y9,2,U6 snRNA-associated Sm-like protein LSm5,LSM5,23.949724927584075,22.321581803248563,23.54828170028652,24.29427496613054,23.541054482057067,22.89333184803451,22.623146026243653,23.234690786515976,22.93146041355518,23.503138612377473,22.414844760621428,21.08512738696098,21.406810073638617,23.685644347892403,23.92795556997663,22.86800594773228,23.234930362245876,22.630828818636985,23.24614657053848,23.009620632516377,0,0.783770508689501,0.135917940017927,0.486433579823015,-1.55172921491168,False
Q9Y4Z0,3,U6 snRNA-associated Sm-like protein LSm4,LSM4,22.64028264933443,21.858448954514014,23.540463069552384,21.891799559273345,22.18656052572425,21.22408419288682,22.03224264902013,23.552341138569147,21.371543613465953,21.89304236941834,21.333715942536926,21.360514518054973,21.765161039661464,21.337059646331806,21.83641470635332,21.936503955084632,23.688947287922783,19.384563330045932,23.196052486079164,21.47109958884402,5,0.866321921144896,0.284493237435907,0.601214860396153,-1.09881806899592,False
Q9Y5L4,2,Mitochondrial import inner membrane translocase subunit Tim13,TIMM13,20.77983135774458,21.060989761455218,22.131227041018644,21.45514043922978,20.988879628871228,21.10680932749767,20.74920336181274,21.593305535768014,21.068639558112,21.798207124737633,21.619226461858005,21.22779635493881,20.713350655004835,21.438770643009654,21.302313499338545,20.82596013532131,21.355136362079943,21.4021349886318,21.284218201407644,21.533911247100473,8,0.970425624139258,0.990452753272917,0.843797505224354,-0.0121116860871473,False
Q9Y5P6,5,Mannose-1-phosphate guanyltransferase beta,GMPPB,22.592030693682766,22.688935378885272,22.89938202002152,22.759551315211482,22.69803891323725,22.483085217057404,22.227123078982405,21.83465561455111,23.39749555689712,20.91114953479646,21.646215783956833,21.250422364999807,20.278336173704695,22.575146998385698,22.520450006660834,22.553934271823202,21.268193838218366,22.520807062831718,22.9068281460392,21.80523732754914,0,0.731333784925693,0.144935970508583,0.497801806304702,-1.51497330482245,False
Q9Y5U9,1,Immediate early response 3-interacting protein 1,IER3IP1,21.923012797691996,21.985213653809602,20.867026036566127,21.752573195986614,21.021587247795967,21.339344191660608,21.336033918684212,21.39356594352059,21.557749091283398,21.075766364617703,21.27307608683622,21.10692501708027,21.411351311617285,21.47409417595536,20.997533377786883,21.64378578936823,21.68687448001312,21.191019156900797,21.76092500193125,20.827328963146456,9,0.923719810773639,0.707585823144444,0.787279413919631,-0.380327759276648,False
Q9Y5X3,10,Sorting nexin-5,SNX5,21.18592542759521,23.292955080096526,22.53359273602483,23.80788655356404,21.708438911477195,23.179962310673005,22.212489567389497,22.878474890451777,23.684043725439942,23.19242006304252,20.745801970426434,23.623810057349033,23.910114928084013,22.7320300342777,23.57937074669058,21.152224287605563,22.956094911315965,21.99511591320686,23.363527436170216,22.50557334029017,1,0.855080879250446,0.794492262283963,0.81258020413402,-0.263873991588504,False
Q9Y5Y2,2,Cytosolic Fe-S cluster assembly factor NUBP2,NUBP2,20.5830243488246,20.49031031144219,20.004161520113737,20.794178631787805,19.66535491907731,20.30389266747446,20.849032172975257,20.555573188868962,20.754198336756044,20.048966118473114,20.517052468853056,21.46946084151952,21.29710898991065,21.192061319210016,20.9584901587939,20.889863899201927,20.845064043844253,21.304238766998136,20.276482888824088,21.143891426116546,5,1.47906077254942,0.0218219923549529,0.244466286728116,2.48061453426514,False
Q9Y5Y7,4,Lymphatic vessel endothelial hyaluronic acid receptor 1,LYVE1,22.25108262402649,22.304050799014487,21.498996049621706,23.276308320735776,23.322616535325373,21.520534403215567,22.497801170358986,22.220233299536115,22.51124195885813,22.677930108986292,20.771089740165472,21.983072647348056,19.95278892119894,23.522633486540986,22.475318222045054,21.768016514508997,21.907393020673833,22.178999461943384,21.27975674039639,22.7960506675446,2,0.792530162541567,0.176711186801775,0.527958552151401,-1.39880410042122,False
Q9Y5Z4,8,Heme-binding protein 2,HEBP2,26.065513703913652,25.342033007783517,26.022772229052084,26.40601670237544,25.842474927847668,25.56135535738313,26.0116968120029,25.556501712089425,26.000373155819783,25.35957822241315,24.938937612746486,25.696236807349035,26.13041829455393,25.026793183149522,25.537544986580443,25.74569275117074,25.826618193147,26.225921303031075,25.32474623244187,25.396257715852673,0,0.856852004341352,0.222265833426853,0.564550493478806,-1.25846451159851,False
Q9Y600,5,Cysteine sulfinic acid decarboxylase,CSAD,21.90985593005649,20.388824857640465,22.605727862727452,20.97636946020577,20.836862901828653,22.727210104538518,21.6781654691956,20.93156787146297,20.096589767883763,21.143714060727714,20.97704272503532,20.80608073179321,20.63065466989324,22.263871647752588,21.01632425922796,21.26273632444409,20.958573720282867,21.019615959635868,21.711106052896934,20.882335715092793,0,0.787168144502001,0.618468658475363,0.755192054657026,-0.505633115161626,False
Q9Y617,4,Phosphoserine aminotransferase,PSAT1,20.371191606745636,21.22031787738454,21.700608268622126,20.163493141095127,20.905319699026972,19.967450966022582,20.488201383926267,21.143728755699307,21.011870028324022,20.795566264489743,22.179285793503542,23.455047249530857,21.475901923948786,19.837343962320347,22.62316630783545,23.051919856232473,20.949560439855073,22.838580606792796,22.69186983554098,20.99292769313014,5,2.79444794826053,0.00731581084610769,0.175323277667773,2.97468899344127,False
Q9Y624,7,Junctional adhesion molecule A,F11R,21.012895362091403,23.385624059765483,19.941098126681112,24.205705044644017,21.24649896454354,21.69950128769779,23.222946673562003,23.69558857232684,23.02572006100726,21.415930278414816,21.49899103366498,21.32583065607032,23.962211710663816,20.751022356515293,23.69543095131503,20.568752759188303,23.24843889671424,20.069406146478155,21.522847235872266,22.55617635469331,3,0.830551804832071,0.540530332894484,0.729692264899217,-0.622338896504241,False
Q9Y639,3,Neuroplastin,NPTN,19.219880691366686,16.86946354793224,19.497076694295224,20.254839997099165,19.72892487255323,19.714014691026144,19.69268728085171,19.413128224093676,20.233312288522356,20.2923642597036,20.456339653384045,20.649663287740147,20.247307766014337,20.464894041252887,20.37186994457433,19.76869148453226,19.878317627091867,19.150980491436417,19.74417658009718,19.872587568857092,12,1.22542976750726,0.0905018232668804,0.421730243491225,1.7758170252164,False
Q9Y678,14,Coatomer subunit gamma-1,COPG1,23.04514707709352,22.42586391040589,23.232708240048982,23.269484708022972,23.59704403584936,22.080946506826006,24.002318287994033,23.162354417518856,23.25974161637357,23.215959754154138,23.754951863883182,22.36735749685447,23.07224733179653,24.619534417051167,23.52544313695769,23.569548736959153,23.647983758385045,23.536748680832357,22.764042622337957,23.67013783658266,0,1.22875729480229,0.268002212876385,0.587927183588789,1.13836552615934,False
Q9Y696,17,Chloride intracellular channel protein 4,CLIC4,26.106715073309303,24.409268455467547,26.19704015184807,25.416165718220064,25.894672973384843,25.727235294498684,25.976818911188516,25.77591082731515,25.533503713453133,26.027901625452728,26.003198074803095,25.237523905810157,25.931400509584936,26.340794914811866,26.68171269764601,25.849408257205084,26.132967204573006,25.72968827923157,25.64361671142454,25.82144165054346,0,1.13745159598683,0.288772037749324,0.603321843609166,1.08883129160293,False
Q9Y6B6,6,GTP-binding protein SAR1b,SAR1B,22.72014602875721,22.430712301104208,23.334627462280093,23.511239713440926,23.146338983539557,23.555341813063794,23.780517029441114,23.01216128876759,23.420995666501497,22.563339723070175,22.9039976993311,22.52244633340705,22.613758081580414,23.440278065110878,22.504129806055968,22.84807622469297,23.160117184493288,23.145483228493372,21.986476909467267,21.655165406616284,0,0.703268768872053,0.0850119112471599,0.418710352294526,-1.80913669415692,False
Q9Y6C2,12,EMILIN-1,EMILIN1,23.00326692529299,22.083376434501346,19.856478190663104,23.23893432032582,21.174225373741606,20.877630420721104,21.3606505531828,24.111365951137433,22.54867757327549,24.71802669022915,22.86323337958957,22.281881451019437,21.65437453783507,23.88449177354977,24.310463874452466,20.8169083856642,19.040519455145162,22.97336815957123,24.703673644181084,23.199905427863474,0,1.3322462043831,0.685852969839108,0.77472505509616,0.410242435988741,False
Q9Y6C9,7,Mitochondrial carrier homolog 2,MTCH2,23.346953635211474,24.048084161453172,24.595256016250303,23.965774020088176,23.688500470010336,23.85825702746761,23.595181552343753,24.234578021593126,20.72926849770529,23.126421478118683,22.38633565134246,24.3715665795017,22.82113362902091,22.25372065525835,23.364647752563,24.824127522500874,23.55931435502725,23.636130614105422,23.5281911862668,23.750502315571097,0,0.802680168499598,0.857290534892402,0.82112175216731,-0.182086251590857,False
Q9Y6H1,4,"Coiled-coil-helix-coiled-coil-helix domain-containing protein 2;Putative coiled-coil-helix-coiled-coil-helix domain-containing protein CHCHD2P9, mitochondrial",CHCHD2;CHCHD2P9,21.855059717427448,22.55006843621972,22.218254468559387,22.919594324322965,21.80933139937602,21.30863043013297,21.697773932645,22.689624881359286,22.864978172415654,22.790714815597568,21.42356390434218,21.794309201730176,20.28199005674017,22.860149287631092,22.03102672009218,20.92602741801471,21.58785991451954,21.949640347029746,22.639038724673085,21.289058880053766,1,0.695790637289349,0.0917195986411871,0.423185026411948,-1.7686637138448,False
Q9Y6I3,11,Epsin-1,EPN1,22.608587398289853,21.971989559692847,19.202796532806833,23.045155955866242,22.19368641948521,22.562690891399733,22.17045707530082,22.051128926329064,23.124936632093398,21.721245869089177,22.925281128638268,22.620438956905904,21.908604434820052,22.912646931047803,22.210541529512096,22.09713255520812,22.193401380317066,21.8120152152118,21.76033475581891,22.106385546296977,3,0.95433417416215,0.61865631859003,0.755192054657026,0.505361155655685,False
Q9Y6K1,4,DNA (cytosine-5)-methyltransferase 3A,DNMT3A,23.25172140515826,29.656283980082417,20.815227166927542,28.966488543565898,27.893714151213587,19.76567477403238,21.93343409845575,24.765204588592983,28.830615710086114,28.38879776595071,24.35189218240848,20.673806864309963,24.72926485816648,21.329994180063693,23.760762119412178,25.261636974678296,25.070506103053127,21.689113874858528,24.510038541731838,25.214133019868733,11,0.0826668506846967,0.153692526084511,0.507897935480662,-1.48104159382883,False
Q9Y6M9,1,NADH dehydrogenase [ubiquinone] 1 beta subcomplex subunit 9,NDUFB9,21.686575150896186,22.032546747502202,21.381311569052265,21.872443455502417,21.078506103372266,21.296010791576713,21.545231817071308,21.18028919410145,20.361743498464747,21.692707367504873,21.413094235224964,21.525814884740594,21.207124052107257,21.227453706502697,20.84721119178097,21.193589756710953,21.68260622945798,21.77417426853662,21.7242264428413,21.821501730415864,6,0.986352951167521,0.902926680659039,0.826708499711055,0.123472619180984,False
Q9Y6N5,5,"Sulfide:quinone oxidoreductase, mitochondrial",SQRDL,22.591991327847175,22.139865470674867,21.080796602710087,22.182253867906617,21.32581984481338,22.32281636671998,21.36925118558874,21.35601661375705,22.515604047477062,20.467107659612562,21.290723808276447,21.05133312567952,20.706759680351063,22.74334326385799,22.06354262421131,21.41005769412494,21.682487906841736,22.308313878005695,21.281827688713868,22.4629465754868,2,0.971528723806446,0.918006882759686,0.827540449847929,-0.104211611639512,False
Q9Y6U3,11,Adseverin,SCIN,19.57190920095457,23.014366484414033,22.54792790389525,24.35175293960346,21.181541704565863,24.453558113048107,22.46130611042942,20.562628810283144,22.78891887405124,21.94209387213993,23.349834106992457,20.010527171232788,22.935204804576127,22.993019868581637,21.22467910667747,22.8483546002801,20.887876986054124,22.89798003816214,22.297698124701054,20.04034776234435,4,0.659542503360294,0.588234832941869,0.743447109981051,-0.549976757737739,False
Q9Y6X6,2,Unconventional myosin-XVI,MYO16,25.583869251408423,20.105295738103134,24.1932696835224,24.072872207094846,24.710131275148527,25.18677020883341,23.97308597064174,23.88215442794267,24.350107580197783,23.63721631897957,24.487296283197242,24.468376702661217,24.65356175366693,22.113530530201697,24.409403826133875,23.116651958998734,23.518635549984406,23.57512651457903,24.715252338723385,22.842606382257582,0,0.793345584684419,0.733344521966262,0.797221050814768,-0.345322469084459,False
O14744,6,"Protein arginine N-methyltransferase 5;Protein arginine N-methyltransferase 5, N-terminally processed",PRMT5,21.01552715405049,20.255944671585333,20.68414532226718,20.966607802379894,20.22123349062355,20.995782507766616,20.656571303402274,21.363075976217026,20.9155131401981,20.318834465069997,22.25597468321907,22.306874358400286,21.624649238745523,22.38802681394052,21.936351185199012,22.941469379129224,20.440260838443518,22.9193180938031,21.083994216523994,22.02051479985693,10,2.61068628499947,0.000630176526863999,0.073258090536328,4.02430597696943,True
P04004,13,Vitronectin;Vitronectin V65 subunit;Vitronectin V10 subunit;Somatomedin-B,VTN,26.68933182929066,26.83054426108866,25.970159216202944,25.912294248185972,26.431249447509824,26.15382237759645,25.945104378725105,26.27571947609691,26.414235911462104,26.650305035539475,26.850822403260942,26.883527338842583,26.84210459797868,27.541196188806524,27.085980715657435,26.313821513220258,27.303774951125174,26.988106444572463,27.384087102476627,27.608233056009677,0,1.73095719235773,0.000328259935264009,0.0471928029157598,4.29914088704652,True
P06576,23,"ATP synthase subunit beta, mitochondrial",ATP5B,28.824193344157596,29.163492712747853,29.209012159242246,29.201708688116156,28.72622417316908,29.497333346890112,29.10343595349391,28.986706679272675,28.933768094227194,28.928231965706026,27.86425844273111,28.859215361428767,28.285746800513063,29.03621615956343,28.80654021481432,28.459182069298475,28.60385153084581,28.35993398722452,28.601274609453636,28.50288982007121,0,0.70566882143769,0.00129984060351439,0.0937539725949958,-3.71848586295007,True
P09622,12,"Dihydrolipoyl dehydrogenase, mitochondrial",DLD,25.154874209045254,25.783408027153353,26.232570830247464,25.872729265151293,25.27314882811586,25.76652188108475,25.367693298722184,25.325511385534288,25.884321990061704,24.90423704661322,23.993157423537724,25.045385189615494,24.963174191093174,25.01290205307716,24.947067946906778,25.113292478696334,25.20088339127638,25.042892313589864,24.796215245171368,24.87684893319342,0,0.618624671041127,0.00190030985589933,0.109276808001164,-3.55722121429738,True
P10515,10,"Dihydrolipoyllysine-residue acetyltransferase component of pyruvate dehydrogenase complex, mitochondrial",DLAT,24.53115508110913,24.820689537675914,25.825882728957698,24.16397569853664,24.29940240107084,24.752606456787863,25.13324702064841,23.713408226839345,25.540018603631005,24.062403201780857,22.842797097899346,23.644749516432615,23.930327176513593,23.566131828821273,24.012136038452045,23.840226297517248,23.6526806205805,24.387933762720916,23.102558119168332,23.452164795794623,0,0.457753493829755,0.000915572157710055,0.073258090536328,-3.86670544641695,True
P10809,33,"60 kDa heat shock protein, mitochondrial",HSPD1,27.615969872816784,27.98872504342747,28.25953557658162,28.13201810254372,27.84056447455559,28.23078984998547,28.139150894927575,28.040468994555532,27.98904312472499,27.941744440022404,27.603672951091575,27.733371257172276,27.630450224240914,27.568179893321805,27.78169547308308,27.31042099619352,27.606151506262805,27.532088321027853,27.608272555071,27.756052186063695,0,0.751718205429591,0.000897148997389853,0.073258090536328,-3.87528987376428,True
P25705,22,"ATP synthase subunit alpha, mitochondrial",ATP5A1,27.650855057838218,27.719479336008003,28.23797228271163,28.06492144021477,27.70414792336788,28.250818563173137,27.886533308417985,27.86573623247576,27.905464254083142,27.794607989825455,27.14966944797447,27.680306792809784,27.335647495586105,27.550428192737993,27.646425124414108,27.06132542517457,27.58271562774186,27.49318687302248,27.515932005860595,27.383532813887943,0,0.720294125248934,0.000795144251140387,0.073258090536328,-3.92623957336685,True
P30084,13,"Enoyl-CoA hydratase, mitochondrial",ECHS1,27.71179431352443,28.21716530065328,28.26483055590465,28.209009650363253,27.41294585958391,28.52567363852184,28.400624166401744,27.941416963289694,28.218226952909877,27.28526935032272,26.71913992335488,27.84930700845249,27.268549907360192,26.401475963445094,27.920486785165966,26.66012054191615,26.922240430412536,27.280332191585284,27.13803529079967,27.602765741648614,0,0.575793207789861,0.000665577004349067,0.073258090536328,-4.00126390785808,True
P31040,15,"Succinate dehydrogenase [ubiquinone] flavoprotein subunit, mitochondrial",SDHA,23.561154135210835,23.995779624972727,22.77262910114024,24.249299675787963,23.315515659790908,24.359602864974605,23.911050404958274,25.148570025023183,25.14396198019019,24.19016096953323,22.85011994039951,23.73783250431508,22.92879967288317,22.796740119680777,23.2826941406609,20.596468786020523,22.449556397379368,22.961192798370767,22.61156791854122,22.118432429850756,0,0.453479228267974,8.55864510934054e-05,0.0323998592747688,-4.86800868698519,True
P46060,9,Ran GTPase-activating protein 1,RANGAP1,20.186779869456785,26.494407698008725,26.494714599983443,26.130334803269246,26.103274985920375,25.215893357615986,20.40738950969463,25.386242749894205,20.554471070526592,28.033806124493434,18.448062001912657,20.37342383407753,19.619897979208005,20.42869340164167,20.698776153260578,19.24896981689148,22.393215830118404,21.11936332189194,20.575183475120344,22.04383007049194,10,0.0234330882743614,0.000283590800885957,0.0471928029157598,-4.36080900043751,True
P49327,94,Fatty acid synthase;[Acyl-carrier-protein] S-acetyltransferase;[Acyl-carrier-protein] S-malonyltransferase;3-oxoacyl-[acyl-carrier-protein] synthase;3-oxoacyl-[acyl-carrier-protein] reductase;3-hydroxyacyl-[acyl-carrier-protein] dehydratase;Enoyl-[acyl-carrier-protein] reductase;Oleoyl-[acyl-carrier-protein] hydrolase,FASN,29.751172296449877,29.821307062990286,30.741980386406563,30.279909562539363,29.42354010869874,29.106526395256775,30.373070597962606,28.833382179721593,29.870836224158303,28.048671497643525,28.134641144591587,29.292361456642418,28.08079034118676,27.26948208676187,28.053193469394802,28.588217242950805,28.57554744548195,30.272562409737187,28.349845627039258,28.829718295710258,0,0.501258255136688,0.00179903960958376,0.109276808001164,-3.580527200752,True
P51692,3,Signal transducer and activator of transcription 5B,STAT5B,19.61530240268373,20.153635781821645,19.361939914629662,19.234374117058035,19.652533941360783,20.40416292483671,20.188595414027173,19.327250465812668,19.328696433739818,19.21867607390824,20.84362567410281,20.35988605865597,20.037031898830204,21.263212865486874,21.33935183393515,20.814886147297578,20.69045791521162,21.088269216086402,20.6796134772587,20.120286420385924,9,2.08052331461141,0.000341373340711006,0.0471928029157598,4.28263099267833,True
P52815,2,"39S ribosomal protein L12, mitochondrial",MRPL12,22.41831124894786,23.19634551883364,22.32451677571888,23.70390291435556,23.19681229802921,23.068179615700735,22.82358187033929,23.7065581219238,23.38966198137812,22.87337608001607,21.567583333500863,22.144893200081817,21.610866854010133,20.40154634122864,22.363240447883825,22.3058827817796,20.883923153044076,20.287212343606676,21.06147805513391,22.528164929668126,1,0.375362131475373,0.000116410482093458,0.0323998592747688,-4.73728106097403,True
P54826,3,Growth arrest-specific protein 1,GAS1,18.708283595473603,19.227192099079886,19.981629667593598,19.443181646798326,20.249876459481772,20.321311962063582,20.003019588915002,20.307843930953037,19.275318901172295,19.314958385203802,18.703450634201495,17.440586091207674,18.228551483959187,18.16238628464701,18.842740367581815,17.651045297702233,18.180573409855477,18.24417812265982,18.739587628246337,16.95004110325276,12,0.336414432583678,1.10589085285191e-05,0.0148254598043966,-5.75302894389024,True
P60228,11,Eukaryotic translation initiation factor 3 subunit E,EIF3E,24.269093562602613,25.21991928206397,24.963418465427765,23.58899109311904,25.31725393137048,25.81506712773703,26.176783154686532,25.757459425410552,25.21831996077465,25.778100990451122,24.956486121063335,24.710186192505866,19.206690333538134,25.749543862573823,23.462604524174623,22.22013391433351,23.204771766034455,23.025766658220533,21.692114969693442,22.555669401097816,1,0.472119637251138,0.00112171910546163,0.0845841232635164,-3.7808751186666,True
Q16836,13,"Hydroxyacyl-coenzyme A dehydrogenase, mitochondrial",HADH,27.683934552846583,28.37780261666275,28.407271993009378,28.611165930590314,26.78706821759616,28.218202138543177,28.364798077948684,27.934839543737695,28.25005743765549,26.918784382199476,25.944681935377478,28.07195457361057,26.073498109956954,27.487957841941395,26.675144675429493,26.88989906651091,27.120510597060704,27.75055438513937,26.083379034839613,26.589455783385887,0,0.49178199043901,0.00160793504791175,0.104568605366734,-3.62826197712985,True
Q8NBJ7,3,Sulfatase-modifying factor 2,SUMF2,21.875896573293907,17.053396862826315,20.178160904382448,20.02127801677903,21.862446073520083,21.005046314836676,20.487392878124027,21.119136539814605,20.318872605028126,20.667861168719906,21.918690090494497,22.054138352275732,21.928331468912152,22.366462917134378,22.070520683414117,21.81707018702124,21.378719839828108,21.74925984731478,21.45229438514798,21.333668177197197,6,1.94930353258636,0.00572079007587028,0.174374622303767,3.08260842606431,True
Q9BQS8,5,FYVE and coiled-coil domain-containing protein 1,FYCO1,20.1623410434666,20.177755225864022,19.17592766128257,19.94236251781172,19.977245728821153,19.412385769829555,19.07803485880481,20.19299252951308,19.829845341081096,20.27009003872014,18.891124959679207,18.804169123650258,18.63244591935194,18.79754965251178,18.507293082159162,18.512357837051713,18.85514087746443,19.093003010755712,19.033890951372143,18.790473700005727,12,0.472285444289162,6.08543594274378e-05,0.0323998592747688,-5.013509257763,True
Q9H098,2,Protein FAM107B,FAM107B,22.597280556987393,22.2262957552633,21.77525808752649,22.346467925506893,22.53480560207141,22.86433039856393,21.94871229969327,21.406373217835725,22.707610081113707,22.27024716421739,21.749726893441686,20.202854104151722,21.75843796496792,19.79356291454467,20.347620884732237,21.492918932370877,21.374961937777453,20.822958720947522,20.052021524405518,20.392176412268316,6,0.390380991179235,0.000136714238561196,0.0323998592747688,-4.66911732708731,True
Q9H488,5,GDP-fucose protein O-fucosyltransferase 1,POFUT1,22.49046132807628,22.528745228597415,22.221166196151135,22.437584895122566,22.258892372503173,22.337579557537353,22.09102036352187,21.798294686973218,21.841142729421257,22.180602850010768,18.818408173900878,21.426267362405593,20.731483018179016,20.391975468568102,20.22084606774288,19.80242196187921,20.142477591996546,20.491147801407678,21.90088838328539,20.940254185213725,8,0.352936564496399,1.78735471947479e-05,0.0148254598043966,-5.54247060532048,True
Q9NTX5,13,Ethylmalonyl-CoA decarboxylase,ECHDC1,25.857549141818758,26.423835141817833,27.349241271747395,25.89754569075845,25.62869981844592,25.612960273395913,26.60918479913307,25.46474672172594,25.92205219326333,25.11477429267336,25.198939428537948,25.114692797505768,24.051183526944413,24.62018211467535,24.25693751006297,24.826521631280695,24.93553292261474,25.972850998135993,24.56982123360676,25.37036137648496,0,0.466983813081752,0.000289358237646804,0.0471928029157598,-4.35231921228014,True
Q9UNN8,5,Endothelial protein C receptor,PROCR,22.973232048932736,18.849452499165462,21.55562495581138,22.40078580998737,22.456134458802932,21.515641403096506,23.004398664006704,23.088127832372844,23.18454748662661,22.92193908210565,23.779595144782547,21.541306473257755,26.011872390596736,25.930134252756563,23.99756413587601,22.943790331719665,23.721615823689405,22.644152338294678,22.807023596063313,23.664465611994103,2,1.67055012992163,0.0107755416212266,0.188166765385571,2.80266090641339,True
Q9UQ35,4,Serine/arginine repetitive matrix protein 2,SRRM2,21.20039850987578,21.7612982547469,22.654680540548064,18.32987489666705,20.92946311504497,20.073570627274062,21.24400173322368,22.115397254174322,22.630525786895067,22.14376334973854,23.60675877953202,23.54938423673909,23.457137604377948,23.54599370646327,24.07854723517399,23.29817317787869,22.632272836254444,23.500662997276187,22.955028470834193,22.520140645619865,11,3.02849383691968,0.000121992385145572,0.0323998592747688,4.71741268608028,True
