Accession,PeptideCounts,Name,Gene.name,NDM_B1_01,NDM_B1_02,NDM_B1_03,NDM_B1_04,NDM_B1_05,NDM_B2_06,NDM_B2_07,NDM_B2_08,NDM_B2_09,NDM_B2_10,DM_B1_11,DM_B1_12,DM_B1_13,DM_B1_14,DM_B1_15,DM_B2_16,DM_B2_17,DM_B2_18,DM_B2_19,DM_B2_20,Number of samples imputed,Fold-change (DM/NDM,pValue,qValue,tStatistic,RepeatedlySignificant
A0A075B6I0,1,,IGLV8-61,9379416.09158115,5995454.39863565,3243248.32942767,9514328.5156869,2755006.3631056,10914351.9441445,5386193.51189314,12211918.6049877,3516570.72042045,1083427.80482409,5593880.64245393,13741377.725584,3210480.02812407,7431602.37276074,1749588.94355413,14968807.6126946,10108430.2756303,6778131.09748582,2633669.41454151,9841609.49676824,5,1.18840120463988,0.570602437903216,0.734928646267111,0.576357734137116,False
A0A075B6J9,3,,IGLV2-18,2024005.96027089,14668250.7350883,10712506.6648463,3643035.66445942,3888175.34965002,9855001.72383205,1075264.67435875,526282.048364422,3440758.67437786,2245882.26302261,2077554.20637556,10053886.0492887,4044330.45271441,2246955.50355828,6919481.78859453,5481938.53353548,8499062.94306043,4423637.27507535,12471984.7323205,6009773.82779317,9,1.19488487951065,0.184855617292877,0.53240815837221,1.3717689822207,False
A0A075B6K0,3,,IGLV3-16,8303158.95397679,6529484.32175966,2716172.58924541,20046207.9969927,4393680.27715966,7896349.93052253,816302.05739771,4594674.385923,6333622.09684664,1166988.99154357,6794486.65058941,16251433.0554591,1673447.55181319,2904056.59591002,255405.580886675,1817338.67689509,1634598.60259304,1968690.62016562,6911903.28829806,1644936.71375808,0,0.666537194808466,0.201465202785493,0.544755748559004,-1.31943700365513,False
A0A075B6K4,3,,IGLV3-10,4451170.52511179,6201906.73806192,3299627.02451218,6693526.77893763,8125014.28198462,4618009.12418653,9365482.20753484,14673281.7348158,13081985.6194412,5916505.47755655,5451291.22380873,1145025.44433108,7205614.31988135,7940098.93701431,2046222.54779878,3375802.36701031,6976638.79495798,6271491.45422695,7960165.23856032,3514689.85272392,2,0.678914168807744,0.0960163369714253,0.427035242132537,-1.74406142167842,False
A0A075B6S6,2,Ig kappa chain V-II region RPMI 6410,IGKV2D-30,93033256.4194691,78677466.359979,63904979.897002,143099184.553104,86197665.6436581,89828076.7225656,35744007.3599893,73976078.0345493,53988587.2958404,53437145.495968,133050357.210692,82832807.7131817,52129866.199735,111231712.364008,38571042.0490054,118246779.571457,60025031.0986795,85686940.3403403,178772438.695967,117525822.99169,0,1.26712005508721,0.238981699019647,0.580032472190133,1.21257590087812,False
A0A0A0MRZ8,3,Ig kappa chain V-III region VG,IGKV3D-11,40126238.2253729,62094259.839951,24461647.5203572,46683690.4664141,28896580.4545154,48600779.043922,33310478.7001864,37771163.6042451,35694628.4556644,15140380.0645829,32826597.7179147,19654279.7238625,14448170.9829903,61220631.9022495,23706113.4308387,97656168.3929654,36225390.3236495,11355475.5296205,78661056.1661241,130913916.574331,0,1.35916092479574,0.784334672154021,0.811450985241191,0.277262930951839,False
A0A0A0MS15,2,,IGHV3-49,2418830.84892858,4618451.62165471,1880992.09741335,4178509.15964491,1237704.26364317,9037322.88796315,9378035.80101987,7174348.60102913,6018704.06284251,5034811.58320845,13116493.5741624,13472892.4371888,7674245.51069893,8324605.50920245,3062322.74479473,8990351.99272286,11186073.2203858,5857003.41609792,7631336.85671007,2885044.55909511,4,1.61247667511413,0.0293200970827833,0.27325797600272,2.34155809835712,False
A0A0B4J1V0,3,,IGHV3-15,6384592.61677049,9545355.78843799,1944743.94786563,11028332.8045572,1576618.84209831,529328.15406397,1610989.33740126,1392106.99604888,7403050.49384602,2195198.39045886,4342848.56134817,2351967.55021998,4635029.45496092,5671815.93173824,2119514.99965909,4984288.01896099,3636809.12393757,3677582.11097461,10388813.4106529,8630906.3388735,1,1.1565973040644,0.17317911064367,0.523299809327203,1.41083914689868,False
A0A0B4J1V6,3,,IGHV3-73,2452240.72601952,2874064.7737089,2351296.78956395,1681758.60145158,3586653.2926971,2732127.52585002,2108311.69064525,4408682.2965175,3958345.89902075,1313637.8739028,1439675.21697042,6774464.87528095,5329748.67990181,1155430.78302658,2326178.39913679,4756468.9631696,156332.310054507,1152045.43548094,6704938.31601555,2682331.43167128,9,1.18241792507282,0.632109493662707,0.7585186811081,-0.485963581199361,False
A0A0B4J1X5,4,Ig heavy chain V-III region BUT,IGHV3-74;IGHV3-66,42177057.010753,45676967.1160574,56934465.0718143,95043843.1674522,72553373.6114477,40866515.7158166,34239433.0624834,51051651.39162,53159104.4443446,31603867.8263041,134727605.976258,44691440.9025124,36128008.8807161,76610832.3353783,26126019.1496767,126052321.350313,57648477.4833133,61031110.037765,132511668.656177,114180459.00277,0,1.54729262225279,0.0737294422628559,0.399711771208085,1.88394797439153,False
A0A0B4J1Y9,4,,IGHV3-72,37577812.0550831,28355730.2615008,14442762.9636163,25211786.990718,32102278.7635771,21721196.4090299,11151599.4652525,15857414.1969126,15059143.6308508,10901633.8332263,24024532.7345177,23782057.1610513,24944651.4590714,22639257.7374233,7862958.88678341,38139856.852638,19560795.334934,21008437.6157976,54807265.608157,30923376.4912281,0,1.26043637579267,0.245380781663622,0.58311339070537,1.19565420182993,False
A0A0C4DH25,3,,IGKV3D-20,13284426.2782071,10294011.1443939,6277525.9605899,3604341.57752913,7030712.00114565,7834539.4913029,5182984.74514068,7236775.30878434,8591192.32728416,3439012.99022336,19256553.5887432,4416532.5102032,3931220.66416074,13688586.8552147,3181583.3312966,14684694.9593693,7124455.40388956,11759418.5294385,21643854.2471514,12838498.0701754,1,1.54619843785997,0.193892242386496,0.539227987617833,1.34285787158442,False
A0A0C4DH34,1,,IGHV4-28,3920878.21609916,10293193.8350533,6238639.0657944,8097063.98826013,2912717.66077684,7883035.04723825,2647768.7596077,1860865.45221906,6797830.25795684,3831252.05398233,5882938.40843433,5815405.44705916,5370823.93124892,4269693.68628562,4861928.85553631,4278388.97444916,2347205.69118848,3160960.27436527,8538889.66901791,3390499.85226223,7,0.879476532151322,0.811957995622515,0.813589620325639,-0.240965595225862,False
A0A0C4DH38,3,,IGHV5-51,6234827.28733166,8767277.29622179,4109650.53614125,15616715.9031894,9476884.23043028,15626334.5385222,3675424.52289873,17501804.0917027,10601093.0828317,9270423.43645187,8061034.44645525,12139073.9219347,5320895.54409259,10611769.8511247,3636219.1428704,24279541.9591672,3310033.00182473,11129267.4497224,15619136.8629047,10910931.2003693,1,1.04101358660667,0.978684371649957,0.843797505224354,-0.0270438778696699,False
A0AVT1,11,Ubiquitin-like modifier-activating enzyme 6,UBA6,5064000.59089617,4701010.53024591,5277496.93388734,4079715.70494173,4497036.76727842,4838590.15513558,5280690.83788941,1514298.47491501,5318932.85158566,6248216.0463855,3872567.24696995,1379397.18485875,1935259.3677087,5593691.53476483,1994904.35603131,4503034.43145341,10537430.5128451,7166629.14182364,8521142.57053717,5064111.11449677,1,1.08005509306894,0.797055343929053,0.812593916944395,-0.260503431021555,False
A0FGR8,8,Extended synaptotagmin-2,ESYT2,5034892.97444878,429659.520334091,8846194.26839668,5938091.926727,1566262.60414418,5419157.30634665,6764031.89282861,6150189.94436277,6493725.72010601,8605535.14308142,10593509.4095965,3322103.44658157,4721710.39400741,5216217.68715746,4938544.74747084,9418032.21022842,6954470.79106843,8253788.57543908,6004519.49597576,5944326.82594645,0,1.18316553843539,0.225391208852258,0.567386468521056,1.24968876439981,False
A1L0T0,9,Acetolactate synthase-like protein,ILVBL,2490090.15890351,5971997.62056148,2529917.18302205,5881453.22840702,3243376.07338783,5525004.36749959,4016981.13575042,2588948.0588992,8472814.71386219,8918306.06543924,1747690.11057612,2408095.58548975,5358549.94618567,9780073.72678937,3292459.53717167,6789687.91946634,9998039.00120048,10238041.6311766,4006365.2270302,5790267.50415512,0,1.1968291768398,0.584638938869718,0.743198187245657,0.555324205498571,False
A6NHL2,4,Tubulin alpha chain-like 3,TUBAL3,4415903.20559878,3337564.42312402,6662068.37226412,5771202.32709713,5966263.68657604,4813667.41343442,6274506.12083962,4153222.24758798,6044562.43513611,5784511.83056097,4976665.50929769,4659573.66533519,4829431.09163706,4112232.81329243,3742758.60014541,3496625.80654942,5892470.83145258,6734537.69296569,4089692.07989691,5365592.13111727,3,0.899970978325018,0.496376750729143,0.709261894965122,-0.692435837771493,False
A8K0Z3,2,WAS protein family homolog 1;Putative WAS protein family homolog 4;Putative WAS protein family homolog 3;WAS protein family homolog 2,WASH1;WASH4P;WASH3P;WASH2P,425140.290019903,696988.387420791,280302.603020664,1198167.88335309,2793.28919821267,415967.742705755,569183.60855596,923301.741729386,675247.735455036,913278.096646524,826294.326690306,179811.813629152,1464537.35216516,713928.564670757,1008453.06363116,483775.569524641,575057.76567587,324092.391053586,1344131.43493398,500125.278716528,11,1.21635341535481,0.306385136874855,0.613768740516,1.04881084735993,False
Q99613,6,Eukaryotic translation initiation factor 3 subunit C;Eukaryotic translation initiation factor 3 subunit C-like protein,EIF3C;EIF3CL,3674323.26789361,1283666.05028861,4587463.26386106,3401132.21629124,6220982.22459138,4548107.61888879,6953057.51708529,857572.944087108,9421514.73632198,6911637.18404339,1249852.88678399,1457488.07875479,2425190.31738226,1431006.56687117,5232983.52452862,4943484.60598342,2504804.9415126,5930733.64364364,4190343.48128052,1101912.45198523,5,0.636609823714879,0.183610238965879,0.53240815837221,-1.37584070161854,False
B9A064,7,Immunoglobulin lambda-like polypeptide 5;Ig lambda-1 chain C regions,IGLL5;IGLC1,933714361.956213,1271978526.71856,1007138608.06427,2237769029.23402,1453414611.64599,1264951965.03417,1146512156.25277,1608668422.40191,1459067052.24149,1164788257.97474,1469555407.78682,815952859.716916,500727733.60556,1159252915.95092,824199071.442935,2279626233.55569,1289423934.7419,1584221924.97042,2029169436.29047,1743040840.25854,0,1.01086266122676,0.704826173545833,0.785121265036417,-0.384106190523897,False
CON__P00761,8,,,1937890895.84356,1396618201.15445,3177123468.74112,2047856447.27178,4037079797.30772,1925806367.01701,1555086190.95589,1396486311.17339,1657286587.90765,1399799927.56726,2973121262.32774,1985579965.77226,4028515595.74353,750078297.869121,2322039758.76311,930544501.51607,1643124757.93517,1293042802.5753,2028155316.37728,1144791522.16066,0,0.930249962067059,0.459538467772225,0.69086707470759,-0.753697590620537,False
CON__P01966,6,,,5410514082.96068,6834258974.85569,8113204242.73078,2259927298.61493,8077453825.37619,6744898379.30863,7526272124.03479,7132186959.34025,3872123339.45737,6302500807.74995,7431872212.93375,8266780481.43163,2884226114.68671,8102921799.591,1978713827.92439,8449328961.39074,7554353131.14046,8563591596.1416,5034767328.99259,6377962995.38319,0,1.0380769429402,0.987377497936179,0.843797505224354,0.0160132777846133,False
CON__P02768-1,72,Serum albumin,ALB,140054738723.602,69935525653.3147,135642999654.723,114098873943.845,159222526032.739,123386104882.584,90921408209.8163,117649012785.997,101611649308.238,91463820898.4514,131141924295.202,117718748478.204,111833574216.447,105085722621.677,133224916994.091,94671474295.5326,90763167342.1369,105620464373.464,132748296635.92,81443682825.4848,0,0.965266476086434,0.818407497548826,0.817186231250049,-0.23254027567171,False
CON__P05787,35,"Keratin, type II cytoskeletal 8",KRT8,801365290.989221,224939876.709813,290086545.011454,125577938.374346,381883700.940757,455301531.470665,407777788.106861,855709588.436093,1106284973.09316,1330976986.86934,539574496.496762,289187867.503184,301740644.960653,597391731.807771,844841994.779259,601132503.59814,828733324.355342,454414614.637365,723532303.061132,575568546.768236,0,0.962576960466133,0.520091501663594,0.721310207615658,0.654375807837847,False
CON__P07477,1,Putative trypsin-6;Trypsin-2;Trypsin-1;Alpha-trypsin chain 1;Alpha-trypsin chain 2,PRSS3P2;PRSS2;PRSS1,2827062.15014087,3984546.49711387,4352157.57511663,4222933.78752566,4831401.18949525,4130157.63180492,2878763.2148753,5438422.43324451,2229864.83155152,3730447.09450486,3798867.60185954,3182386.08695928,2990816.6558932,3624452.20948875,3310384.76471862,3127657.16660602,3247820.08681973,2797095.4820988,2696967.39912281,3032532.63019391,5,0.823517337755891,0.280082404445111,0.59687397298761,-1.10922792810719,False
CON__P08730-1,5,,,2046229.20270375,2284134.41407207,1608327.93310148,1239184.16233781,4807723.90590231,4051103.93700899,524842.626227035,1475915.06588257,7879499.39893091,890358.056797664,3786455.03005147,3074193.35345027,2589561.46475026,1922303.53296524,2356010.95613031,2651560.28115136,1671125.45638192,4294466.85217035,756237.670261349,1607367.74515235,4,0.921736433854249,0.705172865879675,0.785121265036417,0.383631197050817,False
CON__P13647,10,"Keratin, type II cytoskeletal 5",KRT5,4921481.97094631,2546981.0979972,5622849.78905926,3691567.67885956,417193.736907621,3048209.74857517,4117269.49562038,2742023.77937649,3553343.34076004,1489563.18161707,622056.036161381,3654814.20986743,2595494.46724268,2396324.45824131,2428022.38872604,2130500.11115055,2335807.56773109,954070.845254345,3385263.72355003,1298212.80553766,9,0.678078959424288,0.289263056214134,0.603321843609166,-1.08769212106207,False
CON__Q1RMN8,2,,,2968266.7937921,3672416.05995277,2314901.62755734,3308391.75224821,1668946.38120626,1955517.82277924,522487.063379782,2761973.9407792,1755346.90881322,1538223.70471446,3718292.91559246,2814110.91532071,3141102.81354903,2505920.2046519,2418739.96891553,3449097.38661815,1671934.18809124,2454527.74815725,3299523.64754024,3557701.6754386,8,1.29219004178836,0.102253977887719,0.437355574810954,1.70997746953126,False
CON__Q3KNV1,25,"Keratin, type II cytoskeletal 7",KRT7,98644625.1337659,26782409.7809166,14486670.48807,1936632.74389151,19064742.8596136,8018511.7642592,37446813.8830212,106305727.924286,10286259.0045818,16268089.2963677,110916669.599004,8556482.2923903,45273732.4494984,21791508.6548057,97057879.2523899,44730363.6672731,101524072.87395,12017091.6430066,78639083.5680051,7948558.28716528,1,1.5577605532307,0.215869795405103,0.55792310220854,1.27672428625014,False
CON__Q3SX09,3,,,4821356.60150697,11031224.1695819,3995272.21621215,3466093.77676893,6221360.68111216,6260222.97154862,14815992.655099,6551455.42626114,5250844.73492948,7553184.36380504,4314454.80333721,3708778.27269306,3742463.77578915,9695222.37586912,2099564.55557962,8654101.6450374,11392738.5171669,11151378.013923,6448788.52794357,5397120.85918744,2,0.951943117680918,0.685847516038033,0.77472505509616,-0.41024998995974,False
CON__Q3SX28,21,Tropomyosin beta chain,TPM2,78876809.4327552,129355549.330943,84191506.230876,85253130.7746581,43210013.1100046,183561087.631024,259460271.083696,65463032.9082054,110376630.046716,362654216.5846,59145904.6654491,59107554.8287889,58533641.6966386,387235575.096115,155645907.256443,247064665.579139,102412588.009604,158694322.517972,49895544.8286309,240507775.34626,0,1.08260200162139,0.881039232125083,0.825812662811676,0.1515157794836,False
CON__Q3ZBD7,8,,,10469717.98629,7315163.7908431,8690252.24204525,2541635.01773631,11072527.255172,14021231.6488834,18701012.5059909,5300590.67794099,10989808.2247776,4980326.75515593,285303.413647962,9387636.42769604,1869604.24244842,2058949.02149571,3002041.93925378,13031401.1150192,3204414.80140967,3589905.21985622,5014907.48069271,1587786.74561404,8,0.457386414982643,0.00747311991922796,0.175323277667773,-2.9653080284077,False
Q13765,5,"Nascent polypeptide-associated complex subunit alpha;Nascent polypeptide-associated complex subunit alpha, muscle-specific form",NACA,11087465.5181327,16428735.0546615,21194365.1846774,24268168.982448,24492605.7062284,19162562.5623629,11596170.4814946,24470067.275108,11706790.3656455,13386462.0991222,9981879.93375394,7064829.03699201,14654132.9810163,23541281.1075665,14862037.4524333,9960566.47907823,24543660.014886,11665873.8347438,5329284.65378007,20579298.6334257,0,0.799708254309752,0.169052239961199,0.521118528909864,-1.42515308230253,False
O00115,2,Deoxyribonuclease-2-alpha,DNASE2,1568740.03116299,545556.487107363,1874833.40282413,749922.307145129,375602.0896371,414381.959583845,3802528.10518652,1144203.41243223,2365651.6807409,3487829.26211375,815545.859052039,171051.307149222,564032.617661375,884059.345398773,1206685.84214027,868647.14331198,669787.838977191,750794.897768586,1513667.33153778,689241.217310486,12,0.498094770362154,0.101256277044442,0.437355574810954,-1.71530737298015,False
O00151,14,PDZ and LIM domain protein 1,PDLIM1,26263282.9729625,25626734.3733602,38996444.4053372,72390525.6218373,73105157.2638745,37525303.3468409,52151663.7840596,82429873.6033263,72681335.9684664,96772257.0220509,58163759.9211356,19167385.9239319,19638160.6191352,87259294.6625767,63433621.7731956,80110700.8126137,92737645.4213685,49907795.4322504,84645208.7538434,98183778.0240074,0,1.13029801887128,0.682019483683751,0.774270699342087,0.415558175320076,False
O00159,44,Unconventional myosin-Ic,MYO1C,295327567.374053,364307465.462655,202755885.163944,314896030.18246,215751525.88733,242360589.146187,317967807.43765,222314644.261693,314112058.763813,253751249.37558,174706948.198572,226256843.862163,198188512.063604,263299092.891616,241585808.681125,181461844.936325,298011566.458583,286535903.913004,209897469.03147,214727232.2253,0,0.836389186346987,0.0837016147854575,0.418710352294526,-1.817364347923,False
O00161,5,Synaptosomal-associated protein 23,SNAP23,2106301.84565389,1240593.84804093,1035121.46284847,2998608.3373912,1555309.28686466,2874811.85906956,26872.2641846233,1960731.0108426,810945.420968467,2724511.7894151,1440416.34051307,2437173.96520783,611568.141377539,1364577.89664622,2925281.48903258,2611460.88971383,681518.033747899,704527.616061516,3185084.01590982,1379298.88273315,8,1.00040961259189,0.599848612870645,0.749006456499085,0.532815328508824,False
O00170,3,AH receptor-interacting protein,AIP,2019054.04212009,1650397.42117985,1828334.31897604,2104819.41294856,1338384.19126881,4177244.98357096,4056710.52320937,4487681.70660663,4258655.63179409,7104368.09355598,4797846.91148869,2559303.16002373,2587034.32367019,3311113.75235174,4286008.64144727,7121933.48772994,5209121.91803121,4140713.39034489,6561271.32831434,5117079.37765466,2,1.38351329469961,0.0165065349687847,0.216813824767178,2.60955590761225,False
O00203,3,AP-3 complex subunit beta-1,AP3B1,2602655.7129656,1196050.48898023,3757921.57690571,1529244.85463956,1732003.03967252,2490775.90321182,2716693.85559599,2432409.01042911,2251189.59311832,3327709.22275744,1043152.53475012,1603696.29723774,1630900.28926073,1735248.34764826,996418.453898558,1966346.69613907,2391631.44797119,2422297.34880335,1876024.41297899,2858095.2228682,7,0.770648511359546,0.141279653551374,0.491347395312833,-1.52964176051636,False
O00217,3,"NADH dehydrogenase [ubiquinone] iron-sulfur protein 8, mitochondrial",NDUFS8,3525282.60940368,1735065.99908169,1481402.37397796,4233742.69941879,1499000.90387254,2139733.57638448,3444399.22427002,2191080.58108994,2241450.72563112,3721244.14088666,2708423.77398309,1133502.29106605,2413874.61686363,85652.2878793268,4237726.17369984,1035193.01480928,1700653.8692437,2090464.37241659,3130828.57528538,1902543.01615882,10,0.779740114663635,0.188308307241348,0.53240815837221,-1.36059332875294,False
O00231,13,26S proteasome non-ATPase regulatory subunit 11,PSMD11,7662308.27816838,6401984.0646318,16322348.7702108,10292570.171992,5909438.20595298,12692893.0701375,18800543.3305228,14584836.7430855,23738489.5000449,22896965.5612645,13349720.9795783,10381793.0490188,4407334.04364639,11644510.1672802,9732820.32484609,17682234.5757024,22229033.2120048,25721389.4157794,25156089.5464822,29177016.8374885,0,1.21664787748041,0.313352011756068,0.613979024606205,1.03343405977485,False
O00233,6,26S proteasome non-ATPase regulatory subunit 9,PSMD9,4781258.14233463,14459836.8532447,10140606.8398348,7806412.34745395,12480605.015973,8554777.01268194,5716221.13756989,8347833.31654875,9498754.03018597,12770923.5888104,13175634.6599701,8790191.31635695,5269089.15195111,12172728.9374233,10049836.6475111,11500517.5096018,13468632.9704682,17901903.3456183,12941015.1921686,16917319.8384118,0,1.29220020284089,0.136205473072495,0.486433579823015,1.5505265914742,False
O00244,4,Copper transport protein ATOX1,ATOX1,13025960.3064337,19207586.8125765,27407890.6291679,47122532.2892751,7875476.30185728,16844007.889489,15784759.3472087,17476902.1037398,16183311.1795885,10947649.1714836,17915995.8334717,8378495.55886014,8734976.98449384,6170833.60633947,7721725.44070785,13172701.822923,14099568.4657863,9956557.14077714,18215283.8406583,16504459.4413666,2,0.629940952701,0.0458213530723269,0.32800665024696,-2.12509643960987,False
O00264,7,Membrane-associated progesterone receptor component 1,PGRMC1,31798561.237625,20589656.907469,23700687.9328507,27636225.9283463,34443241.49794,25659290.7018005,26604589.3973551,21122896.6172011,21504426.8807834,26152717.4652109,19239486.3025071,22041411.8262996,28091700.2460856,18823240.2257669,23905603.8664419,25957771.2225591,26776615.2244898,19627377.7595778,20159013.674263,18501721.3942752,0,0.860776847469145,0.181338276020332,0.531816779575184,-1.38332575239762,False
O00273,4,DNA fragmentation factor subunit alpha,DFFA,1579112.86438734,22733012.4215446,43088750.6880466,10728385.4995229,46611306.3704862,8313636.71546885,18389149.2557912,5273032.9032666,4187796.9752493,8434144.68029687,36753625.1236925,13312487.9797673,4541272.52089023,999946.415664622,13138035.3256195,7190516.22817282,26465286.3503234,891480.94044044,8436717.08776451,1744644.80368811,6,0.670102355831484,0.259341820098799,0.587927183588789,-1.1598560688899,False
O00299,12,Chloride intracellular channel protein 1,CLIC1,155490229.93512,162023403.673255,180161479.341883,149141366.301362,188372350.476988,291676300.094387,166880015.798349,176297487.884774,231415640.87683,271230409.023764,164264872.165034,167180396.137258,173230466.756808,290375082.527607,226060248.692881,161317048.825551,274964022.333733,163073915.042315,226782565.586001,209291015.743306,0,1.04250592154205,0.668206992241893,0.768339943129565,0.434814407659996,False
O00303,5,Eukaryotic translation initiation factor 3 subunit F,EIF3F,5987835.27224908,10494082.2964539,9412722.56025398,2931701.17277275,7986426.26689393,6041771.47307837,10256651.4680039,8764641.07369291,9122632.25137005,7299766.55890958,7724187.35393735,7990568.50709052,11156182.2984407,10582721.6408998,7438352.74203325,9823043.86496867,7697323.29387755,8765137.89289289,6181905.97079038,9907985.76638966,7,1.11455148976606,0.378829599660067,0.651919973400683,0.899357881811026,False
O00330,6,"Pyruvate dehydrogenase protein X component, mitochondrial",PDHX,5189421.11968284,3073900.42985832,4115744.46302272,2882088.2671833,3724814.05967347,5359071.19268464,5040240.95429129,858070.983846366,2593645.11450005,3963335.85789615,3923458.79138303,2187099.8996324,2790259.13121934,2141999.73345603,2439923.24599722,1688510.61181771,2994834.50117647,3111806.78933479,5272831.97861277,3219967.1961049,7,0.808978884229874,0.474307235247929,0.697554373328703,-0.728802244385377,False
O00399,1,Dynactin subunit 6,DCTN6,1526048.8358481,2013764.83902413,1576544.65563297,1952197.57701761,1672040.12420182,2454776.3919267,3173955.05196592,3328708.83924469,1990423.02057317,3770190.04788411,3736874.09918971,5369288.15165948,5387536.21392175,6679768.46486121,5126208.51251642,4719519.20586214,2306818.63956783,6609613.0052325,2251768.75723458,5244720.94413666,9,2.02194573179093,0.000722613008937892,0.073258090536328,3.96659160988847,False
O00410,20,Importin-5,IPO5,5172459.67624784,5892882.07639496,20280276.1524571,10308567.3615938,7904300.8210139,5706987.03404325,49621092.5703382,22129280.4065974,33466442.7391968,32510836.8122458,20269729.7625768,8801011.17857763,8405776.66053706,24976874.2339468,12863230.0226619,20441754.2829998,25799248.5752701,63258324.1778142,23795478.6629589,22401990.9972299,0,1.19700335323534,0.218742821648286,0.558274600234128,1.26847130031035,False
O00423,4,Echinoderm microtubule-associated protein-like 1,EML1,3004244.19714633,1039699.21213049,3637293.07555972,756504.934488043,3457544.22075083,2819802.8484341,1309576.8237774,630733.007530093,3450917.32063606,2767722.56283451,1821855.22712934,2813415.58276629,2525849.53749186,2838774.56556237,3507562.26773505,3092067.52306448,2031109.7005042,2779526.5002002,2733475.71599747,3786036.04293629,4,1.22102063549817,0.164051336619494,0.521118528909864,1.44288085306141,False
O00429,9,Dynamin-1-like protein,DNM1L,756169.97947631,2131848.72106271,2082247.93903724,2427465.43295839,4026662.13065349,1912409.68383851,4212808.03301677,4055932.75668474,2898236.59073758,7657219.04160422,1693074.79462062,4020234.88811489,6272040.78147801,1796861.13038855,1700005.45122668,6202345.4582171,5756142.09498199,6778078.4963145,4364328.47388619,1781406.32409972,5,1.25507656806137,0.37562869521813,0.651005541947793,0.905530007681614,False
O00468,5,Agrin;Agrin N-terminal 110 kDa subunit;Agrin C-terminal 110 kDa subunit;Agrin C-terminal 90 kDa fragment;Agrin C-terminal 22 kDa fragment,AGRN,636396.044526548,686196.576150079,258171.113759119,1007278.49708976,744465.06944423,648654.838373728,109409.258866602,1301885.83051858,716402.846163867,1600066.68233069,438651.506194323,204534.888846579,706023.89724224,687876.906658487,847829.703401104,608466.046021605,1007707.27958807,116369.6002002,902651.232727437,968429.773776547,12,0.841691851408094,0.685115775465922,0.77472505509616,-0.41126373290409,False
O00479,2,High mobility group nucleosome-binding domain-containing protein 4,HMGN4,75650.8159252462,446038.399518978,395190.646025633,215281.098175404,168751.088508229,939997.868529747,75919.6246822579,247585.868597813,861218.126583416,1014071.35295797,1099744.38068888,1069371.90033291,143607.319016198,1236154.23038855,1848611.36992235,1070344.73113259,186139.433469388,899239.03127609,1147054.13180503,174914.745706371,6,1.99904757064348,0.0685945116467207,0.3844369060632,1.92137528053833,False
O00487,7,26S proteasome non-ATPase regulatory subunit 14,PSMD14,6226493.57141934,3172386.20539619,10900316.3910579,9474335.54168233,5835523.9032585,7185131.95821417,17033871.195083,11852487.5810898,15248883.6353427,16179393.0646542,7315194.0379379,6060475.32635753,5449527.02506828,14417085.390593,5559856.26357393,23389423.0612492,15759027.542377,16234256.5611066,9582588.07967083,18631155.1200369,0,1.1870816171759,0.412094447110479,0.668891502267805,0.83714505992172,False
O00499,9,Myc box-dependent-interacting protein 1,BIN1,15534529.5745341,7604164.37366626,13038347.1992409,21061164.8237573,5952674.98468792,29982042.2343498,24925836.1569184,15751795.4203804,6854819.41892013,10306768.8806822,11393809.9769218,3648728.0373683,6678728.44641553,9325239.90879345,12704215.9073261,12009804.5530625,23796050.814886,18219104.9012649,16558042.8825285,16433436.8328717,0,0.865938060380361,0.573969618951666,0.736406810326589,-0.571288367253857,False
O00534,6,von Willebrand factor A domain-containing protein 5A,VWA5A,7868498.79682987,388344.53316862,7306617.05170728,154267.616970342,4306086.87438195,4392122.47613708,7083277.01251442,1764863.99517596,9022692.63580577,6845615.17697852,89781.9840268963,1033012.8206915,6680780.55009717,3122529.71386503,10351818.9083625,3630294.76498888,6285661.21623049,1982127.03994904,3366202.03183216,3137606.26500462,7,0.80761018115467,0.767459002171981,0.807231985594737,-0.299623777445765,False
O00560,3,Syntenin-1,SDCBP,1760855.64473585,1954941.83693647,2645059.84839746,2375366.47763352,2848219.43861328,3071076.57733289,2006850.24337746,1586514.24000735,2476274.97012847,2976792.25187326,488666.510186126,1638952.54965216,3763288.94934522,2054396.44683027,3062773.57433145,2911516.10043121,4470308.12038415,2170086.76176009,1872825.94967444,4013175.63758079,12,1.11577270621697,0.965785860551632,0.839800241506769,-0.0434174166904136,False
O00571,10,ATP-dependent RNA helicase DDX3X;ATP-dependent RNA helicase DDX3Y,DDX3X;DDX3Y,3240245.36950397,1340036.20256301,8212380.03737748,1162390.38498684,4434603.75739842,2866757.55977262,3156039.50355019,1486820.41923183,10125063.9565178,8240079.99286377,5090482.62154249,9040291.01834519,8358064.32347118,1888898.09120654,6389535.77807908,7603791.57024459,1655151.12441777,8648632.22768223,3805738.5042051,9219000.0877193,7,1.3938867666723,0.178757900256001,0.528663623258471,1.39191807896506,False
O00584,5,Ribonuclease T2,RNASET2,8576187.72586255,3360278.39410144,1602096.68402796,2368958.6001241,6878693.93841558,1424690.83188441,2475995.14493654,3367950.93751723,3071689.17891474,9928642.8402198,593332.689610282,1381407.42192496,871184.210165037,1237224.42760736,2151027.30563376,138224.837783699,1083988.4654982,416188.850759851,3405414.66847531,1835171.10249307,9,0.304566434924303,0.00163888034914379,0.104568605366734,-3.62016456782011,False
O00592,4,Podocalyxin,PODXL,7762312.86911624,634354.644678153,4162620.82364941,4699390.62377469,5100704.55418714,6500309.43098028,4566971.8836425,15173897.5617936,5934160.61836313,7421140.3496753,3352635.64535946,824270.628799062,1191066.86244896,5639939.34314928,6793661.24029329,4003494.86998181,11945592.3793517,596968.225288925,4792392.66974136,12201285.8818098,0,0.82867552741564,0.338162339084765,0.626458497370308,-0.980551699184384,False
O00625,4,Pirin,PIR,2814913.50836292,1649248.51832255,1493777.73318341,2464215.73339502,7788234.93063405,8799896.52272034,5881608.19100027,6125459.69424791,4631335.22468781,4747582.50802826,5561297.64145774,2089991.63620181,6576617.99446461,7291865.19304703,3382374.79147975,6908924.55961189,7885437.20542617,10684504.9467649,6195512.07962561,7371084.74145891,3,1.37829198887744,0.0788293841514336,0.409944313545591,1.84897566473571,False
O00629,3,Importin subunit alpha-3,KPNA4,2914488.14167849,2443607.81618353,535453.041985052,1380185.02629567,780578.647894242,1962282.48458225,1605929.85382089,1431950.17678949,3065308.54159554,2661287.08477842,511646.209928607,4892578.63775793,3312498.81733597,909010.340910929,922513.162206478,5486774.49359208,5898125.01867947,7636223.50919101,3111995.97359378,3948923.40858726,7,1.9503834435974,0.0968533616794181,0.427872205634169,1.7393793434933,False
O00763,38,Acetyl-CoA carboxylase 2;Biotin carboxylase,ACACB,36743232.6789361,50858708.3352283,101507633.846373,65134503.0679814,19806150.6702064,33607105.1181969,89187913.0158871,31972435.165855,54378981.5528704,18502834.2021694,8549779.46139797,29163586.1330612,17117842.8199789,15213617.8920245,11059865.3964669,41312700.0210228,38922347.8818728,124108297.670398,7683310.50226081,49280397.6177285,0,0.682503664041061,0.0460360667328215,0.32800665024696,-2.12278399993809,False
O00764,17,Pyridoxal kinase,PDXK,175394525.331507,102899245.976911,95594962.2259936,150297919.873926,71038027.4614995,126631816.143752,166938075.445993,98508829.6241845,152446858.476327,91510503.125669,50966019.8439316,73378953.0978638,116688212.231266,90982052.1308793,68347157.9370727,89691946.6747524,98382857.7478992,155904989.80344,97549884.6491228,97573116.3434903,0,0.763010743270533,0.0525529201834227,0.347692777049084,-2.05685237918834,False
O14558,9,Heat shock protein beta-6,HSPB6,803720471.573138,911218183.793948,719927146.50459,1014891973.29324,860906031.439335,1268573048.70519,722378135.981184,702407798.401176,1040295750.29198,656805599.172197,605330095.650008,934268053.100035,923568979.123286,718996712.928425,867364175.842279,846217448.029109,844663772.494598,1000077826.91783,776342597.540242,807400943.674977,0,0.956684501010722,0.719590540106782,0.791353431452998,-0.363956009686602,False
O14561,3,"Acyl carrier protein, mitochondrial",NDUFAB1,13097219.6164086,8746027.25336715,18420847.180932,19395511.5010265,9742069.80667122,7659984.6886998,21004321.6703648,19173025.1422963,16579582.3394125,9142892.02567568,5194661.3016769,17836542.8707885,20886590.2429138,16336560.5451943,8207007.60905547,13070693.2904791,40087289.9486194,17539630.2552553,6049056.26216314,8980045.51708218,3,1.07852882134535,0.879483612734912,0.825812662811676,-0.153513392454957,False
O14578,3,Citron Rho-interacting kinase,CIT,3664914.08173573,3591827.80595035,10163244.8370548,8046383.8041866,813477.382393778,10847690.1740068,1254503.1008698,8111350.29982542,5052205.42049232,5378192.70884179,11209656.6873547,12502756.5408273,3703019.8246302,11772933.8335378,2145534.09074034,1739132.13535476,9377873.38631453,9971864.45445445,2446340.24472296,176332.989847652,9,1.14267592912044,0.821173615276816,0.817197073956267,-0.228932070971838,False
O14579,4,Coatomer subunit epsilon,COPE,6673977.88236358,2781303.68593668,5285934.67880014,1267669.1868259,11119665.8660265,1019076.40455897,8667475.96964587,2368866.00666177,10314803.9610098,8864288.05965889,1625271.12111904,5162291.51376346,2502349.82607696,1790057.73378323,12086952.0232497,7862213.18576915,13298109.8636255,9285586.55792156,1900967.77726533,7567558.49953832,1,1.08084388075384,0.812153865649177,0.813589620325639,0.240709459697654,False
O14617,4,AP-3 complex subunit delta-1,AP3D1,1176648.21972497,3201645.87978835,1784873.36225908,4144705.43086907,4565120.07158563,1125440.7633792,2247737.78734357,5652751.26757328,192351.028447579,2558519.49600371,731690.076656151,9780627.44154416,12857155.6294011,8535587.24662577,812217.334333334,9159610.59470386,679435.856864346,6533586.68063518,31645611.8909387,796448.859187442,6,3.05938476414196,0.224303789579174,0.566740821691144,1.25273147221958,False
O14618,5,Copper chaperone for superoxide dismutase,CCS,9722306.22890118,13430844.3934756,9945132.41602154,5684406.76459532,10263999.4928287,2976583.83375086,5399298.40378983,11185286.0415327,6166130.36721768,2124041.33840006,2217195.63921634,2726078.05532441,344552.508231719,7553375.52773006,5927901.66143304,10964028.1908227,5638840.14727491,7030138.92820093,6561778.38827094,1126139.79039705,2,0.651382477620858,0.0817206215351783,0.417224105855535,-1.83001863781501,False
O14639,12,Actin-binding LIM protein 1,ABLIM1,6907805.04187453,17825516.7176841,3112434.0910763,9917500.92930052,8101748.77723678,5939770.98432322,8295064.80118931,7998346.79582836,7075203.27369509,7045014.97609363,5336319.77743649,14096927.9907665,8189200.66997485,10275422.1537832,7074104.31643102,5860956.9029715,14403817.5879952,10464249.7110747,12533677.0270392,5542086.63204063,0,1.14058112883657,0.464221492735931,0.69086707470759,0.745752519483044,False
O14735,1,CDP-diacylglycerol--inositol 3-phosphatidyltransferase,CDIPT,3037095.94682968,1746753.78485235,3273688.77163208,2985637.64311945,2350483.78680594,1731090.2194324,2360456.44612585,3019065.49926491,1806392.00736681,2208202.72518376,959192.107469033,2392542.03354753,1637536.87706536,4645879.01218814,8203827.32674875,3147227.69246008,3453631.40758703,1970391.43279643,2391379.26528305,2641841.90720222,3,1.28241852609145,0.606739702779534,0.752218059563864,0.522709029823941,False
O14737,6,Programmed cell death protein 5,PDCD5,4399886.9538527,127434.872380619,2514604.23855067,22271762.9557875,2303079.08061425,3057096.5732494,10133896.7844147,4798527.21152256,1701447.31461684,3593997.98458574,7094979.20801507,1065242.48528135,1966267.38876119,6600670.67501022,5532245.63082016,9229883.13927633,6675889.88388956,9982069.33023933,6168722.41191897,11227546.0064635,2,1.19383326209693,0.201710001146789,0.544755748559004,1.31869152533494,False
O14745,12,Na(+)/H(+) exchange regulatory cofactor NHE-RF1,SLC9A3R1,21981685.4498927,12812958.5320098,18523975.1743107,32100306.5402076,22462535.9999119,19880147.2751918,9637072.08529333,40342937.8783424,28316596.7765699,24746248.6480411,18969512.8656816,12469891.2093319,9044890.63968739,19372862.9402863,34095517.4937351,16712020.0893471,19324755.4554622,17304067.7058877,25301446.7340387,13408670.2262235,0,0.805892710418913,0.290469879032616,0.603321843609166,-1.08489820374128,False
O14773,8,Tripeptidyl-peptidase 1,TPP1,31893976.2458966,41373016.1286514,30227439.8774391,30975098.8121331,40650807.5877415,20494272.4545629,60708826.4231827,42454454.7197464,61154210.9168089,91183727.5351459,41780716.7059605,44464223.7958782,20420310.7834176,32287850.0916155,45323359.6193113,49718203.0944006,63019955.3488595,68602277.4638275,56780573.9392295,42183446.8698061,0,1.02984840277067,0.677470966068038,0.771097269083542,0.421881310523978,False
O14791,9,Apolipoprotein L1,APOL1,2599273.91520407,8098146.13910268,1594421.27944889,6788212.84712142,3025133.28548767,3507543.4650732,1254337.21616224,4930507.74772581,3637299.09496002,2923707.89063727,9646740.49493608,2574991.96024372,2715918.51875389,3409571.89648262,1674418.63448628,6271257.88902365,21874524.6477791,3761517.21430521,6990328.56158437,5732055.51569714,0,1.6854461368917,0.17419993834367,0.523546616129746,1.40734076027936,False
O14807,4,Ras-related protein M-Ras,MRAS,4202492.62844041,1481536.64163897,2794663.94224442,4006291.34844465,3474074.36900053,2223584.12677686,6147604.31956155,2284199.24758798,8731398.43679813,3399133.03040034,3075140.65881735,438461.391665219,4095232.12025744,1750995.53529652,3567728.17800089,2225675.05417425,126215.378951965,4696538.95809446,1557434.6566739,4264874.45198523,7,0.665848779766907,0.107092034411954,0.447030877785058,-1.68474433426231,False
O14818,9,Proteasome subunit alpha type-7,PSMA7,22037243.5559749,66925375.3520203,50359274.221245,56723007.8327502,40154614.0794025,43004679.407277,52587940.5649241,42417531.0824221,27991688.007816,56747582.294655,41426958.4094305,56280865.8236367,52650457.2622299,51347298.1321063,34391861.9814064,62022698.9634122,56120051.9519808,72560068.4557285,46461058.7226442,63990706.4912281,0,1.17061394762081,0.184272783763983,0.53240815837221,1.37367181202202,False
O14841,8,5-oxoprolinase,OPLAH,2100337.9668881,4035710.06183313,3549165.51758155,2439247.1469219,2743289.40936509,2992500.68505205,1862885.26582054,2552110.29049894,8879160.5641901,2564188.05216585,899989.034658808,860766.469600587,4462678.43329998,713994.187845037,3297823.9374047,1375161.67804812,6155411.47461271,2251195.5981436,3753257.79869778,2539887.95706371,6,0.780286562958479,0.177439876973312,0.527958552151401,-1.39634519953187,False
O14880,4,Microsomal glutathione S-transferase 3,MGST3,43888488.235066,59468244.9287214,68248855.9817413,63880669.2883787,27469766.7562625,22895064.192493,50793897.4527381,38417756.6020399,60239932.7535711,33415138.2423464,20597111.3440146,45809944.1595751,31000439.629249,22727166.794683,30897888.1926183,30458992.1689913,38758107.2052821,32340101.7685868,46804169.2932718,39738808.8596491,0,0.72353283569114,0.0572827661817835,0.357247963014265,-2.01345518222567,False
O14907,2,Tax1-binding protein 3,TAX1BP3,3823605.48336651,1986143.42850271,2553511.61787082,1984300.0453402,2407465.01784573,8149162.58535651,5958661.63765865,2180898.93200404,14410165.6508849,9103701.19638907,3052251.40760418,2626792.05062522,3430846.73030639,8336836.33456033,4638586.3026328,3421063.93066505,7709080.41334934,7116200.04732005,6256274.76442395,5196863.65373961,0,0.985295756832954,0.475728797469369,0.69840672728157,0.726430366596632,False
P19105,7,Myosin regulatory light chain 12A;Myosin regulatory light chain 12B,MYL12A;MYL12B,16389641.2942332,8478767.09900297,11741590.8097714,10289651.7657809,15739628.6854745,8750686.92411414,7922570.69037898,12908675.3464118,9445022.34749798,5665555.16181403,10480555.0061431,16627423.2676276,14679404.391817,14709096.3460123,19564518.5177737,4921496.10010107,14906412.0081633,9115505.29484029,6532875.97074516,7380377.41920591,0,1.10794447930583,0.700287744237391,0.783891108026164,0.39033254123477,False
O14957,1,Cytochrome b-c1 complex subunit 10,UQCR11,1636307.0026107,1670924.20896771,1627783.56589117,1877751.47234329,1261623.37504976,1272857.33451376,1543557.20378095,1592009.85114399,2127438.81142754,1359319.76768001,1364491.08279807,1260080.48362577,1013010.12505033,1627491.9717063,1036862.96478375,1092020.23028098,1299270.31576537,1721392.46364546,1299003.09879725,1381223.79455217,10,0.819987288602206,0.167407546450904,0.521118528909864,-1.43093611664463,False
O14964,6,Hepatocyte growth factor-regulated tyrosine kinase substrate,HGS,2029720.73690011,3393542.4710634,2508.96018509776,520513.961125408,4530121.5828202,1041346.44338598,2345360.93773853,1525547.3039603,803700.039381008,3577792.58285164,1395575.31035632,1297828.94854261,2461132.15506098,1867723.47480573,1086384.43597438,3430962.5364059,1364543.8507563,2447894.57889708,2011032.09128451,1278466.77249447,8,0.942913403373659,0.329112877475328,0.620838122156971,0.999516614231072,False
O14974,7,Protein phosphatase 1 regulatory subunit 12A,PPP1R12A,389619.335674774,1623748.46689697,13539637.2921011,7479334.67356794,4366748.28314743,1442199.36831572,3798510.97590308,3572490.71450887,1504151.29224688,10951650.5052451,3681453.79987278,6141015.47653265,2727290.65361421,3651360.02527607,2971540.14076664,8323140.62866384,2399381.00550651,2371868.25429975,2846972.63628143,4310010.31532779,5,0.810059161987363,0.692788194420938,0.7797051644478,0.400656064301128,False
O14979,5,Heterogeneous nuclear ribonucleoprotein D-like,HNRNPDL,1190561.90194381,2428376.5280974,2133682.50301095,2994717.12910968,3449301.93556217,3720298.71079917,3915685.20475593,2342160.77129468,5044649.40261432,5416472.13516021,985579.877105637,5324036.78437383,1370266.4364369,5454948.10961145,1677165.24193299,2531625.08963008,1857894.12355342,1149982.72290392,3461698.32365708,2359543.63250231,7,0.801961501034867,0.224451467440781,0.566740821691144,-1.25231759158753,False
O14980,11,Exportin-1,XPO1,4020474.42448368,3375078.92185587,4963112.80861772,4348965.70019952,6082115.31982926,2809987.45679836,14907229.2442531,21097994.6292383,12419574.7188033,16219406.4022693,9977380.37647352,13962392.7071223,1772546.74513973,3874572.58805726,5007638.73217344,15765985.4032747,11484282.5008403,14710328.4438984,7555784.92317779,6771043.26408126,4,1.00706990475518,0.78855476476439,0.811510678024041,0.271694172855724,False
O15013,2,Rho guanine nucleotide exchange factor 10,ARHGEF10,2304814.58656919,288712.037986582,2765861.53150969,4027076.30402221,1009434.301714,1391526.81707487,1605763.96911334,1413574.22705136,1452182.68039709,645395.129062299,1258681.32848248,4603967.35623348,19463282.4563942,2125641.00453988,4956469.97501779,2890904.95705766,1266448.18981993,1177727.70620621,1733976.03156086,2490078.99471516,7,2.48262718723732,0.0513419409971273,0.343437740628752,2.06852533654884,False
O15061,20,Synemin,SYNM,6831231.47827436,8142934.69096554,11422675.3029746,14561766.1024203,6492517.05060698,20557939.8597676,23548993.0842283,5990731.35247634,19901711.5331057,11605201.6862913,4229894.15789474,6952167.2216192,10342830.2984126,6496785.10212679,4125838.05981809,7584145.48251466,23682069.5803121,26153395.8240058,10307683.8175981,4851441.54662973,0,0.811481006677434,0.206573192453742,0.545684645187056,-1.3040263551605,False
O15067,9,Phosphoribosylformylglycinamidine synthase,PFAS,1614687.65263525,7570572.95976911,4568882.61574732,4184154.67549015,1473221.17409505,3899761.20922013,4291603.26910446,1401123.23306993,4615215.71988141,5626475.46874331,1142561.719218,1340391.5815532,965014.092836475,3546862.91112474,1152808.96869876,8329185.57873459,5084370.80302521,2702336.14846665,1208070.34658166,6654884.79224377,1,0.818598944543982,0.217131484861593,0.55792310220854,-1.27308960468295,False
O15143,6,Actin-related protein 2/3 complex subunit 1B,ARPC1B,1577178.78793461,4079272.64968515,5168242.50603876,4455392.64465791,6135901.00966102,3746921.86004628,4018888.80988728,5253718.37769916,4994611.77311113,9062354.08085349,5072311.22757671,11384019.0390983,2384256.52340518,7807853.13783231,4925558.02576085,10345932.0460885,5639109.39428571,1130785.27759578,5839978.54006149,6406903.04893813,8,1.25662170958514,0.608155691555173,0.752218059563864,0.520639234651343,False
O15144,10,Actin-related protein 2/3 complex subunit 2,ARPC2,5505445.97726627,5296900.10525625,2846801.38085843,4518017.08220802,3683361.76937143,6151332.46620159,16603400.3789829,14498967.8190756,17181545.0970263,14582860.8938129,4833765.7763573,5646480.34813882,4890523.41815625,21104289.1550102,7462098.75785045,13548244.3460683,18154428.4484994,15257990.1110201,19479553.332429,14310723.7303786,0,1.37217974287114,0.0654361972531476,0.373037489620656,1.94564182867266,False
O15145,6,Actin-related protein 2/3 complex subunit 3,ARPC3,7494546.95349859,7494072.80549239,8504778.10849901,17221839.3193187,10786340.9578312,16942161.8058463,15759876.6410757,18008430.7433612,22176072.9143833,32895631.7423107,13429471.7534451,12029658.0652281,9405766.38592174,27130263.9235174,16499882.8403923,10156271.7376188,21117043.057383,22422663.3183183,23852100.3581118,26491432.9686057,0,1.16054298105929,0.277156354121295,0.593267493743694,1.11619974658657,False
O15173,8,Membrane-associated progesterone receptor component 2,PGRMC2,45817320.7440484,76089864.9877558,28177380.3726988,36005566.4071943,24270245.1298773,30556375.2854679,18504439.1275406,30436240.1153175,37315814.069266,6178859.59451937,37625608.2932094,52959168.1218884,49638105.0947835,14292483.8572597,41511357.5998515,41602857.6244188,28460306.5320528,33972031.4878515,29648640.7618918,32164612.7331487,0,1.08556438004595,0.390610759723946,0.65797460515182,0.87693248370814,False
O15247,7,Chloride intracellular channel protein 2,CLIC2,16422251.4869336,7875756.26753542,9741376.50183089,9149311.56105601,5324094.57765097,15983171.5149494,7984279.80158871,7110032.77694569,17466994.6613063,25049016.2359951,6652828.17482982,3574070.98804562,6708801.4252684,6864397.84678937,3289134.69657829,10797036.4451183,5002609.4607443,10080716.4628265,20462404.5482908,5161949.73591874,0,0.64365195891509,0.0418224498755634,0.314522477872934,-2.17006166405339,False
O15260,3,Surfeit locus protein 4,SURF4,18756899.7272986,14908539.6812139,13419452.0111358,14726061.5631958,14034452.4879376,10527670.731465,21174353.4956066,13313117.9784986,18501329.55305,11610536.7979733,15950154.7733688,10609010.155653,9328183.15476351,19702330.798364,10257133.2305943,14917425.5370932,18618430.7971188,17536228.6299936,13697379.6274191,14412279.4228994,0,0.960629510110173,0.725548111804484,0.795526597107289,-0.355869069571268,False
O15305,7,Phosphomannomutase 2,PMM2,6154992.70446145,1506301.11465804,2912897.04934205,1606852.84203221,3227110.80900659,2449736.05568133,4409215.52675956,4510179.36469723,2577357.69818525,4630009.98433597,2333098.02847418,1969620.66899676,4568060.216339,6354678.2,3467519.62232775,5401087.3263392,1895947.70108043,7924511.25011375,5242830.93118105,2900842.111265,0,1.23756437564693,0.412721013548813,0.668891502267805,0.836004880393636,False
O15371,4,Eukaryotic translation initiation factor 3 subunit D,EIF3D,3323914.11999006,6269504.01345705,331415.869630645,2398765.00428117,5554026.90180379,2976981.75503339,1812124.54530931,4284075.66622368,4785477.98939898,4634011.31809748,830664.821110742,1003613.94248816,1851450.2065614,649186.836671591,1911409.5133882,422531.603168517,2543576.51106843,1240742.81417781,928849.330484717,1960356.74699908,10,0.36684831743064,0.00973320008369703,0.181482743058785,-2.84813138422731,False
O15400,8,Syntaxin-7,STX7,33477382.2692377,23086536.9428896,29363352.2965539,27709726.5292196,19669234.2042125,35083393.0763826,29275333.1889589,23955712.4202885,43223780.4923187,26566188.6205666,21905086.0982899,21685708.8557948,14506547.94194,20397958.990593,26003144.6060081,12428417.3454619,27703722.4316927,28565148.1344981,38193446.1304033,22228085.1708218,0,0.801677199133609,0.0939449168835999,0.42417512839099,-1.75580099016824,False
O15488,4,Glycogenin-2,GYG2,8487587.71047122,4648528.60538744,7343806.9103115,1210922.39938698,7833958.48003079,1613438.16023107,2973732.20994941,2733883.97944162,1450839.38832989,804334.774958967,1980580.98912502,3678888.40330844,2152037.52955732,1167354.62917348,2677293.99409249,928050.959611886,777046.873181273,1290066.38047138,1525912.4293724,566952.906971376,4,0.428228718618119,0.012716602987859,0.199618756214225,-2.72816775968389,False
O15511,5,Actin-related protein 2/3 complex subunit 5,ARPC5,840992.71404477,12428823.1419451,5396307.07793372,4235904.48179741,2109131.24457468,9465618.82839279,19874646.8119286,23492020.2306349,22195382.7378493,29571857.1644188,6199924.4609829,2275417.02500868,8396931.66675681,27811368.0106339,2226631.28956161,25943414.4661411,20866643.3373349,24492552.2900173,21195951.2854947,22814851.3942752,1,1.25162278044612,0.287678763846136,0.603321843609166,1.09137274976676,False
O43143,7,Pre-mRNA-splicing factor ATP-dependent RNA helicase DHX15,DHX15,4455949.73801932,8132396.06657246,4734484.4795538,2743770.50986138,8962668.99179819,2123440.60400684,6274008.46671696,3259155.01079665,5260499.64666247,5962787.57139799,9505704.48118176,5159983.05066288,2123207.21848216,1638854.15529652,6316291.3120266,7393125.06027896,4237409.45603842,2815610.26967877,5356919.42141436,3947197.6255771,9,0.934214713485133,0.670705665083601,0.768717634402391,-0.431318745425444,False
O43175,18,D-3-phosphoglycerate dehydrogenase,PHGDH,141093433.750355,100365587.021165,173051897.98017,127199275.158315,88217440.8788473,217079323.662789,153750241.195527,166903427.598089,185483447.75402,139839946.075073,130543017.705462,80226573.4007757,97176155.9520268,121528538.462168,95232108.0917613,155370329.193451,223304495.860744,329200788.756939,140438705.977573,207127149.353647,0,1.05838230044651,0.989637831445628,0.843797505224354,-0.0131455600700922,False
O43237,11,Cytoplasmic dynein 1 light intermediate chain 2,DYNC1LI2,12280757.013984,10633194.5207277,6181116.91223435,11256400.8455021,7828533.51351649,33654855.6721004,37611869.1670365,22677124.1417808,23018988.6865511,25335778.4889032,3111676.59513531,7116493.87909575,7115671.13916006,17044419.5627812,7192931.22807289,25555026.4240954,23017029.4636254,21001634.3652744,9760904.16440586,22545363.7396122,0,0.753161437975488,0.107800261345232,0.447941514468753,-1.68113238164711,False
O43242,8,26S proteasome non-ATPase regulatory subunit 3,PSMD3,3562723.94176338,7208995.30750393,5442657.97782868,5666355.8817338,970706.860483818,2383813.76320888,11442727.1270081,9060030.17228705,7745086.23645674,12026675.5091701,3068232.59380707,3481290.6695033,6921661.45979505,9728092.71901841,4073652.5183306,19982338.0776228,20443028.0403361,15074302.3468923,2135483.00718937,12211906.0849492,1,1.48252670402917,0.309569931558112,0.613979024606205,1.04175115061191,False
O43294,9,Transforming growth factor beta-1-induced transcript 1 protein,TGFB1I1,3548472.0797684,1995364.3578715,3411505.27187453,9403212.90142556,2534704.68097997,14626259.9415225,30569233.9078725,16462790.1111826,8561807.81331417,19766588.7818454,851704.130325419,3717028.41763633,762211.021160659,25226077.3006135,4556043.52094484,21908410.2939155,16302009.0141657,9647859.64828465,13814848.517363,21151462.0775623,1,1.06365185717102,0.786931123805091,0.811510678024041,-0.273835648738443,False
O43301,22,Heat shock 70 kDa protein 12A,HSPA12A,72773872.2581229,16810418.5167046,100634170.993362,48357990.9186595,83764052.6691489,125333266.35843,93932215.6519038,35187367.6807865,61110553.9246249,71790596.5710412,62205603.6161381,34073098.6156941,54293098.964277,77856847.6687116,55731556.2594747,80246712.1892056,105338405.527011,113155064.327964,73943708.3699584,76160131.7636196,0,1.03284472625506,0.584233011746681,0.743198187245657,0.555928887835721,False
O43390,8,Heterogeneous nuclear ribonucleoprotein R,HNRNPR,4757706.33649546,3578834.14045828,1944118.92972395,1191358.26886042,8416501.41469628,11197902.8116728,2327943.04344546,3154738.39920059,12274331.2640374,11806602.1522872,2607571.02258011,4087608.69869457,9513203.93747001,5318497.96421268,5083392.15071311,16205755.5209218,3587829.57873098,8631624.1013741,2609753.08658889,9353080.15235457,3,1.10467066125272,0.490965828090445,0.709261894965122,0.70126379480806,False
O43396,10,Thioredoxin-like protein 1,TXNL1,11789913.2245974,28466884.3318174,13570862.65596,9475848.78934737,7485109.95670757,17748615.6051068,34992549.6347741,23402716.5496646,27842246.76534,38740246.5899522,10841605.6886103,17165711.4131064,13022863.4138295,33169998.3705521,14684230.7598305,22479658.0756014,49877111.2614646,34505236.2476112,35683499.3452704,26618875.4062789,0,1.20857455967401,0.243553309467928,0.58311339070537,1.20045243117024,False
O43399,13,Tumor protein D54,TPD52L2,55851597.81645,21323600.6952947,71734894.6670122,67112533.9444236,63790719.7878341,39221774.4146932,49109338.2475371,98199701.4977488,55191673.2535262,51957985.7821309,61986832.0380209,69669092.8389487,77168780.0210931,65374525.9644172,50447950.8817251,70802988.9411765,59625648.0326531,76657326.0833561,63608981.3546754,46511843.411819,0,1.1191994526611,0.267999455398835,0.587927183588789,1.13837228643518,False
O43488,9,Aflatoxin B1 aldehyde reductase member 2,AKR7A2,41331607.5703725,46620142.0950673,72667734.2434832,38230040.4747998,58114348.4082046,70064653.0235826,80814882.4021479,39772768.2229165,87221633.0383613,69029676.2756012,51864379.7285406,41797127.758481,27323449.3577436,54347672.4777096,45425996.0028463,60477458.6015767,93222290.0408163,70779317.6312676,88338295.4376922,71155361.0341644,0,1.00143054947763,0.911096328687642,0.826708499711055,-0.113032554644213,False
O43491,33,Band 4.1-like protein 2,EPB41L2,95237463.8890325,103038188.564807,95944972.3853395,93401969.4508863,71913057.5073256,144617858.114102,121966731.228366,95967109.4734908,114532439.879616,107629209.29494,81851601.6453594,115285631.961329,135368839.095162,107203184.261759,110318210.888531,123128076.753588,119366174.789916,102618530.08008,124018414.383252,119663138.8735,0,1.09056537565636,0.275473348248057,0.592304662705395,1.120234214886,False
O43504,6,Ragulator complex protein LAMTOR5,LAMTOR5,8767189.91825419,4812317.39723631,5029677.24070761,19601961.7181852,5289916.93350812,5849973.41489898,6969755.85303979,4753531.89534136,765872.678542566,807386.645865013,2546594.26357297,14309267.7868473,5319126.54533654,18896036.4026905,16885853.4657983,12104256.8979179,3635732.13589436,12261215.6936164,9510857.96476107,3565600.45152355,6,1.58081981404412,0.0945263090691409,0.42417512839099,1.75248371014383,False
O43583,4,Density-regulated protein,DENR,1132600.30388115,2242158.01891631,701317.231335797,726672.337663014,1036523.92317202,2253295.58253909,2917994.94821159,1309501.09115134,494734.468349654,494722.351646132,257066.215807307,4529977.23922954,2416573.0969713302,519580.749734151,852565.319289819,3208961.74505761,3957213.06679472,893351.834334334,2736748.36314193,713013.888273315,8,1.50907404106265,0.526551606219762,0.723704191155867,0.644176689493711,False
O43592,2,Exportin-T,XPOT,1970011.85331922,1639860.89219968,879853.663509288,1516577.0990837,1850483.52576095,1676497.61052367,1992690.04948078,1341722.08016208,1319280.72149852,1201667.21747663,1387151.446696,2252506.62847247,809961.564716929,1383000.57734151,1118693.21304489,1354240.1771659,3503172.85757503,3197782.86782237,1874501.6197388,1609226.28070175,10,1.2015507264027,0.533292415879795,0.727049936758826,0.633607300818794,False
O43598,5,2-deoxynucleoside 5-phosphate N-hydrolase 1,DNPH1,3436027.30419779,3768449.90746895,2610388.26876453,7981840.9874794,3389145.78455132,6771293.82438311,10376917.8809799,12037105.7677111,11276097.3465996,6489296.40551631,3658915.85472356,1637187.85730362,2408289.63507667,3607864.15259714,5174319.31302787,12111057.4667475,8570491.34991597,4456129.09272909,4242401.63682402,12163451.4081256,1,0.851673533346076,0.305336160886622,0.613761111131612,-1.05114752228263,False
O43678,3,NADH dehydrogenase [ubiquinone] 1 alpha subcomplex subunit 2,NDUFA2,2556418.5639554802,2380822.1090607,1889698.33575455,4793752.42460168,2507129.96831223,730411.042169059,3846285.77167835,3315399.15602315,1909489.67352439,3386528.82905159,6592050.74656491,5965538.0753066,991284.882333776,7245846.71263804,1088727.24171167,861783.19446129,4448768.35951981,3146843.52952953,2905753.92226918,4092296.15096953,8,1.3669270929379,0.596332218946505,0.747184243702463,0.537994086436425,False
O43681,8,ATPase ASNA1,ASNA1,5687942.27789697,2425610.66092356,8143048.85899644,6773620.8160657,4411180.87807619,20783428.5865346,18120416.0295553,15884033.5633557,20190519.3275537,29616538.7247556,10298245.3577121,23012240.5300802,1336579.64583953,40034549.1026585,5641820.81211521,20000472.9278351,22297242.4547419,19236190.8544909,30601913.4802858,21170047.4330563,1,1.4664849313756,0.255491058792749,0.587851806731667,1.16958311283451,False
O43684,3,Mitotic checkpoint protein BUB3,BUB3,762233.059748753,2089859.98382019,1235247.98054831,2943931.35489065,2676486.72402171,1524114.18042095,1178942.61657939,2154537.172333,2392655.03894529,2770656.87425962,2230915.29341734,2698222.08931097,1197901.54656805,1313667.08609407,2293706.334576,1523251.8559531,532723.160677071,1102211.62539813,2452057.44008862,1108948.3365651,7,0.833994838509589,0.375168070454751,0.651005541947793,-0.906421069619634,False
O43707,56,Alpha-actinin-4,ACTN4,486519919.391527,587702627.518803,458669563.278546,306259709.579851,375748196.148847,721563925.654146,810031615.452206,542725947.312322,788495652.295391,951650546.278456,476968587.439814,464997103.761433,442047517.726277,1081281404.29448,577033312.89639,685731579.838286,648283977.714286,708031290.08099,705345752.618014,798971157.433056,0,1.09276660645908,0.330080254762878,0.620838122156971,0.997472149658073,False
O43708,3,Maleylacetoacetate isomerase,GSTZ1,6427227.42426396,3015953.19761238,7149895.03185246,3725507.66220397,10840283.9865386,10286795.7151069,9401515.80056803,10334325.0045943,10547361.4001437,5056218.71883251,3219976.28416072,8768010.59880456,2149636.74553125,6302697.19222904,5549158.95036042,6181565.9423489,5488510.5662425,6911252.12530713,4471001.16725448,6962870.68328717,0,0.729369265234327,0.16184616355073,0.521118528909864,-1.4508370753291,False
O43747,3,AP-1 complex subunit gamma-1,AP1G1,1554902.2993512,1280153.72696554,92198.7807754152,1422777.07249226,931795.97368514,1636252.31376278,2600491.61795509,1933167.08623541,6224059.83761567,2629076.34799829,2518555.51467067,1336415.2821871,1232962.90877856,1916188.1202863,1622088.53471212,1796181.35164746,2129833.60446579,2520094.07507508,1672875.30679146,2453488.27876812,6,0.945520862533863,0.356642561572812,0.639615314520275,0.942880673303661,False
O43765,5,Small glutamine-rich tetratricopeptide repeat-containing protein alpha,SGTA,361900.671879443,287496.956931522,1006968.16940084,787072.537321805,1016443.30443332,1200952.95876062,1837836.67498003,289606.735230782,794238.22588267,1039146.37786341,870338.503752283,760193.692365235,2002270.69925129,396753.161575762,1455991.06332952,255010.915484376,665802.983217287,375216.274483574,837274.302324109,2384633.86241921,8,1.16027336113631,0.792172526530134,0.81186965806444,0.266927243717532,False
O43768,4,Alpha-endosulfine,ENSA,3367908.23500142,583697.811750044,1265735.62620529,1636361.17150045,1092387.50920928,1183271.98977354,938575.675335049,5338900.35031701,2521107.34287126,1080036.56578556,4832439.05705198,3572177.512157,694205.654695909,3086983.87766871,729296.556244779,1252211.40715585,5763232.26626651,3929472.46159796,690649.464876108,722505.694829178,3,1.32960845518723,0.637676188755055,0.7585186811081,0.477992724935112,False
O43776,7,"Asparagine--tRNA ligase, cytoplasmic",NARS,7992758.23086567,12569400.348522,1350898.58599328,582838.147101177,6705929.6532443,8322788.90496704,10303928.6096565,5614883.0720849,13628537.5792831,15757252.3528152,1970806.08882617,9879616.19370152,8104288.72968442,6290007.71092025,2194250.23334777,3348902.33919547,6139190.84235294,6666760.30962781,3069740.97721107,8206761.97599261,1,0.674524382176393,0.567392736112786,0.732675882289056,-0.58120427978359,False
O43809,4,Cleavage and polyadenylation specificity factor subunit 5,NUDT21,2324576.17386395,4181136.6037774,3485598.69944365,319052.67445232,9550451.06072603,404871.640931381,4927097.7303206,5346800.29132592,4082852.28249933,5702234.05462785,5384807.42618636,3878063.83611726,2462561.68446444,5966349.49488753,1270436.04656127,4369365.47301395,4753107.23073229,4919600.53462553,4421816.351465,5646961.13804248,9,1.06815673684432,0.345616760006775,0.630751551271728,0.965190876529513,False
O43813,5,LanC-like protein 1,LANCL1,2357716.93223822,8435829.8895011,5008565.82572304,3528893.554868,1348761.01816519,9960500.26343243,15987138.6904234,4371329.31457319,9483641.99442997,11417805.8884607,3015634.32077038,3104624.21594593,4675716.42635009,7094719.57680982,6173361.63219689,5209840.21847584,5875598.01877551,7046211.60756211,11182362.2427202,12840489.3582641,2,0.920978981033148,0.829149136289343,0.818226127002315,0.218545813363107,False
O43837,3,"Isocitrate dehydrogenase [NAD] subunit beta, mitochondrial",IDH3B,7957007.79738672,8084987.45871961,5762979.77544435,8317025.34528526,2805243.38220714,20177261.8328141,3136382.16570516,1608239.07778186,2656024.23987063,6464059.216367,6609883.96125023,1471636.51029003,7102530.00554369,7832314.78854806,5670587.91116233,3378447.03266626,1817327.57392557,7484766.14441714,2830915.737656,6613797.88134811,2,0.758739834702734,0.57302801529263,0.735939313452343,-0.572704441651159,False
O43852,6,Calumenin,CALU,14843849.7899841,3549247.54232989,11010632.093066,113876.145106429,21859279.9918482,1847548.51478614,9364223.16926172,16301004.4819576,1658461.96846645,17423262.7565741,36669840.263988,6419153.75897302,8652678.34406014,787206.497096114,17172078.8734028,18546397.9214796,4396624.18842737,1680828.08240058,507195.172580937,3111813.40646983,7,0.999718591871563,0.914454195516501,0.826745231285015,-0.108745315381854,False
O43865,8,Putative adenosylhomocysteinase 2,AHCYL1,7452999.15242846,8408478.49571454,23149109.42281,13032305.0695428,11659929.7776994,14037336.4433783,17869930.1211503,13932232.9206101,13342248.4574611,16839613.1353029,17115384.9518512,5800392.88822797,8129812.85459315,16374781.8744376,5278545.83771618,9390829.93491005,16382783.117407,18405343.8843389,15633503.5616748,6961543.15789474,0,0.855062591894976,0.292458125331686,0.605169374727376,-1.0803134438201,False
O43866,10,CD5 antigen-like,CD5L,25475807.2084938,44054608.0750394,9109639.41511863,34117249.4994651,26413554.0185948,19382745.6720295,37138268.3269726,19573821.2280621,9042874.28488007,11364454.7716406,34049236.0410095,7393347.10366736,11050935.2290489,8420923.2588957,1441173.83894595,22950408.562361,5672855.01963986,13122619.8530349,44694799.873847,15496867.6685134,0,0.697123347873882,0.0898079809418577,0.421730243491225,-1.77992996242748,False
O60234,5,Glia maturation factor gamma,GMFG,3765873.36443767,2911526.82139313,3327897.5363239,3256076.61868548,2300402.51812113,1183046.50104677,4806066.84125267,1315479.05844342,2044070.74750696,2587929.29915079,3822916.95973767,6154411.11935166,7208922.64501474,4955146.61158869,2455322.49907187,4537704.56263811,3702415.64557023,7332663.93002906,5207083.20424127,7243077.25492257,9,1.91355581292568,0.00282045760025618,0.124769845734801,3.38852748500791,False
O60240,32,Perilipin-1,PLIN1,3250753098.26298,3237525759.83908,3180092304.91414,3277586353.3528,2452143022.5385,3656631305.59439,3853833525.87202,2294846994.16521,2752993135.97161,1340180054.5208,2242641411.42288,3268680376.86697,2986322614.32164,2424990455.17382,1780235300.32794,2974342120.43663,2336974304.77791,2649100713.12221,1609070262.25357,2185637806.09418,0,0.834841156449961,0.18109820907222,0.531816779575184,-1.38412101584567,False
O60271,5,C-Jun-amino-terminal kinase-interacting protein 4,SPAG9,1183121.94686846,883593.128082911,4014022.76046282,676810.82710002,3494720.77468919,1959629.67603205,2372814.85683856,665904.918804558,3525553.98611985,3019406.45643331,3220373.16943961,1805970.252909,1811720.76996192,5195195.95607362,1091559.62263713,927058.184721805,3065825.96302521,1302271.67489965,4077691.66092422,3520730.09325946,5,1.19374653695624,0.45455986743383,0.689731901520803,0.762197716669216,False
O60313,4,"Dynamin-like 120 kDa protein, mitochondrial;Dynamin-like 120 kDa protein, form S1",OPA1,609593.20221263,2302196.95049851,1734581.59772267,1355005.19492236,1168027.05477116,972415.979709417,3291339.57005029,2114264.64697234,2718319.40948702,1256285.4233212,2314020.06603993,656603.338861873,5410830.50780305,4268175.83660532,3533727.31762213,3760865.68651708,1871344.41413956,854573.306351806,1664506.98640195,688114.131620562,8,1.42807442845778,0.433125561023603,0.679014768252282,0.799456358416997,False
O60437,44,Periplakin,PPL,19454999.4080699,25706013.3793948,6020330.99528483,1836326.04152329,675255.539128423,13472288.2221859,2017489.81325996,37787478.699807,49002455.0539035,41262420.6376222,14256323.3196146,8552965.83716858,2808664.59639255,28496294.2306748,21974305.1565449,26216192.8380837,36960434.663145304,13686439.2401492,25530468.814433,30525118.8734995,1,1.0596858890677,0.230132040830498,0.573231801003012,1.23655333802675,False
O60493,7,Sorting nexin-3,SNX3,20097089.7896925,6378036.9009533,5682821.19877272,10891059.6235144,8916247.33283395,13814500.5251616,24803081.4733292,21514458.9106864,15473045.4990567,35691897.152644,6931645.56906857,17522766.8663888,12896253.6457178,25367496.2188139,8082832.04080686,22796262.3355569,43317356.5882353,32473615.5601056,5541404.73562127,22998713.6611265,1,1.21233390619362,0.541381643325426,0.729692264899217,0.62101888410282,False
O60504,6,Vinexin,SORBS3,5607383.02407786,766693.373102151,981044.100648754,799416.314703756,4034455.90715441,8725352.60245974,7802221.33504926,4183877.45345952,6737533.23030276,9523841.24134732,12823920.9453165,6994854.23698734,1952064.04038232,12360013.4507157,1805677.55878167,4499407.46141096,2716074.0959904,3634636.59204659,4291079.3926569,8488197.35918744,4,1.21162981458369,0.31391202265729,0.614100587609382,1.03220859908145,False
O60506,14,Heterogeneous nuclear ribonucleoprotein Q,SYNCRIP,25815194.7695608,12900410.6314501,18981800.963098,12235688.2630194,7734030.26856727,33349782.6888275,40072768.8035857,29240944.6930993,27052223.1183182,57271757.0174124,24764632.3285738,33317060.7430242,16441327.1528435,42512820.0907975,31282413.2351576,38959703.2059834,26366462.2780312,35544432.7650378,31412364.3109061,36621115.4755309,0,1.19862768350609,0.064488826343202,0.371466283993823,1.95312286074116,False
O60573,1,Eukaryotic translation initiation factor 4E type 2,EIF4E2,845324.293334188,726106.109854326,731071.969432859,448356.240668345,710550.793792573,680788.44494515,498035.657486465,673195.190453,815201.977706406,813737.909298509,532233.02894644,729019.939339157,515893.81151959,367261.108433538,609344.237262269,420252.485106125,610921.467515006,578684.489507689,426911.08160405,404908.819402678,12,0.748365691557545,0.0412586740192372,0.314522477872934,-2.17671211822605,False
O60613,5,15 kDa selenoprotein,2020-09-15 00:00:00,3147366.7095536,3506502.26381844,7459122.75745314,4687392.73157332,4247087.00830598,4292774.79593213,76875.6601204621,7890838.90296793,3808988.61229899,4480560.16834368,5460910.96695999,5983383.8080352,5367142.22585792,1433376.28928425,6263132.3282183,361994.278799272,6330356.22002401,2739413.86381836,4482240.99629228,5282223.53647276,1,1.00244658248482,0.808254690708678,0.813589620325639,0.245811469605223,False
O60664,10,Perilipin-3,PLIN3,12688988.3151963,22494804.9803218,21250616.8174294,22474970.4993783,14269989.9873317,26801324.7826611,38720808.4370285,37255950.0601856,34743409.7605786,36254084.5461357,12355629.1348996,11846396.6488653,15267722.8352578,42028938.0625767,10951013.0066052,32153089.426319,41857140.2996399,37045399.9117299,50220063.2008501,26946774.1782087,0,1.05138402045702,0.845477523862381,0.819386444260236,-0.197357255484929,False
O60684,3,Importin subunit alpha-7,KPNA6,95624.9501456763,1602253.23124016,736380.749084555,4560516.1958436,5330768.42148893,993238.049280032,8005678.92886305,1398289.5585776,6120206.56967029,1241413.7995076,515680.295766229,3583950.93090261,2766805.40771018,4049091.17738241,3708722.58677678,3006002.54643218,4873729.89157263,4566341.75120575,2678375.20071441,4288238.89889197,6,1.13138278029572,0.216647700161946,0.55792310220854,1.27448135999949,False
O60701,14,UDP-glucose 6-dehydrogenase,UGDH,11194596.0400781,12636419.7144481,2605544.37816644,9340737.39068328,16022314.8626319,50955146.6322236,26996077.3071803,23142533.7099145,42553813.5738029,38342113.8806822,15711212.7660634,13808849.1591409,10430774.8079991,73314624.9014315,23534089.0697027,38257733.3790176,40894133.4909964,26729971.3058513,54805575.4083017,34084878.2132964,0,1.41825073286877,0.0626937506089157,0.364927681492155,1.96756902074174,False
O60716,3,Catenin delta-1,CTNND1,832731.465227337,3097557.98631817,591025.960483272,2420201.32087944,1163728.91661638,881408.90484639,1906015.28978433,3252027.89010383,367121.721965681,997732.573431813,1352345.9620547,1632389.46388095,893512.515261972,1436510.43828221,1593321.43566501,1333289.29997979,808186.122102392,1354359.83890489,368767.804431181,1592101.20313943,9,0.797236700328877,0.774402557265807,0.80799837307198,-0.290405044039896,False
O60749,12,Sorting nexin-2,SNX2,11894265.8412387,4144085.28039181,11131729.3580183,14582303.0350172,9335644.08656282,9374760.13554847,26072928.9096476,10019186.0534779,16493107.9125865,18324107.9608221,6943282.35513863,6616075.25138937,7035055.33870575,12759808.5546012,8990802.63937444,16291140.4406711,11413380.7879952,22767077.8760579,27250247.1672093,10292968.1301939,0,0.99229455958412,0.906041859258059,0.826708499711055,-0.119490106672024,False
O60763,15,General vesicular transport factor p115,USO1,6495950.38591775,5847112.75332342,6831292.03412644,5320146.43379695,1201076.53537201,6504421.28423309,12087189.2158516,5337869.92322889,9026922.69158207,12188062.6375508,3695532.94155736,2550782.51852495,580165.862796314,4428170.320818,4967022.72994462,7399774.50535678,14882179.7771909,19958185.8162708,9327367.90151926,15330926.9944598,1,1.17334920757051,0.800873471148407,0.812593916944395,-0.255488148524662,False
O60784,10,Target of Myb protein 1,TOM1,7456139.39320702,23478845.42636,6098458.26299597,10201559.1338519,6584137.84364053,23120552.9192599,31884699.6387681,7357936.36056234,7678089.54460516,10158719.5315065,10118728.5379379,14893540.3467639,15850734.2824306,21939807.4122699,7732422.75392136,22947386.0873257,31000203.3339736,16829540.981891,6015252.26505697,28345985.9418283,0,1.31080981786066,0.199567280667158,0.544755748559004,1.32524090825536,False
Q99880,7,Histone H2B type 1-L;Histone H2B type 1-M;Histone H2B type 1-N;Histone H2B type 1-H;Histone H2B type 2-F;Histone H2B type 1-C/E/F/G/I;Histone H2B type 1-D;Histone H2B type F-S;Histone H2B type 1-K;Histone H2B type 2-E;Histone H2B type 1-B;Histone H2B type 1-O;Histone H2B type 1-J;Histone H2B type 3-B;Histone H2B type 1-A,HIST1H2BL;HIST1H2BM;HIST1H2BN;HIST1H2BH;HIST2H2BF;HIST1H2BC;HIST1H2BD;H2BFS;HIST1H2BK;HIST2H2BE;HIST1H2BB;HIST1H2BO;HIST1H2BJ;HIST3H2BB;HIST1H2BA,7505175.46074909,185888836.417702,9392303.86969753,39538999.7050574,5396773.54381017,44138755.0624871,18125392.5707819,39260130.7465772,25694658.5729045,85775258.0675087,74869530.0033206,58563856.7521998,118262621.124152,25495155.4584867,53564627.5423073,15642063.9268243,50990896.3961585,22391198.2846483,25999499.2742811,38071436.966759,0,1.05021442157446,0.249601271143393,0.583149616570681,1.18467476730942,False
O60884,8,DnaJ homolog subfamily A member 2,DNAJA2,5850279.63442493,4501086.00034983,3670575.29160466,4637429.41030482,3604506.12053581,2753482.63467912,1843808.52445194,726279.359275935,4682296.3674872,5387329.08759723,231481.351985694,3644123.49733116,1319395.08649504,1441096.99779141,3544379.45595809,4389162.68449565,4669820.15539016,3578679.85649286,329302.329938883,785496.774699908,6,0.635549623105066,0.0732928545090219,0.399711771208085,-1.88703946390693,False
O60888,3,Protein CutA,CUTA,16709704.296663,16937101.4644919,23116295.9703714,30061745.7571639,6520929.7909185,37894043.7353185,38962170.6865181,67514441.5028025,39805941.7388375,30642213.9456219,16801967.5136975,15734784.6344217,11406503.9790151,16974092.3169734,22523626.6458868,12326408.813018,27636410.6789916,25742649.5736646,6175652.23132574,23673096.5604801,0,0.580842833347469,0.033822194686625,0.279147114906974,-2.27319312603661,False
O60925,5,Prefoldin subunit 1,PFDN1,951275.55461783,3434489.8594513,1098844.39490361,4528373.92223758,2809772.94950318,4090630.78440696,4175483.97381734,4418385.48493063,3826787.23218938,2170790.25451367,3022150.92096962,4257345.28728146,5784395.22560466,2322022.19419223,3406170.32518325,3866350.06525167,5360618.23611044,5548305.92360542,5272324.91865618,4430084.98707295,4,1.37343264592461,0.0695770805538049,0.387121936640409,1.91402695473099,False
O60936,7,Nucleolar protein 3,NOL3,18793133.2747435,24635338.143257,13682897.1578578,23092159.3684758,12693906.457732,27756335.8607328,20078685.0022189,16116738.3474226,16847401.1953104,3409136.36480411,13354996.3225967,19771945.7255123,19597979.075962,14746553.2486708,8479499.97942641,13043491.0151607,7465591.36657863,20907239.2642643,7286198.0462561,13180335.8587258,0,0.778257309860072,0.378451915996793,0.651919973400683,-0.900084347855428,False
O75083,19,WD repeat-containing protein 1,WDR1,53025381.1157495,49157887.5975162,60531444.4772351,41889938.0418124,40621983.0685849,64943406.1174233,68475548.4308157,49050905.4621887,63302638.6667865,99639879.5511311,46382677.7038021,36188381.6798368,28243328.71089,61745792.9660532,52643791.2562262,52804150.1055185,53540665.5884754,53590054.7779598,88448158.4282872,84702757.6638966,0,0.945230076303678,0.547495739909269,0.730613623538725,-0.611571022595426,False
O75116,10,Rho-associated protein kinase 2,ROCK2,32023.0071550235,4251624.64807594,5973522.93270292,5619127.01029798,956541.668212562,7095732.31007246,5760265.97582318,3095746.44840577,7405988.94524302,12922307.3827874,4457527.03374582,3743881.19215211,1733661.01739306,3224580.66294479,1461135.11421233,2213660.71590863,6932033.54016807,2178060.65501866,10663470.8871405,1602190.39612188,9,0.719414970121735,0.93963977700657,0.83402584273531,0.0766499360859036,False
O75131,9,Copine-3,CPNE3,8531671.85986249,5194981.63048802,5763604.79358604,6957480.40736778,4644453.59382229,11281333.6405765,19315615.3474749,16251552.5581182,23414420.288833,15601200.3361165,6294415.16387182,3877027.13022461,9831589.65791395,15332868.4392638,24639959.96272,6891998.69941379,15108347.2662665,6136617.01260351,7681873.83238379,9474548.72576177,0,0.900073214343683,0.653739186152649,0.761003945946475,-0.455165609044993,False
O75150,2,E3 ubiquitin-protein ligase BRE1B,RNF40,10030783.1614712,25393038.8681001,28717536.8037964,730466.265737501,3079282.20361762,28586664.9369451,24625584.8362474,829794.347169898,50919164.9222891,9407058.94632075,34456676.6305062,24489405.6537281,10977395.4236188,43498165.9586912,19565964.1006404,51750061.9369315,584625.009459784,49435819.9271999,736682.057935431,36143870.0969529,5,1.48990564695094,0.524514519365783,0.722158764334251,0.647385334715845,False
O75223,5,Gamma-glutamylcyclotransferase,GGCT,3773240.85241813,4513695.08370561,1611625.73253259,2088930.31246566,4533273.30564674,3893925.0304097,6772989.66703648,1699088.39938436,8301041.24076902,7855951.95175908,6092862.95845143,3853358.68161688,5812677.1982747,8745040.13087934,4324894.82056121,4758509.13381848,4428754.33171669,8470727.22649923,9864851.45550733,4381895.81532779,3,1.34832371070983,0.0946061802527675,0.42417512839099,1.75202935749361,False
O75323,4,Protein NipSnap homolog 2,GBAS,3765873.36443767,4992125.45216022,10296392.6116508,4150730.25607958,2235959.12886382,10312660.5984714,8080990.58609213,7281942.36281356,8964795.43347408,5939579.83558125,1419123.25371577,6738745.43931631,1622753.10174694,3258597.64597137,3235503.57222411,9139964.50697392,4274386.04552221,3671969.42929293,1986660.90992946,8141713.23176362,1,0.65872047446126,0.0512329925439713,0.343437740628752,-2.06958760814797,False
O75340,5,Programmed cell death protein 6,PDCD6,2085602.99092718,6124916.19818086,2323192.43265838,1136665.1746812,3117577.63621142,5392098.65913462,2244585.97790006,5216966.47822292,8878321.0066481,5599466.46585314,1316911.80597709,928492.951639748,1442215.35679513,2526735.63361963,5130084.47730718,2146335.08449565,4484129.46693878,1923159.07019463,2081565.63180503,3131300.51939058,2,0.596184517331259,0.0700070246989499,0.387121936640409,-1.91084027228009,False
O75347,5,Tubulin-specific chaperone A,TBCA,10478017.2501099,7815765.76193808,14466357.3984651,5140934.67460891,7532052.74504836,11262100.7785876,8562139.18034969,9461038.0474134,6267716.82979966,4669223.05519874,6696582.49045326,14732594.8962313,11481307.3549853,7467989.07820041,2280117.85562912,11420421.9211643,13755829.7819928,12167613.5608336,10754741.6793272,12395768.3518006,0,1.20427938386924,0.508993643982988,0.718013241235623,0.672062444466745,False
O75348,3,V-type proton ATPase subunit G 1,ATP6V1G1,2820660.89009228,2694863.75059282,2406632.35457388,2900679.59563948,3448236.0488224,5858197.12140459,730025.420999379,3969033.40558669,2818478.6242476,3999333.09462642,3046301.73739081,4915137.07481719,6120988.41004354,7965325.01431493,3291447.62916499,2319220.6565191,3506314.07270108,1240827.85480935,3209774.03522337,9188467.00369344,3,1.4157746586036,0.263606763018919,0.587927183588789,1.14920735877281,False
O75351,4,Vacuolar protein sorting-associated protein 4B,VPS4B,5146975.41454494,2709462.19490117,1646610.29427993,4043289.6718619,1672480.95723633,1815449.53132873,6462204.66743587,2816672.44537352,6576086.31497619,7477825.91129665,6401322.92455865,3175764.81004689,3016639.8733296,6951695.36278119,6546755.68666275,7898482.88619365,8931731.08941176,6655194.78373828,1767780.02866703,5493963.8365651,2,1.40806228985617,0.136767036617513,0.486433579823015,1.54818387428843,False
O75352,2,Mannose-P-dolichol utilization defect 1 protein,MPDU1,1685101.5131698,936791.378943718,848618.381878375,3250347.89538212,925138.572832136,3196184.73313055,1978009.25286234,624850.986235413,1013107.90739383,1340446.8101049,2324249.91366954,2134419.80093093,2079508.58055924,751255.514809816,1800618.01874826,853511.037153759,3654310.17963986,805598.406647557,1877389.48928378,1796739.24238227,7,1.14425348590029,0.516199010844779,0.721090302628091,0.660555074445674,False
O75367,3,Core histone macro-H2A.1,H2AFY,12261432.4553468,3411694.3803131,1728800.17991205,3791333.93563311,1955208.31227831,18208877.8885664,1954038.91262093,7848333.78558302,5490538.41317043,22795598.4393064,15576226.0476507,1881574.04017599,1861694.29086779,5752462.93644172,2379429.39857068,13131898.4099454,14978211.2110444,9653812.49249249,21070031.3962742,4336295.31809788,0,1.14067163855565,0.585667976239375,0.743447109981051,0.553792256387978,False
O75368,6,SH3 domain-binding glutamic acid-rich-like protein,SH3BGRL,56796085.6198465,41426141.235788,45802891.9683315,37293988.704855,30778409.7765979,30482096.6460624,80708716.1893139,61987058.8642837,56419106.3799299,74058019.0358952,30741285.6541591,25342822.2863842,37472447.9353146,74281624.5312883,48103215.471955,53348195.611886,49206686.2045618,36973965.7812358,47878291.3013203,52891266.6851339,0,0.884609941214757,0.442844246390066,0.683685726064029,-0.782425658046531,False
O75369,98,Filamin-B,FLNB,350148924.658154,306907830.474899,298071151.771532,119189871.445508,220116381.645333,341164443.598351,239031569.34854,180015612.294404,238341990.598329,324208068.026119,206933087.755271,318415020.326792,104623640.715,309959691.631902,417571066.871887,151448667.835052,236479649.589436,153855510.583311,285601520.550733,178937147.645429,0,0.903189957698177,0.428749188342936,0.67803988047098,-0.807202763916216,False
O75390,12,"Citrate synthase, mitochondrial",CS,8233469.76439114,43151481.253717,32049367.7604628,41656465.5449209,6708083.27601401,23893846.611643,42575139.6170232,49287045.003216,74936387.526278,38820273.2651823,4443700.70728873,7100940.32715353,11354697.5868736,15207502.4793456,11196762.0939424,16060676.7192238,20757149.5529412,48627933.9275639,15467018.8759269,30086371.7313019,0,0.499022932423665,0.0128031471475116,0.199618756214225,-2.72510430497808,False
O75396,7,Vesicle-trafficking protein SEC22b,SEC22B,20526304.6275235,16633062.3898023,20816229.2089555,17533135.9818408,26600913.3931129,23493272.5205629,22549537.7212213,26943092.2865938,22061053.5311293,27605201.620638,18500938.2799269,18215238.0485122,24021486.8225209,30956983.407362,27492094.9586981,17760818.9266222,29974372.2228091,28411224.5914096,20442122.1500271,14281518.1717452,0,1.02355824798053,0.964998479185526,0.839800241506769,0.0444172775290034,False
O75410,5,Transforming acidic coiled-coil-containing protein 1,TACC1,759730.520297948,569028.545512375,461491.552817993,529452.931261024,512471.616121897,993052.352681518,1040511.82812639,1141980.24126357,717670.578052287,1037145.71098266,1096579.054213,838532.318105141,997543.261714663,936193.238486708,1013657.16195124,1064591.26933495,1013714.99567827,905976.708756413,904959.207281159,456648.822114497,10,1.18883779524156,0.168093011186025,0.521118528909864,1.42852035946354,False
O75431,1,Metaxin-2,MTX2,2691857.8076528,1489601.73889745,2174781.56810921,2014212.45569855,1283785.14014278,2062496.45044355,2064103.41608236,1163438.05141046,1591549.23236906,1851817.26482552,1035801.02058498,2450563.54470592,1667636.98982133,1939273.80314928,1710377.63139147,1227275.98811401,1667267.23990396,1802521.22613523,1393899.13708581,1708923.43767313,10,0.902972714073418,0.548064301528652,0.730613623538725,-0.610695310696545,False
O75436,9,Vacuolar protein sorting-associated protein 26A,VPS26A,34734686.365575,20273358.192671,21647503.337402,17652034.0126652,20152456.678931,16916960.1246194,15044913.5515221,18033332.7313241,42406891.0039529,19933311.0219082,16339599.2138469,31226122.3688781,21433947.0706347,21711243.8633947,23035362.9806949,18015462.4483525,23305123.7651861,20578132.020202,26195562.4574968,19436299.2705448,0,0.975667097228636,0.924382938930894,0.827954854844858,0.0960804719286113,False
O75477,4,Erlin-1,ERLIN1,1573193.78174041,984385.085873924,725567.935233334,1572515.58709999,1044435.86269801,738614.847136621,958813.609656519,1305551.12064688,1253207.54294313,1783727.90198387,1508806.708432,1756669.4731159,1794524.60037669,2088795.64314928,1744131.04933703,1646191.02801698,1717795.92893157,1912764.42798656,1739006.75375072,1712773.26131117,10,1.47583243573816,0.0113570615499248,0.192250429940061,2.77908563155793,False
O75489,6,"NADH dehydrogenase [ubiquinone] iron-sulfur protein 3, mitochondrial",NDUFS3,3862737.71460697,13261661.359979,5142961.77888876,11351519.2701616,5632105.15378175,10636837.0932011,7528428.62523298,5992362.86203253,6864978.06517833,4457085.67694284,2615484.03710775,9132234.21080815,7557668.11406474,3062369.34163599,6728610.01129227,5043906.33903376,5658943.92408163,6481881.97665848,4117573.28612486,5857904.92289935,2,0.752790928309508,0.204167945757978,0.544755748559004,-1.31124537187853,False
O75531,2,"Barrier-to-autointegration factor;Barrier-to-autointegration factor, N-terminally processed",BANF1,2306748.40883242,18768708.6692232,7642253.07296805,30181724.6791776,41969132.4907529,3001254.95326771,2944868.27083518,47877935.9602132,6359396.51338604,18298766.1803325,1524822.92072731,89356.014271142,22134555.0841885,5855966.29603272,24976780.7706587,7442089.15585203,17491183.3118848,2333855.09200109,18253313.3374028,5809848.50369344,5,0.590528600179193,0.239155841559864,0.580032472190133,-1.21211089144118,False
O75533,5,Splicing factor 3B subunit 1,SF3B1,1322037.5594111,1905638.45845723,4169978.22673238,2763975.83423945,4387577.64628767,1195275.94846319,767117.241608236,3967745.37172655,4477780.15025604,3536378.77842004,5600589.12763486,2672100.22367431,8065471.01609005,1229274.39112474,425521.772638678,1434189.56468873,2778808.6495078,1039961.88311038,6119875.63610056,4198498.1823638,7,1.17796284426795,0.980576821984129,0.843797505224354,-0.0246423259877268,False
O75569,2,Interferon-inducible double-stranded RNA-dependent protein kinase activator A,PRKRA,1213703.06091193,6745763.23805731,3233748.61416134,1896789.12860126,6941050.71751591,1492337.44991448,7273380.8873702,1964680.98134705,1502891.95593388,1853617.8650182,842906.72005645,2895706.83937926,3249501.88255343,1451110.98605317,2439633.45588055,1560277.17513645,3150728.52043217,3310036.501456,2897082.83143389,2553030.45844875,8,0.713700719158802,0.506569472509841,0.715810942831439,-0.675954523945056,False
O75608,6,Acyl-protein thioesterase 1,LYPLA1,16121513.0431411,9859202.57521427,11859406.7294798,7299150.11230952,5066321.02062174,10903573.7030282,21000174.552676,24640087.7446476,9276271.28155602,23517839.1832584,1743500.8675909,7732144.03945236,1148181.27832013,5079691.0991002,8824849.7262785,19725427.6996159,10465631.309964,5441324.80912731,33952734.6934346,12674548.6842105,0,0.765266770847797,0.0604326754897267,0.363237063220638,-1.98629726638095,False
O75643,6,U5 small nuclear ribonucleoprotein 200 kDa helicase,SNRNP200,357892.033733551,1165973.50524751,1550124.40537993,768221.794980193,2387612.93941763,2664215.62696492,1764598.57659537,1356728.99935679,2531853.67940886,2442080.68354385,1523363.9065748,1153140.56125666,985473.577964204,1544982.57067485,1195620.83765718,3768195.18847787,1154620.93133253,1349254.66002366,2511129.92503165,2869446.13573407,6,1.06274101400697,0.639538471603694,0.7585186811081,0.475333193366468,False
O75781,18,Paralemmin-1,PALM,28082207.0546954,35433629.1507784,20380279.0551273,40932268.4480814,24653199.4558153,34802195.3700615,27570867.8188515,32599278.3111274,23434569.669841,23537178.9631057,37594576.8636892,36227603.6803867,29426030.7363639,35292810.996728,32765581.2563809,22271107.2981605,29052649.9558223,25312343.978069,32630153.3066558,31498194.9861496,0,1.07084269387566,0.477274867032061,0.699438532860795,0.723855481751758,False
O75821,3,Eukaryotic translation initiation factor 3 subunit G,EIF3G,3025863.54712177,389184.021250314,3356065.95693133,4807820.435401,1009311.12721144,2507567.28207567,4667415.07406586,1727339.27538363,2938451.39699937,5171056.99778777,4949950.99489316,4841835.67598554,5171733.87116242,4379935.00331288,5370051.23317761,5665024.95880331,1469729.68297719,3691613.81517881,3372033.22133297,5069022.95844875,6,1.48583850701554,0.0582405005861114,0.359803391382992,2.00505978277882,False
O75828,12,Carbonyl reductase [NADPH] 3,CBR3,25109848.3793005,13154593.8363652,19884952.1778387,13699214.9333488,11406274.0091212,30244670.2808195,16285731.1640188,15481308.3097491,32717557.411733,30038012.5476343,12406986.1507554,4816326.41925726,6878878.01995727,26431578.0249489,14425471.4266931,23861684.7855266,15723127.9409364,13140478.3856584,13756536.6223549,22646255.6694367,0,0.740725513024019,0.0902238013581364,0.421730243491225,-1.77746179317762,False
O75832,4,26S proteasome non-ATPase regulatory subunit 10,PSMD10,4046683.35713547,9010018.17036907,8799630.41684084,1182927.31758378,791953.66382824,8294801.77476243,2938896.42136327,7657189.56073693,5872033.36025514,8578192.69571112,1839232.82766063,2242957.43834665,3799814.77294957,606442.542572597,3514934.74035517,5665402.76818274,2782129.36264106,14956946.2753663,11102922.8495207,4575249.888735,1,0.893544768606589,0.564781317606829,0.732675882289056,-0.585157848179857,False
O75874,25,Isocitrate dehydrogenase [NADP] cytoplasmic,IDH1,311028771.266834,265805343.737974,452341254.593944,359072053.089668,289068749.256428,263516737.334024,319576889.100914,229192745.074887,320929266.004851,229543180.118461,145642911.309978,243325176.515283,236282636.704616,236330122.977505,265669219.24017,295711401.273499,269803454.626651,318689766.698517,271268625.777718,268146854.016621,0,0.839081331179485,0.0699726300109929,0.387121936640409,-1.91109456515512,False
O75882,6,Attractin,ATRN,1423616.07910926,1249502.51985307,868978.347843898,596435.75826273,4366640.02692357,2426656.62129459,6186255.45642141,5455510.34912248,6399958.22495047,3388929.6293085,3367301.94281914,1146012.75675871,1215504.31669326,5960845.62347648,2574872.20214708,3724898.23359612,3310302.24883553,1474519.51028301,1623183.4310454,4230889.80193906,3,0.884614757650524,0.93342786418762,0.830734542298933,0.0845570997617958,False
O75891,43,Cytosolic 10-formyltetrahydrofolate dehydrogenase,ALDH1L1,209707694.761806,195426836.422074,327775138.955306,172920972.466241,111270879.52147,182672396.766708,251713455.240969,46585608.6538638,97120016.4585392,76845614.8897452,98445658.5812718,258472983.624233,170609821.456773,105995390.257669,181247179.825511,185459068.170608,103319052.945978,245546319.510419,108088280.746971,149771414.773777,0,0.961075394017073,0.828623675917598,0.818226127002315,0.219229332009457,False
O75915,5,PRA1 family protein 3,ARL6IP5,59110201.5166593,19985665.3047927,44288785.5200896,43947954.8662638,58153467.3984886,39740398.4862571,39991485.2968847,25148431.7747864,51581575.822927,26942313.9941483,47305862.7320272,46881110.5194222,63105239.9104897,36080170.3791411,35014908.1969495,33143705.6191631,50793448.5882353,41927582.5684776,27921256.5097667,28552416.1403509,0,1.00448878653415,0.84381636078242,0.819283344390874,0.199508468810454,False
O75935,7,Dynactin subunit 3,DCTN3,1378324.14480316,1380909.33558674,907461.783061696,1456392.78847989,1330988.81378095,1538761.59954297,2580834.28011006,1463979.28544519,1436650.86587009,1478092.69150075,2712761.74883525,3279945.0798808,1713856.53768355,4052148.88372188,1412218.81412616,3452119.86165353,1550683.28422569,3336739.25975976,2426112.87230964,1470964.51108033,5,1.6992294447693,0.0140773594644087,0.204853677638634,2.68213927468033,False
O75937,2,DnaJ homolog subfamily C member 8,DNAJC8,2516299.0915553,6075886.66498873,2501166.34850436,9739586.23953966,873238.80784992,11938699.5993159,3031998.66103064,2125755.72878207,2846939.62492139,10468822.8980233,1714951.95243234,10753745.4963908,11530701.8526128,10066733.6961145,10616893.8617047,9144498.21952699,5840865.15438175,8919061.43598144,12097605.4643697,8880481.11265005,6,1.71850151067017,0.0315657884872626,0.27325797600272,2.30633421376812,False
O75947,8,"ATP synthase subunit d, mitochondrial",ATP5H,21748582.9613307,54346167.2914116,35682285.7090307,29781794.9391319,30706348.4787063,18117355.9935845,27055795.8018994,31039039.9618671,676263600.080855,27339112.9254978,11870607.8914993,34677658.4172745,21172893.3970632,28165297.5194274,21721328.1548742,7354588.50357793,32103218.5882353,21919222.7795978,15938584.635558,9416801.37119114,0,0.214625013863371,0.0314762985196899,0.27325797600272,-2.30769303335929,False
O75955,4,Flotillin-1,FLOT1,2860517.79228164,4048323.45421144,203178.092892951,2244122.37217247,2216193.74429928,3343997.81795343,922484.858702405,3585055.06146053,3276373.3076543,5822874.26753729,6980245.6656089,3567308.57415769,1033909.22392797,5483435.85808239,3036446.81148099,659949.867786537,3756803.5417527,3014010.06306306,9034963.32655091,3333814.51800554,7,1.39889627693021,0.34688327096912,0.630980493438796,0.962603708383896,False
O76003,8,Glutaredoxin-3,GLRX3,9241607.83279913,8891508.3159874,5932984.70998378,9691054.22513952,9424382.42768072,18559048.6171927,19685538.2453182,8734586.95028944,16105232.3281826,12974991.6106473,11032448.9801594,10963631.1399357,7603914.79583007,16400772.3783231,8364287.02495127,12168484.4924196,14729606.4710684,20563675.1128401,4105495.44854404,12723667.1237304,0,0.995094366761488,0.914476083711083,0.826745231285015,-0.108717376048753,False
O76024,4,Wolframin,WFS1,2104713.66744916,1634175.51085213,1566403.84738022,2358612.66419917,2107554.61292248,1194281.14525687,784477.076253661,512757.692832859,3508427.01226305,1645615.19831585,2347837.95749626,437368.940600497,1006726.38046766,989015.115501022,846894.722449958,1801546.24483525,712266.042381753,1519591.04499954,100481.303885389,3046073.38919668,7,0.735361290163522,0.164318449896605,0.521118528909864,-1.44192300126692,False
O76062,1,Delta(14)-sterol reductase,TM7SF2,2695292.815933,1881037.44730628,2120374.04568027,1824976.68403551,2354933.28483562,2208777.41396914,1601948.62083962,1271461.15781494,2641719.1407328,1307766.19558734,1113221.50260667,1220466.93366476,1521040.61881565,1075318.68711641,1187194.76585409,1214128.22171013,1168899.54303896,1609904.1956957,880854.184147228,1362062.24816731,10,0.620499946617111,0.00608108287783803,0.174374622303767,-3.05589326465058,False
O76070,12,Gamma-synuclein,SNCG,59311901.5974358,84354497.0395312,97999719.5261424,136689499.80048,95557398.792659,75513521.7856915,106556041.896689,61670202.5346871,47476139.4425478,77212403.8178834,113817077.194089,96498293.6978986,182206871.873225,88360068.9447853,80443795.3655292,86102757.5702446,88313917.0338535,99259425.1342251,83206848.676976,76989835.1338874,0,1.18146748785842,0.16859196389241,0.521118528909864,1.42676690897414,False
O94760,5,"N(G),N(G)-dimethylarginine dimethylaminohydrolase 1",DDAH1,1508815.9685549,3844404.89915807,2772954.67644151,3236620.57727785,2784004.69555389,1963856.54997675,3303593.95091861,6144608.46430212,1972372.53342018,4389329.75858132,1270566.36598871,3129831.92171696,3074088.82254349,2429577.01468303,1782808.11320656,2663405.00117243,2612055.00081633,1715676.02666836,4316432.39048653,3065388.88365651,9,0.816396324111536,0.385572388450144,0.65469462881483,-0.886467892775197,False
O94788,15,Retinal dehydrogenase 2,ALDH1A2,37775888.7811151,22308828.7818521,13042722.3262327,10914839.2296793,13656027.7292956,34647006.0698749,15457137.0497914,55010208.7884774,55383092.3731022,44148049.1686291,17268990.5279761,7968963.77380746,20470600.8909111,23851638.3010225,51988942.2176159,13060114.6278553,43182733.0828331,23609830.5346255,32958897.1785133,27251441.255771,1,0.865280360083569,0.656576637010994,0.762380788992729,-0.451159112247002,False
O94804,3,Serine/threonine-protein kinase 10,STK10,30640295.5043038,26215825.0285388,62914326.1424248,54274789.288957,24249656.1876226,89400974.5459836,31752916.1980753,51657212.520204,60238253.6384871,30024007.8794691,18359745.2756102,19701127.6165179,35920412.9804685,17626912.6204499,2294220.67356271,34390860.2452796,28496206.1334934,38053981.8018018,42639016.1171401,5117411.25900277,8,0.52582701795628,0.0133176893952043,0.200846196860595,-2.70728667244101,False
O94826,14,Mitochondrial import receptor subunit TOM70,TOMM70A,6587859.67074773,9278912.94341438,4271998.998445,7556618.39360379,4136730.27782062,4244758.96117352,9468699.10712701,5649745.85523293,13642810.0574971,5724108.01252409,2062348.80591068,6119308.32718247,4556688.08147868,5020371.59611452,4053848.03305696,2168852.5235092,2793168.49008403,5478402.52447902,2983540.78459034,4432673.66158818,1,0.562187390133361,0.0106108079054049,0.187261291641828,-2.8095599688844,False
O94875,9,Sorbin and SH3 domain-containing protein 2,SORBS2,8138975.11256142,6141344.11592618,6620718.70945691,6057690.22491422,5463554.92112669,5920140.20105174,2610776.46982338,9231768.0203069,8487087.19207618,7498499.46906444,2543801.43491615,1660578.35431863,1965054.36104275,4352109.87562372,6464212.90497479,5907654.14226804,6955817.02612245,3087485.16871417,6953313.18475312,2393992.91643583,4,0.639015642673356,0.0247627570381773,0.259572233750645,-2.42145084721341,False
O94903,3,Proline synthase co-transcribed bacterial homolog protein,PROSC,6241590.88285471,1994561.71471051,8098828.82547193,988388.52133129,1970547.07425808,6530020.88674251,5705770.40099405,13950265.3946522,15850846.3929566,1128842.9430172,3958058.83529802,3688491.03102929,3533195.94404933,7357835.20732106,4853255.35833617,3625232.11930463,6453443.9329602,13336071.8382018,4722164.8657533,4781812.83979686,1,0.901534834389096,0.544856926673134,0.730613623538725,0.61564172949494,False
O94905,9,Erlin-2,ERLIN2,13673333.0207822,19091528.8862165,12349577.2070995,8921243.52011104,6530812.48320078,7611703.57308618,9071405.2325375,6862730.27579711,14708208.5782949,10132710.8620567,6758490.19234601,8387286.69691444,16788303.6231375,20281001.7231084,15360763.5414411,4663376.73208005,2374130.39226891,6862693.92469742,12456772.9336227,3873254.46121884,0,0.897688420987749,0.253459278091538,0.584799131712123,-1.17475954225721,False
O94911,4,ATP-binding cassette sub-family A member 8,ABCA8,2632004.88639595,4434145.89544935,2482728.31332453,4323456.66813174,2417347.710128,1113622.50128807,1687047.47581432,4177351.41523477,4021480.62617914,1406602.19496182,626090.121999004,3587161.32169333,5857327.29411691,4827659.65406953,4368551.42313523,4671892.58445466,3492402.97714286,1145752.42874693,1842740.39224995,3421165.68882733,4,1.17929308146768,0.754905909190089,0.802778333272415,0.316358442968571,False
O94919,3,Endonuclease domain-containing 1 protein,ENDOD1,1238704.2086489,451496.088661204,3642148.30720836,2902380.32821199,342741.436589405,2059336.70008802,1047230.15878228,4242783.53533033,1962173.16963021,2694898.28837508,1212717.535664,4195767.28498187,1396902.31740266,2068538.33865031,1347297.68758315,3986644.57165959,1435625.06160864,895477.85012285,3583984.28318864,1576170.89843029,9,1.05417991873276,0.573066979703221,0.735939313452343,0.572645819718262,False
O94973,11,AP-2 complex subunit alpha-2,AP2A2,2443590.43968258,8343093.74846948,1268333.68947615,2486590.18101379,1196897.3831815,5681652.71238885,6445450.31197302,2917482.56216117,9205748.44802803,12406135.327553,3598714.88145442,7912565.24198217,8228270.49413131,3777566.85443763,5706149.24968289,13011755.0272893,4572083.49046819,6464448.64719265,3373976.95116658,9886745.3601108,2,1.26982170421673,0.119533507090344,0.468473175942793,1.62403985351885,False
O94979,10,Protein transport protein Sec31A,SEC31A,3213311.76590327,3388319.33317299,1398415.59021519,577866.047630339,2090395.30712287,674503.101973614,4601973.55693618,950654.857713866,12000635.5053454,7955318.40683651,2492444.41906027,3933560.91032766,1483179.09989453,4778277.69668712,1392269.77056585,7428110.20881342,8146337.55889556,5248962.9005824,2234359.69872491,5044397.36241921,0,1.14464869983947,0.243854902973674,0.58311339070537,1.19965869820621,False
O95168,2,NADH dehydrogenase [ubiquinone] 1 beta subcomplex subunit 4,NDUFB4,3682594.89093591,3271198.90467028,3331729.69150056,1703376.42523783,1274777.98138116,4987460.23606131,2243424.78494719,1561268.77634843,5516984.47574342,1397532.5051024,2607956.96623711,1862639.2812898,1603087.66202887,1537414.74748466,3815326.86005321,1484413.05174853,1486422.99764706,1811110.32992083,2934019.26564523,2271860.58033241,7,0.739178253768742,0.321567790918373,0.618143294404304,-1.01560811015333,False
O95169,2,"NADH dehydrogenase [ubiquinone] 1 beta subcomplex subunit 8, mitochondrial",NDUFB8,2663356.0037635,2275802.29539391,1073940.41306259,2580519.62536506,2380456.36153262,1883952.33016465,1796033.72867667,1444658.77754296,2166142.41411374,1105968.65168058,3813788.57302538,1168213.91762589,3097261.56232505,1923290.53271673,3259644.80609783,846821.943036184,1075103.31414166,1457001.14018564,2022746.5495769,1145654.41366574,10,1.02264725556329,0.771685333470645,0.807678264279843,-0.294009500913399,False
O95197,3,Reticulon-3,RTN3,6676272.67370176,41910805.674742,17475507.2416272,44673671.3033531,9676802.85972372,7439271.01732324,22643262.5809887,19664842.2875126,22266745.1289192,46019339.591094,8268014.08135481,15640110.8399907,25385132.149328,29639876.401636,12971504.1793769,7923418.3052355,18771004.1032413,16974110.0555101,91744048.1461385,5047981.68097876,1,0.974496082362454,0.639323815164789,0.7585186811081,-0.475639566764117,False
O95202,6,"LETM1 and EF-hand domain-containing protein 1, mitochondrial",LETM1,3570087.85960734,6230839.48871786,1873960.64331934,14339102.5174219,2795566.57934742,4494388.24574726,6542824.63530665,5953488.64226759,4460737.13215345,2341913.96171412,1248146.15816038,168227.433295242,685769.066913811,7208160.48200409,1900026.3170148,2721051.68531409,850326.934621849,1375702.2964328,1097767.32555158,1475146.21606648,7,0.356070111334166,0.00200058047495735,0.110627267935027,-3.53532021131494,False
O95210,7,Starch-binding domain-containing protein 1,STBD1,4828482.53250446,7054360.38026937,5128898.87070075,8529960.90957985,2915394.22326996,5800100.61415523,25676464.4585959,1156740.27533768,2860876.28011859,20392797.5155213,997117.409056948,1630958.98148952,3763165.78233592,1102379.57803681,5618691.48624818,5112244.2807713,3189156.18569264,4624849.70570571,3441922.98534997,625264.459833795,2,0.356939719549307,0.0275261250494015,0.272440420479985,-2.37153438687793,False
O95292,6,Vesicle-associated membrane protein-associated protein B/C,VAPB,12891896.1808876,7717933.83387266,15534982.166218,10641806.1152589,11846465.5945273,7916245.99464903,12741604.3871483,8991335.03307911,6910649.99546312,11449149.6695925,10160931.2820853,5922386.83476612,8078259.17655967,7281239.66351738,14474621.2441605,10445673.7222559,20802024.0547419,11996681.8914369,12793122.7048291,10217299.1828255,0,1.05185730959516,0.88674187832172,0.825812662811676,0.144198204327519,False
O95295,3,SNARE-associated protein Snapin,SNAPIN,1567998.94355313,1346701.56541466,1917399.40416674,1120019.45036579,1272684.87653396,1574176.59368812,1735071.09865093,1923913.11976451,850150.240380918,1250750.24495112,1392923.29258675,320264.920116025,553848.239108683,1767822.32349336,2178782.49667419,1163283.11916452,691031.428129652,926248.052255948,1073952.98806294,971947.716066482,8,0.758308025254086,0.0968961930450018,0.427872205634169,-1.73914069282442,False
O95299,3,"NADH dehydrogenase [ubiquinone] 1 alpha subcomplex subunit 10, mitochondrial",NDUFA10,4714346.85805309,2777298.87016792,3609011.00464829,2686338.87279877,3566210.68794201,3469210.38152283,5028458.73629369,2467872.87604521,4570719.17015542,2395531.83411832,2249061.121228,2485998.59347864,2269119.97579707,2414531.66636648,2447516.35159175,2370108.09656207,1879214.94716641,1900007.51581961,1913751.52293291,1597610.43351801,7,0.610087024417112,0.00602362561081768,0.174374622303767,-3.06004938008342,False
O95336,11,6-phosphogluconolactonase,PGLS,60851827.3638432,54629773.632587,55054723.0106844,65737640.3516178,55483081.58805,75739010.5124584,130327320.489039,52931322.1381972,63297601.3215345,57341780.3582388,38109698.5937241,47248985.8349253,44672272.8724411,161049392.899796,56627817.6368221,127873362.559127,56624441.3522209,67919401.1925562,57278337.7966178,55925989.7322253,0,1.06246051448107,0.956790365823955,0.838745919712787,-0.0548433674676465,False
O95340,3,Bifunctional 3-phosphoadenosine 5-phosphosulfate synthase 2;Sulfate adenylyltransferase;Adenylyl-sulfate kinase,PAPSS2,1274454.64212785,1807643.35678222,1723802.27296261,1674175.48991581,2092354.2249722,2609700.41125833,1402886.97177598,2803620.36892401,2458056.57146707,4521907.28387925,2173441.32359289,918944.423229999,3107363.41914663,3400933.87607362,1410823.7625183,3561986.82918941,2981820.89565426,2433692.79342979,4290403.31271478,2745189.75900277,6,1.20814885458564,0.379666746326223,0.65200788821375,0.897749353495111,False
O95359,10,Transforming acidic coiled-coil-containing protein 2,TACC2,478007.276440382,710421.625004373,4248903.79213376,5696080.3894399,5656420.3309968,437196.113115557,3109924.39243271,588021.804727557,3688536.5680601,729821.704449883,2034322.99646975,70804.9004089647,35503.229912356,330293.438789366,266521.324489551,440329.275528603,1410812.34833059,1972092.24542725,548878.483106563,402253.469159741,12,0.296401874850835,0.00877989205431193,0.181482743058785,-2.89399490276455,False
O95372,2,Acyl-protein thioesterase 2,LYPLA2,1954195.99219376,2324174.62741166,5663179.47259251,3237269.11199144,2414259.36878979,3582617.94704384,4285299.65021745,3751613.28999357,3067899.40776705,3698099.35128095,2842944.41549062,2068892.90487148,3692332.43978574,3069096.29558282,2809490.30141076,8413059.26096624,10883861.6667467,3942568.71885522,2661980.26211792,7391661.38504155,4,1.40605781562758,0.248609129104597,0.583149616570681,1.18724316699449,False
O95373,9,Importin-7,IPO7,1859264.09788818,4753837.4901033,4416221.93463976,1284963.4458549,1787964.33434312,971723.771937917,2899167.03390432,1466641.2220895,5355369.64890845,7121040.31756226,4169538.027478,8800952.23514491,3626383.60928799,2371633.4795501,1833288.19153544,6249692.81519909,1360415.39659064,8242052.96828647,5133221.4705643,4831528.66574331,4,1.46065999867922,0.169166548158054,0.521118528909864,1.42475284196696,False
O95379,2,Tumor necrosis factor alpha-induced protein 8,TNFAIP8,665018.451954145,3717592.32349409,890684.275954503,2416600.85501072,5457443.19379671,4042614.94964835,2574447.71886926,2597363.21345217,4420354.41438325,822140.710197674,4056253.04627012,3278471.6592222,2667899.5904738,2968727.08498977,1880838.58029437,1640221.63982211,1882934.09555822,3712533.81053781,860565.256330259,1515038.61227443,9,0.88622130356544,0.989536011694569,0.843797505224354,0.0132747376333624,False
O95394,5,Phosphoacetylglucosamine mutase,PGM3,5766085.96188642,8891508.3159874,7154113.90430886,6877602.54847758,6325540.7289211,5775164.21378336,7254470.03070915,349400.65179638,9047911.63013206,8457485.79390566,7647695.80524655,4900180.35146752,3931726.09237675,2030164.12408998,8883974.0655261,3867181.2458864,9775461.47226891,4449410.88283738,7554939.82325014,6410221.86241921,0,0.902148738428246,0.954233987024771,0.838236223008712,0.0580917457528851,False
O95445,4,Apolipoprotein M,APOM,2121232.64591465,2271028.93800029,3619792.56759242,1542755.99450597,7244829.91704776,7033391.30914278,1234980.37622228,3888574.2237894,4550066.05462223,1387929.30407479,8169495.22986711,5973252.66379874,3703950.60692041,651322.027370143,3464418.62937224,8650323.55124318,5465445.07231693,9304295.4968605,2272051.15549828,8909022.90858726,7,1.62098455360248,0.179568487255704,0.530055352527977,1.38920832421417,False
O95479,12,GDH/6PGL endoplasmic bifunctional protein;Glucose 1-dehydrogenase;6-phosphogluconolactonase,H6PD,7710257.3392871,2699817.94468253,1758957.30524855,5596314.13266634,3846220.30260636,13015739.8706967,4255855.11462679,2279562.32569145,34904604.8086425,29697232.288946,7834039.53951519,3224589.4383177,1609081.26850375,16289930.5235174,12126850.1103703,8787090.5465939,2758884.37070828,3671033.98234598,12766924.6070718,14450777.6592798,0,0.789670953243233,0.948236720118575,0.837319346889102,0.0657150302898839,False
O95571,4,"Persulfide dioxygenase ETHE1, mitochondrial",ETHE1,5108917.74784606,5384710.10203032,7162046.66317583,3578722.63869531,3475249.44806428,5647829.40337381,4835870.99458596,6724051.96352109,5782788.39354056,5590530.15378577,2641240.1236095,1368847.81919359,230876.733862849,1758387.42691832,1261495.75345087,2235498.09803922,3734446.67741164,2363109.06925107,6705107.33600109,3824467.90304709,8,0.490206890844735,0.000874213677132952,0.073258090536328,-3.88622485958218,False
O95573,5,Long-chain-fatty-acid--CoA ligase 3,ACSL3,2819332.32668597,2738598.99066622,777225.684643938,2474159.9323367,1151894.4761143,2105136.22501047,1683066.24283305,1124882.90453,4414813.33460606,3122974.31196032,12588.8575223433,1398298.20919257,1331121.02110657,1625782.4606953,803669.930720288,759472.414513847,404794.930943577,1281052.07352807,1035027.61989284,1370380.07931849,7,0.447177844122909,0.0282699611228,0.272440420479985,-2.35889225395524,False
O95747,8,Serine/threonine-protein kinase OSR1,OXSR1,3786164.1510068,63110.1753502711,2849145.19888976,1654481.39870357,1516746.19802155,3834634.75931275,5144831.26240348,1233936.4380226,1702370.82791304,2934044.66952116,5458583.60974597,129631.416783171,957104.141255848,1890809.15766871,1196523.39458745,1626847.18779058,4128454.16566627,4360288.3009828,1978125.40066016,2726936.28485688,1,0.989232695032236,0.973920477254459,0.84324817206139,0.0330900979873019,False
O95782,13,AP-2 complex subunit alpha-1,AP2A1,8576722.23718562,1957292.40878083,5617663.05750163,3945360.93011017,4287853.11397034,8656379.58015457,11082757.311618,6806829.60626665,14697294.3302489,25622540.7418112,6411869.12460568,5369762.37184497,8009015.51096568,11737770.2106339,15719268.09238,23882842.1107742,8501384.61714286,12876002.021567,9343424.80014469,18846214.2336103,0,1.32270286071708,0.0774772012421792,0.408028770028777,1.85805066364076,False
O95793,2,Double-stranded RNA-binding protein Staufen homolog 1,STAU1,15106071.6556415,8424518.30793916,6927544.82794656,8639239.00881936,8286843.36810681,1873148.11729556,9877681.47373435,1905860.76840026,9487000.22459797,1174591.52569043,7359724.13929935,348233.380600879,9468261.39526496,1694427.96801636,11871271.0595396,8281528.07408924,808584.673046819,13967357.2146876,452489.592733527,18799079.2621842,9,1.01880628283345,0.422216141371146,0.673310065329544,-0.818859113488884,False
O95810,20,Serum deprivation-response protein,SDPR,356936675.879494,301603492.854644,274664222.365275,320765269.340427,246820239.749719,262110748.802419,290721244.222064,243378291.321327,336100070.788788,147575858.013987,169229900.888262,286929221.264617,174590068.657887,191527080.838446,216548313.430065,202581389.246008,239270843.601441,305993200.4095,214714538.619099,297949799.076639,0,0.826897582570902,0.0878376823278814,0.419883675208394,-1.79176105787102,False
O95817,14,BAG family molecular chaperone regulator 3,BAG3,4129899.73776721,21949659.6501662,2646326.81191165,10928890.8151404,8593206.82885721,10421691.0298845,14743003.3837756,15780990.8545438,14432833.7045189,10867622.4962535,5222434.43109746,10218683.626042,1957068.59522972,23203404.5570552,9392963.79288742,10893000.0274914,20352381.5466987,14482419.5513696,14691217.1423404,5793387.18882733,0,1.01496002647769,0.911241023131566,0.826708499711055,-0.112847768149604,False
O95825,3,Quinone oxidoreductase-like protein 1,CRYZL1,1682806.72183162,1586740.65236023,1705361.99959871,3771337.44863083,2718320.59345579,550945.23350471,5724741.01681648,4663111.91835891,3529356.4013055,4361387.11114679,4918705.02005908,3386536.45685901,1859647.30659293,6028573.81889571,4657234.32161309,3151383.59563372,1798570.03217287,1989270.45299845,5618815.88899439,3239427.46260388,7,1.209745572615,0.308604922874014,0.613979024606205,1.04388480371663,False
O95831,13,"Apoptosis-inducing factor 1, mitochondrial",AIFM1,11842089.532918,23490287.7571279,12325357.7541091,27090375.8777434,9345115.0,26565224.8216934,5387022.9354309,4301002.66580906,12684874.9020753,6872957.62434882,6466639.59770878,13806144.1935857,5091431.13402201,11125464.5161554,11196617.5356557,3071665.8165757,12411389.7080432,16195137.8705979,8077127.06854766,1333764.76177285,0,0.634543588534923,0.122619011600179,0.470870497200125,-1.60981405352122,False
O95865,13,"N(G),N(G)-dimethylarginine dimethylaminohydrolase 2",DDAH2,176312441.866777,125996407.941228,160551535.146388,148827907.856461,165979816.880742,226430473.802241,184355969.739061,144465877.754296,161959045.427185,133397798.719047,120578825.686535,142402911.651905,102058592.518727,177599228.462168,151020042.083037,171948604.762482,185618889.248499,149594974.943125,168335454.589438,144667079.639889,0,0.929709347851555,0.416875106263548,0.670306432105353,-0.828473251078882,False
O95881,2,Thioredoxin domain-containing protein 12,TXNDC12,2377162.26936697,2673990.96952073,2961023.44625211,2490589.47841425,2298230.52311977,3894057.67083721,4147414.43153214,3046887.03064412,4424384.29058485,5369656.53015057,3789280.07084196,1212811.88114363,2411726.54694556,5845799.42245399,2972262.93219998,2030347.60501314,982900.784278021,1811705.61434161,4159074.78395732,3598722.21006464,4,0.855455052791796,0.250283258600967,0.583149616570681,-1.18291371749423,False
O96000,3,NADH dehydrogenase [ubiquinone] 1 beta subcomplex subunit 10,NDUFB10,1995792.88929893,156057.045487144,385542.440700921,4976206.85735766,519973.73664324,3553807.11919024,5123183.30806781,3608383.92474501,4263944.84430869,3130576.84610719,1040503.95774428,1138235.9807876,538507.857572501,3731247.746523,3313709.60531201,2456567.57020749,4686872.46607443,4612832.85689239,3346257.67353952,3952109.46952909,7,1.03981371555475,0.39381850470528,0.659915516841869,0.870903414296599,False
P00167,6,Cytochrome b5,CYB5A,22275177.1841962,109413201.4212,67626962.9307606,22275005.6293555,38058659.7578708,25632762.6162985,31421881.3046951,32565789.4307636,36665156.9742162,31219739.7851995,10528653.7218994,59254975.4515457,33368370.8212769,52741612.2229039,44630925.4261671,11001809.1287649,50088918.909964,25078482.2413322,40554655.3282691,18574071.5281625,0,0.82900366621776,0.395090392471748,0.660046657917471,-0.868521703386244,False
P00325,25,Alcohol dehydrogenase 1B;Alcohol dehydrogenase 1A,ADH1B;ADH1A,3865032505.94515,1210598595.24226,2093029501.98137,2031534990.31316,1909665572.01084,3018365568.4165,2834886709.72752,2836937511.43986,2048184579.46276,1445348443.55242,1294491598.14876,1756198886.69388,1087352992.52278,1429248385.72597,1740481771.49398,1419580962.23974,1363377113.70948,2547307077.16808,1647015249.00525,2366911398.43029,0,0.714873479787386,0.0279320306646669,0.272440420479985,-2.36459704912875,False
P00326,15,Alcohol dehydrogenase 1C,ADH1C,3837671.36416722,1778710.31786776,1971619.72795827,2799727.85133329,1372397.12387363,2958677.37603702,2765961.61373924,5593673.44785445,14394214.0575869,2218872.94854778,633475.602224805,3698116.67731587,1598391.46173504,3127116.27337423,2599736.22745413,2192730.07628866,4690193.36164884,2882197.08417508,5777779.18538615,4853167.32963989,4,0.807550292154593,0.684791732299552,0.77472505509616,-0.411712798068497,False
P00338,25,L-lactate dehydrogenase A chain,LDHA,887842690.890997,607048339.609935,874697263.840353,770869978.394009,805233531.582542,819134224.130467,937497424.735955,695718609.220803,888587702.45261,525781925.151645,625221241.972439,719399114.225136,604466874.942535,920446050.838446,753047482.744485,732066122.130584,833822092.859544,921160120.848121,674195369.284681,691441600.646353,0,0.956844872890129,0.653441642377539,0.761003945946475,-0.455586181095998,False
P00352,31,Retinal dehydrogenase 1,ALDH1A1,1640775806.79556,1382315287.69459,1274521369.07887,1011281796.72093,1167722448.91934,1467401049.54261,857126283.926511,1076538700.31241,876749941.110412,1127975987.36887,806398243.225967,1127646040.63911,966959991.468131,1031211462.98568,1452810781.0228,928579892.743077,967225011.812725,1026440422.69542,886002764.15265,1254245990.76639,0,0.879242659495178,0.190521882391265,0.534791872968984,-1.35351357571735,False
P00367,21,"Glutamate dehydrogenase 1, mitochondrial;Glutamate dehydrogenase 2, mitochondrial",GLUD1;GLUD2,17200064.9720836,112862246.838377,64603437.6703396,114066447.208166,35981235.4843685,33640265.2250743,39189432.7358658,70079346.262979,50065334.9020753,80853617.5408549,31034532.6631247,57740194.7406507,41028135.4349766,22211178.8498977,61581830.1209665,51082850.5728724,63577296.6612245,42061946.7663118,43902941.241635,40875170.5955679,0,0.735756824729704,0.339394439370852,0.626458497370308,-0.977996840082963,False
P00387,13,NADH-cytochrome b5 reductase 3;NADH-cytochrome b5 reductase 3 membrane-bound form;NADH-cytochrome b5 reductase 3 soluble form,CYB5R3,197013875.306951,238973078.087284,161910949.604561,186875277.720267,156749794.067946,214559155.5401,99257114.7643561,172579363.475145,195927543.576498,152824274.131164,175110356.782334,258148387.757613,139328869.167636,321586619.98773,159375511.052501,171238323.129169,252185725.219688,187021356.884157,133373670.582384,129712506.094183,0,1.08465886422083,0.632280266973488,0.7585186811081,0.485718579970737,False
P00390,8,"Glutathione reductase, mitochondrial",GSR,12448639.1171453,6927432.2396799,6908481.77462504,7878291.61154324,3541709.84665888,20780775.7779844,27999679.7878761,13772516.7219517,15004572.3906208,21585194.9764504,7919841.44213847,7062394.56799236,4810918.47413397,28407620.7468303,14375165.1429323,28215560.0739842,24415318.9397359,30598469.6346346,14496844.1589799,23859613.8781163,0,1.34574635235678,0.171552301480406,0.521118528909864,1.41644860155304,False
P00395,1,Cytochrome c oxidase subunit 1,MT-CO1,4982569.44277643,8910306.43082036,8551766.60173715,5634968.9234343,8637144.96145978,3687240.21490322,7617508.71318896,4575697.35371681,6497839.55206181,3665088.34774852,9075709.50734714,6241455.01336108,4707019.63180681,7857540.86584867,5579086.69363524,5178330.91623206,5094961.18545018,4634034.09391209,2850014.99602098,6612072.09833795,9,0.921448449878415,0.661212892203782,0.764926272027872,-0.444628799973304,False
P00403,4,Cytochrome c oxidase subunit 2,MT-CO2,21845205.754517,53514146.3827182,43809084.0963432,60479104.7156117,32159927.8018903,14900825.6264681,42836408.0314192,25747796.8643756,38366100.5543078,24994331.3412545,11108475.9824838,27251175.4855563,18085737.8536467,27606501.6858896,31520934.4081614,30976591.0187993,10552687.8434574,25609135.7821458,16322260.002713,30724911.44506,0,0.640614899644329,0.0309821105510537,0.27325797600272,-2.31526147571514,False
P00441,9,Superoxide dismutase [Cu-Zn],SOD1,607310488.723602,470549506.64247,543390772.384503,726596675.279762,574863856.694353,672898152.800744,699320161.631313,840356224.823119,610694156.050669,407289094.694212,410871642.561846,444763961.408765,290014710.349117,531031859.97546,431347471.591436,571550029.189408,711278803.342137,380471785.512785,562388648.856032,497324200.138504,0,0.785118128669649,0.0234787987938519,0.251287908601313,-2.44643019521214,False
P00450,46,Ceruloplasmin,CP,707725726.542508,634665222.227567,501920818.683432,657430448.075644,742787269.723942,689159869.213464,624257331.463566,972036219.792337,556324409.630761,411103699.546849,803233037.414909,1027846336.48113,522435875.483382,619567747.034765,603299553.584135,1168337724.9242,1200303174.16567,750891768.377468,1063473748.96003,1292611474.60757,0,1.39317035974405,0.00978264093651893,0.181482743058785,2.84587172527859,False
P00488,20,Coagulation factor XIII A chain,F13A1,34524531.7903947,70532978.7812664,47512316.5858512,21243835.4347512,36909796.7800568,56702456.3562299,73792982.7314281,14845019.5828356,54528422.7953463,55417805.7079141,91801829.5210028,67954144.6769712,101030046.099137,43080789.0433538,95765528.1695697,62762449.7283202,38877473.380072,107916561.425061,73747645.1867426,39093631.5189289,0,1.54938707687081,0.0278039985093166,0.272440420479985,2.36677512080459,False
P00491,12,Purine nucleoside phosphorylase,PNP,20522681.272779,49687504.0502011,40351171.2274483,12608595.7233323,41392009.5089118,28684818.8533025,51693821.9912133,26613355.6183957,24128883.7570748,28142714.1226004,40438607.379213,18359953.7057138,3993641.04883853,31609039.2842536,19998193.3777805,45458780.1507985,37808562.7471789,49085452.5252525,27850268.1158437,25449325.5355494,0,0.926584755881216,0.50378550651852,0.715497513978022,-0.680437263348552,False
P00492,11,Hypoxanthine-guanine phosphoribosyltransferase,HPRT1,5845316.65229922,20246386.9844324,4804045.69155784,3735343.77202672,2683150.95463659,15071931.777956,27215874.544688,13078695.8159515,12024143.1165214,23465821.8443588,8305717.26822182,4915869.15168751,2639851.57224371,12010670.5014315,4432157.06926956,30052469.2767334,22491997.792557,18221656.1202111,22214296.698318,21406346.9529086,0,1.14449729647547,0.563103452031886,0.732675882289056,0.587703042670255,False
P00505,9,"Aspartate aminotransferase, mitochondrial",GOT2,12301289.3575361,4144412.20412804,4458879.42281004,2551119.38501576,1535440.95758884,10256951.6189172,5309471.83464986,9078062.64632914,11461639.5633815,14437479.1004781,6312878.86443633,3841727.32972965,19106964.5110668,12384475.1014315,18785349.3526282,9686276.86961795,10208051.6696279,4281115.47301847,13408355.4521613,12464135.9095106,1,1.46262926998353,0.0901650730866869,0.421730243491225,1.77780978755566,False
P00558,29,Phosphoglycerate kinase 1,PGK1,707327157.520614,720564433.920763,821351965.447188,727342490.200387,746802113.463614,852546347.820224,937580367.089731,704958105.444271,1048523414.20358,840480156.604581,632280892.188278,657252530.595114,666028031.6531,969445794.928425,639395757.765368,1051292379.1793,723538517.234094,1015810343.75284,911524781.967806,909819527.700831,0,1.00849980938096,0.971918007457374,0.842393701872033,-0.0356319497139486,False
P00568,11,Adenylate kinase isoenzyme 1,AK1,43718190.5620751,53504338.6706314,52153076.2878927,38833177.7584362,61908890.4657516,84657752.8582276,85239856.976125,72841749.5483782,77518866.5254694,49839946.4443731,59017124.2329404,30415985.1851048,15900013.533492,44640983.7030675,31601887.048696,72541667.7052759,67280340.5498199,102797115.406315,64874095.9463737,56175564.5060018,0,0.879121004804988,0.149443388591303,0.502808000359564,-1.49730347431691,False
P00734,28,Prothrombin;Activation peptide fragment 1;Activation peptide fragment 2;Thrombin light chain;Thrombin heavy chain,F2,127131440.134929,141762305.120693,132092896.609929,113331441.199433,110210548.995351,155746389.982187,136995885.732671,197575807.254434,129392608.373012,109156385.013916,115778263.539764,142362337.168577,79008538.7273858,138017219.89775,154605087.592426,176338749.751364,220235079.937575,113962950.3276,99671085.4675348,205461104.98615,0,1.06801019717084,0.766210189083742,0.807231985594737,0.301284586509418,False
P00736,15,Complement C1r subcomponent;Complement C1r subcomponent heavy chain;Complement C1r subcomponent light chain,C1R,28750112.112596,20081290.4976386,18944299.8745966,17587180.5413064,25287338.877261,23371243.3272538,38054781.3362031,37177809.3393366,32424551.8295751,38878292.6047242,23942299.4462892,27908482.1154625,17511824.1143622,27462025.0613497,24015468.1643102,39179588.264807,52050832.1286915,50075325.4763855,50313024.192892,29656253.5041551,0,1.21941439349203,0.143629642386634,0.497006182878051,1.52017868203081,False
P00738,30,Haptoglobin;Haptoglobin alpha chain;Haptoglobin beta chain,HP,1425065421.00706,1640258115.57635,1465526913.17906,5080080500.65061,3430323669.06079,2544971882.63347,834317136.637969,2723676400.67077,1745943864.34283,1996932302.57618,3709652241.98904,4663901610.22346,1458059317.55861,2427589505.56237,3995735601.81604,3435345125.2072,7693015341.70468,2063340843.07034,5353623531.69651,4682049306.55586,0,1.72509050818144,0.0122300862320552,0.198938501065838,2.74576679306273,False
P00739,20,Haptoglobin-related protein,HPR,18004511.0086259,9332855.35989155,18461473.3601418,22616567.2451783,32102278.7635771,31453024.5754352,5611382.00239638,26555823.439309,19626336.6593298,12108702.851281,15715867.4804914,6005835.02214311,3002243.6031261,7352407.77856851,18591641.2484918,33961285.1162321,40886056.0806723,4914498.0967331,13563008.738922,33524662.4976916,1,0.906289004639538,0.316820516660763,0.615712669870206,-1.02586870121398,False
P00746,9,Complement factor D,CFD,3690386.80726084,6440479.33457233,1627390.98642299,1473038.5127953,1793543.93769415,12350680.7671618,19476523.5138014,25096051.7311403,33137336.1827329,11935978.6105759,1127418.38161215,9556237.56158099,14998835.0243381,9116551.45112474,1704775.87468676,15170557.8213058,7884988.46040816,7486892.16020566,21307504.475945,22950922.7469991,0,0.951148030029851,0.637333924490262,0.7585186811081,0.478481894566389,False
P00747,27,"Plasminogen;Plasmin heavy chain A;Activation peptide;Angiostatin;Plasmin heavy chain A, short form;Plasmin light chain B",PLG,86301063.3042107,72483896.1771908,53749997.6399084,60668260.6737414,50904100.8305977,89251090.8628973,82841993.5284459,107181590.949187,72206985.9572366,71657218.7789909,124831683.102275,89615508.8427695,39473943.670732,118027464.703476,75625667.6708536,121911530.55185,176338842.27611,132816458.340158,159030904.385965,181306780.470914,0,1.63129472740291,0.00293890665023531,0.125011106872925,3.37087921624209,False
P00748,4,Coagulation factor XII;Coagulation factor XIIa heavy chain;Beta-factor XIIa part 1;Coagulation factor XIIa light chain,F12,13983733.7438933,9340211.14395662,1407993.99323658,5130233.85183472,7993039.16213179,14785428.4545345,16035245.2556137,24539621.103556,6495572.74669841,9345115.0,2006026.76133156,15000386.4861931,8360481.48768336,11614697.5304703,4315643.0902144,20165953.4360218,35359312.4388956,31550924.7078897,26815020.7044674,44172743.6703601,1,1.82805929831851,0.101997452884492,0.437355574810954,1.71134361476694,False
P00751,29,Complement factor B;Complement factor B Ba fragment;Complement factor B Bb fragment,CFB,189102884.114819,138256048.049676,115686170.39059,179406319.602117,201116905.732666,233234927.733502,174378004.579746,236010737.641275,168633527.886084,154758252.115892,308529988.004317,246909255.875883,131952144.354904,174625609.047035,224484563.36819,260393780.485142,382429479.246098,246252156.752207,367483252.541147,438143118.144044,0,1.55323832496912,0.00226377555141684,0.113801199931822,3.48260203895737,False
P00813,5,Adenosine deaminase,ADA,1724716.8583762,4712628.28331223,2820602.00386725,2654344.49359512,6197186.94536586,4541077.67623076,10372770.763291,8977596.00523753,6986881.82027671,6362120.6807964,626322.857720405,770031.295184884,6680497.44517158,1846625.30106339,10365945.5374592,6377649.01026885,7877359.79510204,6517088.7981163,6197117.76948815,2475038.34164358,5,0.898531943352819,0.331063605227784,0.621344828365596,-0.995398192480231,False
P00846,1,ATP synthase subunit a,MT-ATP6,6809227.94455747,9289537.9648417,1248301.85803501,1899341.99786022,1291487.46248488,487068.913859299,1440957.5121594,1590807.68620785,1970525.50682778,2961198.6368888,1255997.83431169,1543140.33978658,1771045.74032559,1795408.7198773,766036.234121745,1586950.51732363,1841998.03487296,2358601.91577942,968146.477120637,1522472.49630656,7,0.531583972056704,0.251845768637451,0.583149616570681,-1.1788924757644,False
P00915,17,Carbonic anhydrase 1,CA1,1033791419.99897,2279720943.63302,1908180386.57682,686225389.358934,2227929441.38448,1865454972.49998,1966231438.62608,1655552854.91133,908988950.723206,1448482821.6656,2536974520.42172,2608263036.57231,612503183.577165,2908031614.15133,419652706.19992,2053242853.4061,2086664333.73349,3573577418.60042,2005253108.33786,1858933807.01754,0,1.29301466076169,0.484483678252535,0.70563943339286,0.71191374166582,False
P00918,14,Carbonic anhydrase 2,CA2,145755483.521596,508014966.813888,408308726.511947,75586720.8686349,412684758.553835,430020265.987268,333262377.474039,217222617.067904,188749326.5924,215291763.037893,431973014.635564,362289561.631643,81985510.9197112,313200860.351738,73698705.7095567,348838956.207803,322216872.729892,517939966.398216,407380420.125701,269109309.926131,0,1.06601123371012,0.858426628831379,0.821714813561017,0.180619990793217,False
P00966,16,Argininosuccinate synthase,ASS1,37647863.5801432,29306261.0245758,54876592.840303,57782281.1982766,52736516.6912688,62164589.1610898,73430524.6454247,42882940.6505559,37409004.956428,44865621.6898594,37931267.8739831,25064210.8342017,30093195.981503,27708170.4216769,28216331.9749095,78841261.2977562,41170560.4220888,61829641.5679316,42593881.4536987,37120265.023084,0,0.832624129068382,0.111408369411808,0.451878757376586,-1.66303799155011,False
P01008,17,Antithrombin-III,SERPINC1,139933960.232119,105784347.949099,154770117.335763,187448150.050603,153752044.075657,212131835.716668,73536690.8582586,304748811.311219,138443038.67577,52768922.7577963,149289104.278599,180434727.357589,66380414.7502637,120190791.93865,161601708.667203,97497488.4536082,282538838.237695,97133409.3457093,106769924.85983,230411944.736842,0,0.979604017027439,0.998820044820061,0.843898074451799,-0.00149685940102473,False
P01009,27,Alpha-1-antitrypsin;Short peptide from AAT,SERPINA1,4801790485.88673,2419889495.53962,4544975671.82771,5040303704.8839,5728873182.37899,3763937411.44994,3685294662.99814,1873230577.27649,3901255986.16477,2306035335.65261,5195592244.56251,4553809512.12805,3072245411.04411,3579121713.00613,4319257047.38112,5074282213.13928,5109680022.04082,3611250418.37292,5467543001.94429,7420203180.97876,0,1.24529763247154,0.0578816625351913,0.359631025519553,2.00819079016436,False
P01011,12,Alpha-1-antichymotrypsin;Alpha-1-antichymotrypsin His-Pro-less,SERPINA3,57585976.9541448,34811656.7426098,49612377.5419265,84297622.9633057,85057038.242746,85997421.1760782,47987957.6244786,100080230.933566,18547505.21786,600280.090901306,113109560.601029,126010820.387577,39820161.998702,12862241.7169734,5444498.75081212,31141315.9082272,97467417.9111645,51448731.6757667,68457319.6396274,110104956.048015,0,1.16169412594527,0.611506757497623,0.752555933614109,0.515750035799704,False
P01019,11,Angiotensinogen;Angiotensin-1;Angiotensin-2;Angiotensin-3;Angiotensin-4;Angiotensin 1-9;Angiotensin 1-7;Angiotensin 1-5;Angiotensin 1-4,AGT,43993565.5226562,58858532.1606612,61018958.6277526,82875170.1581702,42522342.4386966,105203755.079519,189017330.021301,132916507.474961,83059946.3026682,94438145.6611718,59999268.9772539,106545888.252576,94737464.8097569,108502709.456033,69966210.7477648,110584805.356782,140089219.721489,54691330.956411,92242657.1034545,142609415.281625,0,1.09627957008109,0.30222015112529,0.611114865961753,1.05812259411993,False
P01023,64,Alpha-2-macroglobulin,A2M,1941876586.0625,1180358149.64142,1133189141.78942,1521678616.31437,1600254947.80674,1225438381.67896,2556946882.22242,2580704642.19425,1402816696.9275,1890296757.83201,2053039377.05462,1258688096.9593,674721396.96855,2567020914.64213,897981620.95876,2676326081.94866,1500154595.19808,1377573190.32669,3662156026.49665,2346799388.735,0,1.11629393934659,0.837636643054719,0.819283344390874,0.207519805637321,False
P01024,103,Complement C3;Complement C3 beta chain;C3-beta-c;Complement C3 alpha chain;C3a anaphylatoxin;Acylation stimulating protein;Complement C3b alpha chain;Complement C3c alpha chain fragment 1;Complement C3dg fragment;Complement C3g fragment;Complement C3d fragment;Complement C3f fragment;Complement C3c alpha chain fragment 2,C3,1735466144.11818,2200523668.53245,1547701173.35763,1887452194.77778,2166162614.62028,2186179526.21905,2360456446.12585,3345109803.73059,1743928926.24203,2042080685.18519,2593296565.00083,2517511442.19636,924630378.376917,2118761165.27607,2040006541.47202,2067448486.07237,3791446657.14286,2970469259.71426,4210118819.58763,4220203222.53001,0,1.29407557681174,0.13125608972148,0.480671835578707,1.57152855138775,False
P01031,27,Complement C5;Complement C5 beta chain;Complement C5 alpha chain;C5a anaphylatoxin;Complement C5 alpha chain,C5,19355961.0450539,16482677.4711387,15703580.8099386,18547011.9174161,32199046.7921743,41054865.1228807,47097156.7449188,60978957.6964072,20194717.1152637,23346448.7204738,37966954.0179313,19711084.000521,19876975.451202,35162858.4773006,33612692.8162609,58118416.8364665,71608934.9935174,42215870.3094003,65267067.4127329,86780334.9030471,0,1.59452303376884,0.00746153730340836,0.175323277667773,2.96599223660897,False
P01034,1,Cystatin-C,CST3,3631567.68190865,3773909.2272991,2258346.80045814,1716995.65422317,2428671.62836811,3141986.44685577,9749044.26289163,5261017.23624001,4263441.10978349,1124958.19508206,1539500.24992529,2898100.09580873,5744823.08579678,6949249.19770961,5584211.49328463,5624297.10770164,5061983.39841143,7430294.74312099,4725844.02741706,5804604.77839335,7,1.37518053827155,0.115176484043527,0.461520388620022,1.64466363270101,False
P01040,1,"Cystatin-A;Cystatin-A, N-terminally processed",CSTA,3483976.36531651,2426591.43213224,2017409.73800967,3673509.99892113,5547484.60111481,1207558.45205061,2467120.31308245,4787269.36804538,5606394.07005908,1597665.88207379,2957295.23327246,3012925.88362568,2058634.39523784,1766054.7390184,525067.915479411,1412024.7746513,769185.880665337,3326345.85398586,1433289.4773015,682559.138401099,8,0.546804635288558,0.0247821115240655,0.259572233750645,-2.4210836048331,False
P01042,22,Kininogen-1;Kininogen-1 heavy chain;T-kinin;Bradykinin;Lysyl-bradykinin;Kininogen-1 light chain;Low molecular weight growth-promoting factor,KNG1,237861161.126477,219398519.380794,213115560.862441,100921729.454935,165331265.199718,117763477.160437,136904649.143516,302481871.717357,96423183.6986794,136265421.248127,149647517.289557,232654087.400139,151241812.219097,168800678.470348,182736130.178201,198168575.69436,212570515.030012,227288095.918646,172079247.268946,277047911.772853,0,1.14235299902609,0.186158673208304,0.53240815837221,1.36753195257598,False
P01116,5,"GTPase KRas;GTPase KRas, N-terminally processed;GTPase HRas;GTPase HRas, N-terminally processed;GTPase NRas",KRAS;HRAS;NRAS,12778364.3988937,9014104.71707189,4224028.85607036,3915420.24416621,10662746.4430798,14884908.775167,4049992.19255347,7518854.72415694,9419835.62123798,13495164.9996432,3434558.61929271,8615450.54149299,1953909.66887963,8365120.11820041,7078585.62331776,6091571.74817061,8276742.86112845,7963374.81872782,5454443.95306565,6832109.43213296,1,0.712132405506455,0.188785627501193,0.53240815837221,-1.35906115003715,False
P01591,6,Immunoglobulin J chain,IGJ,10829724.2173081,92862687.2747945,15069187.3961242,165851944.088136,61466228.2072749,34388357.2362305,41123648.4259341,44490406.9080217,12532914.9869733,30311437.0213373,59751017.5410925,31557480.6493864,36350397.2957625,15038564.20409,7873511.64171024,52639425.2160906,11221317.9202881,80172905.7912458,56740854.2426298,14663845.4847645,0,0.719179084342594,0.496135781745682,0.709261894965122,-0.692827801208896,False
P01594,2,Ig kappa chain V-I region AU;Ig kappa chain V-I region AG,,21889893.7963657,16140224.8574427,7357713.56396408,31570669.8574444,37259808.7983873,52190029.0123413,9663613.63850182,17951757.2535147,46333501.6278861,13423140.9919361,22681423.3846949,25089908.0069758,7088378.01549528,22324313.9844581,9662564.99752498,35109070.0109157,26852901.877551,12811371.1415961,34246829.4682583,12973905.6602031,1,0.822918968121733,0.623507875250601,0.7570989037989,-0.49834356065646,False
P04432,4,Ig kappa chain V-I region Daudi;Ig kappa chain V-I region DEE,,11043660.2900093,1422363.44538219,3918777.69103856,4246064.85897695,5218814.09538962,6801485.59697588,10825636.0149108,7918660.43434715,9209106.67819603,4402600.84889032,2223246.76797277,6325807.33499241,14906339.020714,2103706.96553059,9032286.08969823,8769711.31514049,10560765.2537815,1119900.07675858,17315252.4177066,3076274.59187442,8,1.16038415281594,0.911650710357303,0.826708499711055,-0.11232458634047,False
P01599,2,Ig kappa chain V-I region Gal,,10063988.5813064,3301929.73587546,3310408.58745632,5270101.17173178,3312143.14051863,6493146.84789474,16092475.4797195,13587039.8460902,5666088.32260416,7512504.13722972,10545410.6938403,4198377.03817877,3245101.86092106,19253612.393047,2652066.32722829,32371463.2476248,13003733.1318127,9578976.73673674,29357081.2868511,32187180.6648199,1,2.09614486561847,0.051076687399726,0.343437740628752,2.07111516852785,False
P01602,2,Ig kappa chain V-I region HK102,IGKV1-5,16290602.9312172,17756862.7330768,16800487.648603,44225743.9019171,24721142.9652559,17094698.2974828,28520557.7695926,8152739.1211982,7507743.31933339,17401800.5287947,22862405.6989872,13100418.680242,12527291.0480273,25331568.1693252,8058546.24864647,41722245.3883162,25332553.7565426,18065181.3581764,50158370.9061313,6273685.87580794,0,1.1257600075752,0.83956732391852,0.819283344390874,0.205015414513338,False
P01619,5,Ig kappa chain V-III region B6,,92858127.6068188,57072711.2515305,46709168.2737807,97746071.1407339,90389574.2867215,98496128.6603411,63332293.0731339,68123252.1740329,100217983.788519,73691230.1077571,97108203.9689523,72121144.11471,55081566.9812596,93099513.7709611,49690465.4595799,173905657.347888,88895490.5771909,93587215.010465,134700477.468801,161407174.838412,0,1.29286034485345,0.127307502631532,0.476445128823285,1.5887617754618,False
P01624,2,Ig kappa chain V-III region POM,IGKV3D-7,49348883.8350092,39597002.9316075,16405163.6739847,52415656.4433392,25694999.9339047,23903131.4415687,21454698.6513713,28252593.3777451,44029755.7326386,17833944.5750375,28224636.7200731,31706253.7549207,24390702.1343195,122201233.856851,24583582.2309192,106391121.245199,24131712.0883553,43632647.2308672,84115331.0992042,85924081.0249307,0,1.80381520731049,0.0532903582315517,0.349426255643834,2.04986172771216,False
P01700,3,Ig lambda chain V-I region HA,,1724354.52290175,9234778.23902396,8451457.74594402,17224001.1016974,13461256.3355659,2608241.36655572,2890043.37498891,14725661.7784618,10384487.2369958,10334111.3280525,12173940.1150589,5042596.7879472,19936767.1080678,13524999.5660532,26166984.9206992,25281492.433394,9301586.7332533,17579599.3520794,36493950.1758908,5765907.41320406,3,1.88127029602617,0.0441201833945978,0.322432542423785,2.14377241752099,False
P01705,1,Ig lambda chain V-II region NEI,,2141281.87550081,960256.744227742,149744.971476583,1341494.05505595,402328.520599705,1661903.45735892,135361.921363273,158977.725911973,83659.3903876561,118566.18824306,478892.536070065,709817.373454278,281194.987979664,327136.356993865,90685.7499760233,798160.094966646,165910.008057623,547763.715879516,247191.72883885,138022.815050785,2,0.529074685952412,0.591093143153235,0.744753316101235,-0.545737739050497,False
P01714,2,Ig lambda chain V-III region SH,,1252.78257564292,575222.313888403,691457.570150651,1591106.32667193,3369998.06825442,2369355.95661029,1085128.94614644,727163.809193237,471084.132391519,420533.509444801,1992838.40378549,1313672.79023444,6202615.06692988,2017551.08543967,38956.4454555232,2556938.31805134,814741.454693877,3724432.40353288,894876.313393019,409926.565927978,6,1.76659111985677,0.29817196731809,0.608461038679821,1.06726149074386,False
P01742,4,Ig heavy chain V-I region EU,IGHV1-69-2,10896273.1661152,6262142.43646143,13498985.5696658,18420547.6482665,2309461.65271321,11777408.8394638,3517585.22366202,13474551.5556372,9534015.44694996,11877292.3820738,6064006.79968454,16681522.578731,11584533.5202805,21507906.39182,1178540.34372583,11091727.7610673,10613717.1659064,10192970.0964601,13269759.064026,4713047.02446907,1,1.05247177237672,0.974704312503745,0.843288256353484,-0.0320951921668802,False
P0DP03,3,Ig heavy chain V-III region CAM;Ig heavy chain V-III region 23,IGHV3-23,11452337.3409026,30175060.8535945,5311560.42260939,13029062.3959749,16881285.5334993,11110094.8486612,17880712.6271412,19486234.925572,10416390.4235918,9914638.17205452,13435833.1964968,11675578.0740564,8970845.40604127,44731950.4666667,3070707.12542153,17675434.0068729,14437024.7193277,14962048.7132587,21932033.3224815,28947354.9445983,0,1.23467010739905,0.685981153441344,0.77472505509616,0.410064897979045,False
P01780,4,Ig heavy chain V-III region JON;Ig heavy chain V-III region WEA;Ig heavy chain V-III region TRO,IGHV3-21,34809569.0302944,36006562.9985132,30930585.2868393,68188020.6777897,48486959.0098923,32368243.5252539,21172694.6485311,18386254.0090049,36153866.4311383,20496165.3043602,57090072.4597377,8082978.07195786,25741459.0416182,52530630.4854806,12331544.6442935,76105921.3907419,34595548.4182473,28583006.6671217,68382950.8459939,63825429.5798707,0,1.23132815649758,0.741750899471412,0.798823546685696,0.333995383202703,False
P0DP04,3,Ig heavy chain V-III region DOB,,7666777.08235325,2049321.44052825,9239330.67951912,20376960.7009224,9465972.09103527,5695782.97702314,1965153.18802698,1899935.81264357,5401713.22522684,2863421.12863056,3979315.36451934,5844078.08194396,5564259.23010357,4247842.08944785,1686995.20542648,7283182.53086719,2519613.52710684,5210269.41323141,3159152.54955688,8911677.95937211,1,0.726556771462117,0.635986348728607,0.7585186811081,-0.480409027561548,False
P01834,8,Ig kappa chain C region,IGKC,4698524875.66883,2567904217.11562,3084152020.16486,4285409298.26794,3219287010.94979,4393448880.41218,3606997081.03311,4388417230.45116,4953305542.04474,3460220059.15935,4351537361.61381,2458137448.26039,2080393079.93726,4619735622.98569,2183697478.42094,7815364822.72084,4082233428.81152,4600528085.08508,6181229890.84826,7550964432.13296,0,1.1879615648572,0.454852116112779,0.689731901520803,0.761697202298654,False
P01857,16,Ig gamma-1 chain C region,IGHG1,9871105330.40815,8638142420.4128,4270592707.6262,11323416099.2395,6626345175.26273,11669837452.7532,5783072674.71377,9967664699.07195,9670023768.75393,5517972634.91044,7020550614.64386,5976486145.86951,4619613894.37248,9704395494.88753,4547080907.17136,8878520416.41399,7852858317.11885,9897879105.0141,11397017624.3444,9422775235.45706,0,0.951750859601429,0.742493095009477,0.798823546685696,-0.332997484872178,False
P01859,16,Ig gamma-2 chain C region,IGHG2,2213265856.42464,2488788672.9491,1868179225.50872,2660829840.731,1957226028.61927,2565796429.75254,1708197776.02734,1854940496.46237,2237588760.93792,1205401795.65404,3585371366.76075,1223415346.11989,2182009422.76698,2596222010.18405,1821289853.74192,5503246982.53487,2596707921.20048,2425613933.43343,5178180786.7155,4938195331.02493,0,1.54383050151492,0.0181483425904312,0.228081706496062,2.56600614648688,False
P01860,15,Ig gamma-3 chain C region,IGHG3,90527102.7211983,48786011.8475599,83452422.2783286,340415871.162132,107363098.281522,269565140.828478,125815256.443596,147917808.499495,360388470.478843,56392130.4788411,122094711.018595,102282862.537629,36911422.6155386,161072325.697342,63760323.5010673,405140109.92925,113281192.345738,148489446.733097,159216826.370049,178014517.497692,0,0.913922747422246,0.87549326975696,0.825812662811676,-0.158640455058438,False
P01861,12,Ig gamma-4 chain C region,IGHG4,39285619.9246517,299339545.981284,289508403.230391,135478901.66845,35493277.5529313,40324016.3673009,163247140.702938,50902239.4638427,47283880.7654299,124248082.1844,121075328.558858,77955754.8172108,70047296.4574488,53595476.7182004,72542239.4162052,208890805.882353,37124675.3397359,3533948.48430248,143565575.709893,276012441.966759,0,0.868773074163134,0.580421112340951,0.741815536043608,-0.561617515824062,False
P01871,21,Ig mu chain C region,IGHM,706578330.87342,1596368603.98811,275492371.403013,1119479004.77113,940997016.81024,611737651.675904,1113418157.09594,691030165.969861,281940213.75438,267862619.774495,1008366302.25801,219778451.357532,408916698.166527,724477651.541922,118001483.824985,1140833202.10228,368320935.879952,881191024.024024,1325961786.48942,794523947.368421,0,0.919192583876905,0.623869445158917,0.7570989037989,-0.49782158422088,False
P01876,16,Ig alpha-1 chain C region,IGHA1,34110261.5646083,1235444799.19538,1537654006.72998,2336778662.17506,1781890596.37798,1569534178.72528,1572255258.18763,2279476456.76744,2229445052.78052,1696565514.87904,1526125703.80209,2647349788.84451,476189193.718056,1091754048.50716,927370320.638555,2559582983.7073,1097630314.04562,1330885883.61088,1471487994.03147,2224600676.36196,0,0.943454241532272,0.711178896202023,0.788733295532262,0.37541667738068,False
P01877,12,Ig alpha-2 chain C region,IGHA2,15492257.1025151,135093060.901697,41223071.5351046,65778714.2168117,56065748.6538589,60920421.9510464,71071644.1040206,43076145.7295782,75152993.3721139,112517505.373582,28758377.30782,107389837.505789,43259601.0086806,57415316.3627812,30842956.0436841,78372777.6672731,17405024.2684274,58813250.3671854,86386114.604811,71513792.89012,0,0.857723661579371,0.564171496610299,0.732675882289056,-0.586082447231435,False
P01880,7,Ig delta chain C region,IGHD,21201756.939305,9588673.18348784,7509280.46332369,30784861.9628141,4230204.0756571,10880096.3473589,10230939.3383332,24987856.8868878,169632601.361064,68249416.1921073,12877117.2720967,5128208.94776832,5685309.28783904,1050398.57026585,20513529.6639603,57354486.2712755,30515793.055967,2833946.65914156,6314502.14943932,11516946.5420129,5,0.430428477372658,0.098251871340926,0.430059986382201,-1.73163341503359,False
P01892,12,"HLA class I histocompatibility antigen, A-2 alpha chain",HLA-A,1675801.56932561,13542815.7731328,16510074.9056157,48008863.0645115,11665282.9026857,7334219.79873535,11021379.9698234,20739062.5268768,7303982.70389004,12351450.4328124,16223231.3531463,3203359.59879458,12728704.192109,5087106.03697341,1595923.48482505,4624008.99474429,8445740.23490996,5521603.16530166,15613221.1634111,10527276.3619575,2,0.556567045052968,0.157280127377707,0.515644929219471,-1.46759484163599,False
P01903,6,"HLA class II histocompatibility antigen, DR alpha chain",HLA-DRA,14076733.1823352,10910262.3871786,947152.491915662,28826287.1277795,2609236.6519421,5987786.81908182,13091621.1200852,15521666.7040338,6654249.12213638,29654551.3954899,7878414.48372904,8837122.46873914,15220465.2970605,28316653.9832311,11286677.3482505,4075958.70895492,3582241.7297479,5217242.74501774,8574383.86597938,4863986.66158818,0,0.762811762118161,0.796844356837273,0.812593916944395,-0.260780770631453,False
P02042,15,Hemoglobin subunit delta,HBD,1689207981.88022,4176368999.34406,3989959562.00779,1170605158.02562,4613981959.28529,3162678353.54732,2449204764.66673,3174831727.41891,1716055615.84763,2640813593.69871,3607093367.42487,3226618162.48408,642222362.678818,3477682305.19427,666977478.861801,3651149842.73297,3553701546.60264,3912294254.02675,3017767331.66034,2368637181.44044,0,0.977085513474172,0.672382107079519,0.768734109029445,-0.428976459080611,False
P02452,15,Collagen alpha-1(I) chain,COL1A1,4892615.91148189,27955248.6846248,7142238.55961677,28636050.2784605,20276196.221882,6213540.82670376,64174.1579639656,26786810.8448957,3834343.25006738,12424808.21844,61636176.884443,5030559.6912267,6561974.52851618,11276056.5533742,11085885.8880673,888305.412896705,21108068.1570228,7955806.2025207,47469262.9363357,19652022.1468144,0,1.39383387229341,0.443446639618264,0.683685726064029,0.78137765924994,False
P02462,6,Collagen alpha-1(IV) chain;Arresten,COL4A1,829808.625733451,6464099.57451461,1999745.54433428,3938227.04826071,6193072.42326998,6281718.00644387,2061781.03017662,4715921.30662501,3848784.57364395,15128376.0632984,63782000.2357629,2296515.75633901,14178074.9474336,26635679.9231084,576628.549693717,38102149.9124166,7834280.27337335,4830733.07466557,5299875.1762977,9039784.15974146,4,3.35348964433395,0.121625999351766,0.469229580064874,1.61435923002649,False
P02511,13,Alpha-crystallin B chain,CRYAB,1017643335.6877,857112305.448662,839883753.34827,708578219.15392,1253454804.46804,1068047250.39565,1369544145.55782,434144692.901773,1214671851.76534,571497163.376864,788881001.26183,990328464.230925,1397635374.33408,1153366831.24744,767214194.838041,1115444411.80513,1420277981.9928,1271612563.42706,867241545.758727,796714364.265928,0,1.13221157659632,0.275497462121188,0.592304662705395,1.12017628228403,False
P02545,46,Prelamin-A/C;Lamin-A/C,LMNA,1050579630.31509,779247244.573203,857290508.594312,384408142.567157,1131588855.26229,1080727675.2656,568321008.076684,858775109.023247,913102782.679005,1291763916.00657,945682814.627262,906082312.015167,547151315.246491,876491522.208589,952060876.001609,588173641.88397,821723927.17407,629564299.358449,1441064396.63592,598820154.016621,0,0.931695497836351,0.676043703921728,0.770266151119016,-0.423869030488798,False
P02549,55,"Spectrin alpha chain, erythrocytic 1",SPTA1,14091226.6013131,83063148.2814413,5274371.84317889,1275451.60338895,10975347.4477296,15451283.4006345,41549142.7008077,49001960.1755031,14499158.7503369,47358452.6232784,2660169.2956168,46925742.4510825,2212638.37265745,40716417.6163599,4787625.89618847,69798015.9919143,62686089.0554622,56506098.033488,78137939.3109061,94327316.7590028,0,1.62369503120619,0.384957703613104,0.65469462881483,0.887636794445598,False
P02647,26,Apolipoprotein A-I;Proapolipoprotein A-I;Truncated apolipoprotein A-I,APOA1,2850976291.45449,2183441903.31468,2582418706.92394,2521935322.90432,1735544887.36258,2748309658.00623,2465046754.23804,4284773439.17118,2407599163.19288,1609069683.29408,2169407237.75527,2953416641.41195,1980469921.6312,3068255426.33947,1659529130.95938,2654186452.31453,2346038954.14166,3254930172.21767,3152476260.12841,3813714947.36842,0,1.06551269240181,0.546550544691587,0.730613623538725,0.613027904362107,False
P02649,15,Apolipoprotein E,APOE,30704308.1047897,45903361.8033934,44230971.3419834,20208341.6753896,26880923.0077772,38789366.6210107,44182562.433212,92609634.5447027,23270016.391609,42970323.2648255,46239933.1280093,26776454.0306241,18922726.9793667,43343751.7885481,23110533.2897627,102197437.133616,52435855.3541417,33369093.4102284,71866452.7477844,53462102.6038781,0,1.15124968917002,0.547795107315326,0.730613623538725,0.611109869760527,False
P02652,8,Apolipoprotein A-II;Proapolipoprotein A-II;Truncated apolipoprotein A-II,APOA2,596428346.64099,507418330.995277,645846871.260889,744550277.934245,654893075.238494,365344793.533415,589380071.700541,946962493.981439,429123046.442368,285448481.656319,545811813.830317,904878602.343117,417938591.822386,331753493.566462,526958322.39427,506461029.302608,605428828.494598,947437675.994176,424383830.670103,778792771.468144,0,1.03893040108634,0.799337942370676,0.812593916944395,0.257504320227024,False
P02654,4,Apolipoprotein C-I;Truncated apolipoprotein C-I,APOC1,80239190.8166826,36734785.620955,47274809.6920093,53653276.8551022,17796052.237877,28233841.3997686,17665062.5073223,53855271.760544,22914043.9938011,20744914.8865339,25334059.060269,38062922.8095693,13082756.6574272,25200086.796728,14961782.6702348,32530143.186982,19798630.1944778,27781923.9180089,31574623.4970157,20894585.9141274,0,0.6573835908474,0.0840744145309086,0.418710352294526,-1.81501212825575,False
P02655,4,Apolipoprotein C-II;Proapolipoprotein C-II,APOC2,18552784.0766924,28495490.1587371,35224459.9202434,18442165.4720527,11952292.7577166,18440998.6367088,5254066.34232715,28775535.1249655,2096627.04963615,4484027.99093699,16514926.7906359,27755651.5615955,15768602.1973282,20641046.6445808,14650982.3538966,26149698.3873054,3721980.92835534,19231088.4165984,20268031.5649304,15243710.8111223,1,1.04791140523731,0.412149065657916,0.668891502267805,0.837045625208316,False
P02656,4,Apolipoprotein C-III,APOC3,47209896.7508465,61352142.9587196,49045173.5783437,64903192.3534685,29398950.6455309,24667140.304026,23636082.5556936,111200256.592851,27352784.7183541,26123374.3509598,45093321.8072389,37116184.8652599,39620517.8533762,63442055.5578732,28981045.3113882,59476263.7461088,56142489.2028811,62560990.999181,74269071.8421053,28108358.8965836,0,1.06436225767295,0.447874644901913,0.685569866640652,0.773700780237623,False
P02671,35,Fibrinogen alpha chain;Fibrinopeptide A;Fibrinogen alpha chain,FGA,871126947.66976,937617275.49414,549765957.429732,926139997.738773,1215818218.02639,829042464.065461,572410066.117866,1318774934.94441,504809158.853652,518299431.017626,1486870945.45907,1320050240.57833,503735031.490846,655037140.572597,638557319.702688,624020195.803517,1153274696.27851,896838500.2275,1945420033.45994,392562533.795014,0,1.16649620865086,0.637475173687629,0.7585186811081,0.478280004544317,False
P02675,33,Fibrinogen beta chain;Fibrinopeptide B;Fibrinogen beta chain,FGB,1493184490.20343,1295680497.59489,915682828.481616,1179252287.54012,1692061041.32058,1293827786.10309,1086213065.05725,1817759252.36608,891610109.603809,942047345.250839,2071037606.17632,1749842217.63923,931580016.347116,1337517195.54192,999230244.941682,998625751.687892,1810865645.66627,1759660747.83875,2874945443.88678,798838404.893813,0,1.21613037912153,0.339022620129994,0.626458497370308,0.978767162830333,False
P02679,25,Fibrinogen gamma chain,FGG,986893131.756145,1195887027.11212,633096501.170432,953875665.656536,1048059516.53484,964189795.655352,899260999.644981,1525547303.9603,674290639.857156,793131040.426747,1494582255.69484,1202519487.20621,641994919.981611,1123554194.43763,682199466.44804,1020160886.31494,1325862030.20408,1404786192.41969,2249233457.45162,700136891.966759,0,1.22438972367219,0.277113470995777,0.593267493743694,1.11630232220086,False
P02724,2,Glycophorin-A,GYPA,13724102.6707588,16132051.7640371,10123731.3500092,14392122.2160779,21140725.9071581,15496381.1459878,14904740.9736398,16490268.1668658,13844155.3841645,17785781.184258,12379629.5388527,16474592.7137606,5979973.93777549,16309953.5096549,1430215.06799368,12052058.0815126,19108460.3567827,14762203.2291382,17873863.4698861,27674921.8559557,8,0.935155971658664,0.292773981216174,0.605169374727376,-1.07958717375517,False
P02730,22,Band 3 anion transport protein,SLC4A1,120814725.030372,307381869.892426,82236761.9927433,33803791.0545644,114579522.541805,80293882.7931502,218660927.261028,232035006.459616,119771278.941694,175891963.266253,34089576.8993857,152478908.344911,22706109.8903432,238034794.261759,33839649.3263311,218895198.249444,252804993.344538,248964952.898353,275603988.406583,287249944.413666,0,1.18795292916921,0.994036032026322,0.843797505224354,0.00756580205521216,False
P02743,7,Serum amyloid P-component;Serum amyloid P-component(1-203),APCS,37577812.0550831,43689270.7998076,35369776.6381862,28852228.516323,53243004.6707352,48271830.7836973,23441997.4478566,37535024.0632179,18867376.641362,20634211.3191322,27838295.4225469,64594577.4574505,36858352.652857,34380085.6543967,28018287.1221731,23928179.2363048,35468806.2232893,45815640.2425152,34383735.6565383,34414104.5106186,0,1.05242718558943,0.640304463321785,0.7585186811081,0.474240290667985,False
P02747,3,Complement C1q subcomponent subunit C,C1QC,7708204.10493189,23689711.2362253,6789884.58223954,7850296.52974005,8838215.24168851,5382415.90792639,10506307.9528712,4902342.74065056,11692517.8874315,5820073.33390423,7898274.59862195,5463489.4283316,6794218.79377485,4669194.02302658,6324569.60005259,7663485.45219325,12851159.8256903,4493717.05187005,14463885.2618014,4340742.52816251,0,0.804494109105269,0.367846414723913,0.645446865644454,-0.920683311831225,False
P02748,15,Complement component C9;Complement component C9a;Complement component C9b,C9,25718571.9763745,50090437.5550988,24860096.5856839,22036128.6765174,22901080.4699376,21682730.6850521,17874077.2388391,77442606.4968299,35337816.5003144,31619873.1613502,60117188.4094305,41403555.2702038,12420140.2662322,49753468.7026585,19294194.5217028,100059036.046089,114151757.680672,52799176.9046319,88465060.4268403,122716447.276085,0,2.00623002036034,0.0109311752741646,0.1888961215003,2.79623473987208,False
P02749,13,Beta-2-glycoprotein 1,APOH,74329499.228423,121370437.07364,70031720.2309094,190453027.556892,50424378.4760625,74014684.954829,106929282.488684,213701991.183497,62720825.2901806,125881960.137016,98135344.2860701,134595028.576907,28329251.5076124,67030273.9472393,102113082.537203,104041146.905195,186758701.594238,112508755.528256,134844144.456502,125597177.377655,0,1.00375746273676,0.937817867643867,0.832868896373937,0.078968506683037,False
P02750,11,Leucine-rich alpha-2-glycoprotein,LRG1,38331469.8419366,19489558.5350708,57945431.9159965,82210422.0767429,55209248.656062,56837749.5922901,67533323.2919144,161193144.151429,55564436.8021741,36026008.5217298,122881357.756932,107963290.203485,32716368.4226182,34761534.5202454,33043133.1667853,81342359.389529,55488218.9666267,67914298.7546638,97093530.6881896,70723915.2816251,0,1.11674195060444,0.510574355305384,0.718858449781335,0.669530183405623,False
P02751,25,Fibronectin;Anastellin;Ugl-Y1;Ugl-Y2;Ugl-Y3,FN1,9094861.96564738,16248109.6903971,5933140.9645192,5437747.39519417,1135150.74227236,9623063.01584711,13543656.9481672,16119314.4151429,12181979.9344174,24521507.0684365,5895195.8230948,9936961.46347111,1566625.29835853,18825533.5055215,30131729.2732729,9594846.99979786,19221544.1013205,12845387.3942124,36201545.6009224,23090976.6759003,0,1.46971629895975,0.324986623881597,0.619186017833498,1.00828439911623,False
P02753,9,Retinol-binding protein 4;Plasma retinol-binding protein(1-182);Plasma retinol-binding protein(1-181);Plasma retinol-binding protein(1-179);Plasma retinol-binding protein(1-176),RBP4,21572246.3637656,27701882.7890502,25486677.2727273,25358788.1924645,16642042.0244993,23155039.4304125,31474964.4111121,48129531.9075622,25228704.1370946,30169389.6728038,22317804.1109082,15682037.8060959,10250336.934882,36466205.804499,18860519.661696,22374627.0681221,46547423.2278511,32257612.3559924,35220384.5849159,27554117.0452447,0,0.973125937285639,0.621348641720231,0.756189145336418,-0.501463651058253,False
P02760,13,Protein AMBP;Alpha-1-microglobulin;Inter-alpha-trypsin inhibitor light chain;Trypstatin,AMBP,97268958.1157753,84035746.3967116,133897636.494056,128118032.669231,102637936.034061,107969307.993102,97424088.7458951,166259410.668014,115514722.203755,105961986.894312,136836191.612153,144742706.857126,69145107.0918629,73157917.4515337,99693176.8183646,67599921.0224378,97278945.0036014,97703181.5770316,166915686.710978,136111178.485688,0,0.956189669983603,0.563906675353918,0.732675882289056,-0.586484125128499,False
P02763,10,Alpha-1-acid glycoprotein 1,ORM1,566740993.434487,562153537.532797,517858781.296504,996959988.462539,747378603.846747,653201049.315516,598852088.501819,1097233110.99881,598403033.635792,395451815.649754,769470842.096962,550162944.265949,506540158.089727,726855018.220859,724265927.8687,1105772491.69193,754089078.060024,698056024.001274,750043087.791644,1161518342.10526,0,1.15035727322108,0.215849083156639,0.55792310220854,1.27678409104473,False
P02765,11,Alpha-2-HS-glycoprotein;Alpha-2-HS-glycoprotein chain A;Alpha-2-HS-glycoprotein chain B,AHSG,257765456.522863,365958430.330593,255194907.25166,348554981.817656,257958857.509529,326043434.862216,420716795.295997,543679092.368832,404717108.696433,353984660.101334,306730165.092147,245624397.237177,229992582.556316,536818569.222904,263399654.139467,498262565.769153,541976282.948379,536699929.71608,482433744.700669,510765394.736842,0,1.17488093600438,0.203364857522668,0.544755748559004,1.31367051846424,False
P02766,7,Transthyretin,TTR,317719899.694988,381201249.532097,406261792.097915,418953424.97759,308092931.8998,553137110.802007,447357879.329014,723978072.112469,278657543.76516,494444812.909441,292579833.230948,334009146.752345,250563510.948106,343441576.04908,225178443.144201,337791809.953507,578881073.229292,426308685.913186,414741240.495569,407052473.45337,0,0.833882363999729,0.108309142243474,0.448072365279072,-1.67854952572341,False
P02774,29,Vitamin D-binding protein,GC,433824263.557526,617403648.954871,488998568.60401,623760687.528554,540027366.399348,805644692.652705,747343784.467915,979936160.80125,535864392.332225,673091027.581531,588898953.719077,568299738.313361,514677552.36756,783155036.196319,503164028.408564,941954344.774611,605518577.498199,650025075.307125,910003602.098029,763393476.915974,0,1.05944803893352,0.500212844250696,0.712901083529544,0.686210591930301,False
P02775,2,Platelet basic protein;Connective tissue-activating peptide III;TC-2;Connective tissue-activating peptide III(1-81);Beta-thromboglobulin;Neutrophil-activating peptide 2(74);Neutrophil-activating peptide 2(73);Neutrophil-activating peptide 2;TC-1;Neutrophil-activating peptide 2(1-66);Neutrophil-activating peptide 2(1-63),PPBP,996821.123756042,2937246.30811614,339150.469134048,2676910.94852533,3120048.30928198,2166548.74294758,1750913.08822224,2326033.23867664,2859471.27389963,640780.257457361,6367309.90104283,11079944.658808,1787096.94821026,5495615.60392638,1227256.48633326,3854033.47948251,2862681.088168,3873685.80730731,7794863.69271116,4053665.16204986,6,2.44253250462684,0.0104842449295778,0.187017232351442,2.81493019995301,False
P02776,2,"Platelet factor 4;Platelet factor 4, short form;Platelet factor 4 variant;Platelet factor 4 variant(4-74);Platelet factor 4 variant(5-74);Platelet factor 4 variant(6-74)",PF4;PF4V1,2819514.18447328,4397859.8306367,1617796.46548809,2983890.74724626,1598628.42136861,3979212.8252986,1768745.69428419,1152618.56698521,379429.635531399,1450816.93302648,3131847.02432343,2617865.66429316,941722.087877518,1728368.50838446,4098428.04317001,2492786.28542551,2229006.25344538,2555811.14032214,5285508.47752758,1590375.42012927,5,1.20422163503288,0.319245419790057,0.617357741330602,1.02061420207468,False
P02787,56,Serotransferrin,TF,7019645924.98772,4659970936.15533,6409561043.02172,5485630874.88072,6641169213.68614,6309572496.22097,6571107977.94444,7706821798.81466,4958342887.29674,7211070327.19617,5822271963.7224,7689270335.40292,5817226052.21883,6469036417.09611,5777416485.01067,12168484492.4196,8649111477.07083,10355397702.7027,8002927294.89962,9957104205.90951,0,1.28163471560702,0.00847375942638742,0.179922858472445,2.90973962396521,False
P02790,23,Hemopexin,HPX,2174254403.67565,2246619915.34021,2233814838.39684,2268466339.0105,2159985931.94386,2207136713.76562,2452107747.0489,2865703600.98318,2021990384.15237,1894298091.59352,2525492891.49925,2827094749.98553,1923255447.57836,2241298746.83027,2043909615.21208,2802136605.29614,2947088031.2605,2557171790.42679,2810548829.39953,2884314420.12927,0,1.13487312130461,0.0819600569653742,0.417224105855535,1.82847506688443,False
P02792,10,Ferritin light chain,FTL,248658758.26505,391711847.65174,274851727.807782,477840376.971344,325181753.971227,405402202.641421,476163758.795598,365501075.04824,293106329.062977,207402466.638122,325069739.938569,158172860.838543,177703506.468536,659080957.206544,241224412.964453,339136811.344249,162329022.813926,128292296.742197,271716528.739374,160185851.477378,0,0.756793995036332,0.0416746349805431,0.314522477872934,-2.17179741253924,False
P02794,11,"Ferritin heavy chain;Ferritin heavy chain, N-terminally processed",FTH1,143943806.149352,214265816.722057,77892885.9080041,282836797.507446,108664319.432021,261566923.049628,185666458.92873,219395100.845355,176030029.831102,113577858.820381,125529890.266478,76626264.246845,84535396.2695043,187116339.443763,165952913.095938,96892993.4465332,136714657.186074,57692414.8434798,172544052.229155,55477286.1495845,0,0.649768033568344,0.0249252761683674,0.259572233750645,-2.41837537031815,False
P02795,3,Metallothionein-2;Metallothionein-1G,MT2A;MT1G,1245342.45345855,1823090.21506035,1751237.74593319,1467722.58072747,1638453.1290266,1220697.73893299,1480686.89961835,1814925.57787375,1051126.04258378,936978.989152929,1782892.65474394,2148689.38874899,2921627.80267179,1553391.26310838,2030284.86575625,1680798.36717202,2098421.45320528,632124.022367822,3411434.5212856,2038216.111265,8,1.406619043588,0.144367451173034,0.497801806304702,1.51723394126313,False
P03950,2,Angiogenin,ANG,3647767.68076149,3427449.12133638,4588726.94174595,3980165.62640604,2415288.81590253,4995769.06173488,3398314.11893139,5096578.246761,1041051.35207978,5087429.12217227,6343836.88093695,2563657.2695806,6391502.48322875,375371.674498977,6200972.26495065,625735.450386093,4274206.54751501,3780056.07198107,4178512.08229336,2551304.6754386,5,0.989559449859134,0.519762691543846,0.721310207615658,-0.65489679412651,False
P03952,13,Plasma kallikrein;Plasma kallikrein heavy chain;Plasma kallikrein light chain,KLKB1,4739348.00579006,2828135.51115095,3039619.47756952,3717184.80004627,3413646.62583445,3415623.64880881,4195141.31166238,3064232.55329413,2113250.28896775,5199933.28976665,1726743.89565001,3791550.21868125,4655752.01181752,9470350.17811341,3452919.23537419,7234747.36842531,5476573.94876351,10606267.5657476,5704847.06162959,11179091.3296399,1,1.77178072413169,0.0302075516131571,0.27325797600272,2.32735052368977,False
P04003,16,C4b-binding protein alpha chain,C4BPA,8856807.55893453,52239143.8114396,26772652.0992526,32017077.9186305,20172222.0634956,21064626.2928557,54996586.5185941,68150730.2297161,16026313.9192346,34973657.7424534,32438704.8489125,21459844.2319382,7186936.51761811,74046945.5697341,19881101.1655787,38703548.4467354,69336490.2223289,74226864.8339248,72592393.5856394,55010660.9741459,0,1.38659511003815,0.294367804618629,0.606452439173249,1.07593097040173,False
P04040,29,Catalase,CAT,1755273816.72138,1197521645.79325,991997543.581855,687706210.288292,927799504.824958,817900668.154625,1068214574.28774,820726588.79445,692676950.026952,669023004.923999,819881399.352482,839972953.846822,434870437.058871,900494516.973415,444791392.251647,1060435366.16131,1085514198.55942,1157743157.79416,640264607.189365,864949169.43675,0,0.856688527791782,0.21654708702133,0.55792310220854,-1.27477110617962,False
P04075,24,Fructose-bisphosphate aldolase A,ALDOA,183136426.635562,453443222.144481,304008824.117578,268331237.74687,192990450.224724,270294663.179783,321459680.531641,276910106.147202,290654821.040338,554404799.325626,215978749.460402,154155986.989117,193189827.00722,334253168.498977,114938293.730471,442233434.800889,346646551.510204,617309944.353444,622306233.726714,300644675.623269,0,1.07254466276921,0.922097128321764,0.827857818900173,-0.098994683741581,False
P04080,5,Cystatin-B,CSTB,115926819.480058,171463326.556761,220975163.994181,151476091.270277,228249013.835951,152417115.251687,190087286.385018,209288328.489387,174250167.842063,210843613.673018,131861853.46007,82118696.8066169,82172519.3596365,192711942.04499,156599991.948458,217943118.613301,284935136.633854,187276478.778779,223250047.888407,238224431.671283,0,0.984721609811129,0.551303152787601,0.730786710248407,-0.605715914715045,False
P04083,24,Annexin A1,ANXA1,629944378.027503,1035939589.1639,761084591.134817,813511135.812393,1284626463.04171,520852430.746084,1058842088.311,977274224.156942,915957278.321804,683694562.049525,739696185.472356,782871130.977191,1308477837.02912,1289281878.03681,1304074759.86913,872361857.085102,1407802870.4922,930089387.159887,869523315.563393,836540126.038781,0,1.19109016633389,0.143805538574143,0.497006182878051,1.51947551704704,False
P04114,115,Apolipoprotein B-100;Apolipoprotein B-48,APOB,96866765.7391372,349162723.382019,67053508.7857609,197554482.670676,64470154.8822402,103069570.600884,255653217.045354,288837299.69218,84593817.9319019,195331776.457575,276055597.011456,76616796.8674019,12557869.4550961,363698880.548057,128505088.93435,370532770.774207,518479993.805522,407829356.679407,327645241.951528,272932583.056325,0,1.61803417837543,0.343332264248252,0.62953495777516,0.969873997831942,False
P04179,9,"Superoxide dismutase [Mn], mitochondrial",SOD2,89651458.6579471,177797473.946126,80369520.2944471,161614850.62603,72137476.9779021,101278924.8295,148922996.205734,197790479.564458,90764565.8656006,135478492.27503,84717354.1615474,67171057.1487496,68412236.1786419,146181295.824131,50709601.3805959,141988320.974328,110840019.447779,68913526.1752662,106575551.87647,129148307.802401,0,0.776120742605648,0.112216438411231,0.452941459078393,-1.65905381568412,False
P04180,2,Phosphatidylcholine-sterol acyltransferase,LCAT,1501114.4014182,579914.400417879,1412811.3840813,725623.87320938,1225723.22497384,1090649.17924334,986101.644048993,1095601.60144262,1523142.76023249,1760986.98843931,1214570.01754452,1375112.48367165,1808322.93301833,1199996.85292434,2388997.74388613,1246050.54361639,1230638.33738295,2081709.61948312,1487037.83270031,2192740.06694368,10,1.36326895055356,0.0746445427096483,0.401100882140137,1.87751990351133,False
P04196,13,Histidine-rich glycoprotein,HRG,55338289.2276475,65996911.9411405,46066962.1331951,55580505.8456467,39534886.9175351,72491972.8470147,71241675.9292624,96061565.2899017,80249947.2095948,90763587.4901877,22125409.2478831,75045211.8798483,57704739.4223749,77184152.2740286,58984117.7095257,70364730.0610471,126106324.960384,78148088.3542634,179879519.601194,202766228.43952,0,1.4083936943291,0.201047464990528,0.544755748559004,1.32071076982035,False
P04216,4,Thy-1 membrane glycoprotein,THY1,11137347.0351152,37834066.6840126,15262161.7473707,6044775.88711216,16004402.4828703,24518583.0252149,20391377.6759563,20938278.4305798,33626798.2297188,24561520.4060515,10469073.3772207,1812191.67368589,16616710.7438005,15301526.9492843,38754631.0730749,11372062.3205983,20490595.0122449,11133519.4812995,32506768.7172183,25798464.7137581,0,0.876075252704845,0.387969542233416,0.657189567517688,-0.881921037162157,False
P04217,15,Alpha-1B-glycoprotein,A1BG,201108266.168222,248380308.597166,132800729.655392,239903799.467947,144670261.647095,231285113.449105,199575891.657052,348756634.866305,163134425.985985,131203734.03982,229477421.301677,275663039.727336,106617555.027178,207748212.969325,193737015.793707,262048585.56701,254465349.911164,197676948.016198,321678836.46229,482575393.028624,0,1.24052556961457,0.194274646952373,0.539227987617833,1.34165811695234,False
P04233,3,HLA class II histocompatibility antigen gamma chain,CD74,771750.404877607,1848917.19022214,1079760.48869133,7392647.20018506,4431914.30245332,6982585.05997287,2488851.2097719,2734495.88509602,4970720.39044881,4758786.24256048,3402441.08973933,1771651.93443568,1320330.12869466,6490669.68944785,5819627.504718,1961586.29795836,2847915.38228091,2179676.42701793,3571476.80425936,2745388.88781163,5,0.857191589629848,0.872771975038646,0.825812662811676,-0.162139456175831,False
P04264,19,"Keratin, type II cytoskeletal 1",KRT1,7166633.34912244,2352788.39867938,800507.610421857,1845513.61663245,7679675.46101478,612069.252744679,874461.235865803,4942615.26601121,5743748.96783757,11053017.6272033,10461315.5198406,60188188.5680792,13851765.6880932,13051819.5100204,6763448.55837948,4423845.58552658,3661669.59793517,2589147.06788607,3967321.61037258,2929450.28347184,0,2.82992929973119,0.0211949459214443,0.244466286728116,2.49418746516698,False
P04271,3,Protein S100-B,S100B,35060788.2925789,162113307.700717,51260862.8906315,105520921.46546,134575503.2596,237466157.371069,221223845.992722,149197255.467242,105641525.509837,104588195.636195,23552855.0058111,56671733.3463587,15861853.7031829,59768221.391002,70233643.5781023,104184714.469375,123781825.767107,80830269.8730549,122776117.4896,270609413.619575,0,0.710421161585938,0.0482446436876565,0.332092812787646,-2.0995471675517,False
P04275,61,von Willebrand factor;von Willebrand antigen 2,VWF,66680597.3628092,50814573.6308379,34169741.8061431,98069257.6063384,32441996.3107801,121381908.022908,108256360.149108,95125594.0181935,38521418.6995778,138312770.356098,33625657.0280591,48980163.7902339,25085413.2172314,121429163.006135,59018811.6983263,90447565.4335961,52916012.5234094,98221929.4294294,128683365.983903,74713129.0858726,0,0.935372961235881,0.768120399284439,0.807231985594737,-0.298744528413586,False
P04406,16,Glyceraldehyde-3-phosphate dehydrogenase,GAPDH,311463573.836172,808539611.338989,585923256.926447,745101532.440795,773814805.701822,576335921.573498,444952551.069495,1148668596.48075,664996737.867218,564861618.222365,519605771.600531,501460039.44512,386703128.07269,395583113.402863,564326639.49819,489867641.358399,975571669.147659,562008021.662572,746535923.091879,914333114.035088,0,0.91415962506955,0.547638105770524,0.730613623538725,-0.611351702064118,False
P04424,2,Argininosuccinate lyase,ASL,979533.914399015,8201699.23255204,5213506.89289383,4881476.79643796,208895.408116504,237532.477584824,445981.036256324,600781.926835431,334597.262788608,6265189.22251611,735122.02396253,7093501.67187681,2957335.6048185,4519729.36148819,359890.141401676,397553.697590459,1175165.30720379,465376.352042952,5278979.11208606,1249135.01800554,10,0.8853672541335,0.727624764069628,0.795870457583298,0.353055893772611,False
P04430,1,Ig kappa chain V-I region BAN,,2953638.00921498,3048972.14143056,1700986.87260689,3559482.77552555,2173574.63383199,1010414.98464257,1803332.655809,3238374.73118625,1767604.44892642,1461687.22307857,2586159.33621119,2380099.19199375,2722489.08556208,3039742.31472393,1231231.83921666,6459331.39809986,1158659.6364946,3897242.06224406,2874607.40391572,2935291.39519852,1,1.28905561202405,0.331436094728729,0.621344828365596,0.994613702848655,False
P04632,11,Calpain small subunit 1,CAPNS1,68091290.1433298,86528539.8854294,54696900.1245674,59792738.8103982,66844059.9242107,118482388.277541,121377840.516553,121641917.752458,118772205.466715,117485828.127453,47772885.7463058,61662394.7956466,60479540.3282944,128523041.713701,84836921.6973981,138051547.240752,151002698.559424,111751893.907544,100102086.430638,94426881.1634349,0,1.048083456546,0.786226543068279,0.811510678024041,0.274765352207285,False
P04792,18,Heat shock protein beta-1,HSPB1,736132827.739292,699657660.989155,758256384.043674,792898540.832201,726563183.227214,1120466747.34758,1013140851.38014,969030807.451989,773954515.667954,1017939308.92742,648231046.961647,786495784.821118,637496608.859082,1178363580.5726,765797523.628685,1069427229.39155,1109746429.53181,942930522.522522,645512677.740098,1008985674.51524,0,1.02148528970083,0.91693854237011,0.827540449847929,0.105574716333015,False
P04843,8,Dolichyl-diphosphooligosaccharide--protein glycosyltransferase subunit 1,RPN1,4661445.87878357,9062325.96816512,6592066.34039494,7215597.22337565,1643697.61596422,8953361.49734935,10206886.055738,17457152.2512175,16287416.3147965,19945981.912153,6534132.95691516,2197649.26529756,14403946.0140891,13612908.6233129,21160442.0025988,9353804.6157267,4740991.1152461,13086052.3814724,4562187.44944836,12922132.1698984,0,1.0053742762294,0.950100199127832,0.837319346889102,0.0633459058663989,False
P04844,6,Dolichyl-diphosphooligosaccharide--protein glycosyltransferase subunit 2,RPN2,2052388.90576938,3941801.21860241,2376475.22923738,3331414.73458057,2887599.15122607,3161882.51098226,3039007.84237153,10219260.646421,2592721.60120385,4790596.84596446,2505943.09090154,4745507.63237398,2602197.17015063,2884716.60331288,5049420.95334591,5209386.84722054,4942387.87932773,1761701.72299572,3122982.27265328,6215938.5212373,1,1.01685285081581,0.792628553234638,0.81186965806444,0.26632681381808,False
P04899,15,Guanine nucleotide-binding protein G(i) subunit alpha-2,GNAI2,45456193.0545144,47662211.5042855,56973528.7056699,61103859.8230344,19961185.4053846,48472117.8292373,44663628.0851158,38196214.7780943,39472637.3946636,82780926.6359809,32281996.1298356,69996393.6711242,63812839.41291,75468014.591002,62598074.8762491,54075856.4766525,52625225.7517407,44634425.8704159,35495042.0614035,67119683.8411819,0,1.15134849735643,0.300680635353991,0.611114865961753,1.06158771206946,False
Q99878,5,Histone H2A type 1-J;Histone H2A type 1-H;Histone H2A.J;Histone H2A type 1-C;Histone H2A type 3;Histone H2A type 1-D;Histone H2A type 1;Histone H2A type 1-B/E,HIST1H2AJ;HIST1H2AH;H2AFJ;HIST1H2AC;HIST3H2A;HIST1H2AD;HIST1H2AG;HIST1H2AB,157362296.553106,217788419.979885,145316717.942716,168402847.294914,50434672.9471898,174992516.013881,62182712.0497914,177928997.440963,78988092.2239691,251210402.437023,207010666.329072,154304760.094651,313542393.804592,88451800.1349693,151612731.058379,56719766.5138468,187467718.722689,75372362.1407771,90577810.2459758,145503420.637119,0,0.990540096593217,0.950766301496499,0.837319346889102,-0.0624991511910564,False
P05023,14,Sodium/potassium-transporting ATPase subunit alpha-1;Sodium/potassium-transporting ATPase subunit alpha-3;Sodium/potassium-transporting ATPase subunit alpha-2,ATP1A1;ATP1A3;ATP1A2,13901604.3696849,7147288.45229141,2454602.49694852,4128247.71934187,8667532.91039679,6261424.02103485,5383705.24127984,29052033.0602775,19000026.7329979,27434478.0468137,290050.771725054,5566142.87115028,2827618.15449309,13125204.4621677,30529264.5616125,6800795.51522135,11432228.0787515,4797397.14710165,6317037.44922228,26380584.598338,0,0.875520521341823,0.41586684646805,0.670306432105353,-0.83029689590637,False
P05090,6,Apolipoprotein D,APOD,118082715.553028,30504436.5178415,75916266.0349123,91500681.8488853,41921145.3248584,23136469.7705611,39823941.7422561,70324931.3856473,30796649.7556374,25634544.7430957,53294928.6294205,47384234.1126838,39385493.7329295,26235120.392638,33718220.3655292,88649192.787548,35300078.0965186,36978217.8128128,24731849.3827998,23014643.9658356,0,0.746276110053439,0.275635426903003,0.592304662705395,-1.11984489891498,False
P05091,26,"Aldehyde dehydrogenase, mitochondrial",ALDH2,885161408.380076,2046379126.90222,1418666178.00592,1505681426.71255,932534961.543546,1180022299.29955,1067053381.33487,1160690245.84214,1404327900.5031,589969987.575822,456394749.66794,1361679660.47239,988415419.237946,536497510.05726,920127950.476441,543252106.670709,883381492.648259,895903053.280553,555450378.449991,1079742777.93167,0,0.674365606187232,0.0154396312316708,0.211679581794544,-2.6401006209276,False
P05109,4,"Protein S100-A8;Protein S100-A8, N-terminally processed",S100A8,1814938.39151395,10961752.8756341,18630742.0672243,4994582.00757598,10049874.4933795,6797821.9098851,7017503.72596965,17751682.6605715,7177041.60353966,31915971.8597017,11840197.0905695,4707586.80393945,4156136.22028719,15546143.4564417,4276901.46938712,5031438.62951284,10479093.6605042,8826367.14760215,59570248.800416,36546110.2908587,1,1.37458454376726,0.674835940111394,0.76968146506879,0.425552419889061,False
P05141,11,"ADP/ATP translocase 2;ADP/ATP translocase 2, N-terminally processed",SLC25A5,23646013.0625275,86217962.3360154,31405599.0745231,43062704.9822167,38503380.910573,7106476.18470076,70475288.5803674,25914382.5769549,83671983.7507861,61837278.8392921,8683059.45118712,26488375.1989985,6017122.91165256,70727040.9116564,31996531.1713022,28231428.06792,40058570.267467,25325100.0728001,33327360.7469705,45688113.9058172,0,0.670867210660322,0.218617515093303,0.558274600234128,-1.26882950231256,False
P05155,15,Plasma protease C1 inhibitor,SERPING1,171106888.883863,166894567.343012,196443201.932884,173374946.765752,111835016.53925,173825280.251794,189855047.794444,260775335.325737,102820612.168718,145588528.912438,224931316.876972,244961680.676161,44060704.7310636,158801978.740286,171590686.276026,302187054.03679,367683717.954382,252783277.254527,240126693.443661,404496987.072946,0,1.42487232945934,0.157194010200452,0.515644929219471,1.46791467787422,False
P05156,14,Complement factor I;Complement factor I heavy chain;Complement factor I light chain,CFI,20445383.0382299,18822634.1131712,18113025.7461501,16815424.2321372,12123798.6466985,33272851.2408718,34721328.1379249,41168996.9273178,27910250.926242,21235078.2723186,21956287.9569982,44623816.7636332,7366616.24841126,27110388.8323108,14361721.2222721,39970721.1053164,26064008.1358944,29545666.6161616,72140265.1243444,55203152.156048,0,1.3830860629744,0.267975013907103,0.587927183588789,1.13843220982894,False
P05161,3,Ubiquitin-like protein ISG15,ISG15,4869951.23348713,10614701.2299199,19627400.8046024,5098382.86122322,9590123.4128313,10254828.0402585,12302009.9121328,1356385.52366076,1953482.48872518,1348116.03314779,5739752.81730751,1297535.17310758,2944303.64395377,5200245.82631159,5154270.83930388,3914468.17193356,7232333.70621849,2471110.67130767,3810386.5538072,3970628.44875346,11,0.541905201499709,0.2615680748488,0.587927183588789,-1.15428147395514,False
P05165,6,"Propionyl-CoA carboxylase alpha chain, mitochondrial",PCCA,2742034.09213689,2433947.21619731,5517503.90029595,8091551.44319463,1047894.80499681,1873546.03857809,3283936.61307358,4226104.57876276,3616729.93518103,1055018.33511739,1776867.98050304,1830855.93601656,2362329.8536184,1062400.06764826,2338230.28687003,2125586.494628,1905855.43682441,1464830.53128016,950795.869832795,2359078.99861496,7,0.536375361968616,0.0678881297405334,0.381767755252692,-1.92671568041839,False
P05166,10,"Propionyl-CoA carboxylase beta chain, mitochondrial",PCCB,8998963.84340993,11949879.868375,8704783.91383952,26609379.2984993,1420184.05884686,2592987.71739208,3977998.22947546,2542063.62638978,15717356.7437786,1288296.09341326,700193.175693176,10935499.498162,10249578.7925579,12119457.158482,5562169.19616063,5968250.70723485,2391245.23011708,1616622.40558741,932314.240188099,2232034.81855956,3,0.628951961446749,0.304483121974553,0.613004169071843,-1.05305195173964,False
P05204,2,Non-histone chromosomal protein HMG-17,HMGN2,672675.808314162,979300.051862865,238960.061021285,1034315.58796519,957529.93744079,681002.35806174,743088.245920271,1762030.32068363,148375.004397628,256545.514119032,717027.72620787,649408.130485122,625619.045782742,973038.599877301,994387.542338273,1084459.46524384,797855.039777773,682231.184117432,1545518.74769398,1274665.74291924,6,1.25025858415952,0.130941990247343,0.480582462943449,1.57288347215202,False
P05230,2,Fibroblast growth factor 1,FGF1,1109688.62404684,536637.139920413,1131610.97098166,1095699.39860625,2309667.54213576,960070.293634586,533510.10219668,14459.1677467024,1273944.61423053,1508651.18978913,816824.803544745,1484380.01571125,521071.219300143,952399.08208589,4444878.19849643,526167.566533252,1363287.36470588,611467.652966603,1181534.20885332,2282515.9841721,5,1.35426853619687,0.297218597262247,0.608461038679821,1.06942667367668,False
P05362,5,Intercellular adhesion molecule 1,ICAM1,3009075.33680565,4298066.36015393,1896529.43861247,5079972.41153168,5402590.30397175,6187145.38162928,1242353.42874935,1060051.86690251,1275791.64082293,2912504.15610505,1408483.82307195,3615051.21620644,3914698.72456152,3399328.5802454,4839522.32110262,1197277.92338791,1340850.11380552,715013.125930476,5177166.66680232,3846172.9432133,5,0.910069593892237,0.72885244354713,0.795870457583298,-0.351394164792817,False
P05386,4,60S acidic ribosomal protein P1,RPLP1,35611538.213741,37793201.2169844,51962445.7546775,79494142.5180002,48176065.9818458,50142060.8115876,36442381.9787876,48531398.4719287,40122454.9321714,48957652.3499608,43560369.1889424,43668963.9226583,54245083.2837556,23253856.7116564,53778573.8065774,32376752.5789367,27183178.2108043,39372961.996997,35530536.258365,30856336.4589104,0,0.804274509874613,0.0860664236399559,0.419883675208394,-1.80259474451747,False
P05387,5,60S acidic ribosomal protein P2,RPLP2,49818712.1668778,102629533.894525,46271655.5745983,123394538.171934,70646837.5586596,37620804.454648,43410369.1195527,91562033.6717817,50018319.6797233,53469823.0550203,49460995.5122032,71884459.6286326,59281675.4563401,51818184.9083845,80761823.5962009,33507913.8609258,47367729.1207683,26924714.3520794,38063300.7415446,49529308.6288089,0,0.76041819855746,0.103873190798132,0.437355574810954,-1.70142113356341,False
P05388,6,60S acidic ribosomal protein P0;60S acidic ribosomal protein P0-like,RPLP0;RPLP0P6,17899372.4377698,27163275.933619,20950608.1094186,29052193.3863459,16630512.2168367,23682948.3319022,23281918.7050679,19353138.0933566,23652854.6307609,31656552.054164,26939935.5379379,31552070.718276,30970113.9362882,24989869.4858896,20125404.6700492,25157570.9569436,16387270.567587,22186250.3626354,10174158.0290288,32109520.4293629,0,1.03115329027385,0.996615546337343,0.843797505224354,0.00429343902456773,False
P05413,2,"Fatty acid-binding protein, heart",FABP3,7656752.46756016,1282358.35534371,4190121.62188373,3160958.19402597,2314402.99885435,3831186.10819749,8258238.39611254,3486364.18372691,3552251.91595544,14524841.554271,2395005.73036693,2636124.18179055,4198844.90454041,5950602.30723926,3526643.96157535,2694385.37028502,1995838.34208884,4444903.72936573,3757483.29833605,3382866.58125577,0,0.669429548098601,0.346832924837644,0.630980493438796,-0.962706429657417,False
P05452,7,Tetranectin,CLEC3B,16026098.0348696,16163926.828319,11500333.8070794,25791144.6681896,13733236.2627509,22948120.363497,10448248.3052277,12919838.3065331,11637107.0896595,17103034.2746022,8139854.27743649,15607651.2533287,15956621.4936856,27403164.2143149,33157334.2132537,17762330.1641399,9972011.79015606,7387394.62130312,22567548.4680774,22307072.9316713,0,1.13893817103775,0.751667052057041,0.801904289788762,0.320691047256411,False
P05455,11,Lupus La protein,SSB,10073409.3036421,7412913.98797446,6979108.82463591,5586478.02284359,6275509.59924211,12077574.1269188,6829224.58289696,7690678.4411008,15986854.7147606,13367122.319275,7336605.72430682,13837251.2974702,9678444.90846156,9767078.47484663,14642308.8566965,17760063.3078634,11787634.1330132,8084472.67804168,13985558.7027491,16783903.5364728,0,1.34010436367831,0.0630521732950943,0.365730721989237,1.96465550311544,False
P05534,12,"HLA class I histocompatibility antigen, A-24 alpha chain",HLA-A,12420860.0641042,26218466.3359279,2041934.26889829,9892748.52106526,3893986.64863733,4773728.98608322,10556902.7886749,14843302.2043554,14184124.7077608,15114371.3951331,3274126.12867342,1653004.45076415,5392413.63665864,5651864.39787321,6277732.71517186,2260509.07895694,5456739.41896759,1326038.56761307,11734212.4954784,2086604.41181902,1,0.395937130631736,0.00956996101222015,0.181482743058785,-2.85567083852159,False
P05543,5,Thyroxine-binding globulin,SERPINA7,6899954.43992814,5147904.61247158,5486609.66575057,5918852.06355724,3669155.39921567,5235582.95467287,14935429.6445371,13373226.2253055,8053791.54465008,1714038.00563762,1289666.21085838,6774721.48120007,2084739.76259499,1912289.54470348,6697529.97965845,7358971.09237922,8655573.40533013,8396316.67390117,12597904.621541,12484712.5530933,1,0.969019190168258,0.675066576037029,0.76968146506879,-0.425230861287451,False
P05546,13,Heparin cofactor 2,SERPIND1,10278128.8467056,21196100.4381669,15299975.3449429,17108345.7444409,7757089.88389257,17260498.8318702,21431474.7923138,27823248.7576955,24748477.2230707,20715571.7722829,11667041.7138469,28546853.9864826,6549844.25133184,17923510.1353783,17779223.6774124,27622399.3482919,42618211.8501801,19972642.7236327,33225103.6557244,37962579.8845799,0,1.32811707168332,0.228001617998647,0.571901342084076,1.24243023627789,False
P05556,15,Integrin beta-1,ITGB1,36949763.8993719,93712688.9889802,35365089.0021235,43746909.1050516,53422128.4683514,46318037.2864757,35687606.5594213,39416412.1882753,52311990.8844668,25235078.2559052,34120608.3289059,59146776.8293389,46554992.9770951,14874212.4883436,69195715.0798193,17102674.9876693,23910929.5394958,12462704.5522796,24208732.5275818,25610619.8707295,0,0.707945145858963,0.0250351847786193,0.259572233750645,-2.41630602747736,False
P05783,25,"Keratin, type I cytoskeletal 18",KRT18,216060643.413808,60772670.6362603,44327849.1539452,29518057.4889397,84072886.8029699,141487544.024867,221082843.991302,302438937.255352,347442493.181206,312004000.053522,121671132.005645,43140143.1566227,62008460.6817383,152602479.137014,196801651.471089,172160178.014959,252212649.920768,128530410.510511,196925185.141979,192504457.156048,0,0.863204812092518,0.881360079589761,0.825812662811676,0.151103849596534,False
P05976,1,"Myosin light chain 1/3, skeletal muscle isoform;Myosin light chain 3",MYL1;MYL3,1676526.24027451,12943728.0264999,8157736.78532613,13384675.5972588,10247734.2284474,7676166.82085601,8002361.23471199,653754.466057153,6649883.42291798,7767255.72004567,11811071.7125831,20460359.459303,8505598.73319992,11766818.4208589,9308362.10512511,7539941.7851223,5657645.84025986,8368848.54991355,8630160.46120456,21722988.3447629,4,1.47449529643256,0.0892439072584363,0.421730243491225,1.78329394668441,False
P06132,6,Uroporphyrinogen decarboxylase,UROD,1987651.63433453,6050786.24099178,6286276.21457355,3463175.37055779,6073943.85456829,8349714.91175156,3223637.52187805,12549743.2440504,7593126.32135478,5258486.1404767,1792065.05478997,2370767.06082841,2855391.1664714,2380806.59856851,4365804.81568852,7085361.5398019,1616648.80187275,4496098.18955319,5559658.8940586,3746807.66759003,1,0.596178035799867,0.0379121276180537,0.300084413217238,-2.21798033022049,False
P06312,5,Ig kappa chain V-IV region,IGKV4-1,38861687.4195466,40170754.0886829,36433870.0244119,49062731.9740913,24729378.5421578,15816044.5762868,35977075.3741014,28782404.6388863,20256004.8158297,20286762.1708414,65935581.4444629,18493849.5006947,29132882.3710755,31982079.4576687,29294736.7934598,67129170.5356782,40748740.1051621,21572257.002912,35141790.2916441,56634888.2917821,0,1.27608147908055,0.219822075436978,0.560167271859698,1.26539267136444,False
P06331,3,Ig heavy chain V-II region ARH-77;Ig heavy chain V-II region NEWM;Ig heavy chain V-II region WAH,IGHV4-61,1799720.3015871,39374694.7909743,7801602.18773808,11483387.9952578,3078664.53534997,6239538.35049571,5920674.039629,13623104.7941744,4420522.32589165,3188062.67448084,4781322.6604682,10126173.8040552,1825278.18790395,8485135.09202454,9931756.49211143,25976661.6915302,5399928.29968787,4449751.04536355,9763439.46418882,10673967.9178209,2,0.943087187308011,0.720793602425854,0.791883678738125,0.362320964522909,False
P06396,37,Gelsolin,GSN,746121208.98493,559856898.285814,492733052.000602,392114896.746957,472989770.417943,768943086.360701,494261780.389633,599931824.487733,598797625.680532,599813268.62913,488434700.647518,517027116.215121,373764165.742719,520138781.141104,560033258.384123,493169695.334546,689119774.352941,435960797.593048,638109602.373847,537203062.927055,0,0.917457475663833,0.382633373015426,0.653718886424789,-0.892067923725877,False
P06454,5,"Prothymosin alpha;Prothymosin alpha, N-terminally processed;Thymosin alpha-1",PTMA,13890734.3054514,7204254.91332867,18883360.6057819,15531325.4992337,5409744.57743066,12260750.55731,5948957.3822668,20934843.6736194,31697494.9982032,16076692.1647756,15563813.4758426,7788677.8195554,21591640.6740312,19236795.00818,15195967.0946385,7140295.02356984,3139150.89896759,15600703.8561289,29272571.2940857,16048454.4690674,0,1.01853317818064,0.99491419918071,0.843797505224354,0.00645175451396512,False
P06681,8,Complement C2;Complement C2b fragment;Complement C2a fragment,C2,6150765.45725955,719632.70127252,1812552.61089839,91565.4428072942,1649297.80825751,187490.723483713,526194.586593592,517463.309868602,879635.793790822,719439.810318989,4445717.75020754,9318876.83411485,3706858.33917747,476348.727738692,1272633.33251864,788185.927349909,672130.287971188,3003039.82159432,2480790.83762887,3338394.48060942,5,2.22596131039838,0.0300097820331806,0.27325797600272,2.33048302180917,False
P06702,5,Protein S100-A9,S100A9,21244256.727996,11469301.9761238,4905937.93086201,8447921.26831102,8106896.01280046,8224502.34818216,9621313.0380758,21463796.2455205,4910656.01891115,30516838.8210947,30018253.346339,2524679.60091756,9113881.59117337,10131709.9558282,1504562.64765028,8681303.92035577,16047121.8439376,19559345.2543453,86352310.6077048,21110308.790397,2,1.59057651324995,0.797687061893327,0.812593916944395,0.259673171597527,False
P06703,4,Protein S100-A6,S100A6,373217616.531393,288183273.482596,279117476.62481,199132583.807073,457671597.380423,248939554.35068,259800334.734179,592169273.757236,292921626.403737,329436477.474488,224186562.568487,237130805.393945,302877858.446686,366825385.280164,426634871.446029,415461862.175056,789180938.468187,458777199.035399,303323266.033641,686264251.615882,0,1.26804671327295,0.164282951180086,0.521118528909864,1.44205022488505,False
P06727,22,Apolipoprotein A-IV,APOA4,43964578.6847003,101150203.988106,70475483.1115087,90493291.2604459,32433760.7338783,73486776.0533394,102359158.795598,107533653.537627,105515591.878537,47803267.5597659,57738629.3367093,146609133.090193,31397200.7788204,65615320.3386503,74136717.3181635,30737815.4910046,50958586.7548619,144926244.271544,113446214.288298,30738186.6989843,0,0.962704941618713,0.569565854456906,0.734163542789052,-0.577921409395044,False
P06730,2,Eukaryotic translation initiation factor 4E,EIF4E,1761901.1017419,3084035.0656813,2666156.30608699,2242271.06375355,3242964.29454273,1159608.93750577,278711.191395225,3147439.54065974,4195352.9931273,1914438.13819311,2913540.91764901,2948065.30052119,4286536.70001893,2160990.49889444,3790779.29251637,3646691.69205579,730853.061027611,7373447.95773046,4370687.80584192,919744.988992268,7,1.39878900867389,0.318190369577359,0.617192968220571,1.02289691694799,False
P06733,26,Alpha-enolase,ENO1,1205937003.90958,1218444764.91167,1299818978.36374,1158715354.94318,1254731318.88784,1450290434.39383,1326414121.59404,1101268950.42727,1389635643.5181,1010603530.36466,1122406805.74465,1168680368.11103,979570425.457692,1291345829.81595,1201192627.24685,1148691637.19426,1323977301.12845,1198647701.5652,1101334225.71894,1026708138.50416,0,0.931272981987255,0.295543406380717,0.606788483851314,-1.07324328359023,False
P06737,46,"Glycogen phosphorylase, liver form",PYGL,360584186.322279,526690485.245758,463982217.482903,295029250.122893,354768063.991275,458869558.970683,460164178.752108,270332546.568042,373090976.0893,330230075.337187,242805420.280591,322499518.315098,254963263.568512,388129954.200409,297862349.681341,337066415.945017,409847799.846339,348062800.832651,318340691.748056,363615842.613112,0,0.843197737765989,0.0974637332511968,0.427872205634169,-1.73598695328633,False
P06744,25,Glucose-6-phosphate isomerase,GPI,661817821.929847,779042917.238062,561656927.575367,472468347.76046,542209794.278349,534912316.062139,545188385.608414,259487301.465589,426856241.078969,353164386.680225,448419672.281255,493385717.262938,426884671.245842,350214395.591002,393010613.966835,449404256.822317,390462015.068427,500914831.963782,433409497.89745,371932789.196676,0,0.82892749982982,0.126108672158579,0.476445128823285,-1.59408222273194,False
P06748,9,Nucleophosmin,NPM1,69190374.4158244,44172300.6200805,54257824.8800308,38414872.8681722,46660719.8318976,99029343.1789311,79010886.2075087,98405786.9153726,108663932.661037,110763587.408121,55675039.2736178,51163070.9932558,55233195.446064,104672932.265849,54923475.4369953,66001787.3474833,68765686.5594238,52052520.1597052,116691398.01049,76837169.7137581,0,0.937810255749578,0.761783301904743,0.805958734729428,-0.30717897840175,False
P06753,16,Tropomyosin alpha-3 chain,TPM3,42741092.5659782,90680471.3354906,36540123.108499,28751705.635717,38186311.1998502,62577100.8906457,58224702.9275761,33725878.5941376,42025731.879885,77972657.2325698,38644990.752947,55599214.5037339,30848811.1644447,81166814.7811861,34134548.2311357,50584897.8107944,37126470.3198079,36058078.1795432,48711559.8299873,52088777.5854109,0,0.909152775536757,0.664621708586184,0.76714524248479,-0.439839920250573,False
P06756,8,Integrin alpha-V;Integrin alpha-V heavy chain;Integrin alpha-V light chain,ITGAV,1443061.41623801,5322727.08041805,1371649.18829736,1702403.62316745,1077666.41549715,716572.836190678,1501837.19983137,4189692.9864363,6015597.69993711,2266783.89248223,7206782.29045424,5090067.76366161,3956744.78906947,3522881.21796081,7717099.57553445,3848207.48873916,1544963.61579596,1021252.94417144,6882207.78711743,1055382.68698061,9,1.6340832036481,0.113748114030239,0.456900432304926,1.65156808009304,False
P06865,6,Beta-hexosaminidase subunit alpha,HEXA,7144755.83032583,1048444.42207451,1418681.80345946,2795935.16580917,4003404.73080648,2696314.61042233,2677876.83402858,4460547.1266195,2556956.44991465,8886295.39534718,2833566.48367803,3574589.11800442,2775653.53806631,1854601.72589885,767474.399754045,1466429.32528805,2028596.72840336,1165600.71714594,3388428.15992946,1639825.74099723,8,0.570316135206773,0.0912029134150058,0.423185026411948,-1.77168869235863,False
P07099,21,Epoxide hydrolase 1,EPHX1,166903797.380257,293610207.503936,123830156.776799,165192600.462655,56234577.9803477,155640277.640179,255014560.921274,127429483.230727,149139001.760848,147215737.975451,110852024.103437,253198300.791652,145813513.179102,234778337.010225,152451169.121059,273526434.513847,235375736.845138,227985429.097279,153656068.846084,185382283.425669,0,1.2029062216468,0.1787783288888,0.528663623258471,1.39184966658719,False
P07108,7,Acyl-CoA-binding protein,DBI,292139015.198904,282094318.8954,323509390.138278,370118761.044444,251020383.969684,309025668.012689,344136120.05414,375805345.929431,123683617.087414,225688561.92821,94375886.5997011,233343853.616707,209934663.803781,208413264.098159,123672505.411008,163787922.16697,237709210.938776,322525099.180999,254358176.225357,191070729.732225,0,0.703843850190266,0.0195657802413154,0.236659049950114,-2.5312898556497,False
P07195,19,L-lactate dehydrogenase B chain,LDHB,764588240.33267,1427349032.35963,1279943401.45802,929307008.92346,1040153362.70903,1258492376.21444,1237665803.05316,903598687.356427,784222304.406612,561147046.713766,832340518.304831,773755397.05627,779142866.397144,526865735.087935,803715162.221947,701788478.463715,928722689.267707,1056714887.52389,683609782.478748,655790906.232687,0,0.760071791597152,0.0333838706412189,0.278298604360059,-2.27946873553088,False
P07203,13,Glutathione peroxidase 1,GPX1,144716788.494843,188569611.054749,197302601.877707,216707874.545297,182201844.483245,168692095.707159,179462370.866247,86409898.2311862,137116537.759411,107655884.85335,125031835.82268,163758614.709969,161883603.307283,139033907.255624,164666344.344584,120778102.413584,146308825.671068,157529265.865866,141976787.845903,115202653.55494,0,0.89267668059493,0.381032369661369,0.652327234436603,-0.895130406310483,False
P07225,6,Vitamin K-dependent protein S,PROS1,46294679.4838504,1722724.62803918,43198128.8628421,37726537.6649607,56610271.1091313,52851904.745616,18106315.8294133,20788007.8135624,20798358.9879615,41747248.9117248,38882381.1887764,945534.234637316,15057738.9209965,22477963.7280164,24918610.7620358,2095028.57077016,29248302.7836735,25416943.954864,1798457.15604088,4325807.86749769,5,0.486007352314497,0.0524769503550203,0.347692777049084,-2.05757753741868,False
P07237,34,Protein disulfide-isomerase,P4HB,235747537.525525,245993765.322722,203521532.387513,217594205.320533,289151105.025447,339930887.622508,238956921.230141,227827429.18313,277079175.586201,269836611.096839,244217350.323759,201276486.960171,229398704.402499,443734343.98364,313026513.952913,263129120.392157,241828690.204082,296239039.97179,380911890.391572,308848782.548476,0,1.14808530495152,0.229039547628536,0.572381325329629,1.23956182679017,False
P07305,5,"Histone H1.0;Histone H1.0, N-terminally processed",H1F0,2719327.7357381,13027910.8885779,4116838.24477068,5397496.85904142,1518866.85907378,581097.712921105,5702867.41861187,8722565.30092805,8818712.42116611,8791597.16299151,6647552.83181139,4131158.6441328,5535702.53589875,5587881.89271984,7840407.79406305,5633440.09468365,14178547.5889556,7390796.24656475,24867910.4711521,12086454.9353647,1,1.58087798095771,0.0784206362332338,0.409944313545591,1.85170448553023,False
P07311,2,Acylphosphatase-1,ACYP1,1217775.44908233,1007824.14784852,985534.439802232,1243997.62010791,1210339.2532685,1442547.50547049,1199844.08973107,1335377.35852836,801089.015425389,1406268.7504817,1060024.4647419,1101285.20125733,1128091.55847879,1089307.88343558,1339577.77344384,981624.329613907,1129401.46132053,1153746.24811175,1250409.85295714,1073768.91366574,10,0.954149152667532,0.78458362527541,0.811450985241191,-0.276934169259559,False
P07339,14,Cathepsin D;Cathepsin D light chain;Cathepsin D heavy chain,CTSD,284457503.14059,209223018.090782,367385663.684853,214924404.082931,269447487.287669,237943662.910105,265174999.258898,179672136.598364,292459869.755637,522294095.889531,273200705.4956,245867844.137143,238880537.734931,190281065.505112,266420922.330848,245424972.872448,303163159.265306,248650302.561653,343431708.600109,179780126.269621,0,0.891704764615866,0.48025735074995,0.702568027834159,-0.718902142942987,False
P07355,30,Annexin A2;Putative annexin A2-like protein,ANXA2;ANXA2P2,2577413008.24566,2186711140.67693,1630516077.13144,1908313394.73152,1673242748.09976,1018161185.60915,2855954067.58676,3465583904.11651,3096875905.17474,3365455137.90766,1593153591.56566,2265408652.45456,2103516420.81992,4064838365.03067,3339730096.91242,2421153627.08712,2929766473.56543,2174318867.23087,2864550714.77663,2809574740.53555,0,1.11724108072468,0.327673603006384,0.620532834330873,1.00256614647298,False
P07357,14,Complement component C8 alpha chain,C8A,14114174.5146949,21692207.2078888,1429182.10823984,6153729.71899488,1957576.0406376,12744622.8368663,6514624.23502263,10810038.8436093,6999139.3603899,10856952.2728895,13785091.9357463,21696528.7180155,7015596.35238919,13904919.5787321,9818254.27226743,19268278.3505155,11779556.7226891,8445044.95577396,17639770.7899258,25825015.2216066,0,1.59938311205233,0.0346935593702198,0.283517738738349,2.2609360776658,False
P07358,10,Complement component C8 beta chain,C8B,7031119.8816786,1101569.52921112,4084181.04686742,2635212.71954428,3777659.1248981,11345001.0457813,3300856.85324399,18908337.0669852,5119537.9353607,6003801.24245344,17497071.5349494,7808694.56466366,2451427.9333135,8481312.9591002,1259203.8676871,12983041.5144532,6515508.41445378,11298498.3064883,3524911.79824561,17343455.4893813,0,1.4084182954665,0.313479776862519,0.613979024606205,1.03315433774769,False
P07384,21,Calpain-1 catalytic subunit,CAPN1,41231361.4224416,50861160.26325,40229292.6898189,36729763.5040338,49701706.6029214,74787978.647212,60867246.3188959,67552223.8293669,53794649.5036385,51485828.398273,28835955.8816205,41406260.2357589,23054602.6452852,45354193.7067485,49787319.5116481,51803710.8688094,42191006.5930372,49426465.4577305,64972127.5379816,38753785.0184672,0,0.826159674586781,0.0827442596744318,0.417224105855535,-1.82344687335585,False
P07437,20,Tubulin beta chain,TUBB,122880037.23473,120643031.760539,107606248.363904,91313687.6731342,103902097.088502,140280516.134527,234735155.422916,151034850.441055,196867848.023538,172744247.373867,45279510.3843599,121145939.836604,88230076.5285703,138139528.151329,136402308.135074,176610772.504548,185708638.252101,239601979.365729,176778002.866703,155200993.628809,0,1.0146254627154,0.833516804941502,0.819265653095417,-0.212868449964557,False
P07451,11,Carbonic anhydrase 3,CA3,179186969.964071,134888733.566556,150124669.997659,10388661.3987219,3985195.66282579,701137299.817613,13182857.7092394,21025006.0438298,174266958.992903,91730576.4825519,26150185.6566495,56709602.8641311,5801052.34930636,38323762.405726,9909325.99286886,4446136.33891247,3123085.82732293,16679019.0640641,3189660.6569452,142635965.789474,0,0.207422315941009,0.0299398689079484,0.27325797600272,-2.33159494128158,False
P07585,13,Decorin,DCN,58927825.9945201,124410827.820535,38744874.6033073,88674151.3888327,42524401.3329221,111622225.366726,35598028.8173427,218751083.915281,68967972.9602012,67109036.0700778,42013452.4273618,42623494.7355853,27346193.6274642,89758969.595092,75411721.4065835,58162998.3432383,57699634.4153661,41015096.5920466,102197934.251221,78755443.9058172,0,0.719002760773791,0.26085434774471,0.587927183588789,-1.15606481188609,False
P07602,9,Prosaposin;Saposin-A;Saposin-B-Val;Saposin-B;Saposin-C;Saposin-D,PSAP,68765234.1258045,39949263.2573902,45009118.9283863,79600069.8545528,57416383.2657692,46254369.8812709,71467279.1315346,48773548.8376367,67403877.2594556,68022673.9456219,46351646.2742819,58252785.7133553,99453110.0651721,43058620.6723926,50917765.3133991,51724370.8991308,62913154.0345738,45068983.4975885,39281089.7372943,35606886.0757156,0,0.898705460126089,0.338275224286522,0.626458497370308,-0.980317355869655,False
P07686,10,Beta-hexosaminidase subunit beta;Beta-hexosaminidase subunit beta chain B;Beta-hexosaminidase subunit beta chain A,HEXB,5780941.71633882,4747586.4974637,5498597.10150986,5643981.43411503,2122102.27819516,5735372.08553038,15381659.5078548,10487171.689332,5807975.11980056,31030343.3204881,4802268.87539432,2788278.49426884,5956218.81162281,6652881.01075665,7499394.79581103,9657563.35678189,7390291.95255702,7925616.77832378,11249125.1370049,4295341.15974146,0,0.739593862563917,0.656714729110419,0.762380788992729,-0.45096431767222,False
P07737,9,Profilin-1,PFN1,420140060.47251,289311160.372573,404152355.869714,486995525.344823,450424289.706757,484203880.625084,541704806.7498,440086822.44326,486305310.627976,809669886.640976,413059358.343018,288836221.981012,291657352.051164,549079971.644172,544392051.766544,668344792.197291,489742362.852341,522957363.659114,546078220.252306,590436831.163435,0,1.0190298232609,0.881059920296151,0.825812662811676,0.151489217527464,False
P07738,12,Bisphosphoglycerate mutase,BPGM,14987403.0081164,42281864.1153577,40023036.7030615,12470241.6511003,51661773.9055718,23400424.2213059,26546529.7497115,17838410.2738216,1059857.44102057,20838279.3409691,29928262.2007305,59571456.4215005,4608494.47362016,23597848.6748466,2754269.03590323,22503082.2571255,20447515.4905162,28401870.1219401,32489021.6187376,26278365.143121,0,0.997898771248409,0.922494179191105,0.827857818900173,0.0984884155501165,False
P07741,9,Adenine phosphoribosyltransferase,APRT,55306886.819862,49038560.4337939,55995375.3139265,54809830.4276668,61878007.0523695,70832641.0988652,80303957.5028845,89638569.7739594,83466292.1529961,69983327.4887604,61834778.0333721,51087331.957711,38223008.8360962,61764903.6306748,57003669.1821613,56997834.2171013,78516915.8007203,72808387.0998271,66882898.4744077,40768304.8014774,0,0.87282684911697,0.167334801264473,0.521118528909864,-1.43119295767638,False
P07814,20,Bifunctional glutamate/proline--tRNA ligase;Glutamate--tRNA ligase;Proline--tRNA ligase,EPRS,8890625.53654975,15385031.0267623,10287173.5940609,6073095.23627216,8009304.42651303,21897608.1776182,22857253.8537321,12167626.5322062,30350005.1432935,33441146.9117962,10633695.1108252,14314677.7179576,4192274.33773223,31576168.9411043,11612222.6098289,9957544.00404285,22888688.3884754,43067977.4374374,25340321.3307108,22689400.2446907,0,1.15891756725979,0.617105815693934,0.755192054657026,0.50760932890777,False
P07858,8,Cathepsin B;Cathepsin B light chain;Cathepsin B heavy chain,CTSB,19590271.3185308,22840526.8313801,10024509.7200161,24682150.3079548,15538268.8302232,18765967.6841082,22420977.0728677,17737943.6327299,17833041.7496182,73557852.3157068,15405398.0281421,23023314.3228262,39683696.3803781,16912938.190184,23531197.9039693,16756601.5961189,31106107.1582233,15207816.1384111,31422505.510038,18838249.0812558,0,0.954304225780887,0.819053311561829,0.817186231250049,0.231697575498374,False
P07900,35,Heat shock protein HSP 90-alpha,HSP90AA1,400912124.628428,461599969.363302,501405178.716538,380030533.250441,487607919.418802,486432239.807251,578000380.762403,412625940.544886,672174954.851316,623274422.250767,421205108.592064,400104980.092914,321477616.796019,547268280.638037,464306760.951954,589601761.338185,571871676.048019,565834850.0819,551081211.824019,588286240.027701,0,1.00339220760123,0.981525313190204,0.843797505224354,0.023438731364247,False
P07910,11,Heterogeneous nuclear ribonucleoproteins C1/C2;Heterogeneous nuclear ribonucleoprotein C-like 4;Heterogeneous nuclear ribonucleoprotein C-like 1;Heterogeneous nuclear ribonucleoprotein C-like 3;Heterogeneous nuclear ribonucleoprotein C-like 2,HNRNPC;HNRNPCL4;HNRNPCL1;HNRNPCL3;HNRNPCL2,8204482.92643524,11202041.8217597,3793391.35644657,17217815.8379388,12912088.7378131,30830940.9704135,12196673.1228366,11880824.326013,23202012.230707,36876291.9460501,9254503.2258011,13976557.0235614,4889259.84761621,36204007.4858896,20507038.5468552,20629903.3539519,5959333.83913565,5676292.07407407,47771808.7104359,26924206.2465374,2,1.13947734328969,0.907562885578043,0.826708499711055,0.117546318604138,False
P07919,4,"Cytochrome b-c1 complex subunit 6, mitochondrial",UQCRH,2184882.91092615,8148901.04915165,8474933.49223335,10824044.3697771,9963812.71475468,6485718.98395418,12676909.3512026,9023965.22420288,13272565.1814752,4680960.30089916,2551916.01276698,1349710.18789076,2786667.02766097,3122529.71386503,3555405.5512789,3161962.25825753,8178377.95318127,3973948.71189371,904425.942575511,4375191.81209603,3,0.396098027040692,0.00142364518819537,0.0984051751793808,-3.67992380506311,False
P07942,44,Laminin subunit beta-1,LAMB1,127022739.492594,121607456.782403,74824046.8323106,63156472.1915392,70368886.8382207,235171477.975147,82558330.6785302,88204558.7429937,92443680.9496002,57120373.2234354,82307763.659306,56146970.0286558,83729238.2649612,145325138.04908,121686274.552176,47308534.8724479,86198533.0189676,77312138.9462189,76945503.3129861,78310722.8993537,0,0.844730253475457,0.442858336218571,0.683685726064029,-0.782401135621925,False
P07947,5,Tyrosine-protein kinase Yes;Tyrosine-protein kinase Fyn,YES1;FYN,1791145.02869181,883787.339783408,2129564.36406049,1382459.8311309,4615011.40639803,893028.206296262,294445.35590663,4808573.87563172,1790698.52896008,1820206.72810961,2179475.7581413,2131783.35402918,4343442.4947799,5618688.28408998,5570698.1350741,1507006.05263796,2033036.51581632,5733694.500364,398836.459857117,1073503.40858726,6,1.49886245654744,0.25774395845658,0.587927183588789,1.16387912751548,False
P07954,16,"Fumarate hydratase, mitochondrial",FH,48073462.9649495,70085093.2626377,60648635.3788018,41740775.0576873,8385670.29092952,80268681.1119233,67370756.2785125,47405656.8781586,92603196.8825802,77632543.8628417,14800285.1524988,39849552.5587588,34075970.3236972,55104454.796728,32508267.5061102,39383605.3296948,55483731.5164466,36780073.1413231,21145245.2898354,45121924.3259465,0,0.629828332354299,0.100482432190579,0.437355574810954,-1.71947240474466,False
P07996,14,Thrombospondin-1,THBS1,3907155.48432784,17813257.0775757,3308533.53303125,1543728.79657635,4399033.40214589,4478471.39444606,8982656.91399663,2827148.45410273,289328.320123978,3744914.95629059,10344792.5019924,17885232.2507815,9417643.94899808,5780746.7200818,5269149.5490827,8113078.61370528,4420317.92537815,7955466.03999454,21619346.3492494,6136486.12650046,1,1.88992530304078,0.0196901935655734,0.236659049950114,2.52835632665018,False
P07998,4,Ribonuclease pancreatic,RNASE1,2011807.33263112,4695442.16153577,1893961.2238534,7146528.27637857,4243998.66696777,1438750.71720046,1503496.0469069,1667145.15965267,2995625.26560956,40774.2579187183,2327701.55399972,697867.588405986,1624294.65780578,2797648.41529652,6333965.88868607,4997738.0328684,3495723.69027611,2540503.82664483,3871550.33674903,1550947.91597415,2,1.0940899162088,0.357517822708967,0.640114833773659,0.941129800863892,False
P08123,11,Collagen alpha-2(I) chain,COL1A2,11923977.3501435,109241566.459682,11844250.0395439,83466417.6387242,71859526.2574633,10720795.1939195,10999814.9578415,157157304.722962,12310432.2383434,36613537.6957111,69764859.8472522,19222837.7178129,5001970.33978745,31348369.8188139,19093258.503233,6468323.2613301,49295537.7181273,28402720.5282555,70723877.645596,56587761.1403509,0,0.689563211376036,0.695741573944832,0.780381916844314,-0.396585341379374,False
P08133,44,Annexin A6,ANXA6,320944685.417582,409676306.95732,332712782.27465,411203435.150218,355385732.258917,204213202.194324,434211516.255436,249732591.698061,298781738.046896,275011669.428388,276738288.4609,349670897.316777,334012236.553179,262259472.736196,380867717.886644,286205717.287245,299088554.501801,314633328.574029,256352612.054621,225247870.960295,0,0.906801719911765,0.363329838750513,0.643263472980514,-0.92957621175803,False
P08134,8,Rho-related GTP-binding protein RhoC,RHOC,6332899.4224158,3135689.0160049,1350023.56059491,1962033.68684036,1338260.65761528,2603864.23244789,14164065.7544155,6069215.54902141,3993103.58125955,13239079.6389067,1398679.62276274,3333870.04674656,5557688.66329538,6870589.70212679,4972226.8282647,3754442.92706691,4434229.02093637,11605494.98635,22109504.3072888,13406015.1754386,0,1.42914308129883,0.186803011957591,0.53240815837221,1.36544550682954,False
P08185,7,Corticosteroid-binding globulin,SERPINA6,20089086.4883553,18113209.6055624,12355358.6249101,7924878.02180262,20451202.2310472,15991129.9406,37715547.1092571,32157912.0417164,17945542.4602462,23929976.5606936,18125457.9827329,19739486.1388503,9942783.86543714,28580381.1550102,12279359.1028061,43843267.2443905,33378551.9294118,39025996.2203112,31772376.8800868,51214602.1144968,0,1.39302709204596,0.0876857972969007,0.419883675208394,1.79268258883013,False
P08236,4,Beta-glucuronidase,GUSB,1063845.56241433,3025107.06222669,3500758.09412822,1083917.68464274,1829419.79728256,2269901.38459236,1091853.14511405,598489.226564366,1708163.77495283,4634078.00699351,4693046.93132909,5177291.9826933,3125474.7649094798,963330.382249489,2742704.37296971,998466.450423062,1260255.50857143,1360978.66285359,5666986.58487068,3509889.08621557,10,1.41781629336025,0.2893491043516,0.603321843609166,1.08749263212528,False
P08237,9,"ATP-dependent 6-phosphofructokinase, muscle type",PFKM,1932818.19920128,1789253.60836103,1988651.47231929,739761.92996559,24676823.5510811,9122212.76156952,12409005.5485045,16583006.6047965,21613569.3612434,11289763.2080925,976140.162701312,1741456.8244182,2325955.3786879,11964040.4797546,14633635.3594963,28247296.0618557,11353248.9555822,11551919.3884794,16366205.198951,25813731.255771,1,1.22349398124206,0.454772788207856,0.689731901520803,0.761833042543458,False
P08238,35,Heat shock protein HSP 90-beta,HSP90AB1,121708485.867346,135419984.637922,171473727.172405,127523542.515109,127929392.699773,150812166.078817,230770510.912399,196073101.08426,245646141.213727,233937978.366517,154305334.860535,127794745.171211,116877747.812272,282134563.94274,153535356.271076,205686982.344855,247491852.331333,264688965.670216,226436074.615663,304959133.148661,0,1.19675914742168,0.135271139054874,0.486433579823015,1.55444222536385,False
P08294,9,Extracellular superoxide dismutase [Cu-Zn],SOD3,25563975.5072763,161737345.404058,22230332.7545271,36703822.1154903,35252386.928551,161861113.690396,97490442.6289163,164979963.700266,76570166.5030096,79593197.4059802,26261898.8029221,160688478.804851,46873412.7531842,121796087.766871,87732424.1793769,127805356.870831,34733761.8837935,30340796.5210665,76272803.7705733,127103918.698061,0,0.974043788377212,0.889973369831879,0.826708499711055,0.140055201857308,False
P08311,6,Cathepsin G,CTSG,3284450.29738672,7743515.61623229,2887427.56006822,10815397.2402626,2990955.64134482,3210826.82873344,15499437.6502174,3291527.5951484,5203325.77805229,16198732.8445015,4943617.03685871,2297868.23911659,9039330.92931123,9020998.12801636,43468676.8013489,9842689.95269861,6209643.81018007,4439716.25084175,22456840.3775547,23181912.1652816,0,1.89666307606081,0.150940859120255,0.503822832020456,1.4915298445105,False
P08397,4,Porphobilinogen deaminase,HMBS,2070505.67949182,6483551.53682001,2092716.99291053,1366570.73064801,4939493.13633259,3156842.17473689,9164300.6687672,6752818.05306441,3058676.03701375,3273891.28366517,3510430.46446953,1906594.97156131,2416693.1643965,1697485.67435583,1317634.32715868,4933434.8764908,5130412.04187275,4460976.40872691,5845640.70957678,3281244.51246537,1,0.814472693289771,0.494716377008635,0.709261894965122,-0.695138842175515,False
P08559,12,"Pyruvate dehydrogenase E1 component subunit alpha, somatic form, mitochondrial",PDHA1,22231696.9272624,32998047.3158999,29913368.2612403,13564103.5346847,7917889.52290202,18001958.8216509,31394510.3279489,17972365.795277,31614378.8015452,28244748.1335189,5414053.50838453,16021510.9832697,10256907.5016901,21303804.4936605,10179794.5472264,18191521.6191631,14571648.2247299,19152000.6292656,24342258.3161512,20204272.7100646,0,0.682641345182469,0.0620886514317218,0.364062657639799,-1.97252142139611,False
P08571,6,"Monocyte differentiation antigen CD14;Monocyte differentiation antigen CD14, urinary form;Monocyte differentiation antigen CD14, membrane-bound form",CD14,11263319.0017318,7468654.48500087,6286588.72364439,12883142.0854177,7234954.30831259,8458877.98359225,18301230.3607881,17127415.5830194,14667909.8162789,22630876.8661243,14237840.4924456,3137489.54744124,9521004.01917304,16392363.6858896,18422508.0530891,13552778.0586214,23002669.6230492,15153390.1342251,20512265.4440224,18812362.3361034,0,1.20915992035786,0.413483874040987,0.668891502267805,0.834618169019388,False
P08572,9,Collagen alpha-2(IV) chain;Canstatin,COL4A2,642457.029745134,1179295.64749869,968793.745071647,2117682.01810138,2150073.79334596,3162678.35354732,4382342.20413597,11447186.2597629,1239606.71076273,14999666.4939699,62031827.6108252,4310227.36388503,4838464.31190676,26380361.4437628,768703.145190731,663017.679947443,14628190.0969988,8464349.17913368,3553814.21577139,12370545.3693444,1,3.26342423759763,0.0763826485232551,0.406132304211379,1.8654986034806,False
P08574,4,"Cytochrome c1, heme protein, mitochondrial",CYC1,6000698.63860193,12973968.4721008,3264782.26311301,3750692.42691496,8330503.98566312,3872358.71797006,1731504.57743854,2691303.81631903,4026937.75020214,3066622.1948191,4169260.02757835,3062562.00156304,1448152.92452473,1699167.41284254,2466308.92885871,2621728.24424657,1766978.38290516,4915433.54368004,3304372.4823654,3890777.79639889,6,0.590326131000696,0.0557799704676386,0.35525066816155,-2.02688460157958,False
P08603,49,Complement factor H,CFH,190938717.185359,277909695.071716,90330746.9276172,220080255.055952,158952810.889202,217039531.534536,204859319.592616,354930610.502619,224581642.484952,177825941.250981,234768280.034866,281316417.73764,109907892.713432,234518431.97137,199259142.344461,311488720.958156,407792547.663866,248905424.456274,340169622.879363,399850648.199446,0,1.30722240552714,0.0741350129513585,0.400601349748072,1.88109047948918,False
P08621,5,U1 small nuclear ribonucleoprotein 70 kDa,SNRNP70,1557076.3121979,3752898.64829661,990356.870959921,2337573.87347641,3418099.64070029,2886520.9834716,1403414.33251278,2346540.08641919,3213826.27077531,3381193.71736959,3927492.87722065,4830687.95251433,1566448.39848292,2679620.95059305,3323250.45223216,350909.351607035,653265.047414166,822271.692275547,2754265.17421776,654436.83033241,6,0.852699875398904,0.125773674958737,0.476445128823285,-1.59557650756763,False
P08670,49,Vimentin,VIM,10609907362.8092,15294309689.9598,10931098534.5361,8411711413.46905,10868490837.4276,15071931777.956,13356207228.6323,10615116386.1068,14176768654.209,14580193337.9719,7891913155.57031,14705545240.6796,13127739768.6525,11610110970.9611,13837986549.6705,14610644321.0026,12009314171.9088,15624515232.9602,10725163181.8593,13063513624.1921,0,1.02655603816945,0.765479302784336,0.807231985594737,0.302257001798045,False
P08697,15,Alpha-2-antiplasmin,SERPINF2,20218319.474242,29500780.6476299,11365017.3794037,20989826.0052627,16895286.0142325,18464873.9136606,58202308.4920564,50053854.4946246,24383269.6923008,21811270.3339756,22752244.1241906,29309654.2730404,22154182.2784553,27832007.5284254,33676298.4623952,38340851.4424904,39327115.8881152,24045238.5681136,37755684.3678785,45788342.0729455,0,1.1805794637817,0.125317020768432,0.476445128823285,1.5976188255973,False
P08708,5,40S ribosomal protein S17,RPS17,10253127.6989686,13214257.4182263,13941342.1594462,6818261.62218431,6524841.6899469,19283265.351397,16176247.2570338,11498707.6141689,15734987.4521606,14386128.6505388,11203432.1568155,12175455.7086517,14569979.1830498,10285359.6993865,19042663.1028989,12990597.7020416,12172657.3584634,15304762.4583675,12784671.7055525,18579381.6297322,0,1.08822413237039,0.405129538719133,0.666605052619602,0.849894488482544,False
P08727,31,"Keratin, type I cytoskeletal 19",KRT19,527463828.004239,321831899.033584,130931925.411741,94414764.4952722,246531994.558153,216256953.012228,344650362.647555,674466050.528347,783080506.149493,712704231.820452,250408120.513033,127723063.583999,181987010.599259,440577262.188139,569978868.506945,392219029.153022,758253431.827131,412234461.393211,339797778.911196,445583897.968606,0,0.967038837385551,0.786442774710113,0.811510678024041,0.274480005389058,False
P08754,8,Guanine nucleotide-binding protein G(k) subunit alpha,GNAI3,2107826.23336004,3073110.37323518,2857101.10788843,2594895.47818292,3036277.19165694,1653362.92891157,2307953.93618532,3814383.47344482,2117867.85544875,3596332.09594662,909849.083459301,1480476.23242769,1664678.37226534,784683.889366053,6105708.35403583,2567139.17129573,1984440.21863145,2324245.500637,1073952.98806294,2172495.30470914,5,0.775712775266123,0.0940918747210866,0.42417512839099,-1.75496082005225,False
P08758,26,Annexin A5,ANXA5,536522214.865459,1517171328.88753,902744952.948652,565446607.865136,1164263506.62055,1208208390.14541,677099905.054584,865816360.792061,683634915.299614,828409466.424035,769098464.942719,782627684.077226,887001247.694638,1070350104.13088,1225608521.86524,579627593.721447,1001150135.17407,644369873.309673,716771503.639899,414247661.080332,0,0.90407482526088,0.505131884737728,0.715497513978022,-0.678267581055832,False
P08865,10,40S ribosomal protein SA,RPSA,82728435.5261457,61064450.0708413,44249721.8862341,24278977.8943411,23195502.3441803,65508454.3386157,56161097.1656164,25141562.2608656,64638374.7161082,46943647.6900021,46094085.4092645,45880273.2640095,89731198.3301333,69873940.8429448,79507057.6679145,59851806.2692541,30882632.1392557,72044722.2285922,56576904.8566649,59151876.4358264,0,1.23422125713272,0.157031714360366,0.515644929219471,1.46851782683577,False
P08962,1,CD63 antigen,CD63,7826429.19632054,5220645.1437817,6529165.39888771,8212164.17566131,7719823.89841151,7009368.78605957,8334877.13100204,7589782.45538914,7315148.81919864,7640546.81759794,5871140.75640121,3371063.32313014,5479347.28981314,12166613.5247444,4410907.00112923,6444672.39417829,8015483.51164466,8824666.33497133,9443146.59160789,6083318.7345337,5,0.955208663477217,0.529802279501658,0.725766796154639,-0.639070568505164,False
P09104,10,Gamma-enolase,ENO2,4087385.70876522,880650.814456883,1252411.35231662,5278532.12300841,12741452.6831657,29890520.339368,2542100.20089642,16394094.9719746,9218341.81115803,12870290.0438878,912246.449319276,7256048.37178928,21984758.423261,9348172.70633947,24703565.6088544,10510656.9355165,4652139.60168067,7512829.55282555,9599490.07822391,23052478.4395199,3,1.25617577939858,0.334556541070908,0.622901300065341,0.98806572073914,False
P09110,7,"3-ketoacyl-CoA thiolase, peroxisomal",ACAA1,1071401.84224675,4905981.04766486,5616725.5302891,3913798.90738224,2152779.80215471,15041424.4796287,17781181.8026094,2736354.3053606,12059404.5332854,6910303.40612289,5757416.27602524,6543446.92623307,1436957.68954001,10375562.0364008,2007914.60183151,5688373.57845159,16407912.8384154,10651339.1004641,3991575.97829626,5045990.39289012,1,0.940671776341081,0.898765148191779,0.826708499711055,0.128796028032994,False
P09211,13,Glutathione S-transferase P,GSTP1,738029050.055574,771466459.651041,708208056.347919,635455930.196918,719295286.611293,951389994.400642,852066800.346143,925667000.826978,982534191.40239,845081690.430315,641311038.178648,695838864.239609,582480747.545904,1019592178.89571,830603003.542369,976032750.798464,764787159.289316,899474759.80526,666352841.95605,1047152029.54755,0,0.999314927635505,0.892458533777429,0.826708499711055,-0.136870760371752,False
P09382,10,Galectin-1,LGALS1,406564558.029829,621882504.141158,467279188.180313,706989309.10563,583099433.596246,323576322.910531,294860067.675513,276120112.046311,303105459.388195,220393463.583815,363331492.536942,475275972.871078,929052875.267043,322419844.965235,608734945.162887,263982969.58965,349671092.931573,329353861.893712,285035303.599204,283420033.65651,0,1.00152430336289,0.92931863703387,0.830111878942504,-0.0897907626521393,False
P09417,10,Dihydropteridine reductase,QDPR,76290941.9301057,71024999.0042855,90891700.7097831,74684176.7255588,96477724.5114455,92013990.9679296,54511373.7490015,60781459.1711844,74884334.958674,68282760.6401199,47920285.0365266,85516133.5439099,76059365.0869412,69117922.9505112,62392802.1091792,85619161.5645846,80538063.3618247,96963328.0826281,56826209.3353228,79850652.3545706,0,0.974942814033365,0.76427389919075,0.807182980574439,-0.303861396036862,False
P09429,4,High mobility group protein B1;Putative high mobility group protein B1-like 1,HMGB1;HMGB1P1,17177117.0587019,60538920.1648592,19386500.2098417,42384986.2065177,40529332.8284386,36870059.6349417,36395934.2606728,44018986.5152072,37529901.242476,61312437.2275744,50312808.252532,25698525.256889,16631368.162065,31417932.6380368,28845160.5219194,37306409.3616333,37993445.6945978,16307391.5042315,48561977.1427926,26743662.7931671,0,0.807329000977788,0.25967759821408,0.587927183588789,-1.15901300083701,False
P09455,3,Retinol-binding protein 1,RBP1,1850666.73613838,4742155.09125797,886715.132032661,1497826.24803379,2331068.75251157,1758812.06878198,165828.052536164,2165528.39460627,3107034.55143294,4975991.97691429,1720403.86525237,2207500.49962115,1767087.87906098,1303270.88453988,2018756.47333168,895408.229229836,1607853.39951981,2530925.00898387,2977456.06511123,1890794.41643583,10,0.805713195157455,0.925313654452665,0.827954854844858,0.0948941361276958,False
P09467,8,"Fructose-1,6-bisphosphatase 1",FBP1,16186733.4285419,11684254.332692,8369774.18989416,15670760.4626551,14010775.2043447,15012243.5855765,12044059.1918878,14708487.9936598,18023621.3116521,21145715.1516449,6524358.0566163,13861595.9874667,17068563.5689175,9749496.66339468,30892105.8611515,15812078.1475642,8399160.50204082,11213457.6749477,14602481.6499367,12782078.2409972,0,0.959477098087531,0.567357755512256,0.732675882289056,-0.581257176801585,False
P09486,8,SPARC,SPARC,4309618.1330938,8310527.44490727,6256431.59830789,21663221.2162045,2795772.46876997,16801562.9526858,14344880.0856484,4305725.45662961,24283362.3448028,14216738.854635,15022625.3450108,5310117.88135348,21621966.3669921,18178828.6147239,16350987.8051233,8114589.85122296,16777678.7332533,12098730.6492856,31072634.1399891,16958473.1255771,1,1.37701087979238,0.105319963067189,0.441207542502756,1.69387173390973,False
P09488,13,Glutathione S-transferase Mu 1,GSTM1,46928482.8656913,12275168.9859192,56728209.0850569,45693594.1370037,19671704.877283,10333219.8647354,51154696.6916659,57167236.1596067,60883873.388285,49674297.0158556,2995463.89158227,32682746.3203369,2095682.2834717,31360600.6441718,37346633.3609195,28897883.8132201,1131914.43342137,27546361.3686414,39148409.0486526,12161460.1200369,1,0.524632534772934,0.0364523560399644,0.293552510629563,-2.23703211624427,False
P09493,15,Tropomyosin alpha-1 chain,TPM1,6016097.43925608,9782375.49720133,12733650.8551675,6488481.72032502,4320383.64273282,15156821.6515624,9349262.11768883,2427085.13714049,1161947.63812775,17389129.6385499,9872804.45899053,6662194.91410501,729863.615335731,17647552.1382413,7284292.06524766,13046513.4901961,1436163.55563025,1766804.16088816,1824570.74380539,12895581.6620499,0,0.862553938260951,0.433855189261416,0.679014768252282,-0.798169622272032,False
P09496,6,Clathrin light chain A,CLTA,8937125.25577067,10995262.5585972,9816222.42429816,18858308.5799381,17964058.0066756,10207344.0990285,8363906.95482382,10639159.6848295,1599860.85203486,18173391.0558053,12297755.5188444,3808591.50167882,5585739.92928419,10412254.5124744,21235612.3116666,4725261.90842935,9634555.53661465,6669906.81299481,12635089.0183578,7913378.86426593,0,0.821413543830695,0.560108274131785,0.732675882289056,-0.592256292692535,False
P09497,8,Clathrin light chain B,CLTB,16564770.1068834,11233916.8860416,13498829.3151303,25028035.4885348,12098474.2477252,9565364.42988028,8932062.07819295,16909308.5160342,18849745.93298,17297765.8509955,14789113.8378715,12128254.059714,8359024.55055572,11944929.8151329,24079073.8104446,13488550.4641197,12195992.0993998,13026523.9393939,16119436.020076,3902924.65373961,0,0.86701774048579,0.354895065135673,0.638552273289027,-0.946385085280355,False
P09525,14,Annexin A4,ANXA4,34908607.3933104,33895452.9718384,31427474.7094822,10975369.1362808,6413455.51234881,16829417.4424629,26310973.4649862,40681261.4389415,43861844.2242386,52755584.9785913,13391303.0951353,32608359.7675698,41846929.1449201,40232535.5881391,120359229.480556,27201519.6996159,34923132.2813926,19544037.9406679,33962875.8925665,18651068.0009234,0,1.28404250258796,0.388230204249419,0.657189567517688,0.881427730827022,False
P09543,4,"2,3-cyclic-nucleotide 3-phosphodiesterase",CNP,4363123.00482074,8169252.05173168,7232553.68109084,6794698.19425729,11985235.0653242,2184587.84108893,3584934.41492855,2900452.5720544,8276884.16463087,6864927.49142353,5556332.61273452,11029497.0512041,6443704.32596879,4580532.88619293,6687121.78301828,5534302.91352335,24936760.6506603,11069739.007644,19059516.379572,2563849.79039705,5,1.56296657653214,0.195310926111874,0.539227987617833,1.33841622540284,False
P09601,6,Heme oxygenase 1,HMOX1,7608969.07220664,2451846.29075564,565844.549124684,6403500.49510025,329628.965498248,770945.956816101,16141411.4684477,1449123.96159147,467415.26593298,5179193.04310283,11552760.5636617,13809913.228413,1344944.48281457,7564918.36916155,15964257.4422726,10051240.7301395,10647821.7872749,13198306.015106,3369497.92155001,2220684.47645429,5,2.16893751956947,0.0179917032190289,0.227839174740662,2.56999758405288,False
P09619,4,Platelet-derived growth factor receptor beta,PDGFRB,1434144.54007678,1409690.66804437,1546261.39698253,1438782.71613587,1474847.70053317,1310819.0105986,1555998.55684743,1438046.87039419,1380988.2008355,1558252.74452294,2604678.30134639,6554790.78415266,7764893.68263068,2442495.82396728,511606.232350029,1361851.68906408,1666459.49887155,880000.455182455,2431859.55181769,1742177.94875346,7,1.92199175724497,0.187577555167688,0.53240815837221,1.36294498461855,False
P09651,8,"Heterogeneous nuclear ribonucleoprotein A1;Heterogeneous nuclear ribonucleoprotein A1, N-terminally processed;Heterogeneous nuclear ribonucleoprotein A1-like 2",HNRNPA1;HNRNPA1L2,12500573.868483,17736429.9995627,10560462.7765145,16484671.5282075,7191305.75073256,15717890.6599295,9397368.6828792,6836969.59859414,15959988.8734166,33070356.6498965,8778636.25410925,9349037.200055,12789608.2921388,20072313.2654397,15337634.215574,23820125.7537902,13202078.4297719,14885512.1448721,14779952.6347441,25740053.5964912,0,1.09142924126574,0.485804201232721,0.706942075937127,0.709737494684669,False
P09661,2,U2 small nuclear ribonucleoprotein A,SNRPA1,705977.886088931,2111717.16123909,2469442.03031446,1488858.83297272,1745420.65888149,1536771.99313032,964370.747359546,972980.777956446,960369.872293595,3209736.565689,955442.199211356,204278.452382848,1044713.25848794,1645733.99456033,1034039.88037156,1225160.25558925,3648207.24739496,2484377.00982801,1168012.61001085,1660070.50323176,7,0.932225963675523,0.512445448721012,0.720432089510316,-0.66653841878038,False
P09669,2,Cytochrome c oxidase subunit 6C,COX6C,2538401.55549668,3170107.41960997,3513695.7380407,7525704.90558945,1456765.30155172,429091.782994699,1529457.00363895,922747.45741064,3878671.88828497,3987192.05414149,84216.3187004647,2516023.71114102,3364888.3481165,1072108.28527607,2505339.66625932,3548307.29387107,937273.488072427,426583.633938564,2904253.69996743,434976.970083103,8,0.614605994743031,0.140129257697066,0.488948402836312,-1.53432166226047,False
P09871,13,Complement C1s subcomponent;Complement C1s subcomponent heavy chain;Complement C1s subcomponent light chain,C1S,20370500.3735105,23060383.0439916,14014625.5365593,21573507.2474915,11647988.1911917,21901587.3904435,30212581.7866335,20914235.131857,26317610.2690684,21573857.8641262,26933729.2520339,20955368.155899,21872658.7621353,28866276.6977505,24038597.4901773,20685819.1421063,35051473.3565426,27833798.7032487,51638140.8794538,21596183.0840259,0,1.3208382755301,0.0561913465818405,0.35525066816155,2.02317659669135,False
P09874,8,Poly [ADP-ribose] polymerase 1,PARP1,4887544.07795257,1409079.49596469,433590.710343271,7044995.20646207,8458325.88710787,1967588.10168265,6024186.0971421,808301.355490214,7630318.72046537,13935311.713409,626963.86071775,2814217.74205946,764662.348008329,2766536.25329243,2919149.13313871,12195686.767738,2970692.01920768,9032165.47593047,4535397.78174173,3611400.07756233,7,0.802993928476749,0.783412324002885,0.811450985241191,-0.278481235614457,False
P09936,9,Ubiquitin carboxyl-terminal hydrolase isozyme L1,UCHL1,70268926.344767,110925223.701242,51976508.6628655,57376947.0022844,151721974.369341,226072344.647964,122514150.763291,83029238.6929155,143866580.397089,87322440.4552915,144431133.987216,77132092.8056617,102068701.083047,214811514.613497,152321066.663057,135558005.336568,126438396.273709,110901487.592138,195665986.249774,94997717.0821791,0,1.22555203640797,0.135866725213525,0.486433579823015,1.5519436449936,False
P09960,23,Leukotriene A-4 hydrolase,LTA4H,96857103.4598185,125228137.161098,54468768.5028508,65649007.2740942,59798523.8846417,115608070.2134,133404481.814148,100646965.832032,126806771.143653,154758252.115892,75741513.1728375,44522380.5553143,80092682.2507369,115015623.9591,95450391.1046314,116516412.613705,106962862.492197,99965262.3760124,119480227.771749,128278778.67036,0,0.950446521476182,0.789291240546228,0.81176501731488,-0.270723239189004,False
P09972,20,Fructose-bisphosphate aldolase C,ALDOC,54805656.0802078,60320698.5709288,78527279.3218185,50989960.9646358,35190620.1017868,19951773.1060472,79964723.2759386,14060177.6173849,30328176.6472015,66915638.2716049,3454884.20562842,22253751.6223805,24876924.0781254,11572654.0683027,14575812.0448288,28667420.0917728,62203239.4160864,161857834.011284,47112630.7668656,16613316.5235457,0,0.80070196591133,0.0637547178873121,0.368517271980055,-1.95898708651164,False
P0C0L4,69,Complement C4-A;Complement C4 beta chain;Complement C4-A alpha chain;C4a anaphylatoxin;C4b-A;C4d-A;Complement C4 gamma chain,C4A,458897878.389381,378430570.867588,318806128.622068,293721371.783824,455818592.577497,777962635.431378,323284412.314724,779612547.978498,317302377.423412,323294430.150574,605842114.237091,407976429.858458,103294364.506882,465833916.552147,383599869.504687,237959459.535072,418463704.192077,507335399.6451,743797799.32628,778859147.737766,0,1.05101074766812,0.957091850900299,0.838745919712787,-0.0544603125099992,False
P0C0L5,68,Complement C4-B;Complement C4 beta chain;Complement C4-B alpha chain;C4a anaphylatoxin;C4b-B;C4d-B;Complement C4 gamma chain,C4B,29675275.3573552,25862936.7727829,98671614.0284582,35060867.507735,42089974.6513472,99049239.2430576,4681764.10126919,68641041.7858127,9910137.22576588,73177725.6083637,39313718.0591068,60838732.7840975,7426509.49200898,20127351.9795501,22393524.1878848,5262809.09347079,12214839.3901561,54943901.6320866,65903427.6582565,65717817.0267775,0,0.727460277065795,0.464503949141581,0.69086707470759,-0.745274851094794,False
P62987,4,Ubiquitin-60S ribosomal protein L40;Ubiquitin;60S ribosomal protein L40;Ubiquitin-40S ribosomal protein S27a;Ubiquitin;40S ribosomal protein S27a;Polyubiquitin-B;Ubiquitin;Polyubiquitin-C;Ubiquitin,UBA52;RPS27A;UBB;UBC,50260761.4457053,79215255.9060696,65414398.7091812,58791833.5690946,101050528.586221,49868821.5309171,74920998.7427887,49937072.7579711,40585051.1378133,46584861.429387,62878985.6367259,53662459.1662325,40646537.1318857,41664306.5815951,56781049.4206911,60357315.2189206,70343474.0427371,77567260.8408408,67214177.6460481,48809789.8661126,0,0.940476050408955,0.694321020626366,0.780138355209777,-0.398542470722334,False
P0DJI8,3,Serum amyloid A-1 protein;Amyloid protein A;Serum amyloid protein A(2-104);Serum amyloid protein A(3-104);Serum amyloid protein A(2-103);Serum amyloid protein A(2-102);Serum amyloid protein A(4-101),SAA1,6514429.75662359,5433554.22699843,5313475.70229719,13371704.902987,4564568.49787393,7210068.35858604,8012837.153055,6450817.04732151,5428624.2970463,10854606.3066373,17261232.670596,3302898.19113986,3151344.92685037,5007682.11480573,4291212.73976735,1443760.76252274,9763794.10180072,20436964.5718446,1606365.94248508,7095317.28900236,6,1.00281440700445,0.341934603089829,0.628874421956,-0.972749691201433,False
P0DMN0,13,Sulfotransferase 1A4;Sulfotransferase 1A3,SULT1A4;SULT1A3,35082528.4210458,25436301.2970089,19895889.9953183,11180738.4622502,33759688.6150829,71027622.5273049,18983845.9323689,18624110.9285124,65740713.7687539,147342446.877899,29155579.6056782,25363109.5280479,38938189.7617567,41853119.9480573,36858026.3519785,27060218.9917121,75098376.2535414,26512267.2891073,73187343.9347079,41519020.4108957,0,0.929477798459821,0.540674025556393,0.729692264899217,0.622116013413849,False
P0DMV9,32,Heat shock 70 kDa protein 1B;Heat shock 70 kDa protein 1A,HSPA1B;HSPA1A,741374614.269651,823193967.815288,613564684.242647,478759134.48226,548901200.511137,715117600.877162,650500292.198456,713356086.212441,772745552.807475,952850946.406908,553026621.193757,672589685.292926,553191182.427864,825962924.948875,607231538.98153,807680891.328078,774444152.076831,689441408.026208,677736337.981552,787819944.136657,0,0.991264448931347,0.988629063424177,0.843797505224354,-0.0144253831272104,False
P0DN76,1,Splicing factor U2AF 26 kDa subunit;Splicing factor U2AF 35 kDa subunit,U2AF1L4;U2AF1,1801290.42197637,1555830.06069617,1740519.27006872,1077043.21667872,1754177.88010311,2896071.09425232,760067.141537233,1696082.98704401,1300222.76529512,1229009.66484693,2126739.02216503,1745243.77619544,1971170.04245653,1922915.07423313,1958764.78436408,1684878.70846978,2504445.9454982,2101864.24915825,1977195.79073974,2115478.08910434,0,1.27187194658313,0.0923445878311921,0.423185026411948,1.76502424268595,False
P0DOY3,7,,,302332719.880063,258081770.469652,162551593.199793,411235861.885898,253161633.964176,250146582.241021,219681118.212479,361276323.986952,337821163.749888,202547515.007493,318522108.309812,169087396.853653,166609357.127018,355137302.797546,153289607.183739,636299000.634728,299330876.811525,370700616.948767,436595524.624706,373990453.55494,0,1.18874841016617,0.419259123218104,0.671351838088109,0.824172344658296,False
P0DP25,12,,,376997983.314809,297843869.888053,328447033.457622,514579868.496082,453697931.525259,472796803.859228,280693513.650484,325821045.263255,356283034.098464,366482159.216442,272269762.609995,284089007.431689,522258975.607777,362116517.517382,447595823.013025,279903856.838488,408743887.102041,297429608.813359,482349234.707904,275952703.3241,0,0.962653102920111,0.654375042200995,0.761003945946475,-0.454267119430862,False
P10155,6,60 kDa SS-A/Ro ribonucleoprotein,TROVE2,4921965.08491224,1468704.88499213,4013085.23325029,1013797.64912625,5796357.09889663,2736637.30038536,5233081.92682169,4534050.92557199,9610415.18327194,8482827.5743952,4671145.88368404,3858227.61961619,3546848.83506875,6165329.73492843,6285972.53751199,3844512.68312108,7338417.02847539,4090964.62089362,3153997.43999819,8343497.09141274,4,1.07295384410758,0.391073718754885,0.65797460515182,0.876060348768256,False
P10253,6,Lysosomal alpha-glucosidase;76 kDa lysosomal alpha-glucosidase;70 kDa lysosomal alpha-glucosidase,GAA,5258333.1836922,2266398.80138184,1384774.68347572,5942631.66972212,2561058.52706603,3166790.20680013,9745726.56874057,9723796.95488376,9966387.58107987,30331443.6901449,3981953.03602856,17868812.9095859,2866283.4130182,12586283.7198364,11006523.3886861,6954941.74202547,18071859.3651861,5803853.02138502,15974923.9324471,2986666.6278855,2,1.22097506745761,0.243550244844075,0.58311339070537,1.20046050044349,False
P10301,13,Ras-related protein R-Ras,RRAS,66172119.9136661,94881441.3459857,81943003.4661494,63643954.1179192,47200150.1189716,139736690.381736,72077734.8553297,69770218.1365432,82125518.7584224,58604201.1599943,62185433.18695,98552715.0370499,73332579.861543,149896409.026585,50499991.8649259,67429151.1829392,78542943.0117647,96359539.5986896,74940081.1846627,60767474.8384118,0,1.04683508452326,0.769915751585453,0.807535787260068,0.296359033153746,False
P10412,14,Histone H1.4,HIST1H1E,412555171.207382,415838819.385167,439684637.22474,350251980.984877,318407991.96942,459360328.55247,217740267.134108,562346996.448589,385524823.286318,371763919.781631,592389989.540096,385687513.68386,262595229.630331,505698762.952965,419999646.087925,340051110.04245,370340288.460984,277360019.76977,743882309.319045,474304909.833795,0,1.111564164127,0.53419510197139,0.727049936758826,0.632197452062785,False
P10599,8,Thioredoxin,TXN,43615528.8443146,103781940.064719,34047863.2685137,67725399.2487638,63998668.1046068,79569666.0589458,69858197.4682702,77072511.4343471,91108784.4578205,81040346.4497253,59628443.3944878,60666967.4713442,40254830.2644744,98702760.6380368,68202599.6504037,80805870.07075,66620685.3733493,59320092.5311675,92344069.094773,77945653.4164358,0,0.989706745017278,0.961374117723519,0.839800241506769,0.0490203107829906,False
P10606,3,"Cytochrome c oxidase subunit 5B, mitochondrial",COX5B,6682311.59827591,6647183.09544852,8677751.87921146,16204720.7101755,6035648.42197449,5370478.2694505,5335598.67608946,5058023.09988055,7606811.10928937,4233744.56415471,4187225.9423045,7052250.94716047,3812445.03339733,6620622.20887526,3544569.1891223,8103255.56984031,7296863.23980792,7562408.24101374,5104741.60300235,10669985.3416436,1,0.890081357885227,0.557295043646514,0.731996907067397,-0.596544504785768,False
P10619,2,Lysosomal protective protein;Lysosomal protective protein 32 kDa chain;Lysosomal protective protein 20 kDa chain,CTSA,2635145.1271745,1872537.43016442,1631351.52254012,760990.632923691,3653560.72399285,594918.845467642,4171917.45260495,2141656.83373151,3120635.38361333,5851483.80393206,5277670.37564337,2964642.2484659,3625183.87936396,3136212.94973415,1120037.60511091,3483553.60202143,2698124.29527011,2619846.73587224,5779046.83527763,2111960.1468144,2,1.24143274467051,0.249786965787811,0.583149616570681,1.18419490341023,False
P10620,4,Microsomal glutathione S-transferase 1,MGST1,91336318.614134,34290213.3833304,63039329.7707626,71239376.5052193,48589903.7211659,36088807.5169081,46685762.6701873,28690524.8901957,49735388.7880694,15103034.2828088,56188609.4321766,41737618.5162672,49339902.447335,41272920.1701431,55792270.7398756,36795611.0806549,46500753.7459784,36527502.4656475,15997741.6304938,26136319.9261311,0,0.838057700149263,0.451791297661196,0.688246675152697,-0.766948958633874,False
P10636,8,Microtubule-associated protein tau,MAPT,2103115.87219221,11567379.0969914,2589762.67008879,11181819.3534396,3144343.26114257,13321078.1348246,8132083.07601846,2716892.75567399,4373842.92655646,2876292.08556341,2192835.967043,1706021.77564548,6593816.5061251,6821895.72867076,4904284.4335303,4803997.38310087,2713830.37090036,2430886.45258895,3114615.78336951,2821124.21144968,0,0.614503987301694,0.217638888398433,0.558032681431233,-1.27163247354729,False
P10643,14,Complement component C7,C7,33192345.029338,2192268.84419276,13065535.4884044,9694513.07694532,19839298.8672366,63193878.878567,50385821.0721576,77249401.4178076,22663855.8462852,71657218.7789909,12821566.0491449,5211927.63170082,20526582.9643148,50066883.602454,14626407.4451629,56954763.9478472,54824973.830012,65206605.04641,28642971.8479834,65808088.7534626,1,1.03182469680349,0.580080577665929,0.741815536043608,0.56212661902034,False
P10644,5,"cAMP-dependent protein kinase type I-alpha regulatory subunit;cAMP-dependent protein kinase type I-alpha regulatory subunit, N-terminally processed",PRKAR1A,3615262.58555846,6006079.42006297,5746104.28561874,4147703.7607495,4820900.82894534,8765675.29242277,7379630.04255791,6581509.54966461,9027762.24912407,7962654.18539927,6354926.45143616,6559000.47817529,6210196.4901701,6290007.71092025,4395439.26445565,10002125.5108146,6205874.35202881,4737783.66439166,4459423.29824561,8064052.99630656,0,0.987909253725055,0.995330230904035,0.843797505224354,-0.00592397746765481,False
P10768,11,S-formylglutathione hydrolase,ESD,103544608.533228,64536380.149554,96309045.4528734,101953980.540728,93547918.0285972,136579848.206999,78324952.9417769,102244127.818616,122424280.774414,99066355.0453151,79556827.4323427,118316545.865897,97054853.1801834,79485076.2944785,107419817.240819,120105601.718213,79934950.057623,86435297.8978979,105460019.971966,92727648.6611265,0,0.967918028372652,0.798833694520491,0.812593916944395,-0.258166643268332,False
P10909,13,Clusterin;Clusterin beta chain;Clusterin alpha chain,CLU,74037215.2790343,150834438.800945,100659171.71903,81328414.8662638,59633812.3466038,92338960.015329,101504852.5517,121453006.119636,60447303.4664451,103134377.702847,121017920.414245,116991112.743864,34533382.8591904,110169159.411043,118396127.947591,150065885.506368,175584950.645858,127110231.963782,179169635.661964,133708357.525392,0,1.33994593008067,0.109702316553662,0.449353564697873,1.67153075390429,False
P11021,29,78 kDa glucose-regulated protein,HSPA5,278768836.191744,318766989.006472,218256335.077834,214383958.488275,253388112.328978,356683373.617015,248354289.91302,272135793.97225,382032263.911598,413884626.511097,224931316.876972,179095769.40778,212080206.580762,350665407.276074,391145812.068806,241072608.821508,293165120.264106,259042267.735918,341411919.773015,274479150.138504,0,0.93588530719142,0.519667779980659,0.721310207615658,-0.655047211601951,False
P11047,55,Laminin subunit gamma-1,LAMC1,332841366.82865,300900606.82176,213021808.141187,215324333.822977,134349024.894798,426531822.743757,181428104.65075,121865176.954884,197967668.403558,147109035.741811,227072485.513864,203873253.893134,283343057.897726,229901295.398773,266305275.701513,82838484.5320396,173332250.655462,163660695.399945,185592395.112136,153986307.894737,0,0.867288214673127,0.447747522313005,0.685569866640652,-0.773920525414293,False
P11142,31,Heat shock cognate 71 kDa protein,HSPA8,366091685.5339,396215222.118244,427028019.855535,305621983.778157,403728568.673027,463034468.394496,501486059.403568,350997813.782964,519585371.592849,562454149.075858,362959115.3827,327192633.553317,335983406.595635,471230768.241309,484501553.599604,452373838.544572,514225891.034814,442202779.94813,496141265.52722,453290182.871653,0,1.01020847507856,0.855248024172477,0.821068367518388,0.184723381439887,False
P11166,5,"Solute carrier family 2, facilitated glucose transporter member 1",SLC2A1,1177795.61539406,9064777.89618681,1382399.50033441,6918787.83677401,2838553.6532764,3463506.8431399,5397058.96023786,5924182.93636865,1358152.23569311,6783594.50367516,10938670.4959856,5400869.47572942,6128997.92037676,4163602.2797955,796790.820290505,8858874.32868405,12892444.3673469,3318965.76776777,8844815.84282872,18902634.0627885,4,1.81107697082948,0.121980590114229,0.469505707210639,1.61273264853925,False
P11171,10,Protein 4.1,EPB41,2309888.64961098,9133431.88079412,1528497.49095424,3062521.91041501,972312.797979687,5608833.11768588,5036757.37543268,3868395.02664706,1381575.8911149,2134844.93955613,918545.829511871,4309415.87421848,7981830.39604043,6723361.14188139,9851075.96075576,5288651.25502325,5292408.99337335,6494638.07138957,1991985.03947368,10660692.6638966,3,1.69856165979443,0.103844531785948,0.437355574810954,1.7015715824442,False
P11177,13,"Pyruvate dehydrogenase E1 component subunit beta, mitochondrial",PDHB,23369430.3170316,9350018.85604338,64197175.8782417,40536662.272793,18625374.8318976,14310575.7240489,44005895.2196681,9137312.20389598,58304752.6192615,22142714.1472204,17174689.9489995,25045276.0753155,21372032.1141729,17555820.9480573,43636364.4138848,12209287.9053972,19444121.6302521,17849178.1540632,20971999.8046663,34117402.5854109,1,0.754576748240266,0.606096849681647,0.752218059563864,-0.523649473117892,False
P11216,26,"Glycogen phosphorylase, brain form",PYGB,36053587.4925686,21658697.5249257,47201370.0603608,31527434.2098719,29969264.3459869,48055626.8868561,85729216.8634064,57988143.0731416,34502456.7460246,46665554.9935774,21776305.6657812,23719842.9532824,32865469.7463425,52288307.2580777,32687519.7815797,62421665.6680817,67537022.70012,64101076.8363818,29412012.7821487,67776808.910434,0,1.03467539141359,0.919179903460418,0.827824567025987,0.102715177995645,False
P11217,11,"Glycogen phosphorylase, muscle form",PYGM,5002886.67420581,1397376.6094666,2287097.63497584,3452798.81514039,6002294.33552182,41218012.848718,562092.037308068,5335723.20012864,3717308.9287126,20260753.5013916,5538489.54076042,2556327.69791305,13549901.2803097,5174862.20891616,3867078.72668069,885056.252233677,15311140.7191727,26593055.8890709,25586245.4096582,1203600.89704524,3,1.12359777944081,0.612448832644347,0.752600100252505,0.514377849943363,False
P11233,4,Ras-related protein Ral-A,RALA,23745051.4255435,59670937.645181,11553147.8400522,7185764.62655062,8281284.35369803,47884520.7353682,36525324.3325641,36999201.9773959,17648339.0903782,23031010.242275,14604631.9893741,34861596.0750261,5942824.96389843,41903572.1026585,10597134.3208396,35259438.1439256,25147670.8091237,46672849.8084448,13421877.0510038,32521053.3010157,0,0.957464630870421,0.984708299462277,0.843797505224354,-0.0193999080899817,False
P11277,52,"Spectrin beta chain, erythrocytic",SPTB,12809766.8066792,78883428.3138009,9897006.01911147,1083917.68464274,9572828.70133733,19828417.5084629,37415295.7885861,39151077.2130846,15915492.3236906,43575191.5517734,1621857.66387182,29762736.0035313,809038.945374402,34281474.6249489,3347825.36096588,52843442.2809784,43276072.0465786,39754794.4326144,88583374.4167119,81271104.5244691,0,1.40062032641641,0.943546969428709,0.836151735667812,0.0716790632455427,False
P11279,4,Lysosome-associated membrane glycoprotein 1,LAMP1,10351320.6125443,25026829.3173867,19077116.2297056,21216813.1550184,20897776.3885523,20832505.5447133,14329121.0384308,24063907.264541,18320824.6815201,26226742.1397988,15568468.1902706,21369227.88584,21388205.8170854,13493658.0760736,29575179.8695975,11996959.0341621,13534149.7430972,17057449.8744199,20444657.4498101,10460900.0923361,0,0.872947365854838,0.314412284128731,0.614238736937273,-1.03111519230883,False
P11310,13,"Medium-chain specific acyl-CoA dehydrogenase, mitochondrial",ACADM,24556682.8883087,60565891.3730978,53426550.7515843,64084957.7231588,24568784.7925709,7628018.3456699,35156775.4952516,20960604.3508224,31529583.4898033,19133711.158567,10413682.2755271,40106524.2864999,20413992.9307174,16393128.1124744,26507653.0264827,12157905.8297958,19845299.6763505,33402259.2565293,17605121.692892,15006347.0360111,0,0.620154405473123,0.0770071024562608,0.406844594708366,-1.86123812339468,False
P11413,20,Glucose-6-phosphate 1-dehydrogenase,G6PD,32413323.7592731,49542840.2969215,52356207.1839417,22879223.8041812,19862152.5931393,19933203.4461958,50315320.0714476,21656142.6353028,23845113.3078789,31601200.2704631,35347901.3664287,13323037.3454324,16211862.7427729,37906385.4903885,28433169.4049129,31656647.9017586,41794315.9971188,30555098.9125489,20311131.6612407,38273220.8264081,0,0.905698181503499,0.621207695487124,0.756189145336418,-0.501667493814173,False
P11498,22,"Pyruvate carboxylase, mitochondrial",PC,43718190.5620751,48092933.5267623,82793028.1388466,84479212.6831102,21568975.9060565,27870406.6283914,41527577.6888258,21157244.1868051,25456224.2309766,8900300.06351245,17175896.2394156,39150318.9627475,17725367.5356283,30217018.4732106,26650765.7302849,27311840.0384071,19170387.1692677,32851195.964146,24611845.1930729,45796970.9879963,0,0.69202774780244,0.274489134043246,0.592304662705395,-1.12260192815535,False
P11532,14,Dystrophin,DMD,1249332.7158994,4252648.28952555,6713981.49832076,4053882.40551716,3271025.21546033,5887378.01545678,3364473.63859057,2642277.2801142,1717472.40965461,1496898.96017983,412919.716910178,719459.512194291,4812620.24180481,1695498.16523517,644050.534596108,3492545.46525167,501966.177142857,6517599.04190554,631585.430932357,2888051.55348568,8,0.644060644200385,0.0465598296080319,0.328848068756351,-2.11718376999333,False
P11586,35,"C-1-tetrahydrofolate synthase, cytoplasmic;Methylenetetrahydrofolate dehydrogenase;Methenyltetrahydrofolate cyclohydrolase;Formyltetrahydrofolate synthetase;C-1-tetrahydrofolate synthase, cytoplasmic, N-terminally processed",MTHFD1,159343063.813426,121738226.276893,198130750.915445,162252576.427725,74159311.1073167,136354359.480232,135353627.127896,55218870.2738216,90546280.9046806,81573857.6179262,81767816.785655,186574999.167824,98275462.3218583,49815387.2560327,79041579.9848405,95457317.8047301,112141380.0,181519228.023478,83893069.8182312,97997924.4690674,0,0.878002547527589,0.439272074341644,0.682962080558899,-0.788658337821796,False
P11766,15,Alcohol dehydrogenase class-3,ADH5,171263900.922791,88048735.258877,128924054.631565,122270411.335049,110570855.484809,199066753.606938,159796738.785835,138111577.377561,132163148.261612,110456818.486405,105064662.497925,130256263.826415,121560540.233646,131397285.672802,147724113.146985,149023131.619163,130647624.542617,107227732.309582,132841257.627962,157729929.501385,0,0.96531095026076,0.856244920235194,0.821068367518388,-0.183436100533225,False
P11940,13,Polyadenylate-binding protein 1,PABPC1,5342636.57074728,13649883.2967465,9164172.24798101,10917001.0120579,7938478.46515676,16942161.8058463,14051264.1532795,27824107.4469356,22040904.1501213,26264087.9215728,17211582.3833638,11751722.8544344,1949158.6436491,46437386.1775051,7832023.41343625,31004548.9128765,42011508.5858343,16389030.5105105,33104254.3660698,27751918.3287165,0,1.52751546959469,0.360749400413333,0.642121366920642,0.934690322020497,False
P12004,2,Proliferating cell nuclear antigen,PCNA,1434987.52520092,2665981.77805322,2314022.11641858,1811484.65933079,3178375.08790518,4810474.26455394,1146429.213899,2850590.67035744,1502472.17716288,4093164.37133376,365642.302915554,858979.223618888,1353314.94299095,2695826.79419223,1906315.9868159,2100138.5353981,1102476.7602401,515337.723073073,1129197.96385313,1382816.82502308,12,0.51960851215239,0.0125843990306623,0.199618756214225,-2.73288589272318,False
P12109,22,Collagen alpha-1(VI) chain,COL6A1,53236743.4758446,124745924.650166,15587171.181049,45982192.0845502,45413029.9312609,39563986.7176688,24235755.7734978,59241829.3636865,39811818.6416315,69296431.8597017,59072980.8060767,85824499.6171993,55584468.0561941,85241208.4785276,140793988.884076,13794576.0614514,33759087.7046819,21906466.6848667,27967737.0057877,74587014.1735919,0,1.1574449824653,0.747288230889961,0.798823546685696,0.326558594481054,False
P12110,12,Collagen alpha-2(VI) chain,COL6A2,20542005.8314162,46357785.7967465,1249692.52340027,23779606.1648787,14153250.6847474,11947321.227104,5279446.70258276,10248456.0805844,5147747.0687719,9531843.90887033,20517981.1987382,29320474.1352611,13919745.7831472,23669704.7738241,78577547.8846332,4678715.79288458,9734176.93061224,5007787.66953317,6549270.90934165,8305662.61772853,0,1.35108547084125,0.422651193624732,0.673310065329544,0.818079383135484,False
P12111,65,Collagen alpha-3(VI) chain,COL6A3,163352909.730659,334328558.850796,45929458.1420235,107044978.042391,74404319.5201481,158399198.532386,110470920.994941,148621933.676376,132431806.675052,302307434.571469,115384164.384858,191633284.755992,121153670.519754,266700791.194274,254017821.334653,114597140.966242,135574844.840336,64675951.5055965,245112783.01682,134730552.077562,0,1.04202741539684,0.626847291762733,0.758178549609215,0.493527971387019,False
P12235,8,ADP/ATP translocase 1,SLC25A4,1086538.7298666,3207408.55345417,3108058.96408447,2124383.54347512,3144895.05939792,1340464.16041559,2028687.03101979,1391677.65142883,1670971.37584224,899633.207378862,233793.234928719,1843981.81519631,291620.723613124,869841.010920245,997448.659267404,3196494.03553669,1225702.14218487,801822.602607153,435395.482727437,1551535.69701877,8,0.572303986180114,0.0135984592089223,0.203132242222724,-2.69783762649019,False
P12236,11,"ADP/ATP translocase 3;ADP/ATP translocase 3, N-terminally processed",SLC25A6,7285117.0492672,7055259.42054399,6042568.86756407,5443584.20761646,4609246.5025667,1278003.78310115,4919228.06013136,3614652.35619774,6118191.63156949,5107902.61325198,4556965.42503736,3920712.3239406,4990850.91903513,7194783.01676892,2061979.40104569,4857721.87685466,4203304.83466987,4652572.95158795,3117996.18308012,2728396.56278855,1,0.821492115977993,0.435095977945932,0.679014768252282,-0.795984509428305,False
P12268,8,Inosine-5-monophosphate dehydrogenase 2,IMPDH2,3151629.31340954,1914547.13026937,2956042.30131562,1237296.14440621,1304424.69139091,4088375.89713929,1557740.34627674,1568034.07717912,3074963.45332854,5428076.00306858,1101651.35165269,2335332.01205569,1523487.00012169,1351964.85799591,3333523.43275216,3652963.32775419,4710925.19903962,3949712.13190463,5498051.10933261,6851358.55032318,6,1.3054602222705,0.308671227965343,0.613979024606205,1.0437380504462,False
P12277,15,Creatine kinase B-type,CKB,209756006.158399,108219929.783978,103031115.56674,139035033.681288,109842006.928992,178480959.257393,209105968.105973,141975678.958008,170069171.282904,189383126.932134,85576924.7592562,99673923.2596677,81384051.3426539,149705302.380368,130161726.899576,213688985.001011,78962968.3486194,141584147.451997,146844563.429192,128550921.375808,0,0.805782489399788,0.0788211630961297,0.409944313545591,-1.8490304269889,False
P12429,12,Annexin A3,ANXA3,62256481.2197896,74876977.92636,48726414.3260822,16659775.9008762,58114348.4082046,48423040.8710586,9700108.27416348,43108775.920702,30951967.9009074,18994331.3658745,30049284.7758592,50662652.3655494,37641766.3876795,59214012.1169734,62694928.9283173,13727325.9919143,24619946.6679472,25445857.7695878,15495752.2734672,8085293.40258541,0,0.795597612421439,0.285181044590689,0.601901638218269,-1.09720540068024,False
P12532,4,"Creatine kinase U-type, mitochondrial",CKMT1A,11793305.8823782,22614132.1440441,3533383.8095039,5539026.89963277,1086890.26162727,8201204.97263024,3152970.63646046,12414070.3441147,8305994.63026682,2151983.98583458,2682356.76772373,3910721.44298525,3090369.4579778,3891695.74355828,2922390.3232992,1585363.71793006,1532553.9854982,3395417.2955228,6026914.6440586,2255465.64173592,4,0.397157913648998,0.0504565632209068,0.343048287307889,-2.07721730558374,False
P12694,8,"2-oxoisovalerate dehydrogenase subunit alpha, mitochondrial",BCKDHA,832936.788662858,4634879.53940003,733521.291086328,2932782.06396206,670273.015102778,1572107.34754521,1554007.94035679,3613393.85955407,2301730.95714671,4034955.997374,1393945.91428626,1776553.95941956,952979.205967929,1648256.60229039,1189642.420142,1538762.74676623,2465315.37992797,1427151.87851488,1392555.66078857,1728902.69482918,7,0.67804489641471,0.413182134845478,0.668891502267805,-0.835166469318499,False
P12814,48,Alpha-actinin-1,ACTN1,158195668.144338,132714690.720658,225162785.543498,116671394.974409,183010989.913856,313031408.92349,325507267.395935,180281805.958835,230718808.116971,327169055.009634,223255619.682882,174348554.858458,147617891.910273,393152236.862986,246862186.144541,285026952.023449,278302685.267707,286331806.397306,265361377.283415,274140631.163435,0,1.17420404107904,0.126623225182676,0.476445128823285,1.59179346461658,False
P12955,12,Xaa-Pro dipeptidase,PEPD,11600290.9929692,22982738.6566381,25391362.0061197,22802480.52974,13754854.6521184,14331798.1924504,30181893.1157362,24909716.1660388,30059518.2337616,22976325.3475344,21487713.3712436,26538417.0617691,3297919.10949458,11757645.3018405,22467248.9140859,21362097.9312715,30052453.8559424,28804112.3091273,23466734.7911015,20964944.7599261,0,0.959853640675573,0.564517123654624,0.732675882289056,-0.585558350665672,False
P12956,13,X-ray repair cross-complementing protein 6,XRCC6,1638601.79394887,11140743.6212174,11838781.1308041,717398.291258711,3173167.78029919,27753683.0521826,46024712.1105884,12539438.9731692,31537979.0652233,33619206.2641833,15179023.7497925,1437689.19257265,6229655.47648665,21222775.2756646,14444408.5622467,37761291.8544572,43077726.7486194,48482514.4476294,13575685.2378369,41463928.1071099,0,1.34942598883938,0.152552641380494,0.506147554975687,1.48536760933611,False
P13010,8,X-ray repair cross-complementing protein 5,XRCC5,9393305.61810169,4434393.55815987,10408895.8771548,22157821.9261115,1253516.57129481,18472832.3393112,20894008.339842,4229817.32780483,20079697.7320097,28014671.4422322,12904575.1231114,1396438.46785632,6970865.95527191,4099161.11869121,17215446.3594035,16948528.7608652,17918388.5690276,15905149.3170443,7648914.93520528,12995146.066482,1,0.818167539603005,0.787092957849013,0.811510678024041,-0.27362214155081,False
P13073,8,"Cytochrome c oxidase subunit 4 isoform 1, mitochondrial",COX4I1,16297849.6407062,37644450.9170019,22647532.3641045,26232148.2734291,12919973.043689,10187050.1136194,27529396.6419633,19118715.9308095,31607662.3412092,18931643.8036109,7002552.38552216,14723127.5167882,17205534.6154574,21510964.0981595,17315191.5772051,9425588.39781686,16647542.6780312,25463716.3022113,21515399.0581479,15964156.6066482,0,0.747474215215245,0.147938143672758,0.499834338442571,-1.50315504622524,False
P13284,4,Gamma-interferon-inducible lysosomal thiol reductase,IFI30,4004290.10662496,1018367.43834179,20447483.7711229,4281518.08998641,2674503.5988896,8731586.70255271,11784449.6245673,20225566.3612974,7921561.23178511,111330443.024335,7049254.68695002,7449501.38392183,4547843.08769842,4651917.98220859,11531269.9692943,852413.521851627,16910507.2585834,5107200.16780417,12680724.4144511,14771375.0415512,2,0.444611317936646,0.58362621238334,0.743117501783968,-0.556833187824703,False
P13473,4,Lysosome-associated membrane glycoprotein 2,LAMP2,1180851.31122858,14563635.1394962,2331942.68664203,6498317.83014776,2454407.80618652,2509689.52891582,1655390.57718293,9925072.8935828,3180915.61512892,14477537.4724243,1199313.76772609,1460005.1584028,4390304.16244202,4626768.34756646,7167633.52790583,3553629.10525017,3074458.73942037,3819621.70871737,4259388.14536987,264574.351599064,9,0.575314481516328,0.268317232174668,0.587927183588789,-1.13759355742047,False
P13489,23,Ribonuclease inhibitor,RNH1,320678972.73632,163208502.217072,241022620.888859,194041586.30541,222319398.466589,366697725.894017,409187808.121061,319217725.006891,402114480.316234,415251748.879612,234768280.034866,275108521.788526,280057774.493632,373032529.149284,368392337.747115,455335864.07924,364048883.308523,339048493.889344,300348514.288298,453157430.33241,0,1.12756750336135,0.130766194047128,0.480582462943449,1.57364298006415,False
P13611,5,Versican core protein,VCAN,1042596.17202807,8359439.93528074,3531694.8581964,4003938.04575197,2555821.75792776,2586866.05248489,1661335.34614361,1917734.08242288,2078408.65097476,1602134.03810747,2482912.15761564,2308138.36206531,1087656.24945239,2702630.19079755,2589617.14738731,2099184.4739438,1979055.27841537,1104592.76308126,3270959.26998553,1572277.35558144,8,0.722462361571196,0.358657872418322,0.640460086745567,-0.938853585242327,False
P13639,38,Elongation factor 2,EEF2,135887880.767441,160683016.354732,136439897.785376,154372879.657635,116508706.431074,201043095.976836,247193096.960149,224384085.330332,254696571.516486,269889962.213659,143605697.961979,115677851.966829,99329280.1522486,219933172.732106,163003924.047892,201130601.229028,234397472.705882,244951035.089635,247867808.780973,228440569.529086,0,0.998547272647193,0.948627096796458,0.837319346889102,-0.0652186953659874,False
P13667,20,Protein disulfide-isomerase A4,PDIA4,59147642.8490191,70005814.2566031,35586970.4424231,54429356.7290287,39833426.5802287,73879391.7187688,78426142.6133842,57194714.2152899,71174330.1805768,97785928.2416328,32846768.1471028,43959747.7198391,46977025.5374672,70651362.6797546,107360548.343285,59538980.1030928,78623717.115006,70533550.2061152,92200402.1070718,73392241.3204063,0,1.06058482133515,0.746333465064658,0.798823546685696,0.327839516203136,False
P13671,16,Complement component C6,C6,3659709.07042417,1595306.10184537,1493152.71504172,2515990.4213631,2469643.62345502,9938747.23332079,7535893.43707287,18244570.2843885,3710088.73385141,5606735.55551987,6659499.93217666,17248212.8625391,1293340.26195949,3822668.02294479,5307746.6116233,15857415.2730948,14906412.0081633,16973259.6491947,21470608.7619823,13360879.312096,0,2.05919284800437,0.00772241580588483,0.176846314359072,2.95082360749755,False
P13693,4,Translationally-controlled tumor protein;TPT1-like protein,TPT1,2279694.02674025,1466089.49510233,2725704.11590616,17153743.174392,3709509.72603494,15660855.2761002,21193430.2369752,9102964.63429201,32084531.0250651,26056018.5659745,3870860.51834634,15852450.6360716,53936772.0719868,29530563.4,26263349.5220122,16015339.5936931,17183344.2295318,29159582.1489671,32968193.2777175,22644928.1440443,0,1.88252759188627,0.00691767504538196,0.175323277667773,2.99932777795053,False
P13716,15,Delta-aminolevulinic acid dehydratase,ALAD,75745023.1486029,169673419.100927,135128922.233183,156404955.093543,145510290.491088,148689919.238658,146998733.598118,95606459.9926491,124254516.215973,143281093.109969,64045767.3866844,135370001.208464,56777278.6459883,152946471.100204,51163514.4007363,198009895.755003,172183463.409364,189019811.725362,116843515.997468,156920139.012004,0,0.964203599296307,0.427723199949611,0.67770945006368,-0.809025945616421,False
P13796,33,Plastin-2,LCP1,98998506.1138108,102621360.801119,93533964.9037738,166089740.149785,95804466.0997158,170562325.735049,233739847.177598,146552492.607737,156812557.694726,299139712.010276,169385058.035863,83890449.245253,84836126.0580329,247162047.685072,121456426.876373,192728120.630685,215343759.241296,173797538.679589,244859253.038524,233027169.759926,0,1.1295714624549,0.35602415608349,0.639433780302603,0.944119485274643,False
P13797,31,Plastin-3,PLS3,90697400.3941893,73847985.4665909,93612092.1714849,71509599.3025475,60228832.7777655,138662302.918905,129149539.065412,103935745.621612,113357059.320816,117799265.938771,87438810.5304665,72198235.6330323,52435650.2704238,126512599.795501,82444482.0530273,107962808.263594,118100713.839136,105577944.057694,96214626.7634292,107363616.11265,0,0.963184586849038,0.74085114825252,0.798823546685696,-0.335205583992784,False
P13798,11,Acylamino-acid-releasing enzyme,APEH,17709750.2061416,24500482.102064,19464627.4775528,13114452.7999306,26102660.9905484,25298508.7389734,20082832.1199077,9691166.76375999,23773750.9168089,15355118.3097838,17102972.3800432,19819282.6227278,13086547.3690473,24524333.6957055,14283081.5143242,15141844.3084698,18937937.24994,30440294.0599691,28882135.1275095,18963036.468144,0,1.03120616031829,0.815038433743008,0.815002833453775,0.236939266047225,False
P13804,13,"Electron transfer flavoprotein subunit alpha, mitochondrial",ETFA,75961216.6483573,114039172.288788,150554369.97007,172737220.964057,59742933.7405539,137203258.216296,118574388.958907,107696804.493246,120627627.634534,65666555.2490544,48533155.7695501,98961164.8358805,45379872.3748614,87045255.2188139,63640340.1231321,76461062.2073984,108739892.763505,96019377.0725271,101716227.292458,105790498.522622,0,0.741257762804365,0.0563458765240056,0.35525066816155,-2.02178998255173,False
P13807,4,"Glycogen [starch] synthase, muscle",GYS1,3244688.91876611,2784327.73049676,2635232.73989667,2897328.83295261,2910295.9076536,3197297.50512742,4171336.85612852,3185908.81861619,3524042.78254425,3221607.18918147,4071848.68497745,3750375.24040459,3301211.26547082,6058929.553021,2738413.30874145,4019816.23517283,4168123.2252581,5705461.01069251,2909425.52093507,3167475.58633426,7,1.25553931627253,0.194185018125827,0.539227987617833,1.3419391509871,False
P13861,18,cAMP-dependent protein kinase type II-alpha regulatory subunit,PRKAR2A,219551141.817665,66238835.5059472,115326784.959119,53546268.6273603,50626150.1101588,232823742.408221,268841051.29582,178461384.769824,206665484.538676,204701566.349104,47006409.4371576,57287113.0101598,58819208.6386868,79561518.9529652,74860954.3343749,61734052.5975339,202464777.22449,203221597.192647,339273816.95605,137186474.053555,0,0.789973583248536,0.138920297482498,0.487227709966479,-1.53927413193612,False
P13928,12,Annexin A8,ANXA8,4361673.66292295,1055391.5514693,7054458.07328979,2248577.94112714,3046972.42355039,9859611.87825397,10447144.2984864,4020487.11377204,972438.07997257,10380793.5552701,7474850.74281919,7601342.71480578,4318444.25504724,7023990.45798344,13316998.4845157,4258246.38845641,7877328.17310449,2661176.48280098,8832984.44384156,2880517.32901061,12,1.23945590087384,0.203930014729534,0.544755748559004,1.31196309200143,False
P13987,4,CD59 glycoprotein,CD59,15344907.3429059,1262824.66210425,4569351.37935359,16675989.2687158,5191295.90010796,1840651.21255562,5444999.64072069,17763704.3099329,9455936.59554398,20919639.7941197,8127286.54848082,11403188.0426508,21486511.6051002,10330460.8678937,40006505.8356279,3264650.84758439,12232789.1908763,13073296.2867413,3974927.50972147,19342044.9676824,0,1.4546834551284,0.201805926779309,0.544755748559004,1.31839959857176,False
P14174,4,Macrophage migration inhibitory factor,MIF,72265394.8089798,93900670.1373098,110792278.341164,150978881.323193,109049332.652184,141978313.606654,79335190.8107748,115433594.54654,180513267.105381,91090363.0807108,120263856.676905,58451600.6816603,75938062.3150978,83934039.0184049,123063915.024131,93507821.4069133,114780000.705882,78445730.5646556,159537964.342557,130661686.749769,0,0.906793736488527,0.459996582080864,0.69086707470759,-0.752918230640382,False
P14207,4,Folate receptor beta,FOLR2,2795538.96386383,11724302.4903796,243121.859662637,10628943.5101061,6864215.92711824,1546587.38476605,4038546.14773232,6281054.18455389,3101829.29467254,4708369.43716549,1550314.70311307,3124505.71277643,673777.389307761,12456331.200409,1431676.3595118,3733058.91619163,8135477.92945978,4077953.4042679,5781075.075104,6565874.21468144,3,0.915227198473281,0.963232895468022,0.839800241506769,-0.0466594851666453,False
P14209,5,CD99 antigen,CD99,8857774.39107927,5699343.22454959,7376932.87182102,6128653.04340283,6332952.74813281,2728280.95345223,436077.719215408,6477865.75838464,3977823.63399515,6357185.70249054,7392772.61173834,8993198.98127243,9241502.21571703,7085240.68715746,8204694.67646877,4606176.39203558,5035726.84307323,3334103.000182,700756.860010852,268664.588919668,1,1.00901086570224,0.6460368755399,0.760737113067147,-0.466079897618618,False
P14314,12,Glucosidase 2 subunit beta,PRKCSH,105489142.246103,82270358.221095,67537897.8455699,107825381.481075,66302570.7429113,112505610.613942,42019425.8467205,72567827.6807865,120258222.316054,68722907.3538857,63963534.0984559,69689380.0806125,103039123.257795,93841007.5582822,100603894.024379,80775645.3203962,76021893.5006002,63929294.7606698,99485163.4834509,94214477.1006464,0,1.00007577632978,0.820656084945823,0.817197073956267,0.229606914186017,False
P14317,7,Hematopoietic lineage cell-specific protein,HCLS1,2964991.18741438,1370300.84038832,485779.725174311,12530771.5577018,4485712.84903831,2782398.24787629,4465865.15438892,7007247.67490582,2563504.99874225,7227075.6622422,6209078.73269135,4235976.05939562,6533165.12020336,10002521.8629857,8432518.53625901,7853145.76066303,5048022.45656663,3159599.62426062,5995899.47671369,3833694.20452447,0,1.33606687006911,0.0871382348422235,0.419883675208394,1.79601632662756,False
P14324,4,Farnesyl pyrophosphate synthase,FDPS,2750629.63683448,1957864.52531922,10838908.3586369,3106257.07967997,8938866.41380777,3815269.25689629,5874392.20622171,3030571.93508224,2543691.44075106,1435745.2425248,4222662.28696333,2531149.84197758,1190965.77680575,4270392.67370143,3218879.36925719,4842533.9398019,1324605.54415366,4592109.06256256,1272297.94108338,3822011.9810711,5,0.706390993793529,0.329902242141216,0.620838122156971,-0.997848050080637,False
P14384,3,Carboxypeptidase M,CPM,3119587.65651252,1892561.50900822,2056851.15243152,4238606.7097707,2527993.63382337,2235650.35475168,2427225.04091595,2690101.65138289,1678107.6149492399,2138579.51773353,1853696.79522471,1748960.76058218,2061762.38171002,2064486.87775051,1545809.60018173,1838269.31651506,1832764.40254502,1761106.43857494,1430247.11756195,1257232.92289935,7,0.695626969918361,0.0356994016315259,0.290307452882934,-2.24713342482428,False
P14406,2,"Cytochrome c oxidase subunit 7A2, mitochondrial",COX7A2,12356847.4636183,9372903.51757915,19900577.6313809,11259643.5190701,7039565.24631519,11492408.1252809,10467325.0465963,17689442.7826087,16122863.0365646,13731243.6915721,10454400.4823869,7380498.5172803,4617592.18150842,2920033.11153374,9421152.65878786,1589292.93547605,11319144.3342137,11107156.8855219,7755313.01609694,15442439.1274238,3,0.633587549215438,0.0270742034192499,0.272206918603792,-2.37937047721028,False
P14543,27,Nidogen-1,NID1,140839798.918241,124394481.633724,68366046.883308,57308850.8573577,72005707.7474719,116228827.414147,81717295.2112363,44981577.1533584,48514672.1220016,44753584.3445372,75798921.3174498,67710697.7770059,86918490.3080126,93611679.5828221,79238179.2547103,31182874.9399636,46342795.4996399,56270535.4841205,62899942.5153735,72462973.5457064,0,0.841481625129371,0.389656622448441,0.657591150148177,-0.878732043830854,False
P14550,17,Alcohol dehydrogenase [NADP(+)],AKR1A1,78140060.6347093,105465597.30628,100890428.431455,57303446.4014111,99796662.0029082,114432876.025662,70787981.2541049,99899906.1931453,145444948.576049,135958652.326411,56196367.2895567,105563985.75605,115371571.728549,113211577.218814,135066589.566253,105915081.427128,97413568.5090036,82142446.8177268,105798059.943028,87616675.900277,0,0.99620617300081,0.949667062068325,0.837319346889102,0.063896538677066,False
P14618,35,Pyruvate kinase PKM,PKM,385440399.869465,369701707.110373,410277533.658267,389931496.544545,381554277.864681,594149530.988084,730523075.122038,606655361.23771,656794260.68188,733777922.96439,430002518.861033,411438785.769075,344525143.44628,559063382.842536,531786569.169013,503083413.450576,670514805.906363,580929562.180362,728695863.619099,582232724.238227,0,1.01587189379659,0.678666257690287,0.771664251330227,0.420217983777921,False
P14621,2,Acylphosphatase-2,ACYP2,819985.967239691,2180989.97529299,1410257.68159348,1339719.95781384,2141455.8839146,2912651.14769106,2995131.33722375,276858.584792796,1831662.68938101,391137.044076929,1339906.09525154,3899478.34433252,2028788.85908218,3607023.28335378,1769537.98711444,388191.581168385,1431945.35246098,1915710.30671581,1282354.63022246,310050.193028624,3,1.10264734559498,0.80152766702484,0.812760585426339,0.254629509891481,False
P14625,40,Endoplasmin,HSP90B1,298165861.923902,315522270.924436,223209603.85072,206828529.074979,200826601.646875,293387361.609266,250203904.402237,252987023.918037,364687005.093882,355658551.391565,245505154.648846,253522896.658273,299668389.274994,370983865.90184,383021636.358011,295575389.896907,299043680.0,330433877.914278,373982070.984807,392502795.152355,0,1.1748206097613,0.078531012825057,0.409944313545591,1.85096638386783,False
P14854,3,Cytochrome c oxidase subunit 6B1,COX6B1,5464502.06865355,13552623.4852195,11614868.381544,22708442.9962698,13980303.5698077,5026276.36006217,13221011.1919766,12382298.842231,11978807.0092534,3204734.89848712,1295251.86817201,6025175.52586257,8954418.9890208,8439269.49693252,11109882.5636544,3972967.87212452,7049784.23289316,4803520.07257257,6249429.45500995,4381032.92382271,0,0.550504757405907,0.0383042287769083,0.301156113110532,-2.21297712692121,False
P14866,12,Heterogeneous nuclear ribonucleoprotein L,HNRNPL,41111790.7158735,18507152.7077138,7390683.27093819,3622714.91010034,14638737.943114,81943929.711374,17537331.2825064,14661260.0854544,55519940.2524481,78159386.1414401,41088715.8276606,24661170.9664814,11082019.0643338,44016447.1832311,18011962.5189494,64290310.8587022,25864765.3478992,26383005.5291655,64952690.2396455,62186599.4829178,0,1.14844133869859,0.187247827280901,0.53240815837221,1.36400846995482,False
P14868,7,"Aspartate--tRNA ligase, cytoplasmic",DARS,14466847.709825,16010272.6722932,5146868.14227432,5733046.86811439,6258008.99832559,11663072.7909502,10529531.8119286,4372960.82412938,16613164.6410924,11151717.1933205,1364622.62886435,4654298.9825026,4031800.87914762,15118064.5689162,7558519.13505863,11691689.0555892,12487676.3611044,16668814.1882792,25017493.1583469,17893714.7645429,0,1.14263702920478,0.911960601995968,0.826708499711055,-0.111928867636091,False
P14927,3,Cytochrome b-c1 complex subunit 7,UQCRB,3898005.03411999,3572704.32040406,9647780.03511295,12492940.3660758,4766957.80023794,5438124.88748057,3797764.49471909,6752646.31521639,4887904.00952295,3129776.57935488,539729.653644363,9166452.02508105,3978003.77835409,5271332.84392638,2753112.56960988,3561760.14356175,3909376.84787515,3991722.2038857,4765856.53201302,4431611.64127424,1,0.725687175230419,0.169575669749401,0.521118528909864,-1.42332212021208,False
P15088,3,Mast cell carboxypeptidase A,CPA3,4670866.60111924,5050971.72468078,5447658.1229622,1196114.1900934,4557568.25750733,1723662.35549184,9833645.46374368,6477694.02053662,11221526.1063696,12274758.2023835,1747845.26772373,1909976.17850527,3074772.55212418,5181130.50691207,4703492.97334715,8450840.19890843,6649772.92384154,1270677.11648012,7558573.75293905,10721758.8319483,0,0.820899518807521,0.523755613707102,0.722158764334251,-0.648582449543601,False
P15090,12,"Fatty acid-binding protein, adipocyte",FABP4,7218205764.98565,4073551484.30121,8573373849.54938,5922743271.83877,7653733393.77382,6813473480.33128,6309093082.36443,4087189045.02435,5975466849.42952,3088362774.92329,5357886620.95301,4946300014.18317,6499806857.9464,4334298736.19632,4320702630.24781,5103978030.36184,5472355745.59424,6197931307.94431,3487389361.45777,3842721377.19298,0,0.829995989211068,0.181768104670597,0.531816779575184,-1.38190396375913,False
P15104,8,Glutamine synthetase,GLUL,8621047.94355985,1738171.77457583,7029735.29411273,2901003.86299627,8465761.27630042,6777527.92447608,8309994.42486909,7155371.56882293,1691120.75685024,10526175.3486049,5394658.86493442,9761935.64214776,1567181.26939614,13657245.3652352,4422037.98920274,8341275.47887609,8252061.88513806,653307.643684594,3535391.03734853,11214934.5152355,1,1.05669647887849,0.842544258215922,0.819283344390874,-0.201156500001395,False
P15121,6,Aldose reductase,AKR1B1,3918175.04219764,16375609.9475249,2869770.7975655,6856525.17028598,4901403.59316134,6882579.14306396,4344354.60610633,5878414.79987136,8617218.61108616,6636345.42125169,3563959.68039183,5196608.47996731,3043941.43094729,97893.5180095863,12008312.3153018,3887129.58111987,3989791.95510204,6212333.71710454,8497479.77256285,4642820.9312096,3,0.760106562410673,0.197618744422603,0.543673593313794,-1.33124481178449,False
P15144,10,Aminopeptidase N,ANPEP,11941973.3453744,10317713.1152702,718802.113849549,7684920.17777521,12856842.8586364,18409174.7033681,15732505.6643295,5681431.48819259,8607143.92058216,18329443.0725041,5336053.63358344,2416210.48215526,2306420.57813894,918687.869693251,7539292.88293166,400969.094380433,7158919.02127251,13086052.3814724,7710438.20993851,4265339.08587258,3,0.463714238410382,0.0444851868793563,0.323674129218553,-2.13971103271348,False
P15169,3,Carboxypeptidase N catalytic chain,CPN1,1397769.48193192,2549209.78083722,3590104.20586219,2000215.80219273,2886119.20991159,2790621.97937652,3196681.25690068,3260528.91358081,1386648.28289006,3779146.49661715,7424579.82699651,3387975.1461689,2660187.36616427,3303335.52364105,4478126.60443028,2920608.29863576,3776804.38665293,7114924.43784694,1259536.9321758,3143248.24792244,11,1.47070313320629,0.147459138175325,0.499834338442571,1.50502739971842,False
P15170,3,Eukaryotic peptide chain release factor GTP-binding subunit ERF3A;Eukaryotic peptide chain release factor GTP-binding subunit ERF3B,GSPT1;GSPT2,1543549.12115181,1913439.7618781,1318958.24673515,255133.556325362,1780775.0623262,3483167.30728799,2228558.25651532,823551.676394376,2254883.64630312,555004.999389852,577619.029088494,1012184.5859167,1801194.00188063,1767024.35928576,1193681.6722812,1308429.44281383,1188725.55270108,1950785.90988825,1134462.14288298,2448886.09141274,9,0.890200750713317,0.921094580197108,0.827857818900173,0.100273122789763,False
P15311,20,Ezrin,EZR,17245960.7988472,24013365.7350883,19409938.390155,7485279.57510916,29431892.9531384,48027772.397079,45153817.395935,70656385.4323256,25337846.6175546,47403134.1836152,26223109.5160219,10566406.9481591,4915794.82895698,28471068.1533742,50553478.4309934,33752734.3387912,45483897.5351741,30427537.965238,73674121.4930367,55285458.7303786,0,1.07537649006396,0.956669258133535,0.838745919712787,0.0549972444581989,False
P15374,7,Ubiquitin carboxyl-terminal hydrolase isozyme L3,UCHL3,4799374.91605707,11456225.0266748,10337643.8090023,582330.1282422,11499541.9175351,5615597.77948889,5478010.69752374,3792143.42212625,12567336.8461953,9875291.7233997,5745003.70421717,7689811.32851395,9979427.41109819,7589685.79051125,5163477.4415277,3158486.41196685,6971253.8547419,10492313.1194831,8083972.37796166,6419780.04524469,0,0.938025419719134,0.674200513816485,0.76968146506879,0.426438584483501,False
P15531,9,Nucleoside diphosphate kinase A,NME1,30290037.8790033,94595383.0767885,32597821.179795,34672827.5707718,44148868.8768204,72198837.5022177,185641576.222597,84975887.2002205,108882217.621957,89956651.8482837,14717896.7071227,95627294.789134,68389491.9089213,101210079.836401,53865308.7785787,98789596.531231,125505006.636254,131268718.846119,108130535.743353,111857289.56602,0,1.16890468913274,0.374492843177823,0.651005541947793,0.907728585496574,False
P15559,12,NAD(P)H dehydrogenase [quinone] 1,NQO1,39946278.2730633,69521967.1269897,110884468.517063,48529852.6177602,219086934.532596,336707725.234016,218154978.902991,99607951.8515115,66825422.1130177,85161720.2240776,240524610.210858,79540864.6325402,44348798.8141918,196411766.715746,104855353.235312,69274372.1920356,85850306.884994,164451573.273273,120350680.697233,90782823.9612188,0,0.924262916255205,0.901228315204076,0.826708499711055,0.125644707016783,False
P15586,4,N-acetylglucosamine-6-sulfatase,GNS,1564926.91414429,2687476.57364002,3107679.77027042,2092281.07515253,5396361.76496508,13016270.4324067,9118682.37419011,5197216.62570063,8409008.3406702,4840346.7623992,2900352.56010294,4874753.67524893,3203898.28399256,7109702.33787321,3758370.89510565,8945014.86719224,8066550.69469388,7967881.97219947,11281238.9342557,6464384.89843029,2,1.16492616181721,0.184394698805943,0.53240815837221,1.37327338965972,False
P15880,6,40S ribosomal protein S2,RPS2,2918249.91121048,11771250.9251025,5412969.61609845,2613270.62840124,7594680.21853911,6182370.32623892,8130507.17129671,5304209.305017,15081811.6844848,13963987.9386998,5185972.50141126,4385966.39942978,4340870.23324049,3728184.89705521,5461122.95377904,3674732.00494594,4470397.86938776,5736585.88183638,5310269.90540785,1987305.51246537,3,0.560713606084545,0.0438462516486112,0.322432542423785,-2.14684049152446,False
P15924,3,Desmoplakin,DSP,2910640.86624706,1555715.57817192,2856645.41659003,874646.341479918,6159799.74377052,1725519.32147698,1316875.75090974,2362683.44413305,723110.910924445,4774258.06643831,6668343.8895899,1575912.93244182,1512620.29347738,3289021.82404908,2603928.41776753,3769479.7403679,2949331.75635054,1685675.3983984,4133975.31610599,3115569.3434903,1,1.23927111995452,0.25098992230633,0.583149616570681,1.1810927398827,False
P16050,16,Arachidonate 15-lipoxygenase,ALOX15,54994070.5269212,6124997.92911492,6882387.26720952,30210908.7412891,53650665.7273789,27711238.1153794,19017852.2974172,52618759.2548011,128200436.663373,62962320.5152358,24105214.4512701,3913679.41349716,3349220.07342005,25401130.9885481,17970040.6158154,27508300.9157065,29911547.9202881,8043738.21553371,47410105.9413999,22301762.8301016,0,0.474519102835895,0.0763762115747977,0.406132304211379,-1.86554267954003,False
P16070,6,CD44 antigen,CD44,4164321.60783984,146976.738713486,4944534.61558168,3760960.89321343,3394704.7989601,5211727.52631258,6805171.30030177,6742599.65110723,5522357.64401222,12870290.0438878,2153581.20869998,4343048.25429662,2556961.34481733,10903016.3799591,7625449.62178634,8852829.3786133,7660167.20638655,10852885.3972154,8517762.17082655,9979008.37488458,3,1.37116713368539,0.153037761200679,0.50674362498173,1.48352329867123,False
P16083,7,Ribosyldihydronicotinamide dehydrogenase [quinone],NQO2,14920974.8378008,11070455.017929,12503644.1790259,18109250.9857444,7313604.06772566,32112247.5001597,45557746.6588267,36503738.2858587,26557723.7260803,20544741.9235753,9345115.0,3832259.95028656,12104500.3453311,28017289.8406294,15279810.9009065,25546714.6177481,23376025.4780312,53798404.3252343,16255497.1084283,613549.048245614,2,0.835586473630183,0.228218942796182,0.571901342084076,-1.24182881486668,False
P16152,13,Carbonyl reductase [NADPH] 1,CBR1,100136239.50358,80135546.2235438,155142003.130068,100306702.368216,112176792.980678,175470021.552917,132525292.864116,63318885.8756777,154806015.169347,157025674.580746,94645860.0365266,83582083.1719636,53287296.8144082,73353610.6572597,99645472.5837639,137681294.048919,167498565.421369,153345266.794067,149058725.239646,164161790.027701,0,0.955498547411472,0.614793373969396,0.754362172394509,-0.510967233005694,False
P16157,37,Ankyrin-1,ANK1,11714547.4459121,83046802.09463,8277271.50492417,1811681.72240696,11116793.4810196,17340083.0883762,45673865.9541138,44840752.1179822,16680329.2444524,39865955.1548562,2700820.46828823,33954080.1312666,3848077.72262636,37436263.1406953,3018232.4673607,49900307.215282,42171261.8122449,61320248.1850032,76912544.4158076,76983197.5069252,0,1.38476901707536,0.611481623692049,0.752555933614109,0.5157866583707,False
P16219,15,"Short-chain specific acyl-CoA dehydrogenase, mitochondrial",ACADS,46220720.9056014,82858820.9463005,63806539.539686,85178549.2825955,41398186.1915883,62175200.3952906,64014908.6447146,35910384.0209501,36760026.9764621,24007335.6800828,14549085.730533,65830746.716163,16630610.0197409,21546127.7210634,43334237.5947468,14321242.3363655,32113090.9786315,27854208.4548185,26154152.5610418,31289109.7368421,0,0.541408824345745,0.00278456704671994,0.124769845734801,-3.39401840727907,False
P16298,6,Serine/threonine-protein phosphatase 2B catalytic subunit beta isoform,PPP3CB,3601242.8730476,2060028.19288963,1809427.52018994,1785091.79914987,1586093.02422897,2256213.6719443,2795737.91874501,3043366.40475972,5269818.73537867,2627809.25897381,2165163.97125536,1573613.71171993,3561909.06777513,4044045.96192229,1904989.10172323,1894940.72342834,2003018.26237695,2765776.45959596,3736102.2701664,3310582.82363804,4,1.00466978762672,0.921903688249215,0.827857818900173,0.0992413432621863,False
P16401,8,Histone H1.5,HIST1H1B,18410265.4567426,41111477.1396712,8985729.56852877,22337697.3183356,28878050.4064862,27481770.1757872,15321941.0131357,33723302.5264173,46607197.386578,71810603.2398487,30612505.2216503,15899787.533287,19093056.2881636,19127482.006544,24457816.5215172,20163686.5797453,41508914.1656663,11809592.5020475,43796458.6507506,24261190.3093259,0,0.796809534184242,0.488244575534229,0.709249011116845,-0.705724735053875,False
P16402,9,Histone H1.3,HIST1H1D,11421055.7116086,4394452.75382754,2853317.48277971,12909143.8861929,30951781.7196007,11718516.4896493,7295194.72641342,19926742.5057429,10347546.7051478,31296432.0156283,7430816.27160665,14784728.6231869,14200375.6696168,12987607.6768916,12456298.4456888,17879451.0717607,11327221.7445378,9345965.40631541,25256656.437873,26001576.0987996,7,1.05978801828539,0.389522694178658,0.657591150148177,0.878984870786572,False
P16403,11,Histone H1.2,HIST1H1C,57276784.0159485,2080608.24242544,44845051.6661929,59130152.5113495,38964573.217079,55877432.897118,38793797.7083518,8820455.87429937,52385871.9481628,112070689.770213,9345115.0,34815611.6605882,42968979.7844723,67502689.5766871,52938690.1610308,81961966.7717809,61830781.0511404,33748235.3812999,95944194.7865799,79425844.2289935,2,1.19189275881471,0.328645219446918,0.620838122156971,1.00050646687869,False
P16435,9,NADPH--cytochrome P450 reductase,POR,15050207.8236875,19832011.1487668,6929732.39144247,7192898.50840008,4397798.06561061,3195175.25828726,6483189.08294133,1589519.6523477,15094405.0476148,7751250.38499964,4258908.5444961,8228505.21882598,4576652.49601125,9200638.37546012,6746535.23883922,4576858.38419244,8646867.75198079,2108837.58094458,4944510.65671912,6602381.16297322,0,0.684338488847513,0.418653165187455,0.67102924038312,-0.825264059600529,False
P16452,8,Erythrocyte membrane protein band 4.2,EPB42,8334802.91874531,12298053.647455,1225957.45946963,2919433.62438316,1764266.46180793,6122947.41471446,9028275.20857371,9147616.47477718,3618828.82903603,10731577.1483622,6071299.18562178,11314194.6758857,853642.985437681,6391982.21734151,855163.456447421,4308160.3535476,10358829.9956783,12254355.005005,14945592.2205643,12588923.2963989,1,1.22626148440356,0.791853165407875,0.81186965806444,0.267347792033473,False
P16615,8,Sarcoplasmic/endoplasmic reticulum calcium ATPase 2,ATP2A2,7740572.74064931,8764825.3682001,5631413.45661879,11741720.9895035,3360115.37597215,2901111.4304977,8029234.55733558,3267140.82072958,9178043.04914204,12258752.8673375,2664513.69574963,3505364.86294431,6676959.44765948,7370830.4592638,8199490.57814869,9226860.66424095,11135158.8768307,6784966.78746929,6661077.6297703,3938834.2156048,0,0.907937372932412,0.790798803274426,0.81186965806444,-0.268736572267162,False
P16671,12,Platelet glycoprotein 4,CD36,278068320.941143,329596337.768935,177161392.261775,402772483.87358,180595906.987376,117470341.81564,243311394.803408,222666706.850133,177600002.434642,157819272.443445,146882616.919309,295652735.180039,329033768.625436,225307091.623722,250895362.342604,180978248.930665,222146733.714286,199309728.141778,175062450.013565,171907900.692521,0,0.960698259294765,0.950921372531229,0.837319346889102,-0.0623020304112785,False
P16930,16,Fumarylacetoacetase,FAH,203306434.713211,188594130.334966,257960612.528634,282166644.970072,195899667.765318,229971973.216757,265465297.497115,259616104.851603,204130020.761836,111457151.926782,121323579.995019,228015071.473023,105432325.860624,177767402.310838,101280426.80599,144700992.318577,235277012.941176,244542840.05824,172501797.232773,88439741.6435826,0,0.736516297078434,0.0298422953481613,0.27325797600272,-2.33315079130222,False
P16949,4,Stathmin,STMN1,4276887.16190193,3172467.93633024,6322058.50318525,9451204.47023104,4142701.07107449,7828968.59334748,565111.138985533,4375966.23646972,3330692.68062169,12113371.0740027,6137551.28764735,2345610.88116533,2761572.81957272,5488659.32200409,5138035.18307397,4266223.51243178,5753449.62487395,4107444.26340102,6057338.24145415,886455.080794091,2,0.772630109601071,0.660564242918571,0.764709149984281,-0.445541252682608,False
P16989,7,Y-box-binding protein 3,YBX3,3169348.39500349,4365821.30448662,4235435.43715619,5537729.83020559,1010031.74019035,1696073.14656977,2760072.70662111,11702216.9640724,1092768.09666697,4769123.02144437,6250040.21965798,2430276.30304214,5026736.32237216,17381531.6867076,4572812.28219843,10438873.1534263,9466724.89987995,5236802.09027209,5780483.50515464,11026425.9095106,0,1.92398017424058,0.0187183327562624,0.233476373224605,2.55174992510658,False
P17050,2,Alpha-N-acetylgalactosaminidase,NAGA,980141.61408225,844306.762027404,1152386.20511458,986652.938381607,1176792.71953882,1277645.10241746,774258.578268394,1905774.89947625,1163710.70896595,588969.654135446,362291.939648016,11008214.3254267,569314.342518727,6680018.15451943,5309269.15953463,10307521.113168,6159653.61517407,7143137.26055359,5089109.59587059,1842280.67376831,11,5.0200554330932,0.00285802365371896,0.124769845734801,3.38285302000859,False
P17066,9,Heat shock 70 kDa protein 6;Putative heat shock 70 kDa protein 7,HSPA6;HSPA7,80173970.4312818,89601623.0059472,58975149.3044292,41767797.3374201,64513391.6609751,68483579.127664,173838879.280199,194544634.236883,106766532.616117,354018004.549347,53709198.2135149,59726991.9409228,62069112.06766,94345529.1042945,81546775.0928132,136547865.910653,221787737.69988,184087455.096005,323639468.294447,138480811.311173,0,1.09999109830433,0.443255973295572,0.683685726064029,0.781709271723061,False
P17174,14,"Aspartate aminotransferase, cytoplasmic",GOT1,20784770.5992969,9961366.24278468,30089935.8862675,35521327.1543822,19184776.3929586,24238711.7231689,31255167.1736043,24124015.511348,24004629.2408589,14922307.3745807,24384497.3169517,14994976.5550828,3142499.93307012,18111559.0752556,29137168.2609906,19773787.3001819,20809203.97503,37121086.0738011,28262676.880539,28142874.5567867,0,0.956397933019353,0.569468493518389,0.734163542789052,-0.578068352215851,False
P17612,9,cAMP-dependent protein kinase catalytic subunit alpha,PRKACA,35598252.5796779,23299037.3714361,45071620.7425552,24930755.2814967,18507194.3033554,24503992.5781888,41918236.1751132,17962920.2136359,27080768.0747462,19590530.0963391,22080413.6750789,19040252.5428389,5656247.16541821,38605835.8155419,14912632.8527674,40101443.1505963,35355722.4787515,42987188.8374738,29572581.768403,36622443.0009234,0,1.02323988008075,0.744921546982955,0.798823546685696,-0.329734786688809,False
P17655,27,Calpain-2 catalytic subunit,CAPN2,160405914.538475,102466072.026412,115192406.058655,119168253.621722,124007199.200247,165919910.7722,145091059.461259,282062241.587797,243950234.978888,240533510.183401,128058951.772373,84853416.9828934,98748037.7038319,252467168.184049,130247016.288711,174117230.600364,162427746.717887,182386642.465192,217038563.420148,125145818.744229,0,0.915642524553573,0.527347721624805,0.724198391136138,-0.642924568428796,False
P17661,26,Desmin,DES,4554919.24929563,191546603.03725,3253531.93656261,15424317.2714918,83700063.7700817,20981062.8235244,58232997.1629538,2961790.92695029,198025447.005566,565208400.481696,241238.333089822,6164011.57994074,2137557.0111685,9362696.81145194,5933539.43461312,22479658.0756014,7084227.57915648,6947054.23118573,9580897.87981552,7016635.46168052,5,0.0672683340833393,0.00722292108090652,0.175323277667773,-2.98031995029664,False
P17858,14,"ATP-dependent 6-phosphofructokinase, liver type",PFKL,19990048.1253393,19509991.2685849,36138548.9524638,45305554.2000405,17897143.9443478,32488946.3142879,37192180.8569273,25972773.4452816,42309502.3290809,29912637.4231071,21487713.3712436,23326270.4650052,14957137.1965169,33563678.0617587,32333351.9792408,42474841.6721245,22609568.9872749,18995525.8672309,35607440.3517815,34510350.1015697,0,0.912455389851458,0.557977694721592,0.732313735990589,-0.5955029022091,False
P17931,6,Galectin-3,LGALS3,23211210.4931889,51483132.6714186,37521401.5909509,51000769.8765289,54220979.4278349,13509427.5418887,28193764.8957131,42188261.0553156,36985028.3977181,44919639.6956398,37020495.417566,22606749.6273301,9345115.0,65498363.0711656,65833289.3318999,24893104.3913483,51607472.0509004,34795224.8011648,34338100.2604449,22877908.8504155,0,0.962378579917497,0.65155448291866,0.760966574422578,-0.458255595038498,False
P17980,13,26S protease regulatory subunit 6A,PSMC3,24699201.5082586,22272496.8396886,27792994.2155601,25662518.6166614,25826769.164335,31674534.0893768,52918880.5564924,34606893.7544795,31628651.2797592,25519172.9529722,27290590.6915159,13826431.4352495,20923970.0006761,45734878.1460123,19739434.0446431,35243570.1499899,51122827.4314526,43680269.98453,24204507.0279436,42431030.355494,0,1.07136564935858,0.892789589222248,0.826708499711055,0.136446662715263,False
P17987,11,T-complex protein 1 subunit alpha,TCP1,8417898.52088557,12583294.6073115,9436836.41229288,8106575.83072608,4594010.6852982,9576506.22579111,3228945.83251975,657755.957916016,9691012.70730393,5702167.36573182,4694434.65781172,10995143.9886535,7000433.50590876,7898055.47484663,5125314.05384711,8906478.31049121,6062993.93829532,2040464.91318591,7316706.15364442,5291557.26281177,1,0.907446051773421,0.892083740759417,0.826708499711055,0.137350919052208,False
P18085,8,ADP-ribosylation factor 4,ARF4,18206149.8061364,26543755.4534721,17248938.1652649,24383824.3397045,22905198.2583886,28727263.7901057,29268697.8006568,23319423.693375,20233336.7621957,21627875.8699065,26171907.6573136,19270174.6150284,10669084.21185,27878637.5501022,19687393.0614423,24392129.1542349,23888492.2885954,26753782.6826827,23514905.4869778,20487699.3813481,0,0.958056996392444,0.6433612143945,0.760177802140258,-0.469884802687039,False
P18124,7,60S ribosomal protein L7,RPL7,1445114.65059322,11515888.6085359,4746700.27705787,4264980.45478993,13637726.603349,9500635.90125542,8683235.01686341,5356245.87296701,7586074.03800198,14658886.2352815,1762485.52781059,6519643.22934757,1517421.86152952,2612274.96846626,5679984.19979581,10215965.6195674,6916776.20955582,19094172.999818,2483072.60743353,6616917.56602031,2,0.779142881424458,0.233281216003862,0.575032143951025,-1.2279417547628,False
P18206,65,Vinculin,VCL,785966033.325148,848857481.108973,834914859.121842,691781170.072001,595391032.12232,992336094.372964,1027323993.87592,730615739.938436,915033765.025604,934378122.20795,611008847.2522,691051075.206958,580610663.146651,941467781.92229,575472083.400365,733040870.329493,875842576.345738,773342495.104195,960963127.735576,846961200.369344,0,0.908235678724856,0.217259835760138,0.55792310220854,-1.27272076599552,False
P18621,3,60S ribosomal protein L17,RPL17,933388.260029209,2307754.65401434,1029076.74483756,2806317.79481248,912975.466401551,1279011.85035023,3802989.86300701,1916422.64605348,2842741.83721139,4785528.48986655,969933.876797277,8327506.95814519,1240523.01338598,2759962.18466258,5214813.14961736,1408700.05211239,2273073.01421369,6678635.06340819,4803632.49877916,8831362.67313019,2,1.87954334447644,0.103803272015699,0.437355574810954,1.70178824271173,False
P18669,16,Phosphoglycerate mutase 1,PGAM1,252704837.729728,275343343.742347,294992937.423713,260386687.505422,233190359.977087,281516043.347125,404866511.489305,337207264.58697,352765287.997485,291677224.545065,169074743.740661,252021640.775153,274017907.312258,282570287.096115,249507602.790583,283236135.564989,379216464.917167,316368157.457457,372367930.122988,245432894.55217,0,0.946112037538757,0.446659039236414,0.685569866640652,-0.775803647919802,False
P18859,4,"ATP synthase-coupling factor 6, mitochondrial",ATP5J,11693894.3238685,12430457.7606262,13524298.8044042,13977003.9690021,13219336.2640728,6438764.27261566,10221815.6794178,14430272.6798677,5109547.20061091,8267422.44023407,3438592.70513033,12226309.0610889,12458300.0965413,6157838.35439673,6655318.95995112,6263323.89205579,13411193.6081633,10148748.968059,5724453.37995117,9961086.7820868,0,0.790805424568827,0.169300567529165,0.521118528909864,-1.4242838619394,False
P19338,20,Nucleolin,NCL,22886316.3510999,18600325.972538,15357164.5049075,5097374.75967961,12842970.3996563,56711741.1861556,37873137.5814325,37419101.0158045,53497446.1337706,59966655.3057875,21922153.384526,22644619.1451025,19415266.7758728,37742033.7746421,47990460.0083532,52344733.9001415,22336732.0163265,29145125.2416052,29201582.9001628,51792739.4228994,0,1.04459988683169,0.262731305917944,0.587927183588789,1.15138271678046,False
P19367,4,Hexokinase-1,HK1,519912.718531522,1100507.02706839,936703.428248378,1105535.508429,894795.430390623,1025774.74614822,1058000.19330203,378183.915124506,975146.085032791,799772.035187878,2273290.41926974,1304726.61070829,1665613.41446497,1596122.70920245,1556314.51427776,1222515.58993329,601641.420542617,1530810.29519628,1596321.56329317,1743173.59279778,7,1.71593836752388,0.00729211768109996,0.175323277667773,2.97611870224154,False
P19404,4,"NADH dehydrogenase [ubiquinone] flavoprotein 2, mitochondrial",NDUFV2,2942888.723473,11349157.503061,6074863.82814721,14615810.6618859,6979445.53493137,2760247.29648213,5662142.72290761,5215764.31328678,5424968.96914024,2246682.21819025,2785007.17325958,7004643.55338949,7155127.61305584,2190770.14957055,7126289.85791851,1221079.91429149,2442683.39870809,4734552.12039312,2006436.24823657,4545181.43859649,3,0.651343245888528,0.103597105233735,0.437355574810954,-1.70287195253947,False
P19623,7,Spermidine synthase,SRM,3748012.24529304,7944592.52495278,2291160.25289682,2046883.6452014,848305.59877944,3956266.03133937,10494696.0233425,6685840.29233667,10579264.5867397,7585195.0338971,1076387.19576623,1670045.73376172,1927349.41612807,4840119.80740286,6327749.88235931,8312561.96604002,7718504.05872749,8653734.66557467,8669035.05787665,6532420.57479224,2,0.991948982993241,0.93028991671759,0.830111878942504,0.088553478054934,False
P19652,9,Alpha-1-acid glycoprotein 2,ORM2,130211291.667744,292694821.042505,151132511.751133,281053327.04508,259914807.023728,209611667.593979,217756855.604864,396379540.122209,198286700.269518,164614870.948405,230672131.338204,248302313.136795,139816607.39609,197229703.161554,244086667.040497,327349158.706287,282511913.536615,238351882.082082,275629341.404413,366390370.683287,0,1.10804553458349,0.342962875481685,0.62953495777516,0.970633234236617,False
P19823,17,Inter-alpha-trypsin inhibitor heavy chain H2,ITIH2,114313218.833846,121018994.057198,80786719.9040246,75369461.739583,70663308.7124634,106000924.048854,107460113.552853,135604204.796472,77733793.2562214,102467488.742596,88751439.9991698,107377665.160791,25244117.67706,102670134.613497,70706349.1755097,103058842.518698,147412738.415366,120477062.703613,136213206.339302,185893380.701754,0,1.0972210384811,0.948736656435172,0.837319346889102,0.0650794014623641,False
P19827,18,Inter-alpha-trypsin inhibitor heavy chain H1,ITIH1,84418126.6219919,89176622.1488543,67983223.2715234,61320038.060897,56586648.8929036,99264116.7356237,75671627.0444661,160351628.696132,42021534.092175,79779926.3148505,44505276.2178316,85747408.0988769,36203823.1131183,120313100.192229,91344935.7632336,114582028.591065,139981520.917167,146950211.302211,127449520.089528,178857496.121884,0,1.32986844565303,0.146477588407876,0.499252044426215,1.50887976538892,False
P19838,3,Nuclear factor NF-kappa-B p105 subunit;Nuclear factor NF-kappa-B p50 subunit,NFKB1,2622704.94255176,1628485.2057542,3503748.84350571,1787902.11624208,4606675.71251913,2171191.15791042,4267549.98650927,1989582.96930993,4579450.56859222,5303367.76750161,4370493.37164731,2607474.88373342,152977.121993647,1132268.65750511,1182663.73303844,2867422.06606024,752051.775678271,2778702.63559014,2352673.68859649,3834225.21468144,7,0.678697033384544,0.0812269169160635,0.417224105855535,-1.833213882858,False
P19971,15,Thymidine phosphorylase,TYMP,5691082.51867552,28218422.2922862,9286363.29468122,60177536.0737935,48633140.4999009,22654985.0187,51776764.3449898,38556005.5696959,46822124.11733,63693897.7046314,34215254.1889424,16774843.8903844,22962614.7099705,38901668.9038855,29346777.7766606,29549982.8021023,55934271.5145258,59965550.9245609,49985970.5208899,34021156.9944598,0,0.98974134933606,0.56267139825759,0.732675882289056,0.588359070839715,False
P20036,1,"HLA class II histocompatibility antigen, DP alpha 1 chain",HLA-DPA1,1206057.78240106,1413205.64753623,826535.280860158,976601.255909821,305678.373922328,949288.110274662,1226966.23941599,421676.525135532,754795.812559518,1452950.97769928,3089081.89208396,1569086.1417916,2894440.77670036,398000.710487305,2664064.66502181,915658.811966849,798841.377354374,969057.104164088,1237395.31407126,707836.539242844,11,1.59889379629051,0.165860495586283,0.521118528909864,1.43641780040338,False
P20042,5,Eukaryotic translation initiation factor 2 subunit 2,EIF2S2,1982216.6022178,725015.868308818,3412286.54455164,6068621.13037158,1094425.8144925,725652.934926467,2488602.38271057,8150850.00486998,7378283.54635702,3232744.23481767,4257046.65872489,6709205.78416429,6067265.55843686,7293546.93153374,3358233.55760604,5107151.62914898,1244818.67995198,5018757.91100191,3352680.43298969,2164795.65743306,5,1.26418455543578,0.173140043159676,0.523299809327203,1.41097335993577,False
P20073,14,Annexin A7,ANXA7,11074542.219544,23400383.7296659,10837189.5587473,10651317.9577249,14860274.9617749,12444855.4706939,14382204.1448478,18418884.2001286,19915984.0113197,15058352.722472,17788766.972439,11468242.4642526,11289497.3470078,19625123.7132924,17754648.7686787,15837769.1853649,6036876.9782473,10829924.4266994,12589453.6222644,15727193.3240997,0,0.919914110740142,0.53233145774258,0.726830710757849,-0.635109585782601,False
Q15661,10,Tryptase alpha/beta-1;Tryptase beta-2,TPSAB1;TPSB2,68354587.2547626,104288671.855868,13953217.5041383,7230405.43266923,21953989.12622,92380078.5478571,21817156.7373746,105962252.228246,88212310.9379211,97225741.5150218,28367381.2958658,46413151.4783779,34743135.5688364,54170325.5100204,44930161.0795718,77790951.2229634,67420348.9954382,8703058.23186823,66251608.82845,17275751.6943675,0,0.717865097835209,0.634606606853682,0.7585186811081,-0.48238407905472,False
P20290,2,Transcription factor BTF3,BTF3,2487312.2535994,1260045.81034634,1566077.70220028,4809209.16860885,3346320.78466148,3908250.19658077,3451894.87947102,8793836.50785629,2277383.78842871,1703634.5378577,1486824.39831479,1625226.56094362,1379448.51075541,1708952.07312883,2103467.62931968,4544971.27256923,2974773.76102026,1679467.43229593,4094255.61950624,2895598.38596491,4,0.728871881187629,0.289746560110686,0.603321843609166,-1.0865717504895,False
P20292,1,Arachidonate 5-lipoxygenase-activating protein,ALOX5AP,1251869.06422054,1544142.53712612,1104407.05636464,981535.671191048,1394797.89304677,1594665.05990779,1006090.75130913,797799.5860838,1691288.66835864,1855885.28748305,1618599.36377221,1498280.42100845,1719517.33370291,1933081.94781186,2086554.30977941,1671353.13268648,1081834.48941176,1388798.55369005,1774878.86805932,1181895.85687904,1,1.20664144519264,0.20278914819867,0.544755748559004,1.31541364287938,False
P20339,5,Ras-related protein Rab-5A,RAB5A,1754911.48124693,6679215.39295085,2415226.3540221,3894450.95509354,4349383.17803051,3209898.34574087,1813866.33473862,875948.893825232,2545874.29036026,2107902.62556198,1751413.88211855,156366.906468801,844140.934976608,1041148.52274585,2836956.37587786,2432110.09909036,3204433.51210979,2169046.34807535,1031133.06340004,3106606.80290525,6,0.626490311688812,0.0649808733588202,0.372185602375831,-1.94922529517975,False
P20340,6,Ras-related protein Rab-6A,RAB6A,18794341.0596583,38771520.4976386,22197519.3020884,17507194.5932973,17663665.3391791,19953099.5103223,13634064.1137836,18626686.9962327,16351222.6879885,15598532.7802755,20414025.9098456,21933213.2040929,22678816.7666784,4100460.64388548,22662402.601089,11341837.5702446,18984606.7318127,16799776.7608518,2697305.43909387,12122961.8836565,0,0.772160070638793,0.111020448068774,0.451409015610861,-1.66495933696362,False
P20618,8,Proteasome subunit beta type-1,PSMB1,30920501.6045442,52703375.5168795,40660555.2075844,39394160.2856895,59250858.0206658,90879915.3127196,68264874.8522233,70351550.7520904,52929065.6778367,50370123.1677728,27209908.9747634,41161460.8530161,25862761.8134617,52863920.4764826,29826711.2884014,50876566.6517081,51837229.50012,74846811.037856,74623168.7117924,53331341.3527239,0,0.868127037072917,0.203013178634703,0.544755748559004,-1.31473486736343,False
P20674,4,"Cytochrome c oxidase subunit 5A, mitochondrial",COX5A,10928279.4663582,9250307.11649466,28580517.0740883,27954007.9380042,5193874.88375214,4268766.87855282,34031247.7545043,54902872.633465,45656818.2490342,18918306.0244059,1623098.92105263,12314237.7948253,5711338.84096379,18390574.7787321,9433295.55486805,15856659.654336,14551005.9539016,21121541.6557467,14642201.3465364,20885293.2363804,2,0.561275210586478,0.176092183236567,0.527299948844026,-1.40089925449604,False
P20700,20,Lamin-B1,LMNB1,33944795.0312767,26712938.4869687,2404601.04561339,14090497.5438799,8230017.88748375,17702191.4554784,7926468.98100648,16320247.6973261,19193964.5251999,61420473.2391351,15548297.7610825,6078328.09902165,7769442.53657481,21329030.5709611,17881860.0609473,10860508.4208611,7972314.24091236,6117567.91113841,52030267.2458853,12176062.8993536,0,0.758675478861066,0.56014976402705,0.732675882289056,-0.592193133704237,False
P20742,12,Pregnancy zone protein,PZP,1116754.16579859,12307861.3595417,6431173.60278597,4693444.71074095,1409107.20791381,10271409.4255158,5275050.75783261,2282653.6069558,1042310.68839278,772790.927139085,15447290.4579944,2555786.70480201,2119715.39514319,9623366.27689162,24662982.7261135,7735269.2342834,17975827.9313325,20802639.2874693,8511846.47133297,9903339.42751616,3,2.61691609409828,0.00901525874852714,0.181482743058785,2.88224353552926,False
P20774,11,Mimecan,OGN,125875343.823507,119016586.172818,144933894.330931,268190721.892259,291662955.980524,268915202.733679,153949302.84459,951084202.333915,188304361.09514,103507835.520588,131216399.72605,127136086.058527,153341866.456638,176314991.799591,358114243.564954,85248908.3727512,253944805.690276,118691209.441259,241360539.338036,120977389.012004,0,0.675353349637155,0.319298420540597,0.617357741330602,-1.02049966922914,False
P20810,22,Calpastatin,CAST,18204942.0212216,47006729.4131537,59442350.3653418,126680447.387445,56922248.6516557,54308296.6396753,68406706.2771811,91682250.1653956,62849277.5941066,59421807.0252623,41461092.9819027,37981773.8429142,42579800.0581411,33160060.8249489,32678846.2843795,50299273.9199515,69359824.9632653,58982481.2239512,43520110.9744077,66162538.033241,0,0.738358354999971,0.164321124403603,0.521118528909864,-1.44191341701926,False
P20962,3,Parathymosin,PTMS,10529386.818395,2503255.04827707,2334226.35497453,1250266.83867796,2471290.7388354,4408453.63763896,11287584.6016153,2418391.83771865,8419083.0311742,6687562.49339899,1046694.99001034,1368036.32952703,1947187.47360664,302827.591595092,2554634.02586547,200420.319595715,747007.88167587,4989844.0962781,6350756.93633568,1170213.63342567,7,0.39529383236745,0.00853076693066638,0.179922858472445,-2.90676677607113,False
P21266,20,Glutathione S-transferase Mu 3,GSTM3,214623379.365161,63512291.5458282,134810162.980922,82563873.4956481,187211134.133821,125709965.172558,136572879.72841,114128386.90159,254940043.203665,123241079.854421,99838969.7667275,45350100.0151962,60532610.290976,106813326.703476,46744367.577267,108589971.833434,127694882.32413,152732974.246974,218416076.302225,170932169.529086,0,0.791508386239791,0.110067296198751,0.449738099719175,-1.66970450839432,False
P21281,12,"V-type proton ATPase subunit B, brain isoform",ATP6V1B2,5641684.11565901,3282477.77357005,7047392.05661545,3351411.22158286,3785894.7018,14081107.7844566,13387725.3230674,18492731.4747772,15902898.9605606,34584194.5896667,7064615.24456251,4775210.94281869,6422223.62678818,10875497.0229039,6021719.98948117,19934734.0958156,14713451.6504202,12440593.988079,13006932.9865256,16345156.3942752,0,0.93344306411606,0.454114306328701,0.689731901520803,0.762961173726964,False
P21291,11,Cysteine and glycine-rich protein 1,CSRP1,60711724.313723,32092468.5665559,40458986.8568897,43872292.4830119,88697163.2333825,324902727.18563,125740608.325197,159956631.645686,55475443.7027221,303107701.323771,175358608.218496,19408127.858342,20448614.7635144,173754162.740286,58621276.4099867,81863736.3331312,97458443.0108043,76877581.3190463,142619063.790921,121906656.786704,0,0.784051760541745,0.600066205169875,0.749006456499085,-0.53249535659941,False
P21333,122,Filamin-A,FLNA,1061715407.22982,794629006.362603,806226526.418312,701476764.040135,819584024.33409,1774463639.22815,2249894288.54176,1278416540.65974,1320624013.56572,3183861274.03126,846211567.300349,706875123.704701,703859333.621785,2483698416.89162,1349682899.31318,1925392159.40974,1537938925.71429,1359204413.91391,1628338540.60409,1813466062.32687,0,1.02600091343674,0.637851413004373,0.7585186811081,0.477742337502547,False
P21397,13,Amine oxidase [flavin-containing] A,MAOA,47342753.0914778,104272325.669057,74830297.0137275,77455581.7349565,24045825.6593007,30310990.4945745,55992724.1874501,42308477.5489295,43462214.8342467,19913971.2420609,41631765.8442637,70821408.165451,38773925.591552,66242914.5648262,67935166.8200662,41651217.2249848,41790726.0369748,36576826.031941,33571594.6260626,47775647.5854109,0,0.936215183273784,0.903445921119562,0.826708499711055,0.12280867009492,False
P21399,36,Cytoplasmic aconitate hydratase,ACO1,121261605.448859,196996070.355956,155551390.012875,193663274.389151,152434351.771354,176955594.341029,197004678.68998,146981837.227786,200536714.482077,136932310.208378,108299689.025403,213868101.619486,178330237.456394,132207577.852761,114549431.939331,173225600.464928,206898378.002401,218622455.564656,156140662.633388,166889854.709141,0,0.99446717569785,0.853707937840416,0.821068367518388,-0.186712708794647,False
P21589,7,5-nucleotidase,NT5E,5725866.72422261,12049591.6079237,7149582.52278161,8634915.44406211,4003931.6002776,4259349.40819962,9961376.68855951,14594282.3247266,10278702.9867038,19908636.1303789,2206644.95317948,10490045.4002899,7141366.82607245,10487932.7443763,17384579.5548062,6243148.87119466,17939928.329892,7065175.66839567,7307579.07442576,7489234.50138504,2,0.97089459373584,0.841796805798252,0.819283344390874,-0.202125104123073,False
P21695,28,"Glycerol-3-phosphate dehydrogenase [NAD(+)], cytoplasmic",GPD1,2705800544.69202,2056186838.98898,2547573945.52477,2080715539.42689,2138161653.15385,2057916232.81692,1713920798.43792,1203281232.15106,1770626856.07762,780393461.285949,1130087084.55089,1821388556.57346,2030431500.78423,1283701563.96728,1308151303.5532,1189041678.91652,1472870898.10324,1817233255.39176,907130262.344004,1196299507.38689,0,0.742936226575847,0.0316261742911906,0.27325797600272,-2.30541931508557,False
P21796,7,Voltage-dependent anion-selective channel protein 1,VDAC1,14911312.5584822,86119885.2151478,18933362.0571171,24110358.8688084,11124617.2790764,8607435.2624034,47435561.548327,9713492.68400257,27266310.2915282,22666221.9810176,6025682.98422713,22769047.5606403,17458248.7234647,21407002.0826176,17292062.2513381,12468465.1396806,11122594.0163265,32152161.972882,10175848.2288841,32410204.9307479,0,0.676593058842758,0.376336097357912,0.651005541947793,-0.904162973742566,False
P21810,10,Biglycan,BGN,5179344.05026236,8383141.90615707,20891771.5797864,33142285.646705,24912620.1282249,17799018.9675606,1169570.13060264,21389948.970872,3082183.64818974,6544248.055841,11286441.230782,1019122.82256571,6583707.94180481,11367787.7435583,63235576.9204591,2958247.44087326,4668743.16734694,976691.653244153,9701747.16947007,3562348.0143121,1,0.809580097141602,0.232472948100558,0.574247841406147,-1.23014351047278,False
P21912,5,"Succinate dehydrogenase [ubiquinone] iron-sulfur subunit, mitochondrial",SDHB,8821419.46093003,8228670.44079062,11188606.008912,13057165.566897,4609658.2814118,7934285.09279038,11145793.5004882,9310767.43039603,11328989.4717456,3113104.3553486,1995786.38958991,3968184.46943383,8485634.31866735,6254920.53067485,13734627.3747022,2550817.80610471,5934742.61214886,3941973.43443443,5683043.48349611,9619248.99353647,0,0.700586641758495,0.0955389352434854,0.427035242132537,-1.74674759691872,False
P21926,3,CD9 antigen,CD9,7081846.84810143,783679.665188504,4955143.82731118,1697755.79105341,5254709.84225253,6067795.60602454,4347506.41554984,9461896.7366535,13909789.355853,10908969.6117891,1904864.3010958,2175333.29946741,5582960.07409611,10536091.6192229,11995446.6277883,5618781.09076208,2974910.22237695,13410907.5939576,8512691.57126063,7865587.9501385,2,1.09475052773094,0.623460234017996,0.7570989037989,0.498412347885851,False
P21964,5,Catechol O-methyltransferase,COMT,13081518.4125158,12289063.2447088,700276.003887607,7108913.26299049,3450500.83247042,22310119.9071741,25197057.6537676,11179275.216852,14351396.6229449,18150716.8311568,7127609.04648846,18833322.6778685,13910142.6470429,21215131.0098159,27623642.9995669,16420351.2484334,20311994.495078,12294324.1018291,12367192.3412914,16038498.0286242,1,1.2998256846227,0.0814260173265348,0.417224105855535,1.83192327944297,False
P21980,5,Protein-glutamine gamma-glutamyltransferase 2,TGM2,1802618.98538269,4927071.63719232,1125642.04772853,6742599.23893242,2376993.38330873,3774946.56693327,322280.809834029,4339042.59914546,2122989.15645495,1738512.83047884,2457147.55736084,4251038.23473668,5526411.38071309,1778820.66298569,4671401.03370665,1671257.81499923,1225702.14218487,1635076.22263172,2543074.70229698,4807367.70360111,5,1.04422551801533,0.563951534632345,0.732675882289056,0.586416076216989,False
P22059,3,Oxysterol-binding protein 1,OSBP,1242569.12037635,1970257.11596552,834932.213356746,1911231.80094266,4258173.4527382,1257020.06746908,3459110.86424958,1102728.72213544,1703126.42970084,2960120.02786698,1222150.60485935,1086246.54281724,1051037.97520214,1442396.52298568,897865.974329425,3900655.15690317,1927898.34636254,1883649.98862499,2487957.75744524,2572876.96306556,5,0.892434177527657,0.674058142182491,0.76968146506879,-0.426637183467571,False
P22061,10,Protein-L-isoaspartate(D-aspartate) O-methyltransferase,PCMT1,41441515.9976219,48946204.4783103,47479503.1334125,27015794.3856808,30605462.6616581,80526003.5412926,84559729.6751575,77997319.745934,63368124.1550624,79993330.7821309,34423164.7667275,47163779.4199375,19310643.1351578,63491743.2858896,30384706.2749435,64313735.0402264,80142270.2559424,74157981.9223769,61103260.0691807,80368387.2576177,0,0.953476916310539,0.628415336438409,0.758178549609215,-0.491270872251705,False
P22102,7,Trifunctional purine biosynthetic protein adenosine-3;Phosphoribosylamine--glycine ligase;Phosphoribosylformylglycinamidine cyclo-ligase;Phosphoribosylglycinamide formyltransferase,GART,3692681.59859901,3351540.41284765,9511213.57115388,2756921.06746089,21011041.3492728,3452365.04722906,3075419.53567942,2110228.80754388,13612585.9859851,7349783.23092842,675259.422073717,7255258.61207595,5051288.86435037,11096416.3059305,4290200.83176067,5311093.13216091,6279558.28398559,6128538.15260715,25423141.1236209,5215316.25669437,2,1.09728150165136,0.838377703189219,0.819283344390874,0.206558376099871,False
P22105,51,Tenascin-X,TNXB,63002892.2971541,61475556.6691447,8377118.15305901,5277235.05358124,875297.702075393,13086569.858987,20342441.6872282,73897078.6244602,68005840.0170694,132530843.07072,2052729.06275942,35406646.6343927,17895191.4162092,31245936.6564417,62037188.7239736,45004653.2767334,49887881.1418968,26173805.5755756,88287589.4420329,8734453.31948292,0,0.820653341485423,0.780427325171052,0.81078497116161,0.282427011379649,False
P22234,10,Multifunctional protein ADE2;Phosphoribosylaminoimidazole-succinocarboxamide synthase;Phosphoribosylaminoimidazole carboxylase,PAICS,4440179.68238685,11298484.3239461,7529749.80746401,7437179.91718474,12112680.617881,11825822.5955049,7973248.46853643,17775725.9592943,14499158.7503369,8461487.12766717,2749384.6554873,5348934.13707016,1768088.98526191,7483277.60989775,2615493.08070105,11192980.6747524,6367961.05253301,12290072.0702521,8149045.07239103,8598381.966759,0,0.644037012659797,0.0129763868976839,0.199618756214225,-2.71903064625495,False
P22307,6,Non-specific lipid-transfer protein,SCP2,4595983.93639982,3979397.44826832,3117434.23620981,9575398.86788306,9483678.58137434,6075727.42252092,3849686.40818319,2345853.13502711,5890923.40495014,10388129.3338329,9185147.98082351,3200880.03532375,3000727.31847806,3216401.29848671,6593158.89668348,1654049.46310895,5422006.55457383,5246496.72226772,4605456.56574426,2094967.82179132,1,0.745660078913352,0.231127516383148,0.573518903263941,-1.23382149587904,False
P22314,38,Ubiquitin-like modifier-activating enzyme 1,UBA1,269444736.649262,181107576.775407,228006618.088184,158609973.119741,206445323.988191,316201515.140978,298650533.243099,246117509.997243,363007890.009882,343747914.561479,200121688.975594,227879823.195265,220894874.668055,329643676.192229,272839310.258949,360256355.653932,278473208.37455,303161347.379197,290621414.120998,323843181.855956,0,1.07520863610961,0.311711909483056,0.613979024606205,1.03703199529858,False
P22352,8,Glutathione peroxidase 3,GPX3,83011057.1962158,69342159.0720658,69958280.599261,72776403.7764219,35219444.6209434,54849469.5839159,43163200.9052987,83778874.3995222,65685302.9709819,56824274.5250838,33794778.318944,125356218.723226,92273502.2566862,56156305.7775051,68316800.6968722,35394693.9017586,72334106.942617,66492419.3953044,89639749.3262796,49683965.3370268,0,1.08640614776161,0.807933850340073,0.813589620325639,0.246231580356489,False
P22392,8,Nucleoside diphosphate kinase B;Putative nucleoside diphosphate kinase,NME2;NME2P1,6186032.77677256,27345535.9165646,25992941.9674954,15082755.655669,16391680.4866818,61890023.4761442,23182387.8805361,19048303.4131214,51091274.2183991,35391797.1205309,20342653.6219492,16488117.5415364,4423760.46066687,26425462.6122699,19513923.1174396,10604353.6616131,13630181.1769508,55597864.0886341,28619309.050009,12377846.7590028,0,0.738712547065874,0.237286432352814,0.577879893173472,-1.21711621146184,False
P22626,15,Heterogeneous nuclear ribonucleoproteins A2/B1,HNRNPA2B1,67044140.6221728,40140513.643082,51085857.8109586,84500830.5068965,37055978.2700654,88077223.0794342,66430189.9866868,109568747.036663,90386764.9717007,120953650.720759,73257447.2397476,65842919.0611613,53294878.2376484,81564316.605317,81655193.8078149,99575440.0404285,101604846.977191,72240315.6811357,114342020.211612,96670399.076639,0,1.11228674692588,0.203247933872432,0.544755748559004,1.31402422567184,False
P22676,17,Calretinin,CALB2,162459148.893685,153858483.361028,141735363.990837,122302838.070728,133828124.655754,194384546.515836,174610243.17032,158471099.260314,176113985.585302,180560185.988011,129835501.112402,83268307.167564,88856807.5164282,163472625.173824,152465624.949726,113040566.323024,163782956.672269,123393956.365456,150546101.112317,131099770.129271,0,0.813203205777723,0.0285348460880721,0.272440420479985,-2.35446449512249,False
P22695,11,"Cytochrome b-c1 complex subunit 2, mitochondrial",UQCRC2,32050988.2848244,47113796.9367675,58887646.7645928,55286503.4421537,28735986.7049285,29252519.8830451,25576933.6340641,24938911.6002021,58687590.8584134,29634544.7266824,31937547.2621617,25095317.9380861,29367906.4915222,25012802.2834356,30788023.8947499,17768375.1142106,37341867.9284514,32084129.4676495,12448321.9343462,29202239.8199446,0,0.69469644481724,0.0344628511673844,0.283026597888127,-2.26415361307508,False
P22792,8,Carboxypeptidase N subunit 2,CPN2,8475268.30433996,5426607.09760364,2251627.85543498,2048937.33846109,3694068.01934389,6946379.18869625,4965592.83589243,14837291.3796747,4840049.22962896,7129709.87404553,3050854.99327578,3624248.09909401,845000.162943833,2355405.99133564,6699264.67909847,16069744.1443299,7958223.64734694,8717515.13923014,8631850.66105987,17322878.8457987,1,1.24184322019081,0.822819813975567,0.817624247495614,0.226786202994058,False
P22897,17,Macrophage mannose receptor 1,MRC1,965624.039406002,9980981.66695819,1528559.99276841,6697471.27745704,2269313.21531649,2935863.2225053,6499611.66898908,1262616.65864192,11861268.9533735,16282093.9645329,907576.21917649,3946139.0001592,1282347.19826118,8097570.81349693,6443541.06998113,5593090.05296139,5180312.48787515,1322296.77982528,3802104.57451619,5124314.3910434,1,0.691720927550739,0.65034425449475,0.760966574422578,-0.459969264495509,False
P23083,2,Ig heavy chain V-I region V35,IGHV1-18,10808225.6458242,10344684.3235088,4996551.27919809,15284882.3080704,16704632.4089537,13060704.9756226,5211765.74190113,8405451.3645594,11009118.0482436,6672224.04731321,16010666.0609331,15284407.8694859,7756554.11706644,6724966.43770961,5497262.52544628,15769763.4970689,6885633.30530612,7043235.18545819,8225019.55588714,6690064.21514312,0,0.935504576815612,0.726838634552226,0.795870457583298,-0.354120495102959,False
P23141,32,Liver carboxylesterase 1,CES1,645416102.786466,999732785.376946,1077140639.93345,562095845.178267,1188476102.71211,1330648768.77985,1633549657.62847,371649290.007351,797546082.598149,545108367.219725,890586511.514196,408855543.663888,587332858.419644,1099245429.03885,501082389.080531,294729096.887002,978264139.255702,986896529.029029,541920328.608248,739829901.200369,0,0.768054139414766,0.21305089830334,0.556592128790545,-1.28490474782905,False
P23142,16,Fibulin-1,FBLN1,75885126.1987231,27397026.4050201,37771408.8476265,10437950.0369546,20233371.2219921,61068979.2298576,67641977.7753617,81353935.9854819,51659654.6743329,100773590.783558,29797930.1967458,25944677.1224094,16271250.5581546,84683177.0715746,43032110.7756087,56616246.7438852,87512458.4316927,101836156.269906,85270582.7003075,72044803.0470914,0,1.12875965473979,0.464290261880822,0.69086707470759,0.745636206437906,False
P23193,3,Transcription elongation factor A protein 1,TCEA1,822073.701524047,788968.692235288,653120.465328772,636158.509469971,788615.342228737,599216.395318965,738942.722398992,921115.947854452,932231.866497716,736645.54549347,354501.172427418,339078.89810318,591395.187958303,1304876.1803681,396279.948035365,450265.662207398,766752.662468187,806160.482503318,625593.672445289,126459.717777645,12,0.756373391702652,0.0617095422842626,0.364062657639799,-1.97564610292648,False
P23229,3,Integrin alpha-6;Integrin alpha-6 heavy chain;Integrin alpha-6 light chain;Processed integrin alpha-6,ITGA6,1139192.52785489,310610.241787651,1517065.29520094,2387291.5751367,1980635.6559629,1612091.3302886,455842.882120351,2023844.66998989,406610.745582937,1439479.82070221,1112337.10686535,1864668.00545618,2134262.75365174,1626011.78867076,2388825.68720416,597543.314493633,1128952.71630252,1609989.23632724,846874.637502261,1850504.02077562,6,1.1421948462449,0.350301275191024,0.632671454287809,0.955653624553778,False
P23246,9,"Splicing factor, proline- and glutamine-rich",SFPQ,3455714.19830951,10481174.9833829,1071509.21694899,4540283.44070786,3106210.67392635,14835831.8169883,2194157.02680394,3044826.17646789,16390681.8924625,18412804.1925355,2918816.26066744,19590713.033316,10373155.9913735,2843437.56773006,6864928.47562107,3749078.03387912,8574530.05507803,2176785.04554555,15365606.8846084,10255133.6565097,2,1.0667970857911,0.57796641170399,0.740389494444104,0.565290697139557,False
P23284,10,Peptidyl-prolyl cis-trans isomerase B,PPIB,31517147.3524698,46447689.8242085,66120669.2092899,29163525.1788451,38227489.0843596,40440739.9435096,55256196.0859146,44105714.1284572,56017797.874854,43433811.0922001,21169641.2186618,38112964.6723399,61376675.4117202,69354130.7652352,49203304.0335056,32289856.4216697,71271478.739976,40450426.7986168,50365420.3884066,42358016.4589104,0,1.05595609678037,0.863656162283582,0.823889010533315,0.173875858349339,False
P23297,3,Protein S100-A1,S100A1,30716385.953938,3551454.27754941,88599446.6751384,16247956.357748,7445990.96642358,4666157.59937264,15829548.218248,5107655.33795828,5059929.34987872,1518039.3402198,9191354.26672754,947617.058114797,1003805.70841559,6978068.0799591,18692360.4214192,2055358.58593087,18099681.5563025,45380232.2090272,1659607.23792729,4682314.81163435,1,0.608083477469616,0.290581802133923,0.603321843609166,-1.08463951583247,False
P23368,5,"NAD-dependent malic enzyme, mitochondrial",ME2,1547534.81137074,978074.08785202,1768957.59551558,1260859.57233323,2574205.49146168,3099010.94834255,3750653.23777403,2239921.67098784,1434048.23748989,8668889.59430529,2660693.94532707,2581723.16105487,2439095.48484275,2563428.10969325,2940460.10913282,2479260.70964221,2019352.58103241,2559808.05000455,3874360.61833062,1742177.94875346,4,0.946497832386184,0.516720957978113,0.721090302628091,0.659724991914758,False
P23381,19,"Tryptophan--tRNA ligase, cytoplasmic;T1-TrpRS;T2-TrpRS",WARS,40997051.1489648,56552902.5109323,91166708.6921263,121049004.291126,59876761.8652096,73095486.792185,98834108.7600958,54827307.9803363,83258921.4401222,68716238.4642832,71691911.6204549,40368905.9453514,32413111.4930095,32538582.0114519,33595345.8218606,51654098.3545583,71688811.6067227,82136493.973519,96214626.7634292,54921053.010157,0,0.757939970837371,0.0465838889746506,0.328848068756351,-2.11692788977461,False
P23396,8,40S ribosomal protein S3,RPS3,15050207.8236875,21386533.5145181,15469355.2613406,8292597.20440679,1377894.37145564,16025616.4517525,9032422.32626254,4299457.02517688,19740516.4850418,19353784.5154499,19306203.8759754,15932247.1199491,15839867.5757863,21228126.2617587,32926040.9545834,13979702.6573681,15418878.8187275,12139550.1524252,13552867.5397902,23337896.398892,0,1.41247144909773,0.0709455731836004,0.38971379111674,1.90394334534804,False
P23526,14,Adenosylhomocysteinase,AHCY,46132552.6068188,51617171.4032709,34297870.5251894,42365530.16511,39551358.0713389,55200966.7168172,85389153.2129227,68744943.1838647,55175721.6602282,64919639.6135731,59009366.3755604,49342629.1746266,23502917.47289,80501763.6523517,56990658.9363611,60851489.8872044,70776064.240096,79828491.2335062,79179947.5217037,51896286.4035088,0,1.12603119174729,0.433971250415371,0.679014768252282,0.797965066479897,False
P23528,14,Cofilin-1,CFL1,330945144.512369,368786320.648942,350932061.104887,415483764.259896,400043148.00943,360967659.425587,381791948.668678,361310671.556556,423078232.139969,547369120.794976,360352475.303005,335131707.45774,336185577.882041,439277736.993865,394239359.403521,409469805.417425,455700565.786314,419054720.04277,448325511.620546,408851270.360111,0,1.01671797503318,0.774426480508112,0.80799837307198,0.290373326894975,False
P23588,3,Eukaryotic translation initiation factor 4B,EIF4B,4135576.32686691,3625992.88940878,5734072.68639123,5603772.2818726,3585770.18308401,3908648.1178633,1405126.41532795,873201.088256914,2371414.23313269,1992930.96881467,3414853.6615474,4935750.648518,2398520.05468044,1328726.28981595,8120128.07876744,1964608.77299373,2465853.87394958,2208505.2011102,5276296.88831615,1645467.72391505,1,1.0157118204695,0.988736139958052,0.843797505224354,0.0142895340908494,False
P23634,16,Plasma membrane calcium-transporting ATPase 4,ATP2B4,15919812.9623646,18891288.0977786,9297926.13030247,27970221.3058439,15982372.3146577,9268117.23183047,12750728.0460637,20420488.8188,13521074.2139071,21947315.6818668,11618787.8409431,12366020.5320134,20634359.6328998,25456934.1292434,26588605.6670173,12999665.1271478,12658199.4679472,14297030.974611,17469905.7044674,19776809.5337027,0,1.04758091812636,0.71912228773521,0.791353431452998,0.364592671032681,False
P23946,6,Chymase,CMA1,2305419.84542611,16812870.4447263,1054280.60140117,2872792.60295521,9032560.51832236,2460612.57073714,7822956.92349339,1224147.38068547,11644663.1075375,7946648.85035324,5900684.7561473,1843434.0258481,5305069.27443397,3645473.9405726,6371551.04322,5288500.13127148,5451354.4787515,1297124.75288925,10873900.7691264,7740800.56325023,3,0.850276743589729,0.870734183960191,0.825812662811676,0.164760977502744,False
P24158,3,Myeloblastin,PRTN3,2142114.19563753,2082095.54508483,2039015.60692997,1958288.58920079,2148625.92776333,2218145.86924895,2096948.58817786,2072961.69452357,1805972.22859581,2236278.75041033,2146336.5134066,1635198.58109529,5836487.41428228,1810664.49128585,1900129.11881059,1708151.76624217,2977871.9394958,1087584.63677314,7170165.82618918,2630093.30747922,9,1.38952223484484,0.465173624627072,0.69086707470759,0.744143040884852,False
P24298,11,Alanine aminotransferase 1,GPT,33775705.1432006,14799837.538919,37035449.9857876,22071798.0857647,6466369.09394347,13919286.4628945,19766821.7520192,6651149.24703666,2958432.86649897,3583594.51680582,6345772.17972771,9186604.01846706,5593321.35252441,5093188.45824226,6469995.23644154,7046220.48809379,7292465.53863145,14318291.1324961,2110721.5793091,1631993.3411819,1,0.404205439910066,0.0221271629407274,0.244466286728116,-2.47414012775899,False
P24310,1,"Cytochrome c oxidase subunit 7A1, mitochondrial",COX7A1,4437160.22009978,6339623.36194682,6021581.03156821,9461148.66917272,3284142.17905219,4512294.7034611,7901752.15958108,4835966.06239088,6469378.55138802,4247415.78783986,2578711.79312635,5436034.02794662,8962758.55458503,6207220.31177914,4468296.64093679,4573080.29039822,3535931.24388956,5489797.96910547,2598935.80751492,4899166.08448754,0,0.847670674388537,0.337899510378143,0.626458497370308,-0.981097525886616,False
P24534,4,Elongation factor 1-beta,EEF1B2,38161172.1689456,26458755.2820535,20402154.6900864,37489630.0101206,21311614.1278724,33717196.6730301,47627158.3855507,36883278.9299825,38868995.5219657,37809269.6014415,29453481.3290719,19230952.6144784,30957478.2308878,35142983.3860941,20329231.8542524,39707765.7772387,33201746.3923169,27353319.1350441,31410674.1110508,39477950.1200369,0,0.904160491604765,0.437547539770202,0.680919007569285,-0.791678466018937,False
P24539,6,"ATP synthase F(0) complex subunit B1, mitochondrial",ATP5F1,675876.43833846,1753700.65204653,1759113.55978397,2818856.13260851,2392303.52968639,6586637.09565128,4308855.27868998,3335492.48424148,4336146.79292067,2759119.69524727,2488496.4845242,1387512.08152426,3148312.35755429,4165895.5595501,3361992.07305943,3483251.35451789,3223873.95836735,4101679.74046774,2953877.77712968,2627902.89058172,3,1.00705239540198,0.546598238141833,0.730613623538725,0.612954359724998,False
P24666,8,Low molecular weight phosphotyrosine protein phosphatase,ACP1,16834106.1428904,6886648.5035858,14293696.1368234,6767567.82540555,11379920.1630351,21038098.2073537,22106625.5520547,4099468.30115777,17204213.1506603,5065555.16427603,8411689.60003321,6968126.5183947,4732577.10065172,12965439.3059305,9153864.386737,7939286.29917121,15689023.3195678,23548601.2799163,11919289.3796347,10224600.5724838,0,0.887620446875222,0.805293358687241,0.813589620325639,-0.249690793239426,False
P24752,15,"Acetyl-CoA acetyltransferase, mitochondrial",ACAT1,21965984.2459999,73829187.3517579,88455692.5025499,50074446.127288,34922963.8524753,29631871.5057236,32568974.0574243,23881006.4563999,47625580.6850238,5393797.91051167,10873102.5895733,41851227.0695843,39466362.2474918,25663329.3071575,50562151.9281935,11588924.9043865,19745678.2823529,33790894.9426699,15776325.4494484,22305745.4062789,0,0.665174657992821,0.236638680307812,0.577879893173472,-1.21885753627855,False
P24844,8,Myosin regulatory light polypeptide 9,MYL9,52185970.5999431,67920858.1288263,29819615.539987,75564022.1536593,49162276.3158474,38992306.4751009,27136249.8850626,29345704.7803914,34182585.3225227,29865288.3069293,30139275.9214677,62402202.8749855,52925915.6399578,41110861.7341513,125281439.141633,34512886.810188,31336762.097479,21562902.5334425,36233659.3981733,28459489.3628809,0,1.068614098948,0.995176963075079,0.843797505224354,-0.00611841253206768,False
P25311,13,Zinc-alpha-2-glycoprotein,AZGP1,83118550.0536356,89291045.4565331,94558994.6561439,126842581.065842,94287061.0555421,107723923.202209,105651970.240525,137484734.232289,27164723.8289462,54800266.5307215,100686127.792628,186115155.023446,78760878.9015387,48455472.3615542,85996279.156483,112904554.946432,160731490.54982,103851619.237419,56222807.9869778,126360504.478301,0,1.15111025744799,0.463601579312736,0.69086707470759,0.746801478590812,False
P25325,7,3-mercaptopyruvate sulfurtransferase,MPST,26344204.5622561,28359816.8082036,35315087.5507884,19688433.0133302,18592020.7454449,30858795.4601906,28103357.7300967,19793645.6735275,37243612.120654,32021340.3154214,33923558.7514528,1842622.53618154,21174409.6817112,32423918.0237219,8131837.29998762,31274304.8097837,28059128.4859544,25149916.3718264,32194926.8439139,28518564.242844,0,0.878303819041764,0.224863887212452,0.566919292350654,-1.25116285329144,False
P25398,6,40S ribosomal protein S12,RPS12,18631290.0961563,34288578.7646493,15284506.1459361,13651655.721019,12450133.381436,32986347.9174503,12578207.9502086,11449762.3274832,24291757.9202228,29005001.5482052,17279851.5283081,21039222.0881093,12096413.4938749,9916141.6588957,22981876.4146274,15277100.0663028,17335020.0456182,23382772.048412,9533572.28386688,17664052.8716528,0,0.813743851970098,0.368453816379241,0.645446865644454,-0.919492958486889,False
P25685,4,DnaJ homolog subfamily B member 1,DNAJB1,2784185.78566444,1861013.36846248,1413791.03650074,2661370.28632565,1826095.05539889,1060035.76857404,1407365.85887991,2256523.4276493,470152.223519899,1533244.40851352,853752.204673751,2049822.89770754,2170258.21674464,1660258.0996728,936853.344244037,471695.510207001,1623200.47913565,2656074.04490854,440153.39532013,1794216.94413666,2,0.848470195633589,0.395892252910549,0.660720884983972,-0.867022713958513,False
P25786,10,Proteasome subunit alpha type-1,PSMA1,22455137.1365058,25293272.1624104,21058423.73886,22710604.7786485,11326800.6920179,32256825.5661455,37332353.4348096,31373070.0762657,33260751.1414069,36654884.8112467,17244165.38436,12671275.8949143,12740076.3269694,32835179.5263804,7789956.95201559,38857694.6735395,42900921.2115246,40404504.8575849,36274224.1947007,36719352.3545706,0,1.01722633076673,0.597661261572387,0.747720003069955,-0.536034996597483,False
P25787,6,Proteasome subunit alpha type-2,PSMA2,21183339.6211906,26044379.446388,15705143.3552929,20546660.6176445,29781904.9714689,43536567.5215919,50684413.5457531,50201549.0439217,48068027.5096577,33235078.2230786,18342677.9893741,46923037.4855274,17792084.0601422,35791981.5566462,48664101.6242304,44045773.0717607,47477222.9051621,70269073.8420238,40762549.9104721,31858618.1301939,0,1.18567096928007,0.26898738755353,0.587927183588789,1.1359535330258,False
P25788,8,Proteasome subunit alpha type-3,PSMA3,15367855.2562876,50980487.4269722,18622415.5316267,13376028.4677443,9006426.89990967,18632000.8523231,20075367.3080678,9294452.33483414,12940100.3948432,15308436.0825662,15827580.6267641,18641270.1234514,6603672.35633738,12833193.5067485,10823946.2726232,12449574.6707095,13853656.1959184,17841524.4972245,17443707.6067101,13372163.2779317,0,0.760825558631716,0.347311226536508,0.631066984984821,-0.961730961283154,False
P25789,10,Proteasome subunit alpha type-4,PSMA4,49856153.4992375,24845386.6437817,31741546.3256809,28134516.7666194,39067517.9283527,40195355.1526162,34204597.2738972,35210552.2902692,28393836.0704339,33507168.9188611,34981730.4980906,28577961.090367,24431389.1057086,36279685.7177914,43526500.1160165,40954536.7293309,35073910.607443,48724029.8412048,25374970.4277446,39351171.44506,0,1.03511233343097,0.798224277754847,0.812593916944395,0.258967262335447,False
P26038,37,Moesin,MSN,223862933.963605,159309936.662585,248100951.343488,180941185.090941,143406100.592655,279340740.335962,273236996.045975,241068417.26546,311878835.702093,147109035.741811,194629125.950523,297478586.929779,237755959.954298,266624348.535787,277378440.460353,282994337.562159,249816351.52461,301639120.07462,282829592.788027,272600701.708218,0,1.20626757569343,0.0412460481609457,0.314522477872934,2.17686199965951,False
P26196,2,Probable ATP-dependent RNA helicase DDX6,DDX6,1979681.40474538,3853128.53023485,4515312.22467207,1818383.2477807,3389221.37305289,3126069.59555458,3161928.41066832,4542723.68689699,6383072.03607043,2937979.31438664,3735408.32849078,4123816.23207592,3510580.59941287,3325408.52948875,2799660.33791727,3011065.19211643,4591200.02823529,5105754.47706798,4715319.5563393,4234872.37811634,6,1.0964947378611,0.428261955637431,0.677915601967955,0.808068236224779,False
P26368,6,Splicing factor U2AF 65 kDa subunit,U2AF2,8714651.27445912,3888512.64959769,5112335.88994599,4263251.02888703,3536356.72167265,799132.047661966,240006.4865945,16401823.1751355,5682377.31151738,15688562.7899094,11365261.0617632,6282417.7501592,7012563.78309311,9327533.18854806,13079055.5446586,19255432.8316151,9546932.1298965,10630736.1680761,6539805.79015193,14137481.6666667,3,1.66613092937671,0.0281438700627874,0.272440420479985,2.36101345562908,False
P26373,4,60S ribosomal protein L13,RPL13,3371410.81125443,9978529.7389365,4384346.00941361,7917960.31819102,3887192.29769327,7018933.50254419,6281556.22091062,10968896.3530277,9080654.37427006,12196065.3050739,11088771.0247385,5152824.13432037,5695417.85215933,9141013.10184049,6604434.44304365,11257208.2692541,9012594.94165666,12380215.1396851,7371806.66892747,17441028.6057248,0,1.26715886883934,0.168986326539849,0.521118528909864,1.42538397158212,False
P26440,8,"Isovaleryl-CoA dehydrogenase, mitochondrial",IVD,1688724.86791429,5719367.30339339,7309118.40344776,6014294.75557355,2276519.34510564,2842484.3615383,4769848.88097985,4475402.45047321,4579198.70132962,13066355.3982017,4285905.88817865,2193727.06524256,3084375.68822845,6242078.16404908,9503550.88218915,2814679.87669295,7295247.7577431,4332735.13636364,8483958.17372038,3663439.07294552,0,0.984042552388126,0.906418710823595,0.826708499711055,0.119008467294159,False
P26447,4,Protein S100-A4,S100A4,200311128.124435,141378169.730628,65044075.4602304,94851444.5357546,88495391.5992862,127757933.373312,85870218.8648265,89904763.4383901,107345827.320097,149336444.86905,59100909.0926449,131184067.011839,103514225.780849,86525445.1411043,131231458.220926,100519963.488983,120443162.833133,101521505.933206,237794217.643335,103825760.941828,0,1.02205113471811,0.935947113853529,0.832501250367666,0.0813497001368466,False
P26583,2,High mobility group protein B2,HMGB2,620427.032898648,4112128.48517579,417137.107763305,680950.640355088,861235.454515411,7739834.22606079,8161610.5539629,11112297.4561242,7739041.42215434,14798932.9169343,5562849.21293375,978575.388893713,1241104.25583439,7871300.54437628,1595778.92653838,6090891.69128765,6186219.3202401,5723319.54331604,12228595.9531561,6757768.01015697,0,0.964312515253516,0.262105253550792,0.587927183588789,1.15294164547496,False
P26599,17,Polypyrimidine tract-binding protein 1,PTBP1,16683133.0285367,10176318.5993528,18575539.1710001,24441111.5727381,4570333.40170526,36519888.9063154,36306356.5185941,21803837.1845998,43586469.3504627,45848616.0172697,20522635.9131662,26327429.7484659,25132165.3272127,32646366.1599182,26669558.3075519,32584547.7376188,28527618.2847539,34644702.8833379,32718043.6991319,33418460.4662973,0,1.13415229441825,0.0878505033297753,0.419883675208394,1.7916833322594,False
P26639,3,"Threonine--tRNA ligase, cytoplasmic",TARS,2784427.3426474,1555078.06756745,1988523.81896674,1899990.53257381,1879358.64901188,714855.389149072,2081751.92462818,1192215.84665927,1065398.52079777,809002.997680725,1516319.77207372,4759657.39087646,1397635.37433408,7759694.26298568,3542962.83596702,225947.092796434,1061192.21858343,2117851.88788789,6566568.65335321,56460.9043177031,9,1.81610489161262,0.98054790850921,0.843797505224354,0.0246790165247434,False
P26640,15,Valine--tRNA ligase,VARS,10047200.3709903,10164058.9592444,13195695.5164111,6434869.51733511,4448446.86355725,16985933.1469246,19751062.7048016,13081271.8836718,21020841.7365915,23793264.3238421,6186736.10343682,5525703.6361005,10292540.1909192,21874831.1525562,5612186.36334808,18063822.0489185,13538637.1932773,14772408.1049231,12502408.329716,19875710.1754386,0,0.923139516074293,0.677702789225128,0.771097269083542,-0.421558618681614,False
P26641,12,Elongation factor 1-gamma,EEF1G,36406260.6876987,19553308.6636348,22613156.3663116,19581424.7855883,14553705.6116019,40532261.8384915,24388369.7044466,35775569.8102545,41872932.407241,40039346.2845215,24443457.03304,12610549.4182008,13292509.3670732,26335260.2752556,36099095.3469666,20502203.7837073,18330336.4955582,20545816.5802166,33135523.063393,22357518.8965836,0,0.770875980720606,0.116835879374258,0.464801576729209,-1.63673265474577,False
P26885,4,Peptidyl-prolyl cis-trans isomerase FKBP2,FKBP2,9106456.70082974,3892844.38910268,13686022.2485662,21610257.5479282,23133735.5174161,17569551.0279684,15087214.1519482,16926482.3008362,15770248.8689246,18256752.1758367,9837273.47218994,6274843.84660472,17251275.8690067,19871269.0736196,23445908.5148346,15809811.2912876,12765000.7822329,20452271.8855219,19493074.9312715,21167392.3822715,0,1.07306881391628,0.638562212060506,0.7585186811081,0.476726956430894,False
P27105,11,Erythrocyte band 7 integral membrane protein,STOM,10003840.8925479,44510666.6870736,9416835.83175883,5025279.31735246,7135921.49606733,27308011.2157492,22809147.2885418,34469503.4760636,7636279.57901357,13988662.8302291,14363672.9391499,7584047.17530682,11019093.25144,18694052.1329243,3682044.11974445,17868116.790378,13216438.2703481,18063480.5455455,13375396.5549828,14121551.3619575,0,0.723998297048924,0.532113924614926,0.726830710757849,-0.635449864221816,False
P27144,8,"Adenylate kinase 4, mitochondrial",AK4,5802195.986463,27843277.3049676,17527071.2383166,11273695.1045311,9629036.51369274,2768073.08170521,590466.616535014,4726912.52889828,9366943.496092,3613204.38664098,4387533.81985721,19965350.762707,780810.779509992,4535113.6000409,4155906.18344522,2313780.20145543,5146028.3684994,5975039.81267631,1235060.47393613,3251972.57756233,2,0.555573435195514,0.159555155010362,0.521044173563398,-1.45919660164098,False
P27169,11,Serum paraoxonase/arylesterase 1,PON1,59602977.7619097,50933900.7945601,65378460.1660341,24096307.2833473,15460442.6285003,73958975.9752748,58772122.4625011,101230874.515299,49531376.3053634,57800599.9628916,48952080.0680724,28744316.47201,29390650.7612429,24043509.3738241,44150991.9144263,46682882.5401253,44813472.4782713,79084385.7075257,86884723.562127,91805018.5133887,0,0.942140855809495,0.793047080741715,0.81186965806444,-0.265775845705768,False
P27338,11,Amine oxidase [flavin-containing] B,MAOB,23257106.3199524,37145892.2192584,38730811.6951193,53541945.062603,17127529.2828659,26896825.8904683,24879388.4388036,31580014.1831296,36465342.2792202,24687562.419539,16913680.6599701,46499710.3761433,23366451.8545661,16657619.7108384,25732820.6099372,37335122.8744694,21215766.9613445,23820731.3008463,21435959.6649485,19861771.1588181,0,0.80442140004802,0.174207568334485,0.523546616129746,-1.40731467420883,False
P27348,17,14-3-3 protein theta,YWHAQ,97264126.976116,76605587.1816512,101388880.399452,65839244.1234132,68991486.6013792,85754689.193735,109434141.572735,110976997.390425,113650904.460516,116992330.296867,67164426.0534617,48099697.5020262,61856832.2169339,87152274.9406953,102607471.87761,80035138.9367293,100456059.731092,90398191.3276913,99189378.5087719,86216136.611265,0,0.869338904752297,0.162187444780587,0.521118528909864,-1.44960001938722,False
P27361,13,Mitogen-activated protein kinase 3,MAPK3,16209681.3419236,17398881.2419101,22086578.5819386,10399254.1323772,18444603.9189011,25575727.2324692,45813209.1084583,32948764.8318478,24160786.9436708,21657218.9841576,15439842.9149095,14981451.7273069,27176875.1750994,43164875.9676892,13800112.2785633,32688067.5075804,37711633.8232893,19240442.8860679,11981826.7742811,43221571.7266851,0,1.10529421328477,0.730804267543726,0.796028445773527,0.348754346222132,False
P27487,4,Dipeptidyl peptidase 4;Dipeptidyl peptidase 4 membrane form;Dipeptidyl peptidase 4 soluble form,DPP4,5032356.62612764,2048258.93838552,915526.573946194,2989096.49492525,5696486.66895071,6407607.01865886,1586106.63126831,15556014.2736378,5329343.36510646,5064021.31966745,758780.514627262,1202073.1678896,2165380.8344601,1479853.42564417,7645687.78192,2282950.9560946,2241032.61992797,746073.076679929,3407104.86833062,1120165.92613112,3,0.455292564456721,0.0297301268040946,0.27325797600272,-2.33494517351414,False
P27695,8,"DNA-(apurinic or apyrimidinic site) lyase;DNA-(apurinic or apyrimidinic site) lyase, mitochondrial",APEX1,5716808.33736139,9667134.88018191,8331023.06510944,8991069.09094064,2649385.08933883,8361387.26937243,9690984.61524807,3196728.30304144,24402579.5157668,18209403.0596589,12357801.334966,3404334.39945872,8641811.63741583,2354280.99607362,11634918.2608359,2654110.89043865,4606008.61382953,16951999.4913095,10862914.4700669,8690644.98153278,0,0.82807620108084,0.541774645988162,0.729692264899217,-0.620409883486057,False
P27797,19,Calreticulin,CALR,329012688.648642,394580603.437117,261632594.111057,225852214.006882,276838917.557117,370716730.847568,342668040.392296,312571470.288523,420089407.29045,387475823.685149,252130364.851403,293826883.4303,286400898.604613,411628427.419223,337919450.917303,363014364.123711,312739377.94958,340876867.467467,445401465.870863,317816216.574331,0,1.01213806218666,0.850884452032361,0.820460501896426,0.190361817225716,False
P27816,46,Microtubule-associated protein 4,MAP4,219442441.17533,253897146.645968,251835434.740081,423114856.056444,319108016.006081,259550788.551476,250618616.171119,295303229.670128,231759859.46905,194644880.828516,179222021.193757,248640433.831191,323853129.411287,253506788.339468,284028121.647124,223512028.865979,296117862.482593,291094081.763582,304033149.97287,287893794.228994,0,0.997268208373865,0.94601886849504,0.837319346889102,0.0685351896496762,False
P27824,20,Calnexin,CANX,79792310.3981958,92519417.3517579,74659979.5701172,63892559.0914611,56751360.4309414,93401409.8396838,73037377.888524,64553681.0029404,76350202.4270057,84294764.5757511,57864306.626266,77328202.8084115,68525957.5272452,125396536.981595,104574910.159175,64899339.5783303,82343813.3142857,91274109.8325598,86242447.6171098,82379588.2271468,0,1.10744263555412,0.400197367932918,0.663898433530668,0.859008221699123,False
P28065,3,Proteasome subunit beta type-9,PSMB9,3452453.17903947,1698123.61688823,1543982.31541458,1468714.94803805,1911518.57681377,2291098.10437942,2420009.05613739,2839685.31700818,2080087.76605876,3941647.19956469,3494604.43541424,551894.122221257,2082060.99305011,4819786.0602454,3061166.27850138,2758612.96478674,3244695.72720288,2246688.44467194,2818408.25872671,3228873.63573407,0,1.19704012233008,0.604465812421707,0.75169788669067,0.52603770619742,False
P28066,10,Proteasome subunit alpha type-5,PSMA5,57019525.8290899,79035447.8511457,66019103.7612654,52820990.6393315,50757919.3405891,69665405.3367776,70591407.8756546,52147338.8619866,60892268.963705,80440146.3854992,60402677.5610161,56763702.1752345,54828852.8732524,64826432.1030675,49968017.3699842,61872330.8304023,53969665.8256903,62693654.3843844,78478514.5817508,64143371.9113573,0,0.950824446551172,0.625890050395628,0.757887765810089,-0.494907139607876,False
P28070,6,Proteasome subunit beta type-4,PSMB4,13832760.6295396,21872015.2628127,21388120.808601,22163673.8368563,22870197.0565556,32101636.2659589,22044418.7867223,26657148.7696407,24421049.7816908,25680560.081353,12570366.6271791,17346944.1053028,18361954.3736986,19795590.8417178,17297844.5828048,27057952.1354356,22276600.1839136,24859077.4119574,35274470.9802858,19025430.1615882,0,0.917756426958966,0.375569386234703,0.651005541947793,-0.905644698092817,False
P28072,4,Proteasome subunit beta type-6,PSMB6,3361386.19646134,7929780.41494665,6101114.59009815,6912839.60124917,4181202.39309084,10543322.3019112,13999010.4704003,14109981.5933107,10627119.3666337,5275425.12006708,4247271.75842603,16662587.8198449,8679718.75361692,7777276.07443763,9988688.4922501,8934436.20456843,6898198.16581032,9189490.64428064,7519023.07632483,8920970.63711911,0,1.06956162516038,0.52181581043355,0.721310207615658,0.651646690205695,False
P28074,6,Proteasome subunit beta type-5,PSMB5,10089835.1784837,6850278.23793073,1673954.83797883,3162795.7090478,1281888.13372183,7092416.29938471,5449229.70076329,4795006.58563815,4974378.43634894,4100433.4610005,2523320.69143284,2825607.01893018,2235104.6568593,8365884.54478528,2597856.96972744,6542827.27095209,4535914.64201681,7433741.76549277,9055245.72481461,2675162.79455217,0,0.986263441971555,0.986993305482268,0.843797505224354,0.0165007213384847,False
P28161,16,Glutathione S-transferase Mu 2,GSTM2,138798642.41218,58971320.8496589,79535121.0752922,73716779.111124,75056988.989623,158067597.463611,127839049.875743,64422301.5492052,140231296.24023,71557185.4349533,56520645.7280425,48970696.4107908,48437713.0817491,70499241.7893661,87149854.2841011,124185943.015969,85859281.7853541,78361540.3394303,91946872.1287756,87902093.8596491,0,0.789148771187949,0.130284832630015,0.480295769741133,-1.57572700923379,False
P28289,5,Tropomodulin-1,TMOD1,8677330.7205909,2207470.79792723,1248333.1089421,3828947.08601629,839008.130799003,1682941.74424629,1092101.97217538,2626902.12331159,1434896.28318343,817672.554163991,3620740.33186751,2104057.45708869,917756.55463912,1513633.74655784,1269135.02198125,2879581.71148926,866131.734156062,844104.798025376,2822126.69840839,3442074.21375808,7,0.829230872222453,0.876547428686895,0.825812662811676,-0.157285581641769,False
P28331,15,"NADH-ubiquinone oxidoreductase 75 kDa subunit, mitochondrial",NDUFS1,6101367.05424303,30535494.2727829,17050494.9052786,18737248.7667351,10796223.6501135,7692746.87429476,21808033.0784592,10534399.5975374,28971451.6593298,11873957.9372725,3807866.71642039,6436195.04197059,6773243.52281024,18413507.5762781,17792233.9232126,7755670.94077219,11503129.7915966,10220183.0985531,13622165.7338578,21691101.1495845,0,0.719160742667874,0.194591879238997,0.539227987617833,-1.34066424502614,False
P28482,12,Mitogen-activated protein kinase 1,MAPK1,13766332.459224,13633537.1099353,21666253.8816526,10775728.5336148,13108567.7547423,17931659.3950706,22537925.7916926,11490979.411008,32265035.8965951,34320106.5614073,7513484.87257181,3422728.16523388,16814333.1762622,27594270.8605317,14138667.7859419,32184069.7954316,22430968.470108,29171487.8373828,27468282.948544,29356896.5281625,0,1.09712501216875,0.9885703486789,0.843797505224354,-0.0144998752119495,False
P28799,3,Granulins;Acrogranin;Paragranulin;Granulin-1;Granulin-2;Granulin-3;Granulin-4;Granulin-5;Granulin-6;Granulin-7,GRN,2744328.88347507,856213.265174042,757889.804999026,1320940.15517543,3657419.70213047,1149727.22565627,1156879.95047484,1170479.30317927,1600196.67505166,1761387.12181546,1269371.65595218,1724009.79658736,5552634.38113524,1150633.0437398,3273956.07647805,2056126.68191598,959865.593517407,1830669.67517518,1659607.23792729,619257.407433056,4,1.24238376879812,0.555086478930378,0.731412426372764,0.59991895990058,False
P28838,20,Cytosol aminopeptidase,LAP3,110229698.036808,118959374.518978,81742997.6608089,167754312.581326,89629842.3175219,67846905.0756162,155035847.679063,100827290.572452,101259035.140598,123354450.977664,85359704.752615,80860887.823463,90825450.4178047,86930591.2310838,99736544.3043653,110138990.289064,99567544.5954382,123691598.575849,142424690.80756,105133373.45337,0,0.917636482191703,0.547114063240789,0.730613623538725,-0.612159160927292,False
P28906,4,Hematopoietic progenitor cell antigen CD34,CD34,41922214.393724,64142139.5129583,30825894.7481064,43371839.8623601,1675898.72165062,46937468.0829471,26374839.0773942,62487674.6912616,43310254.9191447,52873624.3245558,16407868.3587913,2791253.95637953,23737688.8792288,31708414.7402863,12238304.5493921,18265572.2575298,39832402.7783914,24691547.3678224,65267067.4127329,26494751.7820868,1,0.631604427586582,0.252693719703096,0.58384480474924,-1.17671802430744,False
P29218,8,Inositol monophosphatase 1,IMPA1,1140462.98367669,2797154.66130924,2631482.63104653,6281599.14669057,3489825.71217696,3012826.88771378,2570217.65882666,1844035.14311311,2092093.43890935,2217139.03725112,1024828.47561846,1061320.28522635,5274163.51646519,2875237.71366053,4393993.68158896,3878666.65102082,3154497.97858343,5994003.87350987,801585.732379273,2941409.63561489,4,1.11834916473549,0.992135508042298,0.843797505224354,0.00997685256391491,False
P29401,28,Transketolase,TKT,429138058.087988,713805285.674305,792882389.09325,827281689.564237,844290755.039767,634591597.335869,918254798.659803,544984300.013783,641455544.389543,408176057.011347,505796785.464054,509345014.038439,536714222.585792,481596392.732106,573535002.359001,588422996.074389,617859065.493397,775349454.008554,517125096.730874,464587423.961219,0,0.824640490232349,0.116617528013843,0.464801576729209,-1.63777080131429,False
P29466,3,Caspase-1;Caspase-1 subunit p20;Caspase-1 subunit p10,CASP1,1307030.60892985,557258.188940954,1113704.20122226,1141637.27415204,862177.227221498,1282792.10253426,1136652.47526092,638786.292257668,519786.865402929,1711437.13869264,1022807.91620932,1046632.32226178,964850.381564953,1184861.20654397,1187459.5900133,1189869.5588507,1024930.85506613,1180780.29373474,1187994.93070327,1067861.42566944,11,1.07660072124601,0.413401878946866,0.668891502267805,0.83476713983888,False
P29536,7,Leiomodin-1,LMOD1,6916541.33492129,1836984.47384992,1115360.49929774,302260.412179395,2580618.02220802,13907348.8244186,4602637.0957664,1371584.32321051,1971616.93163238,16537512.4363091,8593688.93416902,4293966.80186125,12785946.1815875,16237185.0891616,8936593.28187359,6587484.33959976,10307673.0636254,4828266.8963509,17725970.9825466,1504550.90350877,3,1.79501178979607,0.0220704578738003,0.244466286728116,2.47533683453175,False
P29590,15,Protein PML,PML,3017288.27422648,4606518.90528249,3109777.76397412,1720454.50602897,4432799.26744365,3111877.06981101,12313621.8416615,6109058.72976201,3461159.92264846,23457819.1768358,2948761.59015441,1629471.25043418,4249893.15435788,7924810.40531697,9512079.82110262,6146354.10818678,10768982.9421369,10683654.5404495,12313105.9459215,8150342.1468144,0,1.13754252840225,0.30000752531654,0.610663490526178,1.06310672602338,False
P29622,2,Kallistatin,SERPINA4,10929728.808256,11513765.9004009,17941145.7571856,14761730.9724431,14450712.4922742,11664001.2739428,10534873.4616896,14893106.1802812,16775836.4104406,10935645.1701991,8128527.80566163,11661647.5014473,12585162.5787609,14005823.8879346,10859796.7277171,4239021.59115735,13848346.6078986,19840829.7447447,9984010.54530657,21210536.9575254,6,0.940202308006854,0.476208260685984,0.698492481486078,-0.725631323716636,False
P29692,9,Elongation factor 1-delta,EEF1D,26560398.0620105,29683040.6305755,22714721.8143361,33588693.7078912,20537675.788517,17975430.7361489,25250970.1837224,33779976.0162639,55270591.6624742,49683894.4276743,16341150.7853229,32872093.9091988,5940803.25103437,46861642.9321063,42514592.1093339,37737112.0541742,45291834.667467,46234040.1496952,41813854.2204739,52352955.1385042,0,1.16795892705761,0.729058493601539,0.795870457583298,0.351115364375257,False
P29966,9,Myristoylated alanine-rich C-kinase substrate,MARCKS,20551668.1107349,26225004.8106524,24183514.4473055,61290853.9987855,45044487.8649012,27123641.0215103,40080233.6154256,46319414.9894331,47625580.6850238,54386128.4864055,30592334.7924622,33381979.9163483,28501097.1010574,40318915.792229,48523880.0861616,28721069.0236507,46958473.6643457,35881193.6659387,76646337.9385965,35818626.3758079,0,1.0318543988655,0.761333719352575,0.805958734729428,0.307778216674324,False
P29972,1,Aquaporin-1,AQP1,6485563.43565022,6489109.24033584,5732666.39557242,5828597.64924963,9126460.43325475,5334797.99445032,3218909.80771279,7060915.75241202,6184768.54465008,4254751.56640263,5472237.43873485,8032259.96779842,5944593.96265448,9371869.93047035,10691964.5568945,2259829.02207398,5281549.36393757,5631560.7018837,6283064.43213058,3587371.86795937,0,1.04755400071517,0.985369302463507,0.843797505224354,-0.01856121939301,False
P29992,4,Guanine nucleotide-binding protein subunit alpha-11;Guanine nucleotide-binding protein subunit alpha-14,GNA11;GNA14,10408086.5035412,2038369.4953647,6839417.2699684,6043694.99592285,1310171.67391628,3330070.57306489,8231282.13113517,11960682.4253423,11471714.2538855,9223741.20923428,8098737.63332226,6818465.2449956,3830387.73506585,5789690.51112474,7906326.37278409,5988354.22571255,4492027.3792557,9274531.27582128,3453838.8943299,7855631.50969529,2,0.896281018970758,0.846307144641483,0.819592659793939,0.196283251402439,False
P30038,18,"Delta-1-pyrroline-5-carboxylate dehydrogenase, mitochondrial",ALDH4A1,31996637.963657,44418310.73159,72272410.2688649,40977665.8780326,70292707.7518782,79154501.5208397,51899519.028579,22887503.0056051,55374696.7976822,44138045.8342254,57946539.9144944,55071746.2204759,95189823.0630899,69991662.5370143,49441825.2065093,46110879.1396806,67306367.7608643,46001028.8192738,40714379.2145958,31478945.8679594,0,1.08928735415582,0.50472510397537,0.715497513978022,0.678922760766786,False
P30040,8,Endoplasmic reticulum resident protein 29,ERP29,34007599.8468478,58517714.1656463,29741488.2722758,55415129.4936819,38293373.6995748,29203442.9248664,31186325.0199698,20526107.5953322,39858833.8639835,39501166.8935988,33749782.7461398,32808527.2186523,38207845.9896157,53543495.7104294,28573390.9429818,37487757.8637558,33037505.7157263,29337317.0688871,45206085.3300778,23461356.2603878,0,0.944616474476506,0.764400153052418,0.807182980574439,-0.303693313724169,False
P30041,18,Peroxiredoxin-6,PRDX6,1758534835.99142,1484642417.13311,1757551014.42975,1408725487.0312,1661054094.28496,2326513098.52458,1942095213.67711,1739532662.59303,1684824075.28524,1095565183.90066,1150769532.32608,1666935023.37328,1219471928.18897,1806951561.30879,1232200379.73734,1794141180.99858,1745169375.03001,1640688904.3134,1582787654.50353,1570993549.39982,0,0.914056247660707,0.339488119213869,0.626458497370308,-0.97780284899136,False
P30042,10,"ES1 protein homolog, mitochondrial",C21orf33,10654353.8476749,43841290.3371523,11684870.4134131,14975747.427927,12137593.2380092,16984606.7426495,21615606.8176977,22717482.5360654,15593102.2275627,16544181.3259117,21213085.21999,28127584.3254313,36122954.5985559,30823208.7550102,12491570.667636,33889501.3341419,7736812.85546218,40928355.1478751,7991518.44587629,18970337.8578024,0,1.27601829118472,0.430687699073342,0.678937927195674,0.803765451171811,False
P30043,13,Flavin reductase (NADPH),BLVRB,380585104.511852,575704526.399335,431106263.230057,223344546.447677,392301705.721651,463684406.489294,456780130.718026,317380130.033079,270152825.864702,335925307.057732,519388551.59389,393761835.866041,291202466.656751,430005242.519427,220032168.138787,464418401.560542,400989573.190876,497734312.344162,429065684.269307,358923040.350877,0,1.0412159539334,0.704765023336227,0.785121265036417,0.384189980073287,False
P30044,10,"Peroxiredoxin-5, mitochondrial",PRDX5,219007638.605992,150670976.932832,174426937.891886,183524515.033398,181505938.235035,229295507.036456,203407828.401527,221919647.211247,238786956.095589,198959652.401342,129241249.237091,179271592.168866,181701443.657211,144958213.288344,209248119.953284,191579580.117243,194504040.605042,170668043.438893,184502216.205462,197476039.750693,0,0.890904597190115,0.144815074887971,0.497801806304702,-1.51545341762267,False
P30046,7,D-dopachrome decarboxylase;D-dopachrome decarboxylase-like protein,DDT;DDTL,80556838.2492827,74371063.4445513,145413595.754678,129188114.94665,104392113.914164,105934603.835099,49237898.8958907,50530427.0228797,81471503.4332046,49169056.1503604,89223117.7278765,90555484.3731909,43267182.4319208,27750213.8838446,23153900.7757634,92109926.7030524,48216754.6948379,60457085.7748658,29517650.2731054,113111801.061865,0,0.709396522577905,0.0507872631467591,0.343437740628752,-2.07395481962708,False
P30047,2,GTP cyclohydrolase 1 feedback regulatory protein,GCHFR,8554136.65927831,6129247.93768585,7067861.40075576,12318916.8845965,4359090.85417172,5822914.76768695,4029007.77704802,9911849.8984655,4589043.05834504,3741647.20038536,2939640.12330162,6896580.17946046,8201836.37537521,2667390.12523517,3009703.52844724,4167993.07378209,6415707.52244898,7852651.91646192,5479120.87095316,8093789.66810556,3,0.837662361139362,0.364606373652897,0.644379893917954,-0.927055301499679,False
P30048,8,"Thioredoxin-dependent peroxide reductase, mitochondrial",PRDX3,149451305.360974,195590298.290187,234428679.494039,210590030.413787,100383446.857168,181571481.218375,184837035.390965,201731863.176514,198689687.889677,203374457.318205,107149974.56168,171264894.125564,102948146.178912,180595780.674847,148996226.069672,123248975.755003,183177716.35054,150326324.374374,137810445.202568,182521466.204986,0,0.799742735457572,0.0556610413648563,0.35525066816155,-2.02796114369527,False
P30049,2,"ATP synthase subunit delta, mitochondrial",ATP5D,10154814.0069015,18638739.5115445,16487978.5777585,15261102.7019056,463518.856980766,12000907.959818,3386121.59292624,4727942.9559864,9745583.94753391,5625541.82419896,757415.131728375,6593994.45201873,874820.427688688,4635329.92531697,13513019.5212387,12671451.1382429,3699812.92446579,5991877.85772136,4400181.79331706,3809068.60849492,2,0.590171445250003,0.250314096307185,0.583149616570681,-1.18283417247744,False
P30050,5,60S ribosomal protein L12,RPL12,7276163.16827782,7241033.83365401,6790665.85491665,10205234.1638956,5432804.19275595,13261920.5041552,12686862.4336558,10075000.8540844,13466502.9736771,15223074.295654,14946443.1855388,11583609.2451806,11078733.7809297,14757255.2208589,13700800.7356217,12225911.5180918,11455562.8196879,14771557.6986077,13856258.4138181,12862393.5272392,1,1.29096477004635,0.0199148273744101,0.236659049950114,2.52310342288885,False
P30085,7,UMP-CMP kinase,CMPK1,7735137.70853258,7951929.49807591,6894731.37550788,12561036.5110025,18524283.1254269,15773599.6394836,23712389.521168,15407461.0351006,20082216.4046357,16507502.4330978,9169942.58035862,11706955.6744964,11381737.9964304,14627302.7014315,10385067.3142963,15809055.6725288,26206709.0516206,14604027.6544727,22087531.7091698,20781082.4930748,0,1.07998003872835,0.491791930518751,0.709261894965122,0.699912394593579,False
P30086,12,Phosphatidylethanolamine-binding protein 1;Hippocampal cholinergic neurostimulating peptide,PEBP1,611090855.507018,703449976.329368,678691574.606651,676616266.685944,671467173.753553,792977531.825504,903822829.102689,888056412.110631,644973290.490522,557425806.315564,482600791.897725,546375992.488711,624406018.064307,792175269.89775,711082212.124493,725658475.055589,632649701.286915,680461117.335517,765652083.455417,663324612.834718,0,0.929272586105403,0.368431093591665,0.645446865644454,-0.919537465764485,False
P30101,25,Protein disulfide-isomerase A3,PDIA3,238887778.304081,253382241.761413,176848883.190931,161863455.599572,219951670.107295,314570037.882605,299753666.548327,267576154.107323,284618402.313359,318506167.415971,213868612.25303,202155600.765601,211162854.368696,361115118.691207,286904831.551836,286432402.914898,277773166.146459,269204623.205023,335175082.306927,289646127.746999,0,1.07787192339713,0.357692809361841,0.640114833773659,0.940780105335328,False
P30153,22,Serine/threonine-protein phosphatase 2A 65 kDa regulatory subunit A alpha isoform,PPP2R1A,107138976.43976,91693934.917789,129750641.123949,69017064.2199925,95674755.763511,137243050.344549,202379343.214698,120723120.265552,207085263.309676,186875624.44159,67029439.335049,90087525.3321466,66794865.8873955,158045196.421268,109174754.84098,215494913.834647,148139705.344538,155981526.371826,115542062.10888,125218832.640813,0,0.928707145069629,0.538404332179283,0.729121446691421,-0.625640286048975,False
P30480,9,"HLA class I histocompatibility antigen, B-42 alpha chain;HLA class I histocompatibility antigen, B-8 alpha chain;HLA class I histocompatibility antigen, B-14 alpha chain;HLA class I histocompatibility antigen, B-37 alpha chain;HLA class I histocompatibility antigen, B-59 alpha chain;HLA class I histocompatibility antigen, B-55 alpha chain",HLA-B,6453798.69239021,3369750.51332883,3705576.30753925,8242443.85322268,6591755.75227478,3279136.64890106,2963779.12749623,13735593.0846274,1843251.11905244,7211070.32719618,4762217.73642752,18259869.9801725,1404635.55512588,4350963.23574642,4744258.41018779,5197599.19458258,6168897.76254502,3498486.54095004,4304093.93154277,4098744.92214434,4,0.989435038773883,0.876736883972031,0.825812662811676,-0.157042113547452,False
P30566,9,Adenylosuccinate lyase,ADSL,2522217.23763797,6355887.81782403,825102.074297323,1313066.61677703,2161838.93674679,5952371.82493666,4335894.48602112,3848988.64982082,4320027.28811428,6172790.90498109,1798116.18354641,2427223.63814618,1087049.73559317,880772.311083845,1677020.68364632,6004902.27653123,8912435.05363745,8890147.62125762,6247232.19519805,4691607.48938135,1,1.12717672758948,0.993786148763892,0.843797505224354,-0.00788280703226926,False
P30613,6,Pyruvate kinase PKLR,PKLR,3903244.2062013,4318335.63179989,1773989.10433941,2149908.17494476,1640959.28664434,844959.315366655,3985133.74426341,1087926.99667992,1282855.62046253,1014804.93081424,754637.818786319,3318722.23963761,3480392.81230659,828179.76204499,2508599.53424142,1408019.99522943,4611817.50130908,3849024.02416052,5761384.24678965,2730424.91304367,10,1.3294721972544,0.335741387465719,0.624406538866139,0.985590505624901,False
P30626,8,Sorcin,SRI,11252448.9374984,26128562.308466,11646900.5613055,7672489.92909811,18167476.7561524,8999520.36612282,11600317.5991835,4465012.31066801,10118347.4961818,7417139.01591379,10955956.5063922,9410034.17332407,11837381.5331675,15816750.4674847,18090023.9937506,6140989.21499899,9717124.61992797,11107156.8855219,15548993.5689094,15396639.501385,0,1.05578390008412,0.516394493706271,0.721090302628091,0.660244132105624,False
P30711,10,Glutathione S-transferase theta-1,GSTT1,326473.397520527,57422004.8336869,19975579.8083836,15849107.5088917,12215600.8814018,44011420.2520776,84476787.321381,33880442.6573555,31409526.7612973,55295572.2004645,33245522.016437,17313132.0358631,2501060.98412613,35318037.0740286,58750948.6243686,53803078.1047099,26951935.2449782,18252513.5814777,12094927.0236105,54734535.6925208,8,0.881935049784424,0.809649524225247,0.813589620325639,0.243985590266402,False
P30740,6,Leukocyte elastase inhibitor,SERPINB1,5888193.01677566,7325317.82415646,1873648.1342485,6990447.58864182,24612021.5713058,7253043.85709926,3019267.56217272,9114986.2836534,1313823.59747552,2246215.39591808,5292875.77610825,6599980.70633611,3669661.56237324,5431633.09877301,7781138.89652879,3422424.04443097,7925285.76302521,9013456.53699154,5138968.15007235,4187678.85041551,1,0.839541233977701,0.667998624575338,0.768339943129565,0.435106164509805,False
P30837,8,"Aldehyde dehydrogenase X, mitochondrial",ALDH1B1,4247900.32394603,1693546.68458107,9512619.86197268,5214543.3646011,794444.925841063,5214095.20541626,5914951.01721842,2249937.54690802,6999643.0949151,5041747.22839506,6433869.13969412,1483403.11045502,3480125.9813678,2128316.49758691,7425814.62789654,2258242.22268041,5017507.79534214,1984593.21826372,1787808.89695243,7179257.322253,1,0.835667088267032,0.625189163332114,0.757592051359005,-0.495917578029674,False
P31146,11,Coronin-1A,CORO1A,26655813.070282,15590992.9805842,5520316.48193355,26523988.8945436,15603741.6665932,27964581.3319234,16269142.6932635,15220266.780759,9073937.91393406,33261753.7814886,20154913.4733521,11153790.2184642,22091003.7514535,16205843.599182,23175584.5187637,16348567.4663432,13922762.9286915,13213613.3287833,27433633.8515102,12774113.0886427,0,0.920647175199191,0.996397373593865,0.843797505224354,-0.00457020984040118,False
P31150,20,Rab GDP dissociation inhibitor alpha,GDI1,47498557.3454907,32632710.0406682,60556445.2029027,44315457.8706301,47399862.8588424,60941644.419448,69840779.5739771,41460951.2689516,52766191.5146887,55789262.858774,40846670.6774033,42513943.6306009,36855825.511777,48623646.2102249,52789795.1257618,49097084.4746311,33698058.3822329,40424914.6091546,47865614.8024055,61240073.8781163,0,0.884555688650467,0.28860195039194,0.603321843609166,-1.08922622380079,False
P31153,6,S-adenosylmethionine synthase isoform type-2,MAT2A,1643312.15511671,836516.110066468,3515883.30153661,3794576.60920105,6173388.44565864,3471863.19007303,3590906.26440046,3425139.64090784,3870780.04739017,10230743.5392136,4596530.49767558,4129627.78307275,1458084.58896942,6313628.49239264,6774579.54645299,6618011.33745704,7500324.23097239,7902570.76717627,3763398.99782963,6027828.17313019,1,1.35833195927808,0.134923501851672,0.486433579823015,1.55590483992429,False
P31323,17,cAMP-dependent protein kinase type II-beta regulatory subunit,PRKAR2B,295557046.507871,201115309.432395,297086748.198371,222966234.531417,227651934.510564,261818939.861897,315894248.593237,160068261.246899,297010271.633276,93424474.44159,176537802.540262,288416952.319961,273739921.79345,181574246.703476,172992901.656715,201228831.667677,206126536.571429,263659974.028574,149362961.213601,230644261.680517,0,0.90377235638174,0.62100861851487,0.756189145336418,-0.501955444641316,False
P31689,5,DnaJ homolog subfamily A member 1,DNAJA1,1782555.28679277,306082.348040931,981919.126047118,1090186.85354076,1962338.3926459,1331709.89219993,1601634.74992529,955019.561724836,1372508.66966131,1836945.64101192,1306345.90753951,1611031.94203181,336256.378345801,1334306.60388548,338318.534105983,3140532.36814493,1097989.31006002,6566497.4050414,1290214.05954965,4786392.80240074,9,1.64950074887042,0.497598498688267,0.710395741296083,0.690450200279693,False
P31930,13,"Cytochrome b-c1 complex subunit 1, mitochondrial",UQCRC1,25026511.2201773,45802832.7545041,27894559.6635845,35230567.4244571,33119372.5109608,24405838.6618314,12860211.9530487,14783193.9575485,38598657.9934417,14672890.9034468,9386231.64411423,25492947.8746961,23362661.142946,17921216.8556237,21951175.8306778,15150911.7335759,11131568.9166867,10838428.4898535,10019504.742268,15997344.7414589,0,0.591979319866144,0.00536382462137189,0.174374622303767,-3.11073262397292,False
P31937,13,"3-hydroxyisobutyrate dehydrogenase, mitochondrial",HIBADH,65672096.9589268,67705905.7722582,79892943.9614092,116757866.269554,47364861.6570094,82213189.7792192,73068895.9829591,83097075.1428834,76921941.1131075,62572857.3624492,31616371.9666279,69353964.3517714,45673020.7401498,54307922.2952965,34939737.8878817,38380143.6179503,67952560.5867947,53225230.4686505,57713564.2593597,77275253.0932595,0,0.702317622772511,0.00856812941504966,0.179922858472445,-2.90482870164072,False
P31939,26,Bifunctional purine biosynthesis protein PURH;Phosphoribosylaminoimidazolecarboxamide formyltransferase;IMP cyclohydrolase,ATIC,63023424.6407062,65981383.0636697,57267287.2322638,42426060.0717115,60961799.122034,62631483.4659248,94189336.948611,58796169.648075,56211735.667056,51513837.7346036,52125043.73651,77118567.9778858,79104570.0884286,58478633.7423313,56311234.9890171,79166177.364059,52040959.7382953,65554421.2294112,49227915.8857841,58596970.8217913,0,1.02401617865556,0.793308138601523,0.81186965806444,0.265432220294429,False
P31942,4,Heterogeneous nuclear ribonucleoprotein H3,HNRNPH3,7389348.88741696,8408478.49571454,3607448.45929406,1143042.43269815,4789811.52614069,9938614.59289329,3120291.34907251,4166531.93080952,11615278.5935675,12112704.1850425,8160955.64951021,7562407.45086546,8949364.70686065,8411750.1398773,12673424.9922656,11163511.5431575,7716888.57666266,8365191.8027573,11460400.1189184,6964198.20867959,0,1.37918169910446,0.0473358065402869,0.329870541840136,2.10899051485707,False
P31943,5,"Heterogeneous nuclear ribonucleoprotein H;Heterogeneous nuclear ribonucleoprotein H, N-terminally processed",HNRNPH1,23179808.0854034,18288113.8044429,10388895.2966208,12202180.6361507,22069287.2028465,13306487.6877985,36132177.5756634,10258760.3514656,44091882.9907466,51551183.5163777,17033151.6636228,26258453.1268091,26499601.36564,37859755.4687117,36587702.3559076,40718783.6765717,27144586.1392557,26053047.8787879,34206264.6717309,27350341.8975069,0,1.24120265893195,0.088420572691216,0.420296053849352,1.78823724793383,False
P31946,15,"14-3-3 protein beta/alpha;14-3-3 protein beta/alpha, N-terminally processed",YWHAB,189235740.45545,172305155.177541,123325454.627385,112023562.860365,113786848.264998,243925746.190804,176741861.662377,122672344.840577,189597279.709819,177079025.6155,110538606.665283,109774264.642671,132192222.757511,144400181.881391,158088942.301148,147406107.475238,149126944.384154,166807198.766949,150622160.105806,139184399.76916,0,0.8688511716219,0.240432920810805,0.582278529800281,-1.20870854269626,False
P31948,27,Stress-induced-phosphoprotein 1,STIP1,64070574.1618632,92731917.7803043,66808189.1651479,62652776.8973195,74052248.6075922,61221515.721494,83348771.3100204,76559873.9580079,66679339.1007097,81333777.5922358,58941097.230616,60963161.1996353,49392972.4100165,77038911.2229039,60179614.7402778,88943884.1034971,77065674.412485,84442795.9009009,87425587.5158257,84277949.5383195,0,0.998920657587104,0.901895677284287,0.826708499711055,-0.124791125214515,False
P31949,6,"Protein S100-A11;Protein S100-A11, N-terminally processed",S100A11,152965959.463127,85972769.5338464,101965459.63516,76583302.5451812,202854612.458966,231908523.458402,171201312.430106,108469624.809336,147056899.056689,169383127.014201,115989277.260501,142240613.718594,194645460.269342,165712395.067485,202641806.252514,99696339.0418435,142377819.313325,105212269.342069,178476653.721288,82492427.8855032,0,0.986966977957991,0.965888398345097,0.839800241506769,0.0432872118439034,False
P32119,14,Peroxiredoxin-2,PRDX2,881163640.311991,1642955236.40021,1411025331.22377,859524673.741434,1669722038.9742,1419650495.63903,2165707799.4586,1523915794.40412,1137180690.63876,1015871953.15065,1441084071.20206,1371958529.58203,748564459.328267,1529311825.68507,687432476.425456,1969595856.8021,1400263954.18968,1936545261.44326,1299679178.73937,1470101619.57525,0,1.00931173658934,0.999649409639976,0.84394195016687,0.000444749341254926,False
P32455,5,Interferon-induced guanylate-binding protein 1,GBP1,20614472.926306,10015751.9025338,13867327.7850141,3747315.16723764,19359492.0974718,3744306.62817847,7090575.93964676,11654130.3666268,12206327.1031354,9055685.19125098,11601565.3975594,8554183.7472557,7650919.61991941,13687058.002045,13651650.9181543,1876050.25445725,1887690.7927491,1399768.7951588,5987786.51740821,2117270.24838412,5,0.614374816512971,0.0101316846993744,0.183899398151153,-2.83022266633054,False
P32456,6,Interferon-induced guanylate-binding protein 2,GBP2,2331507.99958642,10786731.2621932,3197905.32195228,4486130.7921233,970315.670580978,6883640.26648404,13218522.9213633,3118072.36864835,7700673.64248495,15697899.2353529,3543730.15069791,2157615.77508105,857913.853863003,5564412.03551997,3747095.34874548,6270351.14651304,12344975.4453782,8255319.30680681,5901670.83478025,3351868.86334257,3,0.760255721559671,0.525318396527846,0.722607921400871,-0.646118319681013,False
P32969,3,60S ribosomal protein L9,RPL9,2470928.30265158,1885722.76149133,2868677.01581755,1444394.89627852,2985980.28338715,3794312.06934972,4224986.87242951,1499582.51604954,1562752.40867847,2690563.51013345,1500881.63588743,1936349.59266817,1654797.25064226,1902046.22846626,1837624.94013551,2163612.79134745,2612772.99284514,1998437.46522034,1815151.05774183,1927434.11726685,8,0.760940053565585,0.2229033910079,0.564550493478806,-1.25666665248235,False
P33121,36,Long-chain-fatty-acid--CoA ligase 1,ACSL1,257294420.40608,217510534.804093,586345144.172087,340383444.426452,167180152.214193,275149302.826647,297995288.648265,142010026.527612,272218137.418022,155525174.420181,83275944.2603354,165435693.354174,180197794.714568,48895782.0744376,69451583.2472233,152030494.279361,277961639.054022,403934495.754846,52099565.439953,234049364.312096,0,0.614886121813252,0.0132402282678724,0.200846196860595,-2.70992680074513,False
P33176,24,Kinesin-1 heavy chain,KIF5B,12600820.0164138,11142378.2398985,9877474.20218369,8691554.14238209,7414283.9953513,15708605.8300038,19852252.376409,12694861.7256271,22713389.7412631,15937979.2610433,11749740.4735182,7188175.46630775,11380474.4258904,15523975.0854806,6348710.83392631,14045441.4893875,20132496.4878751,23215242.004277,11472231.5179056,15559925.1246537,0,0.999874213799441,0.923708112293519,0.827857818900173,-0.0969407276968892,False
P33241,6,Lymphocyte-specific protein 1,LSP1,9164991.84839043,1812301.73176491,4589974.04436707,19846243.1269699,12533873.2719287,5024419.39407703,3285761.34485666,4120420.31861619,4184858.5238523,7633211.03903518,484005.723084887,7161958.17583848,1092154.56057492,1911219.34748466,9432998.77140487,5902515.9347079,8553618.5372389,1237001.02639003,5119784.3817146,2087334.55078486,6,0.59535927858186,0.08249440841413,0.417224105855535,-1.82504436483418,False
P33316,3,"Deoxyuridine 5-triphosphate nucleotidohydrolase, mitochondrial",DUT,1377599.47385427,2214629.84392816,1299678.34928186,1504492.4464043,1759798.66133865,2399332.69322754,2134251.16537008,986520.989385065,2942817.09621777,2899032.99910797,1158837.70400133,1005149.18902736,1311788.39184402,1615916.65076359,407292.972689726,450567.909710936,2265982.84292917,2113835.09855661,1603408.09273829,3111055.75715605,6,0.770761150192921,0.133999592164613,0.486433579823015,-1.5598072631707,False
P34810,1,Macrosialin,CD68,3191764.46834146,950562.448150296,5342967.58422927,6352829.87606627,56852.5992528312,2025154.04722197,3118881.32905831,3335835.95993752,2962546.69845477,6292697.54003425,2379441.09670926,3421723.11657894,2112816.29999459,4697019.15071575,3836805.03820337,4055481.44059026,3717313.98016807,4846380.55086905,5992857.11697414,4374328.92059095,6,1.17258573261103,0.19912534659284,0.544755748559004,1.3265985643458,False
P34913,9,Bifunctional epoxide hydrolase 2;Cytosolic epoxide hydrolase 2;Lipid-phosphate phosphatase,EPHX2,7999466.38819622,9049761.03448388,16980207.2851932,18696863.6662815,4903668.37680936,17704844.2640286,18159398.9358303,14038710.3863824,8044493.29111965,19494498.0860629,14655368.3766395,8461673.2496816,11133012.0956111,10570490.8155419,3033844.76232095,13818755.8617344,24185561.4905162,18753160.0673401,1627408.93068367,18882057.4192059,6,0.926331251858244,0.462810842044311,0.69086707470759,-0.748140708457358,False
P34932,30,Heat shock 70 kDa protein 4,HSPA4,50241436.887068,63012915.5387441,53435926.0237096,32218123.6798427,44929189.7882747,86791937.3368628,64831061.4058756,36807714.2768538,57157917.0168898,73857952.3478199,32025986.8362942,30087331.8701517,35887930.4781092,65798782.7190184,49832132.5805154,52977186.8012937,67223798.677551,48705320.9022659,51589125.0836499,68360920.0831025,0,0.892069294605461,0.394219838373069,0.659921438088902,-0.870151346072348,False
P34949,6,Mannose-6-phosphate isomerase,MPI,7220983.67028976,1897547.09598566,2385069.22868561,6242687.06387531,6750496.49705876,12345507.7904889,2649095.83726813,4479266.55205366,9020206.23124607,11644548.1349461,4696917.17217334,5291364.83453161,8942288.71183645,4024705.96932515,9161670.53421712,4511346.23780069,5130412.04187275,5830725.86095186,3266480.24036896,6026036.01385042,1,0.880043141790854,0.991002606999456,0.843797505224354,0.0114141061032496,False
P35080,1,Profilin-2,PFN2,3423707.89806653,3684633.12686501,3583072.75176819,1647494.35075037,3178520.90528542,9777589.1138962,123222.441845228,2519480.09937517,1925189.39955979,6048514.08139008,4192501.28532293,1801635.80238573,4081585.55842505,5050619.90085764,4088108.34699749,6851346.41018799,3215698.98855237,2622662.08785072,2272896.25542594,2853051.19713758,7,1.03115113617001,0.39085733887471,0.65797460515182,0.876467887254461,False
P35221,19,Catenin alpha-1,CTNNA1,12818221.3010831,7802852.27435718,1533966.39969402,2396011.49934939,4872373.18458217,21519582.9592148,29836023.5004881,29897841.9617752,19564209.4012218,44828942.7970456,5537248.28357961,4456836.49697522,3397741.18215744,17287507.2167689,18077013.7479504,18573864.7111381,26982140.4427371,17588103.4152334,17179191.3293543,21491972.3407202,0,0.860065102103108,0.694583895670085,0.780138355209777,0.398180182108879,False
P35222,11,Catenin beta-1,CTNNB1,2353972.79900225,1252363.10254504,14874018.3020658,12640636.0406003,4417917.27017169,7566871.10858781,1832113.65256945,11148362.4042084,2123492.89098015,17205068.2855206,959740.0521999,3330624.08808035,3903214.38266165,3514446.10665153,3660071.26017078,4651740.20319385,8184570.63442977,3931088.23359723,1255733.98250136,5456593.99676824,5,0.515121896131162,0.234973411119366,0.576012803632395,-1.22335088363844,False
P35232,10,Prohibitin,PHB,18544329.5822886,26269139.5150429,20239649.9732473,25886263.0928491,15991637.3386724,9256312.23378209,35899938.9850892,28262897.6486263,37330086.54748,24848282.6589595,6932421.35480657,15412893.7333565,13418866.4210768,23785897.6147239,16654560.2071281,25827049.1772792,26782897.6547419,21108785.5610156,18373317.5271297,23641235.9510619,0,0.791403465838093,0.206114570800922,0.545341526457681,-1.30539776575427,False
P35237,19,Serpin B6,SERPINB6,38269872.8112803,18993451.765349,37960476.8354875,52334589.6041408,35703284.7639296,36664466.9723013,38783844.6258986,52365445.9289718,44348787.5985985,6006802.24277457,26246383.088162,33757970.1285168,8993589.67576192,24440246.7713701,32300103.5733069,14625001.0774207,41245949.585114,53738025.4768405,33386517.7419063,40517402.5023084,0,0.855629898414803,0.607276072063555,0.752218059563864,-0.521924729873074,False
P35241,16,Radixin,RDX,3009800.00775454,4623028.55396187,3376660.51047536,5344142.21819969,6149148.17712853,7565677.34474022,2111048.78831987,4295077.71005237,3479630.18857246,4716736.99974838,2901006.95099166,3514561.74583189,1555859.67735742,2431717.40912065,2018322.79847168,1912622.20238528,2070419.76408163,3727926.16484666,1967899.69153554,3129110.10249307,3,0.564784188053188,0.00830563723678573,0.179922858472445,-2.91861997686413,False
P35268,2,60S ribosomal protein L22,RPL22,2226551.49048776,9272374.46868987,6842386.10614142,9105914.33043433,2733799.75258322,3515103.96944127,6372212.21358836,2767469.55191583,3373929.89403468,9764588.155998,6507756.24182301,7901745.37976149,6134382.25776792,4287133.61591002,5516199.66099991,5115916.80675157,3667682.78117647,8240607.27755028,8005378.08468982,8968761.55124654,1,1.14955487156944,0.29023565870212,0.603321843609166,1.08543979044757,False
P35270,10,Sepiapterin reductase,SPR,22906848.694652,8132064.47673605,23036606.157306,18381635.5654512,20500615.6924585,33283462.4750726,38234766.2438981,39009393.4884683,31886395.4451532,31194398.0047099,21835265.3818695,20022155.0393655,1443528.2563482,25147341.3623722,19417069.0653714,25644945.0563978,44228308.9747899,36663567.4761125,16704245.1700127,25748682.511542,0,0.888541459933937,0.348246864941959,0.631383949295911,-0.959825431723201,False
P35542,5,Serum amyloid A-4 protein,SAA4,5921165.5449505,24171923.7471576,3154310.30656947,5700771.27158723,3636007.20218555,6422184.21917692,6697429.18274607,12106659.5961591,5218689.68107088,3571857.2711054,20603317.6299186,19582598.1366505,6516485.98907488,3900333.76396728,3149686.19980767,12238001.4182333,10143432.3870348,7881480.69055419,5067134.65622174,10185438.5734072,2,1.2959088263503,0.320768424053196,0.618038991134543,1.01732834882901,False
P35555,106,Fibrillin-1,FBN1,895391346.60868,2562346513.59979,626080672.529971,1250591106.03476,849726235.795016,118900205.624197,399674320.142895,512723345.263255,532254294.901626,441847280.614429,128671822.505396,3755844673.35302,1402285313.92141,502763364.867076,773184452.077468,366331530.475035,282790135.447779,921500283.374283,913299491.81588,300206592.243767,0,1.14131965900221,0.941688247855499,0.835397093460128,-0.0740435572858759,False
P35573,4,"Glycogen debranching enzyme;4-alpha-glucanotransferase;Amylo-alpha-1,6-glucosidase",AGL,4761692.0267144,1541935.80190659,965192.458291122,2452104.1008119,5705928.10684209,1527089.24192209,4367163.75339487,940608.193604704,2227262.20317132,2292097.35638336,3207377.06443988,916618.152852553,2826408.98157157,2465657.94948875,2205221.02578429,2247134.62692541,1898191.42617047,3645351.71162071,927750.700578767,3937440.31394275,6,0.906504072225044,0.937834272196603,0.832868896373937,-0.0789476282048941,False
P35579,85,Myosin-9,MYH9,324290249.631659,303973689.942277,241006995.435317,222133948.315646,231913845.557294,204743763.904364,310328816.654833,268117128.328586,376936149.631659,170596864.921858,214970228.000996,208688092.581336,248145036.934476,340215695.860941,500894463.307861,214459716.135031,265298054.645858,206325580.24388,120037993.724001,314065957.34072,0,0.992109907126711,0.734640567261081,0.797221050814768,-0.343573149835446,False
P35580,44,Myosin-10,MYH10,14245823.0704112,8271170.52649991,3359941.27518518,10729358.3015933,8448466.56480645,10783666.7565592,19943488.9655631,34003235.2186897,32435466.0776211,14422140.6543924,6445227.91133986,10867740.111005,10377199.4171016,31150383.3333333,36554453.9499737,17212239.7077016,17786457.5337335,14612531.7176267,9869922.05507325,31947562.3314866,0,1.19267383411671,0.365514145126315,0.644379893917954,0.925266229741223,False
P35606,6,Coatomer subunit beta,COPB2,2370640.23082689,1044522.67032773,1523670.81218184,3388161.52201949,2115925.59551874,1323777.93904454,1823238.82071536,1168933.66254709,1643349.93271045,2833944.63658745,3466210.67740329,2547269.8247985,4428814.74282701,3391351.03780459,3910879.88754138,1179294.19692743,4267654.8702521,3328745.44039494,4412604.76225357,1712507.75623269,5,1.697081086621,0.0207432956658572,0.243169194928517,2.50419831830496,False
P35611,20,Alpha-adducin,ADD1,59863859.3035128,44204175.6843624,33935360.0030097,38241930.2778822,44387700.6069753,47218665.7892682,44960561.7116357,42122141.983828,34150682.1359267,50148716.0329694,19543594.3118047,31585882.7877156,24433410.8185727,28841050.6204499,50870061.0787984,34915631.6086517,41734184.1647059,53381705.2306852,47497151.2339483,51620161.1218837,0,0.875212332567282,0.167141159958226,0.521118528909864,-1.43187708523617,False
P35613,7,Basigin,BSG,19057638.1710911,36276275.0808991,8326491.68358219,27981030.217737,19671087.2090154,11450582.8260792,6709206.99698234,22507103.6722411,14085256.882131,17631877.2200814,6499532.91300017,21148773.1930937,16170164.9149517,22976369.8613497,25054842.2454599,9491327.22983626,14692809.3795918,4214868.82104832,19738999.0102188,25796473.4256694,0,0.902489246697687,0.611265819954802,0.752555933614109,-0.516101136357135,False
P35637,6,RNA-binding protein FUS,FUS,7190547.49043606,4522254.31227042,4396533.86317655,17026198.0140531,8037860.0894922,4525691.3866396,3617198.99054762,10998950.4764311,9854726.42799389,13818606.145365,7034879.04615941,9142242.58336228,4945615.09370183,3163426.53615542,10407473.84873,10743387.5132403,854069.468072029,3233499.93306943,4927439.6381805,15320306.7913204,2,0.83073616780282,0.345088440855678,0.630480965769172,-0.96627201931715,False
P35659,3,Protein DEK,DEK,5058444.78028795,3175083.32622005,2479759.4771515,2016186.33542492,3907369.46110291,5973063.73162821,4094775.62173159,2953976.85486539,7872447.11557812,9913304.39413402,1582137.434086,13527295.4330017,8057283.90559507,10739429.0907975,7167344.41133249,2178222.19611886,2035238.15466987,10737021.8406971,8996088.72987882,13078780.166205,3,1.64611256741828,0.222836089289278,0.564550493478806,1.25685625096611,False
P35749,29,Myosin-11,MYH11,2269318.27688305,82916.0326001399,2088453.97557716,5278748.30124628,5747685.1317599,914263.938740606,2761316.84192775,623489.839135788,2118576.18586803,1864550.2242699,16693831.4416107,2979910.65678586,1164784.5952162,10968757.0662577,29050433.2889893,1681176.17655145,5059404.65330404,316019.490868141,17383569.6913128,2800680.32040628,10,3.70951976838028,0.0713001428649616,0.390368878960808,1.90135867810473,False
P35754,5,Glutaredoxin-1,GLRX,20339097.9657249,27482026.5764387,35440091.1791262,59431721.1531677,46621600.8416136,28585338.53267,51337999.293512,25548580.9606726,26278151.0645944,23419139.6171412,41412994.2661464,33864816.267946,34634468.5023933,60852942.7149284,33617029.5648609,62372550.4487568,37433411.9121248,70373673.8188188,26778681.4075782,30383737.4192059,0,1.25325014561959,0.161781922621052,0.521118528909864,1.45107016841771,False
P35813,5,Protein phosphatase 1A,PPM1A,2285008.2803655,4606191.98154627,4015897.81488789,352565.088130006,737310.611084183,5278425.81275859,6355374.91577172,2771762.99811633,3698334.92826341,5528442.79158638,3707169.72762743,4405715.54464941,6531888.65577889,6741630.93725971,2840136.65818457,5523044.19401658,6813654.60441777,7532814.1012376,3709312.60245976,5959394.23915051,2,1.50900349695226,0.0309340135034263,0.27325797600272,2.31600400311484,False
P35858,6,Insulin-like growth factor-binding protein complex acid labile subunit,IGFALS,1328201.07083775,3420194.39745496,1770676.39540522,1948630.63609288,3763658.64416489,2050090.44759384,1895873.52655863,3312789.97767472,1767940.27194322,349603.199632484,8492560.93214811,1630958.98148952,4202210.64102552,3366222.360969,6226559.08169106,967569.820699414,3410923.1556328,3522871.05420921,3074415.69365787,2989587.18374885,8,1.75326164041208,0.05883588378113,0.360164087505981,1.99990256958092,False
P35998,11,26S protease regulatory subunit 7,PSMC2,18384901.9735312,2421033.72861641,28975841.0487067,21204923.3519359,17101381.3262024,14262825.1701453,33078240.1096121,28303256.042911,19884920.3822657,20995665.1355884,20075783.3280757,7095395.14776543,12222770.5478785,20045558.3349693,15065864.6366365,20097192.1289671,30489531.5034814,31391048.3205933,33790475.507325,24441733.7626962,0,1.04937303850705,0.636222427496747,0.7585186811081,0.480071283991001,False
P36269,8,Gamma-glutamyltransferase 5;Gamma-glutamyltransferase 5 heavy chain;Gamma-glutamyltransferase 5 light chain,GGT5,2054200.58314162,2046460.85783628,5141663.73695559,6806047.55174508,4163907.68159686,19055123.8160799,4931088.8167214,4603261.27832399,2972957.21197556,2471757.24227503,2767538.0417566,5360376.98875149,2389285.53415452,12928746.8298569,18069785.8336169,7345672.20222357,1791031.11587035,1087754.71803622,4748278.45351782,13759136.9298246,2,1.29497105031553,0.699669475555749,0.783727858983189,0.391181969515071,False
P36405,5,ADP-ribosylation factor-like protein 3,ARL3,4468321.07090237,2946318.4417964,1185721.91659839,10679204.9504092,5105507.3891485,8044509.28805115,15339358.9074288,14809813.3239915,3371327.26565448,8516172.02240776,1062221.34819027,3004134.74557138,4166749.24126098,1378949.11644172,1934912.6670637,5399651.65069739,2573283.4312605,5137389.59200109,2558741.26782791,6688072.92705448,3,0.455294900760587,0.0196795823677003,0.236659049950114,-2.52860584846643,False
P36507,6,Dual specificity mitogen-activated protein kinase kinase 2,MAP2K2,760832.029247551,7117570.16207588,6455184.17674384,2040290.20894659,4606509.88104558,4630609.96479998,5046710.4578858595,5032886.6262969,1732762.81093343,12697565.8031828,1465040.33479163,4932484.01725285,1633041.2184738,1661813.50373655,2406317.2398911,3308930.10685264,10691798.7990396,6404665.08321958,1440810.86665762,807865.577562327,7,0.693378439117084,0.24094460140704,0.582667104874585,-1.20734917847749,False
P36543,6,V-type proton ATPase subunit E 1,ATP6V1E1,2508431.532827,1689296.67601015,1302256.54911632,978379.468918255,1723887.9842249,2682254.72510627,3312219.95571137,3630568.00236139,2160601.33433654,2859486.48376508,1814562.8411921,2690934.23935839,4076227.07238829,2711344.65386503,2062913.48855805,4698664.12811805,4761543.63707083,5904626.16976067,423851.417715681,3248985.64542936,6,1.41782775301906,0.382068081550003,0.653426042412958,0.893148276933559,False
P36578,13,60S ribosomal protein L4,RPL4,11949944.7258123,14151711.2318524,6656443.20898891,15443773.3128994,18443450.7125698,18008590.8430264,14290138.1321559,7104365.42796104,32396006.8731471,21565188.3076429,6273003.4775029,27234945.6922253,10489151.7669488,9630246.11615542,9869427.90574823,15455426.0933899,4941669.88729892,13950065.1979252,7580208.311087,31316987.7700831,1,0.854580733282213,0.362810561143744,0.643263472980514,-0.930603387458816,False
P36776,10,"Lon protease homolog, mitochondrial",LONP1,642070.538572389,3708704.59467378,4352938.84779374,1575939.35401787,1780614.08195818,9679833.11882137,13444126.1236354,1661134.33497197,19980629.9420537,9511837.2400628,1052415.4164619,530335.546746555,5445477.55978646,9399389.28752556,1255127.32400303,2664009.4961795,11958157.2398559,2921655.93720994,5458077.88275457,2517917.41181902,1,0.65125079143919,0.405053065972511,0.666605052619602,-0.850035249646263,False
P36871,32,Phosphoglucomutase-1,PGM1,324857908.541629,357343989.881056,484420310.716137,322678446.745511,282294987.254621,319238980.930955,415002067.120795,225826683.253698,474610274.067918,279086360.975523,223333198.256683,303375411.840049,212979868.805268,310739406.748466,264989795.292826,223126663.298969,508087059.188475,483124331.845482,333527137.448001,225639490.951062,0,0.886256327973758,0.263087158079346,0.587927183588789,-1.15049783920928,False
P36955,9,Pigment epithelium-derived factor,SERPINF1,12875565.6767142,3514845.64020495,4450129.16882639,234131.840517017,2308723.50215954,15692688.9787026,15958938.2901393,8137540.32164844,21968702.2015093,10301433.7690002,8245205.98065748,2821549.57059743,2529162.79293653,8384995.20940695,5521692.87589333,11743071.1311906,13561074.4441777,12133597.3082173,8501705.27220112,18056336.6251154,3,0.958673547539402,0.430954108475632,0.678937927195674,0.803293816051101,False
P36957,9,"Dihydrolipoyllysine-residue succinyltransferase component of 2-oxoglutarate dehydrogenase complex, mitochondrial",DLST,18860769.2299739,23255719.9763862,33335342.5869881,32342426.1666137,17716784.8101963,30948990.9508974,36771663.1232804,48409464.5998346,41998866.038541,43057018.8296582,12264551.8892578,11716828.7987727,11080502.7796858,44199145.1370143,17793679.5060793,21523044.7269052,28069000.8763505,33106317.8587679,41846813.1176524,35236506.4912281,0,0.786160738460246,0.069993177591341,0.387121936640409,-1.91094263592055,False
P36969,7,"Phospholipid hydroperoxide glutathione peroxidase, mitochondrial",GPX4,40272380.2000672,55234582.5446038,35179146.104971,42691959.3042824,23275799.2189738,47578121.3478202,36696185.5813437,23264467.5820086,35997708.7283263,23647215.6415471,23718873.153744,39891479.524864,38844685.541794,27380231.4167689,23645398.9504378,40535923.9369315,23219862.2117647,43497432.6267176,14179931.6861096,31448412.7839335,0,0.842030236150043,0.257607384559799,0.587927183588789,-1.16422385059614,False
P36980,7,Complement factor H-related protein 2,CFHR2,1554056.84991082,916898.114758073,1210922.93936911,1432979.68827705,932926.151446386,1802052.84815022,1041507.1363717,1465181.45038133,379152.581542539,789329.773353315,1434815.72243898,3038785.8953745,3488929.63341212,1103755.54588957,2109180.27284528,3704118.71772792,5009789.38103241,705318.493934844,1517461.43009586,2990250.94644506,6,2.1780815297603,0.0119297310873919,0.198716972458467,2.75696694823527,False
P37108,3,Signal recognition particle 14 kDa protein,SRP14,2243581.25778685,1491344.35372573,3530631.78719976,585724.126576642,5907371.62636129,5221920.99063935,5884096.46161356,4097493.31590554,5310957.05493666,4576392.11193178,3584130.10957994,1870213.18484427,5266814.72497904,9520168.68793456,4190021.93909909,8383384.51303073,1700294.87322929,1685830.52544384,4646021.36227166,3026558.76592798,4,1.1293175950096,0.638505796137351,0.7585186811081,0.476807528310697,False
P37198,2,Nuclear pore glycoprotein p62,NUP62,4849941.31784838,1010030.88306804,1453631.59637294,4142689.78929604,2335415.08973189,3614319.00921872,3323334.23111742,4985721.46586419,3043647.95701195,2351317.09605366,1137172.35792985,2451472.5152327,2571618.76308175,1673788.45022495,3336405.25631903,3723462.55795432,2018096.09498199,1820464.7993903,2599104.82750045,2696270.44829178,6,0.772350326636728,0.353829842434382,0.637326893269548,-0.948527013202322,False
P37802,15,Transgelin-2,TAGLN2,271039012.736837,175378238.298058,229944174.32742,325791413.370731,317419722.741193,334519158.180102,490894320.826307,422174564.89479,508956573.111131,448636210.229787,215870139.457081,250479810.408707,223844048.308499,397096678.0409,391232547.040807,315629511.75662,386127138.194478,278057352.948403,396047630.095858,329651105.44783,0,0.903335811206566,0.471813843797345,0.696510122357518,-0.732972626846372,False
P37837,12,Transaldolase,TALDO1,96134848.0807506,128946894.660661,110293826.373167,85287719.2927161,85380284.6361453,88964587.5394758,68848789.02281,101969347.261784,104021179.453778,88682893.934204,98647362.8731529,71874992.2491895,62455764.6529111,97105109.0756646,91259646.3740989,70441047.5556903,97350744.2064826,101589538.438438,104885352.021161,64592739.2566944,0,0.897417884082484,0.270930636223777,0.587927183588789,-1.13121491842642,False
P37840,6,Alpha-synuclein,SNCA,8798350.76905679,20616628.1157075,16033277.8796796,5421101.67087876,8166603.94533918,9390544.34642216,18171840.2888968,42159065.6211523,6814268.78964154,10264087.9872261,15678629.7650672,26203001.3329281,6064885.87806593,23186587.1721881,3547749.47142901,21833604.03679,35534322.9959184,23247557.4442624,37223271.4134563,14142791.7682364,0,1.41708993691161,0.2312844521167,0.573518903263941,1.23339164337474,False
P38117,11,Electron transfer flavoprotein subunit beta,ETFB,42906559.0993098,75550440.8229841,97571582.0990854,86518854.3573432,31748148.9567957,58291488.6777991,45211877.0435786,54989600.2467151,43880314.4901626,42079359.6139299,31633439.252864,71596380.7970071,40108256.0818302,27635549.8961145,54381381.8619868,23540546.813018,31956030.2223289,30011689.2770043,26989111.2895641,29847417.1606648,0,0.635336380329035,0.00577869760537802,0.174374622303767,-3.07820683326663,False
P38159,5,"RNA-binding motif protein, X chromosome;RNA-binding motif protein, X chromosome, N-terminally processed",RBMX,14830390.9691886,9124441.47804793,20400592.1447322,9349492.60931672,10669189.8764018,16898390.464768,10983226.4870862,14157209.5015161,7413544.96312101,10865621.8293727,2493530.51909347,9948187.07052507,42529257.2365397,19680162.4274029,8426880.76307892,17065649.668486,9927137.28835534,10200623.7532988,21771464.3362272,17549885.687904,0,1.27989486372272,0.792928111712683,0.81186965806444,0.265932453212023,False
P38606,18,V-type proton ATPase catalytic subunit A,ATP6V1A,25672676.149611,26028850.5689173,24672591.1431772,14141299.4297776,20646591.2930446,25864883.3644409,24530201.1294045,23129653.3713131,29496175.1230797,49899966.4507957,18992786.4378217,10699085.5086402,17878764.9991887,25112942.1660532,12383585.6274944,39942763.2112391,33568819.8170468,24593750.6415506,29737376.2542955,28869694.7091413,0,0.915544248936341,0.404471883221523,0.666605052619602,-0.851105573945738,False
P38646,22,"Stress-70 protein, mitochondrial",HSPA9,63365227.7716029,114480519.332692,99910712.4943569,106366178.375502,48171948.1933949,112049327.543308,132550175.570249,73086475.9818065,125110864.908813,104448148.954542,33129154.1557363,51022412.7843869,47138762.5665919,94666588.2699386,73123363.7286143,92208157.141702,91804255.7839136,85559379.3930294,91921519.1309459,95940260.1108033,0,0.772315758532656,0.0590990934491459,0.360445270147628,-1.99763745833643,False
P39019,8,40S ribosomal protein S19,RPS19,5749297.75157029,7149740.3803131,6628004.88354206,4593463.28722205,2350433.64780013,15825329.4062125,14340732.9679595,6091369.73141597,12951854.2004312,15316438.7500892,6771678.54989208,12071179.2864999,11670084.7936667,10164580.2989775,3419815.38772701,8706239.33939761,5473881.47865546,10892004.0877241,8772137.24905046,13749844.2520776,0,1.00763522176403,0.647503149045923,0.760737113067147,0.463997762856617,False
P39023,5,60S ribosomal protein L3,RPL3,952652.429420736,5707516.31795522,1360806.2883616,3309235.12354695,3718649.51100136,5613077.6113662,4124972.08036744,1186708.52981715,5657022.67374899,5781660.52979376,4025302.48775054,4848249.82321171,5034823.17382839,4887514.25566462,7646410.57335334,3424010.84382454,4693872.88835534,5858619.18809719,5663352.65518177,5095971.72391505,5,1.36794920693887,0.0616060290084473,0.364062657639799,1.97650224044272,False
P39059,3,Collagen alpha-1(XV) chain;Restin;Restin-2;Restin-3;Restin-4,COL15A1,4713700.85101392,5762521.23657513,4936603.53017965,2464864.26810861,1245048.58079459,1921497.3890911,1021103.31734268,1908608.57396857,416126.695692211,1872757.57817741,1201362.07486636,730947.294061524,2224389.57867979,1466552.40306748,881087.424502806,1231541.17111345,1143133.05887155,841689.650673401,2040155.73534997,1542252.62465374,8,0.506537566292593,0.0608454479984956,0.364062657639799,-1.98283235748487,False
P39060,9,Collagen alpha-1(XVIII) chain;Endostatin,COL18A1,8742309.54900871,9864923.74059821,12720056.7105857,9912961.18630541,10498713.4345326,13985606.6766495,13083326.8847076,10363520.4387577,20767295.3589076,30186061.8968101,13879737.7957828,4929393.97946335,2457947.95730009,21621805.9529652,15866717.5447824,10661025.0685264,10805780.0336134,13231471.8614069,15482230.6746247,12128935.7479224,0,0.863980305115889,0.361701350384686,0.643125755616813,-0.932800817652428,False
P39656,2,Dolichyl-diphosphooligosaccharide--protein glycosyltransferase 48 kDa subunit,DDOST,3692681.59859901,1155181.44969696,9169855.17703921,4705875.97091056,2937012.61263742,3496932.23087241,7679715.47852135,2985233.143205,15779484.0018866,11985995.2825947,9080106.59189772,4625159.67083353,2674220.69093269,16974856.7435583,4789360.5956285,5012472.59866586,1207752.34146459,4026758.94408044,4034169.01465003,9479195.06463527,3,0.973518343634931,0.990585038952439,0.843797505224354,0.0119438593712024,False
P39687,4,Acidic leucine-rich nuclear phosphoprotein 32 family member A,ANP32A,3529268.29962261,7216024.16783278,5005926.55132342,21618225.7308611,6100896.87988749,2066352.24717806,22625015.2631579,3291507.38253716,17918563.1944027,25637879.187897,24645481.0049437,3607477.31265196,24271084.8832759,1250525.45018405,4862897.16640089,4290382.46547548,10748313.5820209,23481419.1809992,4067296.93181407,2046314.01615882,10,0.897934947181245,0.597116291435747,0.74760200611679,-0.536838058072101,False
P40121,11,Macrophage-capping protein,CAPG,49431013.2092176,54007801.2244184,47426376.5913689,35340818.325767,41980853.2573972,41304229.1265994,45240906.8674004,44802111.1021777,88850374.669841,116412136.901449,64391767.8258343,58943904.4127012,81664564.002542,50838190.0265849,96784664.0905856,60755526.3048312,75647640.1555822,46711118.0926381,25542300.2134201,38169673.8457987,0,1.06135434666131,0.66833210843905,0.768339943129565,0.434639238171122,False
P40123,9,Adenylyl cyclase-associated protein 2,CAP2,6494742.60100292,1758114.12248557,2844301.30829167,3286233.4828673,662160.971854414,13705735.3746035,11856609.4723529,8022647.70132316,15996929.4052646,18993664.4769143,3128433.56707621,7692245.7975136,7685794.16682441,18319483.1063395,3201966.04971692,7241547.9372549,15207071.1702281,16281879.3147693,13091442.979291,12756855.2585411,0,1.25096023209436,0.0870425735214711,0.419883675208394,1.79660060490904,False
P40227,12,T-complex protein 1 subunit zeta,CCT6A,10053118.5170729,21044080.9008221,7231147.39027204,13025819.722407,21328085.2816762,16599949.5028706,15900878.6424958,13967439.1794542,16665217.2086964,9847949.2760294,11827939.675909,16181103.9510247,15121906.7949377,19284953.8830266,23529752.3211026,10831794.9080251,13298109.8636255,8759185.04868505,20203803.9704286,10081891.5927978,0,1.02373107870373,0.868731176571762,0.825812662811676,0.167338907067772,False
P40261,6,Nicotinamide N-methyltransferase,NNMT,3404987.23188668,2187022.5387698,2346943.12204257,2826854.72740942,652298.868514398,2750829.82612892,13245064.4745718,12443265.778278,11377683.8091816,9925308.39541854,5435775.50904865,4672506.7997251,4801041.9257515,7782627.0605317,6000036.24648083,8261179.89043865,22185056.2002401,9032165.47593047,9411032.79435703,3946932.12049862,3,1.33302827129402,0.0460692512755149,0.32800665024696,2.12242747668024,False
P40306,2,Proteasome subunit beta type-10,PSMB10,3492995.80263612,5123814.59492843,2328820.74723859,9846378.28904375,6494423.25595891,2862247.78523728,7120601.50371847,3282082.0135073,4015351.85612254,7093697.87019196,5812703.96171432,2765666.75715332,4079470.80262456,4630055.38188139,4347879.58814157,1657071.93814433,2487034.63879952,3991807.24451724,7629055.08690541,2298411.08818098,8,0.76846377391248,0.265233003182779,0.587927183588789,-1.14518059755886,False
P40616,1,ADP-ribosylation factor-like protein 1,ARL1,1868123.31631766,2030670.99090158,1918699.02655708,2095286.23015589,2048737.43685239,1797385.09911201,2152105.25343925,2230187.69438574,2148175.88271494,1374658.21376579,963567.431234113,2694901.80631575,2410171.90693981,1511347.8009407,2002054.3262758,2710328.92609662,1619341.27198079,1629378.5003185,897856.822264295,1054918.05309326,11,0.889637963673252,0.311651844042156,0.613979024606205,-1.03716401646072,False
P40763,9,Signal transducer and activator of transcription 3,STAT3,2602051.82050818,1974866.60287965,10238686.4234341,398729.95082555,10829390.7771113,2371876.12473298,9165959.51584273,3858653.41755308,4987307.62249573,9668556.14572183,5771380.41930931,2941650.04124696,11863524.5304387,8277975.48752556,7097522.75887139,16812517.3842733,7626062.58501801,7690989.67590318,8083296.29801953,7802530.49399815,5,1.49685061893649,0.0621657963296095,0.364062657639799,1.97188765590407,False
P40855,10,Peroxisomal biogenesis factor 19,PEX19,7109142.78717657,2907741.44092181,8796505.32613239,15029791.9873926,12237861.3867898,15057341.3309299,5369936.81055294,11302067.7781862,5280397.16040787,4389529.82526939,4754170.15963805,1227432.21996932,3855911.85997458,2196962.00490798,3413454.82311357,4446060.77703659,5734871.58112845,6144015.54754755,7024132.55869054,2855175.23776547,0,0.476132103237082,0.00701133983640952,0.175323277667773,-2.99341070740704,False
P40925,16,"Malate dehydrogenase, cytoplasmic",MDH1,622431955.857265,1141290763.1625,1093484864.33862,505792223.12697,503708472.262002,799888098.098773,423188477.438537,497052266.631444,436947722.733807,465835276.514665,400383019.384028,512428674.771333,402042874.42873,775510770.347648,452221688.186431,542164015.657974,362603924.35054,663410470.711621,629760015.088624,603539506.786704,0,0.823478857122704,0.245521538340772,0.58311339070537,-1.19528574802642,False
P40926,17,"Malate dehydrogenase, mitochondrial",MDH2,81951829.8259105,243231259.751618,133406997.25283,147941577.081225,90859002.1701293,161197911.552846,184090554.206976,223113225.254985,210527449.231875,202300766.0922,61009342.0081355,89551942.152223,86701156.1751264,87503911.1697342,89099945.571265,125289146.403881,99738067.7022809,154765445.340795,162707089.071261,177410493.444137,0,0.675421567962745,0.00432560887693157,0.155997210353347,-3.20423465344084,False
P40939,30,"Trifunctional enzyme subunit alpha, mitochondrial;Long-chain enoyl-CoA hydratase;Long chain 3-hydroxyacyl-CoA dehydrogenase",HADHA,91848419.4180216,161279652.173343,153435703.603257,168154242.321372,93062018.9913856,102826838.618541,115571875.752197,117880858.880823,166652172.086964,107635878.184543,69234222.4024572,114459264.984225,90916427.4966873,99772957.8568507,100294539.290907,70419890.2304427,105042233.815126,85482842.8246428,79888986.3610056,86017007.8024007,0,0.705229415480976,0.00460100405905705,0.159015256816369,-3.17746830029347,False
P41091,3,Eukaryotic translation initiation factor 2 subunit 3;Putative eukaryotic translation initiation factor 2 subunit 3-like protein,EIF2S3;EIF2S3L,637583.837707549,534774.104581002,1264661.70789372,695607.524882168,1182529.22838119,1218503.84617985,798552.393689536,691680.334291092,1372760.53692391,596118.703789338,497542.024300819,1215932.17317233,1232082.36217853,1719271.83202454,960334.83805826,842700.229440005,816159.48895078,793837.287305487,324266.964140279,1629693.52904042,11,1.11554262524024,0.779318372039818,0.81055342115982,0.28389406888044,False
P41208,3,Centrin-2,CETN2,4715192.30749347,1720833.41905465,3813235.6824452,5253671.62565422,789091.800854833,4310155.31274452,986018.701695216,4595790.68193513,677598.496572635,3726508.82098765,6917268.73337203,4988057.64766653,2699239.38762541,1646936.10835321,4458755.79401664,762646.01330099,4269090.85430972,2272030.55287105,1786030.27288988,1311643.07357983,7,1.01711782171755,0.845600282148703,0.819386444260236,0.197198321021012,False
P41222,2,Prostaglandin-H2 D-isomerase,PTGDS,2687079.87851216,6844571.71553854,2444030.79182278,6653749.98317092,3932899.74949878,2789693.47138934,2810603.72577369,2920385.33061832,4897558.92125595,4582044.36899879,3369547.77444795,2563090.11180097,2976043.03782841,4541381.89803681,1878333.78084625,3893379.85099433,3104441.23584557,2321527.24833975,1839275.48254657,2503978.39519852,10,0.714722083796794,0.120372137872029,0.468473175942793,-1.62014307531398,False
P41226,5,Ubiquitin-like modifier-activating enzyme 7,UBA7,636916.109084261,2075965.72503061,2964542.84926775,5618176.64342257,3887949.25795424,3362434.83737731,3115397.7501997,3442715.59539057,5076552.58921031,6111503.809534,2659062.85863143,2442597.80749712,4334920.27768785,3284841.40543742,4195981.14408624,2419491.26581767,4115709.80715486,2510144.32118482,5456218.66291373,3546550.4621422,10,0.963445622123218,0.774331216839514,0.80799837307198,0.290499628124402,False
P41250,10,Glycine--tRNA ligase,GARS,6145451.2036343,2293615.2024226,1571608.11727724,4045343.36512159,2003159.95878957,10487878.603212,7940237.41173338,5870257.25209042,13257453.1457192,12700233.3590238,8925259.75859206,1485972.82773243,4213249.60869683,15242666.1022495,7155201.5152523,5005747.59171215,6918122.44460984,7002160.56042406,10120071.6336589,6504011.53139428,0,1.09435577975677,0.462772507207195,0.69086707470759,0.748205668946908,False
P41252,5,"Isoleucine--tRNA ligase, cytoplasmic",IARS,10460409.2187571,572533.36615795,10488987.2369697,5606536.51184595,4577177.42722751,3143976.05326842,8958603.63140144,8127942.5381488,6308939.10511185,9928642.8402198,1889348.58633571,8201077.88238356,1945922.16975682,1867799.91746421,6753252.71021863,1768827.95257732,4849766.90761104,6483157.58613159,8410518.99000723,6409226.21837488,8,0.712574860507544,0.385139642161818,0.65469462881483,-0.887290687511874,False
P42025,12,Beta-centractin,ACTR1B,15675840.4095691,9437470.95548365,15444042.0266022,16311728.9379175,19754884.2039922,17448848.2389343,12983796.0601757,10151424.1964532,20351714.3756176,15391797.2025976,8477476.23061597,8641282.96254486,8926620.43714,4595273.97226994,17391807.4691396,9841934.33393976,9413772.9877551,15684043.6750387,14671779.8440043,11460526.7128347,0,0.713327331729282,0.0320953631545249,0.273698145271085,-2.29836495295122,False
P42126,7,"Enoyl-CoA delta isomerase 1, mitochondrial",ECI1,8227430.83981699,16660850.9073815,12047380.9355928,14585545.7085851,7840680.98944678,11155457.8748696,9204112.99857992,12403766.0732335,11806697.7131435,17453150.978734,4030395.97988699,5651890.27924916,6165971.52126883,906380.601676892,11279015.759057,6067240.82413584,5245829.2605042,10778900.047775,2127454.55787665,4768205.70452447,1,0.469755318162875,0.00191028683478365,0.109276808001164,-3.55499171164117,False
P42167,7,"Lamina-associated polypeptide 2, isoforms beta/gamma;Thymopoietin;Thymopentin;Lamina-associated polypeptide 2, isoform alpha;Thymopoietin;Thymopentin",TMPO,27254874.3880373,2840068.22752318,10375613.6611099,19830029.7591302,9383616.32201635,36683036.6321527,12485312.5139789,26011414.4610861,27328437.5496362,37068355.9666024,18446633.2782666,3182256.7273793,12855566.6743287,16830380.1190184,16914765.1231321,13943432.9569436,29383823.7791116,19184316.0692511,41038897.586815,22830781.6989843,0,0.929992104088901,0.961812573165093,0.839800241506769,-0.0484634051127305,False
P42224,14,Signal transducer and activator of transcription 1-alpha/beta,STAT1,4248952.67264723,95100.7001352571,3889331.64119585,10328671.9377151,2697769.10363745,6168045.16006785,13152998.4618798,2277759.07828724,4860702.34516216,8308769.55576964,6284329.94927777,1753764.41769422,6818984.77635956,8472139.8400818,4719538.9431674,6631688.03699212,12064061.0641056,7861666.22340522,9439766.19189727,6854013.60110803,2,1.26543559773281,0.171828985361989,0.521118528909864,1.41549155165319,False
P42330,14,Aldo-keto reductase family 1 member C3,AKR1C3,77184702.7670794,22755526.6599615,151488772.091896,108099927.84316,176766363.727996,87984374.7801773,149686065.860477,53159733.4760636,95927844.7488995,68116038.4000571,116360102.843267,89189476.7678303,72761445.9774467,123378450.797546,110837175.137673,56921516.7224581,152878452.734694,108273732.077532,75041493.1759812,91068241.920591,0,1.00559010203177,0.618162729284067,0.755192054657026,0.506076554827416,False
P42566,9,Epidermal growth factor receptor substrate 15,EPS15,3212224.75947993,1334257.49846948,5455158.34066246,1562320.12503253,2111240.41780932,6445926.8557012,7245429.31414751,1999973.10911513,6335720.99070164,3189663.20798544,1155377.69960983,1364384.62602756,8002950.37237351,2881735.3396319,3933141.8636884,6523256.74509804,6250030.86180072,4805901.21025571,4941468.29697956,3059680.52446907,1,1.10351799237089,0.68767672335889,0.775530830932257,0.407717746204029,False
P42677,4,40S ribosomal protein S27;40S ribosomal protein S27-like,RPS27;RPS27L,5707870.72899165,5651228.08060939,7236303.78994098,1562644.39238932,1692740.47641499,4390132.86972443,3954525.5433567,2150844.80860057,4342527.43023987,5693297.74256048,3836725.94587415,1633799.19532245,1701802.0747316,6439682.43623722,8691856.10254308,1568664.54335961,3128022.02252101,5789651.23591774,5875641.7570085,2355428.30378578,1,0.96789112063372,0.752647480568318,0.802152111353787,-0.319378873487983,False
P42704,16,"Leucine-rich PPR motif-containing protein, mitochondrial",LRPPRC,7534886.96965389,9954010.45871961,14944340.0223218,9687811.55157158,2411171.02745159,2689682.58904683,5910306.24540694,2135989.48474685,10251837.1453598,8453484.46014415,2706716.43989706,2410665.30276716,563223.932515752,6991904.20114519,4769266.99378152,4340878.64580554,9034134.70252101,2754040.85244335,3479529.93213058,8640199.0166205,0,0.617661023130693,0.109679124230033,0.449353564697873,-1.67164697523863,False
P42765,19,"3-ketoacyl-CoA thiolase, mitochondrial",ACAA2,121527318.130121,123658903.227217,158848360.710285,140753650.672296,85003506.9928837,142575195.530449,118342150.368332,129773704.856198,131012954.429072,103947982.234354,65066701.4178981,99284408.2197233,103304473.071203,100621471.366053,125290112.638833,99968361.7950273,113541464.456182,115935892.979343,112482800.370772,104423147.368421,0,0.828327714889452,0.0601084560738712,0.363237063220638,-1.9890336347818,False
P43034,5,Platelet-activating factor acetylhydrolase IB subunit alpha,PAFAH1B1,4437764.11255719,3486478.18497464,2626794.99498386,5091537.94725732,8888452.26079006,7515141.34185893,2431869.81272743,5052263.13715509,3802272.15196299,4459753.23278384,429911.289681604,7106620.75481938,6075247.15649423,1816659.77893661,4448636.71394982,3488011.75269861,6293648.87755102,3196847.42087542,2295798.46346536,2371624.11357341,2,0.785126160168719,0.203801531237281,0.544755748559004,-1.31235093519279,False
P43121,21,Cell surface glycoprotein MUC18,MCAM,210504832.805594,236038937.554662,129528759.683649,178584842.298239,157392169.066294,165535253.532422,125267836.908671,76162300.8398419,67262831.5923996,61262420.5555556,86483042.5012452,181138018.401934,140928549.471322,108410978.265849,143228350.431581,69790459.8043258,101766395.183673,116675746.473746,67975612.6808645,100520222.714681,0,0.793524325600911,0.200419756583826,0.544755748559004,-1.32262868264119,False
P43243,5,Matrin-3,MATR3,10107831.1737147,599880.536693196,2236939.92910529,1493575.44539224,1424569.50354712,8134704.77875792,2977464.61586935,4551739.92391804,12045132.0550714,10056685.520588,1983684.13207704,1456353.45490332,3579695.33992266,5591856.91096114,9353499.3806268,6197207.25065696,3699094.93243697,5298626.62940213,8019491.25348164,7301389.65835642,0,0.978600482256363,0.466012070921764,0.69086707470759,0.742727363835729,False
P43251,4,Biotinidase,BTD,3496054.21446481,2869491.36378345,3962770.31785277,3606142.17945663,2371640.2583225,6024926.13878461,4702582.6320671,4237631.39988974,3973206.20812188,2882227.39730964,5882876.61372794,7864831.2394652,5984270.07761162,8608972.19877301,4604223.66217722,6155648.21892056,9004517.53133253,5691769.4690144695,8892141.43877736,3194822.60941828,6,1.72803104527568,0.00490816219912134,0.166169090278969,3.14939170966613,False
P43307,2,Translocon-associated protein subunit alpha,SSR1,2462096.1048285,919227.815331468,4850765.79764911,2529069.20475378,2313553.48516989,1644343.37984089,1594400.86664596,963307.498523579,2257486.27468332,2744514.82701777,1730876.66231841,1153550.59529054,2224416.37274238,794927.205603272,1188514.86550599,1395476.72383263,2133513.31361345,2254257.06087906,1442585.5765057,1868359.23730379,6,0.72654285050049,0.228108468003971,0.571901342084076,-1.24213448639064,False
P43487,4,Ran-specific GTPase-activating protein,RANBP1,2939990.03967741,6247022.21366101,1713955.99904693,15217867.0543331,10028667.8828571,7470441.51778808,6032977.98664241,6789312.34576863,6137417.49928129,7198399.4369514,2433950.17441474,3161872.24145893,4979984.21239082,11008507.2486708,12124970.8526436,4165197.28437437,7944492.04979592,6172419.11848212,7516487.77654187,11799709.4506002,1,1.02194934207359,0.894915908725151,0.826708499711055,0.133723356211875,False
P43490,9,Nicotinamide phosphoribosyltransferase,NAMPT,3447138.92541422,7737222.33430995,9202610.86369489,7024063.30462944,4054374.50880169,9343456.99465613,14876540.5733558,5110918.35707066,11818451.5187315,10410136.6695212,4774650.90312137,7376441.06894755,6602408.78579734,9336706.30756646,4267938.85561365,11829967.2884577,17394254.3879952,7660715.21107471,16907914.2525773,10145612.8116343,0,1.15985196702014,0.454123904980371,0.689731901520803,0.762944721915084,False
P43652,17,Afamin,AFM,27629287.7116344,27876786.9879307,25517928.1798117,12616161.9616575,15548769.1907731,31900022.8161438,29692533.2284548,35406333.4370119,39356778.4538676,32906968.854635,18601790.4258675,24846461.1070105,21356869.2676925,22579632.4638037,17758985.5172787,28212537.5989489,15361439.4564226,17595757.0720721,39377431.1290468,51230532.4192059,0,0.922679070184379,0.516825690801868,0.721090302628091,-0.659558485512776,False
P43686,16,26S protease regulatory subunit 6B,PSMC4,16361862.2411921,17545996.9232115,4875454.01424582,8775539.38779169,4394297.94542731,19195722.6692404,54084220.6270524,19871786.3943765,21438101.8349654,20971657.1330193,5077052.18379545,14092870.5424337,2932999.93753211,16440522.5607362,5675647.45119574,41112461.0499292,35373672.2794718,26808208.6868687,21604979.6504793,27202986.5789474,0,1.04696572912826,0.96348326921975,0.839800241506769,-0.0463415076785579,False
P45381,10,Aspartoacylase,ASPA,6805867.99506294,10014491.3499213,3388379.60063203,415710.751409652,535662.510641345,14618301.5158719,9964694.38271057,4861898.47744188,16430141.0969365,10590863.5777492,10648816.5200167,156157.661499942,10848511.2285351,13340008.3325153,6186227.31971042,4435255.42878512,9557371.39351741,4481301.11966512,10290781.819045,7277494.20129271,1,0.994794448056213,0.81129494843905,0.813589620325639,0.241832772278057,False
P45880,8,Voltage-dependent anion-selective channel protein 2,VDAC2,11084325.2773542,12289063.2447088,20281838.6978113,12903679.0180146,7591966.56700963,2975920.63161331,17368128.8808023,13517486.0176422,28168834.649178,10690230.0328267,5161147.35779512,10580743.2656015,6426014.33840829,13736745.7300613,11808243.646552,8198463.53345462,20466362.7812725,13050335.3162253,10899253.766956,6617581.32871653,0,0.781352671288858,0.448148065648916,0.685569866640652,-0.77322827176777,False
P45954,7,"Short/branched chain specific acyl-CoA dehydrogenase, mitochondrial",ACADSB,1255613.19745651,2003225.19372048,3637918.09370141,1666607.82436046,1159988.00563139,904620.979660632,2253626.6944617,2811949.65455297,2579876.37081125,2839746.57054164,941369.445923958,3149615.23073599,334423.974864542,5485219.40237219,2065652.75056039,2155251.38585001,1554093.74636255,2534040.73864774,2103031.16996744,1202738.00554017,5,1.01952635324079,0.699000504793908,0.783507557524631,-0.39210138747659,False
P45974,19,Ubiquitin carboxyl-terminal hydrolase 5,USP5,29166797.9082121,53522319.4761238,29255536.6671125,34916028.0883671,26619443.4411421,47403035.9835071,84783674.0303541,46807150.4778094,56258750.889408,71237078.7340327,40506876.5241574,41764668.1718189,31862194.7375537,52020757.9533742,40623769.7197042,70287656.947645,67001221.1486194,58138027.7527528,64044207.8174173,59035054.2012927,0,1.09441139379265,0.252041313431431,0.583149616570681,1.17839054294118,False
P46108,10,Adapter molecule crk,CRK,26566436.9865846,15904839.7673605,25021038.7571689,24644319.1163288,15215845.9945141,33408144.4769319,39165379.4532706,15398015.4534595,30213996.8214895,28408135.9287804,22777069.2678067,11746718.6681573,32357514.389248,38874913.9734151,34040585.3448009,42885142.6581767,19156924.8187275,31246479.2469742,48185062.5750588,36287242.8393352,0,1.25049208399294,0.245562743822571,0.58311339070537,1.19517791598952,False
P46109,6,Crk-like protein,CRKL,7408431.88907126,4742600.91048627,2754142.44135302,2862307.95841888,2246047.71056864,5430499.88146538,2935081.07308955,2865016.64959111,5577348.66301321,10369456.4429458,14480802.7192693,1417401.95090888,8493043.8709496,5018384.08699386,10933810.5704916,7945331.24924196,13385166.3971188,6925283.82951133,4001886.19741364,18657705.6278855,3,1.93382095880176,0.0557109475876424,0.35525066816155,2.02750914408963,False
P46439,10,Glutathione S-transferase Mu 5,GSTM5,2402163.41710394,2845757.95232075,6657693.24527229,2044721.86282277,9853436.45907947,8556103.41695704,5486636.7023165,3405218.05053754,9399686.24022999,3129643.20156283,6668878.37895112,5857865.33501593,7432015.81393541,4814961.18399861,7318696.93747486,2944797.42696584,6536150.68528211,2620356.97966148,6280867.17231868,5592267.09187442,6,1.04250188512416,0.535802194757245,0.727049936758826,0.629690627236211,False
P46459,8,Vesicle-fusing ATPase,NSF,1538297.05138285,1557955.06498163,2247699.73670374,2128506.67512127,1766353.62095446,2172674.71966323,1658183.5367001,2255089.68234862,1713201.12020483,1915571.84942553,3243290.81991813,2519424.8849871,1892262.730261,2432940.49165644,2920910.72998998,1459704.31833434,1808442.42256903,4128467.53940304,1849754.72164948,2174353.84025854,9,1.28891813599776,0.185405651728342,0.53240815837221,1.36997760135717,False
P46776,2,60S ribosomal protein L27a,RPL27A,2601327.14955928,5324361.69909918,3095246.09217985,5001283.53294971,2364022.34968825,6557212.17438205,7583668.23284814,1895470.62859506,1856765.4598868,7229076.32912296,3406164.86128175,2401333.17160183,5736862.96587252,8498894.77055215,5076019.678093,7642328.12694562,1670857.20004802,6894073.91773592,11473921.7177609,2785745.65974146,0,1.27759602928824,0.434969555458266,0.679014768252282,0.796206971015049,False
P46777,4,60S ribosomal protein L5,RPL5,3081542.4316954,13346661.5313976,4920455.32044744,3099995.93094873,967021.439820221,4503407.79481793,6878575.28339398,2370068.1715979,7936169.5330159,9283094.32669664,2275069.25527146,4315772.54327313,5307248.9822602,1337211.42490798,6401474.60856047,8734197.23347483,2861018.73680672,12574107.7795978,5541235.71563574,10324164.976916,0,1.05824941870687,0.770647148051601,0.807535787260068,0.295387727621673,False
P46781,4,40S ribosomal protein S9,RPS9,1426997.87687078,4791557.73998601,1396494.94721344,2401524.04441489,1397231.37828323,2446022.12371105,2468779.16015798,546212.225627125,2402309.95067829,7075024.97930493,3173864.94885374,3557976.44299236,2405257.06578058,2608147.06490798,3249525.726031,3047712.70192036,2660070.7177431,2894613.01638002,2899284.32180322,3449773.86103416,3,1.13638624694833,0.183510023463632,0.53240815837221,1.37616930617518,False
P46782,3,"40S ribosomal protein S5;40S ribosomal protein S5, N-terminally processed",RPS5,6886789.5843565,10942137.4514606,9106514.32441019,5623660.67975595,3758717.29802375,7570850.32141311,5753959.90853821,1979106.96058072,11110704.5108256,7805268.39077999,8930845.41590569,9581664.23779958,15843405.5732984,13529586.1255624,12838365.9973548,6073512.45983424,7777020.40907563,4198200.85726636,10715021.9827274,9606637.5023084,0,1.40484091929961,0.0850581991403199,0.418710352294526,1.80884806103278,False
P46783,2,40S ribosomal protein S10;Putative 40S ribosomal protein S10-like,RPS10;RPS10P5,2084878.31997829,138068.066901347,3008352.99919301,2467815.29023763,3488482.84654238,5236378.79723793,3588086.22437206,1108374.31309238,3861628.87018237,3054618.19353457,2326426.27112735,444412.315886593,2127246.27556181,2120595.78907975,3894689.35943446,3490894.66688501,1579368.10683692,2381732.96755847,533536.937325918,3450769.50507849,6,0.797158189518184,0.715027102740095,0.789207019147749,-0.370167306698662,False
P46821,42,Microtubule-associated protein 1B;MAP1B heavy chain;MAP1 light chain LC1,MAP1B,58647619.8942797,27136304.7253804,24108512.2703028,22269601.1734089,42155859.2665624,66849449.0607413,48646519.9134641,38097465.5154829,63528479.6455844,60752250.5009634,31216066.5258177,14288980.5451835,24978767.8636523,47633713.7828221,65924361.0525013,48806926.8712351,77177860.6669868,43961754.4749295,49360596.5744258,42042065.4155125,0,0.984960000926304,0.837535773822439,0.819283344390874,-0.20765068589927,False
P46926,4,Glucosamine-6-phosphate isomerase 1,GNPDA1,6714663.29728995,5204871.07350883,9335947.45750815,1823247.25813261,4995814.41894006,6241262.67605334,932189.114094257,7399239.31301112,4056490.17568053,5146382.10625847,10459754.8948999,707395.646453483,4875360.57167582,10773063.8605317,1393064.84114253,1871138.73252476,4443293.67030012,1690437.67376467,10524029.3990776,6679444.01200369,5,1.03021934776734,0.670977550499207,0.768717634402391,-0.430938706611512,False
P46937,8,Transcriptional coactivator YAP1,YAP1,9014181.93333678,2875866.37663985,9829660.31434448,9759150.37006622,13638527.1283791,2251969.17826399,1924511.43467649,10555560.7536949,15431067.6219567,1611603.86134304,10799247.7873153,6323127.4817645,28412647.1632548,2046675.73832311,23031026.2320948,1062551.09868607,6403591.40696278,6393184.5979616,11009116.7575511,4567882.12280702,1,1.30116165020077,0.66985807905021,0.768717634402391,0.43250390886334,False
P46939,50,Utrophin,UTRN,31350473.0342234,29598857.7684975,12601303.2636648,7204247.86588786,4235145.42179823,60152433.8757638,47987128.2009408,26857223.3625838,80246588.9794268,65607869.0205523,14194551.648265,10877207.4904481,21334124.9979718,38689922.7398773,37476735.8189215,43173789.024055,45651728.1719088,48792912.7527528,59546586.0024417,53197925.0507849,0,1.0193915051976,0.341861524741572,0.628874421956,0.972900272080742,False
P46940,67,Ras GTPase-activating-like protein IQGAP1,IQGAP1,159463842.304909,178573917.819661,157785829.869413,144644858.953821,140778951.560951,169925651.683001,220145595.393627,180762671.93329,328544052.91079,366255416.969956,123944184.217998,118335480.624783,147587566.217313,288288197.95092,235702286.413699,277206297.869416,248236769.061224,227815347.834198,288525566.300416,277771413.111727,0,1.09113003608628,0.463994098760071,0.69086707470759,0.746137196812442,False
P46952,2,"3-hydroxyanthranilate 3,4-dioxygenase",HAAO,1633375.31688855,872722.91385342,1370467.33799795,273612.721881806,1425638.4118154,1388003.58939213,1328404.73808467,633798.528117247,1848356.08150743,1811470.48273032,1575712.700466,658432.462057124,1267455.54601163,696828.34196728,1787354.57664025,1262034.45102082,538646.594914766,1905080.22777323,1313707.83753843,1645865.98153278,10,1.00518587119816,0.861549571000917,0.823299716031887,0.176591555523435,False
P46976,7,Glycogenin-1,GYG1,7318331.134425,5371217.27119546,6221274.32783788,19085295.7296938,2302873.1911917,7356370.75012952,16995717.7123458,22914981.0612882,11332347.7019136,17632544.1090416,3989710.8934086,3639260.65792521,3428572.30333433,19106842.4887526,10758316.8104755,19943801.5209218,16059686.7044418,15168697.4479024,22462756.0770483,19314830.6971376,1,1.14881473263085,0.62807297673537,0.758178549609215,0.491763455275277,False
P47755,9,F-actin-capping protein subunit alpha-2,CAPZA2,29049642.7714736,22392641.3127514,23738189.021352,25064785.7889715,41805847.2482319,40973954.4620996,76634587.7718115,28819328.2762106,46047212.5060641,53475158.1667023,37903339.5874149,27209248.5194512,26600687.0088429,28615544.7779141,24131114.7936454,41622503.7121488,73715344.1080432,38070139.5217945,37402432.598119,29776394.5521699,0,0.940838870008207,0.784405715384986,0.811450985241191,-0.277169109725884,False
P47756,15,F-actin-capping protein subunit beta,CAPZB,61116332.2601908,78847466.7028162,82289888.5347869,52003836.9002111,92125222.1187953,91017861.3573299,109392670.395846,90248239.1344298,107530529.979337,132424140.83708,60557834.708617,58220326.1266933,50590837.2819709,120213724.736196,62852497.4607864,132429743.674955,111800333.786315,118580656.620257,88152373.4536083,110436837.396122,0,1.01877262941116,0.96211688341415,0.839800241506769,-0.048076893688607,False
P47895,7,Aldehyde dehydrogenase family 1 member A3,ALDH1A3,815557.934854683,5172446.64010805,5884838.61707611,3640225.3473672,5998350.66689699,2511944.41618349,7467893.23077063,6242327.29982542,9735509.25702992,9372457.4473703,748815.912667143,580056.800782456,10396160.872823,1615997.800409,7529029.24457816,5965912.34857489,1736912.46669868,5114428.62148512,1774033.76813167,1773507.54801477,8,0.655064030140958,0.0974941281111592,0.427872205634169,-1.7358184984393,False
P47897,10,Glutamine--tRNA ligase,QARS,6027933.73142141,1931710.6264212,6704257.09682813,4337183.98623601,5017525.22747802,7426670.17670979,6530466.22459395,5050724.2413397,5940541.25568233,10079359.7452366,2345976.07172505,2662091.85112018,3827102.45166175,4059487.37893661,6295947.05929215,5388619.61681827,6031492.03803121,8288059.94994995,5426978.20541689,6382941.2156048,0,0.858794433139066,0.432156266612947,0.679014768252282,-0.801167842879374,False
P47914,1,60S ribosomal protein L29,RPL29,6090496.99000956,14797385.6108973,5515003.8277292,13106886.5616054,13858211.1422371,8372529.06528327,4785276.15878228,8719989.23320775,4357303.64297907,6375458.46000143,6621291.64289386,6745507.85320424,7352464.25836285,5357483.7200409,9995771.84829688,4258894.01047099,6964073.93445378,5698487.67890618,9919782.95080485,3910690.67728532,1,0.777222409642135,0.280547126080708,0.59687397298761,-1.10812554924151,False
P47985,5,"Cytochrome b-c1 complex subunit Rieske, mitochondrial;Cytochrome b-c1 complex subunit 11;Putative cytochrome b-c1 complex subunit Rieske-like protein 1",UQCRFS1;UQCRFS1P1,2777542.96863287,10565357.8454609,12491456.3252629,11378541.5498945,3196639.17446959,1146026.55772875,21214995.2489571,5185881.92773132,12002314.6204294,6427075.66552487,3453295.31148932,27506794.7305199,1109996.17660023,2396018.68760736,7724182.93158123,1691830.40105114,2741203.8169988,5203976.40649741,4337475.37868511,3547413.35364728,1,0.691226627009812,0.192868908587189,0.539227987617833,-1.34607767657136,False
P48047,8,"ATP synthase subunit O, mitochondrial",ATP5O,23282469.8031639,54190061.207364,37146390.7059374,36235796.2305179,28196556.4178545,47852687.0327658,46270221.4777669,59247840.1883672,56239441.065942,47630543.3190609,19714267.1741657,57292522.9412701,24922665.3316747,42381338.7182004,37494082.8133218,20965398.0828785,42451278.7034814,16673916.6261716,18063165.8536806,34426716.0018467,0,0.720584715922463,0.0261911615338167,0.268205179446719,-2.39503811208907,False
P48059,11,LIM and senescent cell antigen-like-containing domain protein 1,LIMS1,22959991.2309044,33613481.2493441,16016089.8807832,21351924.5536824,13586848.8833197,38968431.1981492,15543397.097719,9106399.39125241,32107199.0786991,21531176.9706701,8733020.05271459,27719134.5266007,21937606.2878931,18977654.39591,14557019.4675618,19450382.4713968,14867819.9366146,27221506.1561562,23395746.3971785,21268948.0747922,0,0.881415090250692,0.648550246131321,0.760966574422578,-0.462512143119655,False
P48147,7,Prolyl endopeptidase,PREP,2632488.00036188,18667370.3728294,11372517.597104,17066190.9880577,4661130.63704862,5504047.17995302,33791544.3520902,1194179.12620601,4629320.28658701,44441480.3111397,2053194.53420222,8867282.83467929,4214007.75102085,5346399.53456033,50632985.4886613,52952251.3822519,36619388.4494598,1886371.28883429,6782180.44940315,42534577.3361034,1,1.47185498290454,0.648645907979493,0.760966574422578,0.462376471078491,False
P48163,19,NADP-dependent malic enzyme,ME1,27852727.9208778,81556029.8574427,120483184.628054,76361719.8513721,56938719.8054595,46396295.1387065,94164454.242478,20720171.3635946,55735706.5407421,31044347.9886534,42086376.2867342,47267920.5938115,28033576.0012439,27592742.007362,49015378.2608359,55536467.5374975,47740187.4857143,80217126.9196469,31768996.4803762,39041194.265928,0,0.73341104872118,0.261070261084264,0.587927183588789,-1.1555249431256,False
P48444,10,Coatomer subunit delta,ARCN1,3749085.15412154,4328551.99855694,2567574.52605882,5458176.23867218,2996720.54517614,8257795.09548716,5049032.8437916,5939467.60484241,8246470.00053904,9520506.79654606,9218041.29611489,6895768.68979391,3815477.60269342,5078773.78719836,5528776.2319401,3416605.77998787,10083300.5546218,4579863.21162071,10856998.7705733,4408247.1943675,0,1.13844242146599,0.479939091650489,0.702568027834159,0.719429849717508,False
P48506,15,Glutamate--cysteine ligase catalytic subunit,GCLC,30887891.4118438,45520043.7226692,32622821.9054626,12715603.9510742,22839313.6431735,19212965.9248167,17762934.4847786,16225791.8809152,4725029.84637499,13577192.3417541,26351889.9485306,31309976.3010883,18953305.3864355,7212517.71353783,31182668.0173561,22207635.3224176,8764618.44470588,23657453.2882883,18031897.1563574,22579879.3998153,0,0.972984593296252,0.884645430572214,0.825812662811676,0.146887382220996,False
P48507,3,Glutamate--cysteine ligase regulatory subunit,GCLM,2629468.53807481,3846421.21855868,2417257.66298259,9637649.59688763,4111637.84680859,6386769.22503176,8172890.71407651,2196441.20724984,5144304.8828497,5358052.6622422,3997313.59364104,2216313.52762823,2164319.43520647,2956572.70229039,2811586.40895335,7497702.69650293,7390471.45056423,7161186.54140504,8016195.36376379,5608131.02031394,3,0.998374762279479,0.97076472280499,0.842169399018708,-0.0370959896312185,False
P48556,5,26S proteasome non-ATPase regulatory subunit 8,PSMD8,575195.487838292,12271082.4392164,8142267.58631933,2386585.36735676,5248121.38073101,9908637.85627604,2016660.3897222,4857690.90016539,17350296.1629683,7303767.89267109,4478766.22264652,5085064.74716337,8528925.37351855,7631499.92470348,6708337.03164176,10574128.9112593,11628778.3966387,7049358.11092911,1502080.61141255,2106052.6588181,3,0.931954143747874,0.761744712231756,0.805958734729428,0.307230409172379,False
P48637,14,Glutathione synthetase,GSS,19586647.9637863,28262556.9966766,10053729.31814,8658911.22846485,10606599.4919474,61868801.0077426,62648018.6544777,28460396.1738491,35761793.0590243,46400133.1873974,10053872.8502407,14013074.0585562,10090874.3327294,17993072.9546012,12105600.04223,27920868.7580352,40442696.0028812,46934774.95359,14628679.747694,41761957.5577101,0,0.755490679759537,0.231719515559703,0.573740126879278,-1.23220115136721,False
P48643,18,T-complex protein 1 subunit epsilon,CCT5,52404579.6695272,24509472.5048102,28980528.6847693,43119992.2152503,32598472.2719161,50847707.8859406,25818295.8835537,26773930.5062942,33873628.1470668,24559519.7391708,17085905.0938071,37112127.4169272,19474401.8771465,31807025.7697342,20252615.9623179,26431544.1843542,34592855.9481393,31593445.02366,40888469.7996925,30426881.9944598,0,0.843309961806943,0.235660589207458,0.576613334225805,-1.2214937683633,False
P48681,24,Nestin,NES,10644812.3468478,4014051.3643082,7050360.89278847,9979435.99444814,5711784.36030756,11987909.1979221,5245357.39518062,4812609.71506019,5743329.18906657,14864954.9239991,4067134.31006143,1535338.44911428,14802460.9622319,23847051.7415133,12281238.3605327,18224013.2257934,15724922.9210084,15973181.8222768,9995841.94429372,23156025.4201293,1,1.74389978558257,0.15524235492088,0.511999636867109,1.4752015975814,False
P48735,17,"Isocitrate dehydrogenase [NADP], mitochondrial",IDH2,13596034.7862331,22590430.1731677,54215636.1554668,27156310.2402915,21130431.4360308,41755206.5801333,49869090.2081299,30062710.2958743,67243521.7689336,34741580.384286,15515249.2886435,19986990.4871483,13579592.5937694,37344531.9505112,15489420.4165764,33618989.8184758,58613279.2720288,43170026.1952862,36259012.3960029,44492677.2899354,0,0.877770543232595,0.403262936021668,0.666318713990859,-0.853335179067674,False
P48739,4,Phosphatidylinositol transfer protein beta isoform,PITPNB,940767.825858816,1926970.23224593,1180706.14601134,1020490.98965388,2650135.0292686,718194.858795393,3922924.50656785,3390706.20237986,2933246.14023897,4142180.70991222,2523786.16287564,1686005.03053722,1613326.86551827,2985391.58453988,1448618.5907094,1558312.56636345,5003686.44878752,5062979.03940304,1967477.14157171,3644787.3411819,1,1.20450285418223,0.312116219856026,0.613979024606205,1.03614380738456,False
P49006,3,MARCKS-related protein,MARCKSL1,311572.274478507,5351350.52121738,2013183.43438059,3050166.84712142,3071870.96688153,3089460.83756183,4874453.34831966,2648369.35431407,118143.398667556,3308169.37622208,1988028.53220986,1170131.6170573,1140581.62680423,158297.457194274,114661.138134583,1885571.05081868,1369395.96376869,2817624.18859263,294863.815757822,133064.507710065,9,0.397755619199244,0.0613613455413504,0.364062657639799,-1.97853106137185,False
P49023,8,Paxillin,PXN,2662682.62323261,1160497.53266573,1814896.42892972,5848377.95801405,3895839.65344026,434702.47307837,14197242.6959262,18333873.9653588,5792779.12829036,8106702.20081353,3055780.83348357,2255400.27990043,4178939.00000993,4863587.70355828,4627310.75627262,11503539.9846372,16052506.7841537,10588409.033124,17644841.3894918,11680232.1652816,2,1.38881748608053,0.104559412210623,0.439130349550747,1.69782926267094,False
P49189,22,4-trimethylaminobutyraldehyde dehydrogenase,ALDH9A1,139064355.093442,105972329.097429,171270596.276356,150373582.257178,110914690.820463,92525983.0181181,94554283.3052277,95254397.4042084,102980128.101698,76398799.2863769,70068967.8565499,126251562.321987,128070455.655913,101355320.887526,122014421.862915,109572276.219931,101416374.069628,116624722.094822,156411094.610237,102796928.762696,0,0.995850976584848,0.954994372587254,0.838236223008712,0.0571254619468385,False
P49257,4,Protein ERGIC-53,LMAN1,1156792.23572518,4743635.54220015,3329002.87717157,2956994.02660267,1896962.19463967,3878273.45996352,7588395.9470134,4800931.54139484,9057146.76309406,9047015.63476771,3256283.05669932,4360068.45262347,344596.252771326,2980881.46768916,5582551.91458095,2729219.39506772,2915137.38597839,646325.807835108,8779743.14839935,4107641.23931729,4,0.736814310903326,0.21538795783785,0.55792310220854,-1.27811670056025,False
P49354,7,Protein farnesyltransferase/geranylgeranyltransferase type-1 subunit alpha,FNTA,8883620.38404374,8442805.48801819,13654458.8324109,12688581.6713414,9338938.31732358,24380636.9806045,16268313.2697257,14157209.5015161,16252154.8980325,16131377.0595162,8189194.25037357,12290551.9930242,7685036.02450039,20281001.7231084,13991362.8918263,16596410.419244,15573247.104922,17192664.4785695,12918197.4941219,14628666.0618652,0,0.993924568287061,0.982504021250751,0.843797505224354,0.0221968301447885,False
P49368,17,T-complex protein 1 subunit gamma,CCT3,18771393.1462765,46171439.2670981,18919299.1489291,31675516.3028077,31239602.0831038,43175785.5587649,35274553.6376143,26213206.4325094,34831563.3024886,30106702.1105402,26022956.7956168,24635473.7937073,21948978.4227535,42532695.1820041,44951844.8225722,20050343.7659187,35705743.5927971,35596307.5502775,30703325.4716043,47094627.0590951,0,1.04065767003024,0.798445660879053,0.812593916944395,0.258676401023727,False
P49407,7,Beta-arrestin-1,ARRB1,1835712.29204901,7936318.88967116,6877387.12207601,5330847.25657115,2227929.44138448,4349942.82018892,4852127.69592616,3797123.81971883,4325568.36789147,5592597.50956255,927296.69263656,5046155.9632169,3252203.91487978,4097250.05222904,4567029.95073168,4217637.22623812,1603814.69435774,3742723.23473473,5591096.61136734,3289342.41735919,2,0.771015865849263,0.261008161601572,0.587927183588789,-1.15568018241839,False
P49411,18,"Elongation factor Tu, mitochondrial",TUFM,44819690.4043994,48522838.2398985,44574731.3199124,46392930.736489,27062105.6996188,65708741.3841557,62840444.9152392,50111386.6737113,63591446.4612344,43292430.6326268,23698702.7245559,55470728.6398634,26024498.8425863,62117304.2862986,40450299.7757015,60900605.1065292,43626093.1606243,50196083.1731732,31096296.9379635,66115410.8818098,0,0.925096662161635,0.44921458522492,0.685569866640652,-0.771386858454332,False
P49419,16,Alpha-aminoadipic semialdehyde dehydrogenase,ALDH7A1,41282088.3888645,40527918.270509,54095320.1631916,39810303.3935749,17018819.6677609,52266960.4602971,27349411.7342682,63055268.2789672,63697230.7115264,31403134.2492685,20477640.3403619,37701809.9079541,17927791.5361421,40760754.3582822,35153684.1521517,43041555.7412573,35356619.9687875,41306785.958231,35170523.6891843,53540426.6020314,0,0.837240853886732,0.348220141363105,0.631383949295911,-0.95987980867482,False
P49588,19,"Alanine--tRNA ligase, cytoplasmic",AARS,20392240.5019774,16047051.5926185,29083656.678148,19807331.0441546,15498943.9505166,49620783.9314735,30975651.4413775,23743616.177984,43072660.1347588,20062020.5912367,26440329.5226631,28257422.6720794,22011651.5215393,28090383.7141104,31938707.8566346,16316075.859713,27377036.0585834,33642073.8374738,30226689.1124073,29123915.8217913,0,1.01908406423909,0.58916815808187,0.743825936699821,0.54859146991696,False
P49589,11,"Cysteine--tRNA ligase, cytoplasmic",CARS,5436861.78184889,4339912.59839076,1079203.19980103,1868006.07576321,3276508.5368425,1140044.47444805,6493473.93480962,882629.09058338,2751649.84390441,3421707.16775972,3612920.61448764,10321017.8777768,5308060.87652046,6412239.52184049,115992.546416814,4400723.65150596,2889828.16696279,5739477.26330876,10745445.580123,4988707.67220683,9,1.77694426939357,0.362603352008895,0.643263472980514,0.93101354080172,False
P49591,8,"Serine--tRNA ligase, cytoplasmic",SARS,3845949.50429085,581924.250481021,3955114.80060862,879888.663748084,6907027.1125122,3050729.83272892,2531898.29138191,3668578.04047597,2992770.76996676,4613471.13812174,3282194.30034866,3564333.11204701,4770641.72271773,6639579.98817996,2890732.0585187,1920178.38997372,3179089.20557023,2100333.51779052,2368984.11720022,3569914.90904894,2,1.03810868342311,0.524486541284919,0.722158764334251,0.647429451037514,False
P49593,6,Protein phosphatase 1F,PPM1F,4116372.54672112,3943831.00287499,559234.982276322,6349479.11337941,5058291.33314239,6070554.44584803,8958603.63140144,9124431.8652945,10591857.9498697,10651550.4731321,4629889.28440976,3665498.82381035,6766777.93486103,4118959.76723926,6468260.53700152,4621742.13846776,1443702.47193277,9419100.34944035,10180918.82845,8155652.24838412,2,0.908998439543272,0.993904610517622,0.843797505224354,-0.00773252489444785,False
P49711,1,Transcriptional repressor CTCF,CTCF,1585700.81467935,289401.064400035,1185050.02209608,1647061.99427464,1457120.62125185,1540088.00381807,1392850.94696902,1669978.834145,1126434.35410116,1627275.75190894,875877.613921634,1614519.65503096,1717044.27447229,1017833.99775051,1985652.6256845,1636594.66977966,1672203.43510204,1536003.88688689,1761695.30918792,1385073.61819021,2,1.12436516186243,0.395026303379536,0.660046657917471,0.868641596048033,False
P49720,6,Proteasome subunit beta type-3,PSMB3,15795411.1161372,10494251.9328319,17206749.4407009,17440179.3395599,15424000.2007094,4943376.09286845,10469813.3172095,8949259.26031425,6598418.54559339,4833544.49500464,14173605.4333389,13156546.7155118,14218201.1447038,11374667.5828221,15619522.8745785,19665733.8176673,8112591.93354142,24071601.1638912,5541573.7556068,3078730.51385042,0,1.15030779396631,0.646745849964574,0.760737113067147,0.465072879979204,False
P49721,6,Proteasome subunit beta type-2,PSMB2,17331713.5278,12397765.3870037,14930745.8777401,22237174.4377295,27459472.2851352,22735895.6794811,31073523.4188338,26296499.288799,26982539.8423322,28528175.9416256,9241004.55395982,22402524.7279148,21316435.0104113,29201095.5419223,17594189.0704761,33723265.2071963,26602502.157503,28739481.4291564,29236231.9971966,22445799.3351801,0,1.04578363630631,0.825159538830366,0.817624247495614,0.223738178981039,False
P49748,28,"Very long-chain specific acyl-CoA dehydrogenase, mitochondrial",ACADVL,82573839.0570476,122155054.040581,104913982.718578,139316065.39051,61373577.9671286,107048783.426183,78049584.3272388,24946639.803363,132809607.568952,71730576.5646186,56148268.5738004,92822245.5084231,67686946.6886611,90462242.0531697,32000867.9199022,95804902.4337983,62026433.8789916,70339657.5662026,45955688.965907,64589420.4432133,0,0.732861600626861,0.169299106849926,0.521118528909864,-1.42428897174838,False
P49755,3,Transmembrane emp24 domain-containing protein 10,TMED10,4547914.09678962,8303045.59078188,8373368.04420887,4340750.92716074,4236792.53717861,2585825.13430654,8085552.41554984,632887.507326029,5143885.1040787,1414338.10690074,4164107.52731197,9371082.66932963,6696923.86219206,22875465.5521472,14491968.2385608,5769073.6618961,9706354.7394958,11633558.3947584,15410397.1807741,9921261.02031394,1,2.30864725936874,0.00275996302279425,0.124769845734801,3.39782278063575,False
P49773,6,Histidine triad nucleotide-binding protein 1,HINT1,23453975.2610696,13264930.5973413,24480398.0646078,40732303.5780586,53261534.7187645,38823853.1321633,22834859.4182125,14044721.2110631,39628795.0974755,9967322.39991437,33922007.1799768,30852837.1222647,49554709.4391411,20953697.1177914,36526987.8755066,21603895.9341015,30052453.8559424,31117217.4870325,37805545.2636101,26456917.3084026,0,1.13673644981421,0.251961394000665,0.583149616570681,1.17859564834292,False
P49792,4,E3 SUMO-protein ligase RanBP2,RANBP2,664824.575712716,1222461.91025976,1630174.44464653,781333.227166889,48742.9925300046,646317.011127749,468342.294834472,790277.755122196,717234.008130447,1517305.76236352,247975.419278889,995900.823347314,798235.429686207,449803.891067485,1442735.06844198,251553.041006671,409013.134112845,404835.926449176,190739.05367155,431602.089483722,10,0.662470203129196,0.331863818293784,0.621344828365596,-0.993713641000667,False
P49821,11,"NADH dehydrogenase [ubiquinone] flavoprotein 1, mitochondrial",NDUFV1,2595892.11744255,9268287.92198705,2931491.3390573,10752381.2839256,3358468.26059177,9334693.79261395,6034968.60313304,7071679.30134246,14113801.838559,3373257.7387426,7779910.882036,3517266.71138706,5044173.59582466,6429974.21860941,3722086.76515175,2649702.92039833,5431430.19995198,944971.497679498,3823739.13266413,2143953.50877193,4,0.602705837503577,0.0706013118736195,0.38911116395522,-1.90646376970336,False
P49903,6,"Selenide, water dikinase 1",SEPHS1,2935569.12989617,3432455.31338182,1771926.4316886,3773794.65905138,3520333.81964193,1711492.05069436,1314470.42265022,4649544.62836534,3678585.10162864,1686828.93605937,3051545.12603783,917953.722725698,3416925.82993859,543323.839460123,605395.648740835,1923427.55063675,1284261.71320512,1957295.17553918,5276043.35833785,1556258.01754386,10,0.72106864360447,0.0895629591083813,0.421730243491225,-1.78138895681904,False
P49908,3,Selenoprotein P,SEPP1,1034987.12706465,1845484.49099178,3114309.14550136,5346520.17881618,2232768.76903388,1420048.41692156,1043746.57992367,2102758.21115501,4716890.54667165,2853827.96898193,3715703.37074548,4425323.6482575,1417220.71770464,1459672.56380368,3892954.65999443,1357166.85275925,1983901.72460984,1146347.71316771,1064741.39885151,1220261.34072022,3,0.843335772479203,0.483290256535848,0.7051394146759,-0.713883495581651,False
P49915,5,GMP synthase [glutamine-hydrolyzing],GMPS,1755939.07399891,416656.12872573,3999217.92028803,3211669.79136959,5031029.82981177,2487936.49880419,4219302.68398984,916370.864212107,2142466.89142934,4917705.88178834,1534705.89406442,221160.397967965,518362.50961009,836152.576281601,652796.310939579,1579394.32973519,328481.353181273,1042172.93953044,898172.20311087,1967392.63157895,9,0.329187361671918,0.00346141861663239,0.140054698951988,-3.30051811180593,False
P50135,6,Histamine N-methyltransferase,HNMT,15144415.0470442,14545654.3340038,28163317.4645108,18208692.9751612,14129573.4011545,19293876.5855978,28070180.7885861,24723380.6009372,29253542.9934417,29771256.9635339,16482343.7896397,13154382.7430676,10985482.275075,35695663.806953,10846931.0402036,42477108.5284011,35987555.4641056,41116294.9435799,36360424.3873214,38514166.6851339,0,1.27255039301385,0.324096964006283,0.619186017833498,1.01018498942469,False
P50148,5,Guanine nucleotide-binding protein G(q) subunit alpha,GNAQ,7512784.50571251,4142859.31638097,7472404.39296403,7634334.47011537,2381111.17175968,4118219.99332903,13406802.064436,8590327.15795277,7499011.9208966,3117239.06690216,1326236.7505479,6172803.00977058,1994899.89719841,9423850.93824131,5627364.98344832,5468186.27212452,6669248.45762305,2742730.44844845,8806786.34608428,4556664.533241,1,0.801346432815521,0.344782940985274,0.630480965769172,-0.966897706021722,False
P50213,11,"Isocitrate dehydrogenase [NAD] subunit alpha, mitochondrial",IDH3A,14542938.1594593,12304592.1221795,28372698.5419767,14133733.1914524,4372473.66663729,15749724.3625318,18977210.5440667,9882654.46430212,15363063.4610547,18208736.1706986,10510965.8070729,10144702.8181081,16978091.9182509,15789231.1104294,5196436.73088822,4313827.49423893,10929633.6585834,10289066.010101,4930143.957949,20256046.2003693,0,0.71976638420818,0.14029512120827,0.488948402836312,-1.5336449638109,False
P50225,11,Sulfotransferase 1A1;Sulfotransferase 1A2,SULT1A1;SULT1A2,6009575.400716,1108189.73486969,17042682.1785075,2409414.55009687,7496845.65379277,3336304.67315785,4306118.18101535,1720126.28576679,5234473.36286048,14914971.596018,15399657.2136809,9816455.24798831,5321653.68641661,15546143.4564417,8212797.23294597,14130826.4091369,9949574.5392557,7654252.12307762,10701854.0683141,7085666.7820868,2,1.63291917134573,0.0195640888770307,0.236659049950114,2.53132985646432,False
P50238,5,Cysteine-rich protein 1,CRIP1,67457203.0630444,98984334.2356131,60622072.10778,123426964.907614,145053215.973033,60145801.8543883,43698179.0871572,106872462.822751,14070984.403917,90343447.4452294,51920236.3016769,75636246.8536529,25645427.6805755,25605997.3132924,87927577.86638,47470237.2868405,65397406.4542617,24081806.039676,29837098.0457587,49830656.8928901,0,0.5962351003014,0.0618926050579448,0.364062657639799,-1.97413514606749,False
P50395,26,Rab GDP dissociation inhibitor beta,GDI2,151371683.375553,182864791.857618,162285960.489575,171364489.15363,214186766.27597,251008745.019835,360309879.040561,230841428.415878,240667564.989669,275605200.603011,165304425.05396,144269337.884972,145452132.004651,174671474.642127,189501457.994307,246528176.26036,218117003.452581,223716389.393939,219193568.235667,201398877.285319,0,0.8605879225399,0.101304963147507,0.437355574810954,-1.71504624318052,False
P50402,4,Emerin,EMD,3787818.03988248,2781794.07154102,1167080.75052251,1619391.17982824,2635178.71918306,3873896.32585569,3124657.7601329,2621234.77432693,572695.781699757,2086028.66766574,1967547.78872655,2894521.92665814,2521252.8413559,1317794.98965235,2826259.06266436,2183394.86506092,2556769.61459784,2554195.36832287,3780385.50637547,2285135.83425669,4,1.02544241550625,0.60690061856644,0.752218059563864,0.522473697611042,False
P50453,5,Serpin B9,SERPINB9,1445476.98606767,1463460.48412532,2049121.97752771,1452609.66931729,2086483.40809447,6338899.18390524,2980450.54060531,6165131.13714049,5415985.70344084,4313904.61717691,4103130.76830483,4921099.74873885,77182.286000018,9557625.59059305,2190347.15960771,2427123.01528199,3192282.30909964,1993182.32204932,3513333.92923675,4189471.00969529,4,1.07277198303165,0.701741690333195,0.784988950309562,-0.38833614396541,False
P50454,13,Serpin H1,SERPINH1,17826905.34288,47381057.0911317,16408288.7646931,21689162.604748,22740486.7203507,29338736.1609266,14297602.9439957,12091203.1898374,32976141.1346689,60992330.5266538,30927474.2312801,9087467.03087009,9937982.297385,42077861.3640082,20492582.7181883,22409385.5310289,28825584.9767107,11014462.5971426,44753956.8687828,16665753.7765466,0,0.856570941844144,0.495205036661505,0.709261894965122,-0.694342789399386,False
P50502,9,Hsc70-interacting protein;Putative protein FAM10A5;Putative protein FAM10A4,ST13;ST13P5;ST13P4,109120951.484995,153327232.289662,145088586.320999,95011416.4317728,96278011.7715746,96112580.1779872,121668138.754771,101771848.736562,103718938.738658,136658885.734675,72289266.6387182,109663361.054909,95831716.8974283,157922888.167689,88420521.6239211,138127109.116636,113236317.843938,107414821.698972,119995738.727618,109766437.072946,0,0.960225976724486,0.650742844193873,0.760966574422578,-0.459404711509302,False
P50552,6,Vasodilator-stimulated phosphoprotein,VASP,3991004.47256184,5432736.91765786,1743019.34263548,2137786.59422259,2617884.00768909,2745524.20902852,3058831.06492411,3196814.17196545,3089571.75455934,5252617.51762649,2547835.52075378,2134082.57475107,2699492.10173342,4056429.67259714,3605572.78609659,6242771.06181524,3625680.247491,1482173.16712167,3500403.90034364,5020435.52908587,0,1.04957304505011,0.877417269311703,0.825812662811676,0.15616783380243,False
P50570,13,Dynamin-2,DNM2,1833779.83618528,9407396.08176735,7226616.0087448,12029238.0458607,3607182.68302893,6359312.6565372,24595725.5888879,15142984.74915,13473219.4340131,19121040.2683223,9370095.30076374,6473929.31146521,895062.827740069,6262870.56715746,10661029.0835473,21668879.147362,21437447.0002401,12388719.2028392,16917210.3517815,14285500.7479224,1,1.06706102139683,0.886555756808407,0.825812662811676,0.144436903635726,False
P50895,8,Basal cell adhesion molecule,BCAM,545749.691614754,4554456.30028861,309725.452006644,2689689.63548564,3299644.48397921,5858727.68311463,3914967.39030939,4344624.0792061,4671453.73638393,1481427.13630201,1239490.55691385,5748140.90801438,1626316.37066984,856004.889734151,8389584.72511834,3330767.48898322,3995984.63635054,723108.994053144,2135144.9672183,4508674.49030471,6,1.02787304898305,0.897409901391195,0.826708499711055,0.130530470107175,False
P50897,4,Palmitoyl-protein thioesterase 1,PPT1,3496899.66390519,1285464.13083785,3146966.34340462,6083363.70257063,2254489.17689308,7000629.12354782,7587151.81170675,8220919.04686208,5201310.83995149,8319439.77913366,2506874.03378715,3648863.28564606,5329487.82376484,7372588.640409,5506080.58093308,11745337.9874672,8496986.91596639,16904376.7376467,10663470.8871405,5113893.31671283,0,1.46944689976943,0.0736186132592011,0.399711771208085,1.88473123248983,False
P50990,20,T-complex protein 1 subunit theta,CCT8,20353591.3847029,31787612.1825258,36499496.9292892,27458959.773299,19230483.8447642,26660725.9295006,28586911.6526138,17924279.1978315,22443052.2127392,27460486.7162635,22795688.1255188,18163843.702964,14474453.2502231,28399212.0543967,29888871.3516691,23951603.417829,29414338.4403361,26701057.4911275,31278838.5223368,30078406.5789474,0,0.98738693398902,0.902556425286895,0.826708499711055,-0.123946096906544,False
P50991,13,T-complex protein 1 subunit delta,CCT4,11632659.6286866,26579717.0644569,24528836.9705887,16824071.3616517,17974558.3672255,14610343.0902213,15263881.3654921,16570984.9554351,12640378.3523493,19281760.5077428,16338047.6423709,16210858.5721315,16160309.0647394,18961601.4376278,17338320.9030721,14705096.6658581,20591113.8962785,23779911.7977068,18147675.846446,19765525.567867,0,1.03462774701041,0.647058536026061,0.760737113067147,0.464628900460298,False
P50995,11,Annexin A11,ANXA11,7585855.49305968,20145857.9355431,17569259.9628806,18754543.0257641,2553234.72900923,13174775.7432811,20727294.2087512,20435945.2251217,29245986.9755637,34331443.6737315,24823592.0446621,12949481.6022635,24690673.7805241,33517812.4666667,24459262.1043839,16121126.2199313,22073767.4357743,12851340.2384202,26611351.6219027,21043932.5207756,0,1.18760760718942,0.181647028528858,0.531816779575184,1.38230418857815,False
P51148,7,Ras-related protein Rab-5C,RAB5C,22763122.2897873,37491614.0703166,25911689.6090759,31217218.4385392,26417671.8070458,21132272.9108857,24582454.8122837,39524607.0325278,35459552.3439044,26804934.8683365,20818986.0650838,29676177.1057659,29413395.0309635,31329259.1541922,22530854.5602203,25015514.630281,20284172.3039616,26694254.2406042,22282749.7924579,25304625.2677747,0,0.869706554892305,0.262028385727222,0.587927183588789,-1.15313324382855,False
P51149,13,Ras-related protein Rab-7a,RAB7A,113211718.991522,103275208.27357,71552076.8605682,96501965.381835,85057038.242746,115818968.493141,87089471.4653413,62685173.2164844,92452076.5250202,113684561.054021,76258186.4743483,67840536.123654,72362157.6867952,66148125.6683027,99136627.4146892,62406553.2929048,66755308.8787515,81925593.2072982,75475874.5387954,54676788.3379501,0,0.768048494339582,0.0171156343055691,0.221048813086795,-2.59294237601633,False
P51178,11,"1-phosphatidylinositol 4,5-bisphosphate phosphodiesterase delta-1",PLCD1,7158178.85471864,1885203.21626363,1294756.33141606,2275167.86438423,4875384.65196386,3435254.43208028,850325.010916837,9042856.38748507,6724939.86717276,7502500.80282595,2310289.92777686,1298505.1899314,5377250.79017821,3837803.66932515,9884028.29270179,9489815.99231858,7997174.71490996,3871984.99467649,9535262.48372219,7547645.61865189,2,1.35753910355216,0.229100543425147,0.572381325329629,1.23939356896964,False
P51452,5,Dual specificity protein phosphatase 3,DUSP3,4525811.63284824,6956038.06659961,6605816.7395121,5344188.96292246,4439181.83954262,10466818.670913,10490548.9056537,738129.270789304,3823991.32955365,2779126.36405481,3644175.92570148,4491324.80780364,4824059.60775035,4392165.82867076,6031116.27811466,2914572.67661209,3019784.72417767,3317520.07703158,6910576.17112985,5832217.30655586,4,0.807865314518023,0.840174480805185,0.819283344390874,-0.20422811706718,False
P51553,1,"Isocitrate dehydrogenase [NAD] subunit gamma, mitochondrial",IDH3G,707713.848897049,1929340.42933357,2378265.8812513,1502330.66402568,3860546.10636106,3571999.67230932,4376702.12407917,3056160.8744372,3226671.50116791,3369856.60504531,3841999.15389049,3665774.87778528,3000089.19088362,3571783.21779141,2259590.57892213,3611462.5507206,3532520.7817527,3025490.54832105,2366195.28743896,3402381.20452447,8,1.15360125138878,0.218061354365415,0.558253063752611,1.2704212607281,False
P51570,9,Galactokinase,GALK1,2552894.97447463,5380510.85079587,1856928.89895832,1108345.82552121,2907776.3146357,2799906.7843076,10569344.1417414,6553430.41151337,3518081.92399605,8765066.09926378,1805874.04092645,1684382.05120412,313769.836501798,2224175.59132924,1788791.53038255,5324014.21293713,10620897.0861945,12687211.8195468,7049401.0465274,5935299.65327793,2,1.07436123966702,0.593045754868627,0.744753923472317,-0.542847737509759,False
P51572,13,B-cell receptor-associated protein 31,BCAP31,69731462.057668,51666209.9637047,32310312.834618,28534446.5066651,25554995.1265725,26342388.9034767,39311357.9959173,12378005.3960305,46403184.9038721,24628209.3020766,16212370.3528142,37490822.5946509,26378298.5937965,19249790.2601227,23516742.0753024,14733054.5599353,24745595.2729892,14582767.4965875,37385530.5995659,8591080.57710065,0,0.624574607710265,0.0321720733227294,0.273698145271085,-2.29722063068512,False
P51608,6,Methyl-CpG-binding protein 2,MECP2,8628777.76701476,3083217.75634074,1375055.53716956,3574399.07393806,2175633.52805746,10161583.1515375,3772550.01917103,12979946.5533401,8447627.98760219,13493831.2217227,4132145.15490619,1148514.84989724,2386354.05050164,7562089.99079755,2892466.75795873,8901944.59793814,3513763.24,7073934.85344435,17307646.5183578,9392905.91412742,0,0.950055758835821,0.830123398760881,0.818226127002315,-0.217278775388926,False
P51636,4,Caveolin-2,CAV2,2347571.53895365,1021274.46802899,3743424.37910671,5083978.7908303,827860.779120492,4786993.02883421,3406151.55892088,2308000.45685024,2573656.29109147,4580393.44569328,4872865.37755271,515823.406543071,63502001.0600611,4748694.38785276,3808532.62057977,2247468.49849166,4078194.72364946,5794413.51128401,3448937.3147495,20390671.7880844,8,3.69655061154257,0.147820099488673,0.499834338442571,1.50361599908915,False
P51648,11,Fatty aldehyde dehydrogenase,ALDH3A2,34475012.6088867,25671686.3870911,36063546.7754611,29521300.1625076,35565338.8508229,32465071.0373362,18375049.0556492,29428997.6366811,31134991.4450633,16690896.8971669,21824404.3815374,35029303.9394466,23928993.4589902,32861170.0302658,28148389.5801751,15085172.9015565,37857924.6991597,31571334.4594595,20666073.6308555,16049118.2317636,0,0.908877869848409,0.436602446504467,0.680086216738185,-0.793336701269969,False
P51649,8,"Succinate-semialdehyde dehydrogenase, mitochondrial",ALDH5A1,5571149.47663298,12651131.2825783,21249054.2720752,15511869.4578261,7422725.46167574,9503553.99066064,11241177.2073311,7608330.14297528,12651292.6003953,4695165.03575252,2142099.57977752,4594789.74028887,4941824.38208172,5495462.71860941,7884787.18807041,8515823.41216899,2061085.86770708,5475681.22426972,4992765.86258817,10360008.1625115,0,0.522307882701918,0.00948967725955921,0.181482743058785,-2.85942410443794,False
P51659,5,Peroxisomal multifunctional enzyme type 2;(3R)-hydroxyacyl-CoA dehydrogenase;Enoyl-CoA hydratase 2,HSD17B4,3245076.50916328,5965213.95303481,1057561.94664504,5879094.50436647,7045330.15014651,6041240.91136833,4112447.78494719,1794317.03611137,5306171.57694727,3026008.6571398,2044040.26249377,2528060.80786153,4826423.11562036,2360549.29406953,1848466.81163568,6221387.05093996,3745046.42228091,1990461.02184002,3576209.36385422,9765940.54939982,2,0.89497079273523,0.641093185757435,0.758578558520882,-0.473115569745547,False
P51665,6,26S proteasome non-ATPase regulatory subunit 7,PSMD7,3132752.51208416,3885548.41563107,6130021.67915127,3722481.1668739,2874216.33876049,5170058.58348296,14629372.3591018,7836655.61191767,7802679.88383793,14168722.8494969,4324384.86078366,2546860.31846995,5333783.96360096,11399129.2335378,4339350.6492281,11421933.158682,13206565.879952,19987099.6309946,13890062.4109242,12989172.2022161,1,1.43381029999045,0.0921265240891035,0.423185026411948,1.76629166397073,False
P51687,6,"Sulfite oxidase, mitochondrial",SUOX,2759426.19491044,4201623.85796747,2136624.51736419,1587180.62238672,2478134.67896628,3807841.39295574,3196930.08396201,4472568.77598089,8360733.78200521,4520306.75037465,295020.334783284,7698822.9847964,1277067.55536174,3221446.51394683,960575.359086409,141434.193716087,7480938.44619448,1464314.63449813,908144.382257189,3465106.77931671,5,0.717267805328084,0.0559338142989302,0.35525066816155,-2.02549505275802,False
P51858,11,Hepatoma-derived growth factor,HDGF,23809064.0260294,4351191.46729054,17792703.9485345,44820234.0560391,44015040.7521646,36546416.9918174,27237439.5566699,29581844.3214187,40675723.3523493,30002000.5437808,33312239.5899054,19372963.3061248,14011481.0043538,37469133.4838446,47189607.1002073,25298116.0460885,36825811.1577431,32900519.5304395,39895477.3846989,33366023.2132964,0,1.06963690818143,0.49553248752027,0.709261894965122,0.693809606557615,False
P51884,13,Lumican,LUM,471265595.917233,721700493.904145,520093221.153042,702492801.758089,727057317.841327,853129965.701268,467612402.121239,1158886998.43793,688277668.506873,478999664.590024,416953802.7478,607332391.274459,837620910.990021,536214672.220859,1174160227.63976,588264316.135031,532552637.570228,331990121.471471,743079464.387774,364093751.754386,0,0.903195776965325,0.378004810698854,0.651853003366993,-0.900944964790742,False
P51888,15,Prolargin,PRELP,138086049.312431,241964430.273745,114283004.662498,127328982.101032,102650289.399414,215540694.703674,120490357.331144,444792439.479004,182049657.407241,131417138.507101,82036238.6510045,112015328.605129,147554713.383272,277517427.370143,406989400.287721,121631951.611077,144352297.392557,118453095.672946,208249524.172545,224019909.972299,0,1.01331617915865,0.97005828441952,0.842169399018708,0.0379928204628231,False
P51911,10,Calponin-1,CNN1,25136419.6474268,4657214.23298424,2373193.88399351,15627524.8150826,2559823.19053075,38792019.4295609,91311237.2725659,28967022.8255077,9342596.327374,160546848.290873,3536807.17956168,30538849.2919786,293577.979272019,63910649.0543967,8204550.1181821,57971071.178492,2178387.81541417,15451882.7509328,3321327.22567372,18840240.3693444,2,0.538465221043926,0.26213924694079,0.587927183588789,-1.1528569278987,False
P51991,10,Heterogeneous nuclear ribonucleoprotein A3,HNRNPA3,10287066.4550753,4469864.78354032,5235151.9547879,7124694.27435445,4030285.44636366,29871950.6795166,9854381.0521878,16515170.1548286,12854465.5255593,42818939.4708485,10914064.0765399,4678373.17594361,6529121.69447524,34782174.0380368,13864296.1578443,33714197.7820902,28542875.6153661,16519142.6767677,19332505.9450172,32286081.3065559,0,1.4061237431163,0.0747781887111536,0.401100882140137,1.87658690612237,False
P52209,23,"6-phosphogluconate dehydrogenase, decarboxylating",PGD,105461363.193062,398013302.667483,254851147.273731,303276449.897348,354335696.203926,259378355.995714,203233649.458596,225259948.355233,271017570.132962,165781926.628845,266435853.860203,230584788.750434,166874706.940426,344274801.026585,256113916.491353,269703003.594097,405441123.769508,332262251.492401,262538743.52505,250769546.629732,0,1.0961931910232,0.379452322696001,0.65200788821375,0.898161132563609,False
P52272,15,Heterogeneous nuclear ribonucleoprotein M,HNRNPM,10845425.4212009,2573952.30623579,1780207.92206598,1938470.25891334,1763937.03873185,19270001.308646,13128115.7557469,6398522.87259947,24278324.9995508,28268756.1360879,3641072.78274946,7933528.72503473,3826849.73755375,18008361.4862986,24592255.7281193,9296377.59005458,19054610.9546218,12362356.6070616,31039675.2428106,28771457.8301016,0,1.43793840961441,0.0489355798761137,0.335456946076565,2.09247466847916,False
P52306,5,Rap1 GTPase-GDP dissociation stimulator 1,RAP1GDS1,1476033.94441285,4108387.56353437,1299912.73108499,983308.33274152,1542852.97680055,1453473.80465407,4394783.55720245,687372.149807038,3563418.03126404,3289429.79643902,707516.593059937,2937420.76572337,589412.836749465,517019.920674847,2086253.78194839,1443760.76252274,1428624.63932773,3183751.16361816,2295037.87353048,4150707.26823638,4,0.848262143231057,0.493793984524823,0.709261894965122,-0.696642700379376,False
P52565,7,Rho GDP-dissociation inhibitor 1,ARHGDIA,153726863.95947,108489641.866363,59792360.5246877,139359301.038082,70420359.1938575,174369106.004585,199078237.534392,177010199.954057,212617947.511455,185595197.637908,158322353.411921,88264378.5479622,99432892.9365315,217976240.674847,109748651.239056,203586362.19527,214239846.496999,191571030.671581,168107277.608971,192411530.378578,0,1.11023697732333,0.307554078652416,0.613979024606205,1.04621363667257,False
P52566,8,Rho GDP-dissociation inhibitor 2,ARHGDIB,42094927.6365446,37255411.6708938,32815014.984032,36838933.5141544,38795743.8905902,71064761.8470076,47378331.3242212,28522221.7991363,39772359.4371575,54606201.8432884,61667208.3139631,42293488.9378546,54947628.5040158,79400989.3701431,44224716.6406274,59762643.2557105,47909813.102521,27529353.2423332,120012640.726171,39943911.5327793,0,1.34615075019877,0.121178780841071,0.468593977449557,1.61641640091148,False
P52594,2,Arf-GAP domain and FG repeat-containing protein 1,AGFG1,2031735.7837258,2109884.06266398,1125798.30226395,1536811.09296475,2124778.84068827,1518069.69285141,2686751.66588267,3236914.95947808,2963386.25599677,2729309.75872404,1466359.17054624,2398492.9577689,3058093.4209957,5311083.02633947,2749498.61244315,3584806.51570649,3650271.47447779,3030422.90495041,1114602.29458311,896477.897506925,0,1.23553297954788,0.559778644806741,0.732675882289056,0.592758165420872,False
P52597,5,"Heterogeneous nuclear ribonucleoprotein F;Heterogeneous nuclear ribonucleoprotein F, N-terminally processed",HNRNPF,3914858.52935508,3220525.72555536,3653639.27605243,6884707.73735522,3905830.75084037,2259927.60391458,1039848.28929617,2800614.95658366,3317931.40598329,8594198.03075715,2646980.93807073,6933436.59390247,9763609.56286,2146509.85030675,4678773.50632676,6116658.29096422,1777568.76533013,1656846.62430612,3360201.82234581,3987421.64496768,5,1.08779344483196,0.814617477981573,0.815002833453775,0.237489243714244,False
P52758,6,Ribonuclease UK114,HRSP12,15581633.1862124,15329453.991604,18506787.1754142,21538918.7294335,15008927.124854,27139557.8728115,19171295.6519038,12394320.4915924,12055206.7455754,5488562.83176336,11324454.7319442,20916146.1553491,18686944.7165959,17538239.1366053,21440885.0787365,12067231.5787346,16995768.8120048,14931434.0859041,16641707.7753663,14947935.9187442,0,1.02019598051158,0.660107213442446,0.764709149984281,0.446184385821261,False
P52788,2,Spermine synthase,SMS,3713984.48011321,1091107.96965192,3477848.86124331,3060002.95694416,2175839.41748001,4809674.54193841,2076461.82679507,2284542.72328402,2248419.05322972,5374724.88624848,4323400.78079612,1899697.30939562,1519873.18837719,3111292.64306748,2478379.45313157,3346408.79729129,2878699.29051621,4293361.32396032,4294544.30236028,4876465.40027701,4,1.08938577264395,0.576688935577374,0.739323921933528,0.567205412183899,False
P52895,14,Aldo-keto reductase family 1 member C2,AKR1C2,14040499.6348903,18126286.5550114,13664615.3772134,16424141.621606,21208669.4165987,64713938.1778311,80122313.748114,10747354.5290821,71745229.3091366,18512837.5365732,24187447.7394986,28548206.4692602,33360789.3980367,38573729.8989775,20953723.6526622,63861119.403679,52117246.3913565,46652440.0568751,38979389.0631217,31136444.3167128,0,1.14899414976786,0.10001642315298,0.436631574812394,1.72199384322994,False
P52907,10,F-actin-capping protein subunit alpha-1,CAPZA1,42998350.7528369,70022977.7527549,45318502.9085224,54733087.1532256,44918895.3171473,68096269.0793349,47995422.4363184,55819952.741891,71351476.8219387,71203734.2860201,50176269.9626432,53340568.2651673,49089715.4804078,54843785.3312883,72136030.6306655,63815782.2781484,62045281.1697479,60617812.5684776,71617993.3690541,61214187.132964,0,1.04618456905057,0.551977829811392,0.730786710248407,0.604680617362518,False
P52943,6,Cysteine-rich protein 2,CRIP2,19725543.2289917,38876953.4025713,20327152.5130838,45152067.6511581,46489831.6111833,46266307.5197468,34981767.1287832,155843510.185611,23893807.6453149,95218405.7446657,36894818.1280093,25943324.6396318,32453545.7502907,51928361.1274434,21180680.1627324,39347335.6292703,134372208.192077,74859567.1325871,81340022.9367879,64556232.3084026,1,1.06853158487199,0.545919061060879,0.730613623538725,0.6140019919828,False
P53004,9,Biliverdin reductase A,BLVRA,9345115.0,11830552.7046528,9968726.8508703,235149.246475426,11859024.8493027,12666762.905918,25017902.1696104,12483624.1725627,14352236.1804869,32106035.2133733,10833382.3597875,4224074.21095288,5560721.23259147,12840837.7725971,5213494.60871516,22052733.4768547,25449227.4612245,24028230.4418054,23865621.9569542,13038290.6417359,1,1.05177476978399,0.508838768595284,0.718013241235623,0.6723107888019,False
P53007,6,"Tricarboxylate transport protein, mitochondrial",SLC25A1,2329817.10070566,12336467.1864614,1511184.48842945,5474281.51739294,5582897.58179295,1079918.56865779,3859888.3176977,4783586.01874483,3660722.75038182,2202334.10233355,2073985.59198074,1889824.18511925,2417968.58541334,1734178.15042945,9107605.73500294,4928598.9164342,2560359.5747419,3472464.10769861,1326448.92991897,3822542.99122807,1,0.77844750860827,0.528970218787961,0.725225836126963,-0.640375924560353,False
P53396,15,ATP-citrate synthase,ACLY,1399822.71628712,11622956.1321497,6448624.67687729,6641860.18008848,10769458.0251823,7990126.71277207,11114275.4060531,5248051.02871451,18474463.711706,7225074.99536145,7586719.04623942,1473665.23445641,3096505.9654128,2727321.16948875,9394698.49232744,6384902.95035375,8512872.48960384,5266821.43320593,9695831.46997649,8378012.75161588,0,0.719129889827227,0.270461833009301,0.587927183588789,-1.13235579918387,False
P53597,6,"Succinyl-CoA ligase [ADP/GDP-forming] subunit alpha, mitochondrial",SUCLG1,21382624.1321374,30394917.066206,49812383.347267,35187331.7768846,13472168.4749609,26233623.7529185,28956005.1269193,12566917.0288523,23386714.889947,12976992.277528,18521108.7091151,27531139.4205164,10913206.040185,15217440.0249489,7360618.84060885,24768427.2961391,17903131.2384154,14163517.1830922,19153344.7603545,33063347.4238227,0,0.741422022128353,0.150560969401087,0.503568020157996,-1.49299008828006,False
P53618,8,Coatomer subunit beta,COPB1,610342.028859824,21008295.9629613,1689736.54605648,5144507.33634595,10249215.3259851,5097428.89306862,13887867.7163398,7120938.13029495,17603842.5406522,8733577.82344965,10255737.565393,1778920.5973573,1903366.84727818,8163311.4997955,1904555.42686322,8227177.04629068,23306021.2552221,11892932.3209573,11243209.4375113,7578842.46537396,5,0.946331258250464,0.96402751468347,0.839800241506769,0.0456503266997908,False
P53621,14,Coatomer subunit alpha;Xenin;Proxenin,COPA,7346230.96595756,10416607.5454784,5428282.56056983,6820747.67191973,12077936.589428,5885786.33032666,11263571.6428508,9540896.14674263,12732729.6819693,16200733.5113823,3835484.68869334,4752353.9838775,3118239.37870143,14355931.2638037,9744674.10435294,15218161.803113,19631697.0477791,17217326.2617163,10563749.0956773,14128188.9889197,1,1.15199824515304,0.876471977254156,0.825812662811676,0.157382546640075,False
P53634,8,Dipeptidyl peptidase 1;Dipeptidyl peptidase 1 exclusion domain chain;Dipeptidyl peptidase 1 heavy chain;Dipeptidyl peptidase 1 light chain,CTSC,14634729.8129863,16349456.0486269,9735126.320414,13485198.4778648,8641590.84315583,2104340.38244541,10546949.7062217,5940498.03193053,8535781.52951217,19477158.9730964,11528331.2238917,6710343.30098703,3916563.24589632,29934945.0633947,15226324.334839,38015935.3761876,6827116.95495798,7765400.22850123,556456.0473639,7905413.71191136,0,1.17300918905625,0.690889581161449,0.778096232572657,-0.403276622053162,False
P53985,2,Monocarboxylate transporter 1,SLC16A1,2790828.602696,836420.452096515,550437.851932048,1291556.88210971,4533246.18795402,233524.18567795,875290.659403568,3624097.93783883,3033741.17801635,906635.5414615,532064.890552881,1935665.5638165,4053358.35011421,2493788.84781186,1749444.38526746,1621110.96383798,4011690.71198079,1292787.68068068,2506481.87542955,977328.521942163,7,1.13375304174219,0.377096396114562,0.651298791049508,0.902695616033186,False
P53999,3,Activated RNA polymerase II transcriptional coactivator p15,SUB1,3813008.52882835,5633549.82263425,3110020.98808095,2675985.60554853,5208405.17434245,4003220.7426779,2391145.11702316,2261873.3273454,4105940.11490432,6380666.20306867,3071335.73675909,4552457.02935047,5198829.24380031,4039679.4498737,5457508.99661232,3653643.38463715,3093737.90314526,2904392.68900719,3900337.36274519,4594698.13573407,8,1.0223021528694,0.742727388817143,0.798823546685696,0.332682543506517,False
P54136,12,"Arginine--tRNA ligase, cytoplasmic",RARS,6717216.58231447,977583.702247682,6579878.486632,3494737.39328572,2820685.08889819,8780531.02030388,21672837.0418035,2966857.19346687,11972090.5489174,13882627.4855491,3421525.41889424,11399156.4217891,2909738.31079363,14303185.8294479,3081982.6717817,9999103.03577926,9730586.97046819,13405805.1560652,11599841.6069814,13831487.0637119,2,1.17300895556105,0.27111750553505,0.587927183588789,1.13076055773045,False
P54289,16,Voltage-dependent calcium channel subunit alpha-2/delta-1;Voltage-dependent calcium channel subunit alpha-2-1;Voltage-dependent calcium channel subunit delta-1,CACNA2D1,6537739.74397084,6191036.52383243,2785237.09390205,4324969.91579678,828766.6925797,8118124.72531918,4634984.61373924,10509497.6095746,2773226.47273381,10264754.8761864,1057163.22517848,3304791.66702848,6947868.97144325,11954867.3607362,10347915.8346224,1285836.4419244,9944189.59903962,9520764.19613666,6918579.57772653,6664177.46999077,1,1.19270030353735,0.711308257081037,0.788733295532262,0.375240040871646,False
P54577,8,"Tyrosine--tRNA ligase, cytoplasmic;Tyrosine--tRNA ligase, cytoplasmic, N-terminally processed",YARS,651618.173465712,2239497.94609328,1344289.01914492,2831826.82688026,1297597.49666219,3913025.25197113,5513510.02494009,2145144.5044314,7485411.0887162,4036812.25419254,6176947.28166921,6570069.18719982,11362677.6083401,4513786.09832311,2442601.369845,153503.1623635,4280847.97378151,13501050.6633907,2980498.42485079,2316332.68097876,7,1.72601722912536,0.393705012217464,0.659915516841869,0.871116180799727,False
P54578,16,Ubiquitin carboxyl-terminal hydrolase 14,USP14,21982893.2348076,29975637.3744971,21642815.7013393,11191547.3741434,16887462.2161757,25421864.3365576,42664717.3591018,29942493.8022604,30810082.6763094,35677225.5955184,18221655.4142454,23044954.0472676,13314748.2085778,32537053.1582822,13607416.0824336,43364960.5700424,36807861.3570228,43596930.1656202,27346588.5589618,38229412.488458,0,1.08968870321152,0.664980738881359,0.76714524248479,0.439336147386778,False
P54652,15,Heat shock-related 70 kDa protein 2,HSPA2,4329432.03510983,489322.223481901,2220845.71195679,1518189.34211283,2056496.05381637,577516.421378336,2561591.6540339,4806255.41468345,7429328.64491061,3836478.81053308,3653976.72037471,638425.970331133,1076157.75753806,3146762.03660532,2525225.2393971,2650030.54914089,3089160.70396158,1901253.3993539,3158899.01957859,6247732.75438596,6,0.941733258221781,0.827594426887726,0.818187832819081,0.220568489579485,False
P54709,4,Sodium/potassium-transporting ATPase subunit beta-3,ATP1B3,4919428.7365911,1123309.95767011,926969.173150421,1698512.41488593,1497413.18124435,1234658.76727098,3573851.63159743,3591732.2453831,2118028.11423023,1998866.28056091,1248658.17674747,1035907.13383553,2001849.53516861,4495713.07918476,7026400.08183028,3288179.81278801,5337549.34838402,4693356.55220845,8035747.20846553,1601922.64345573,11,1.70901890347351,0.120956833176262,0.468593977449557,1.61743971142,False
P54725,13,UV excision repair protein RAD23 homolog A,RAD23A,34633232.4327293,36545169.8539444,33875983.2795492,36046640.2723882,11007054.4188019,31922571.6888204,22095013.622526,32926438.9116053,28642345.1028659,26413471.0486691,13538392.0710609,28461647.5714947,13563924.319073,23618488.192638,25406118.8820654,24487337.1178492,29799361.6657863,17378903.4616435,18184015.1433351,31424517.3268698,0,0.767958595832928,0.127517105236195,0.476445128823285,-1.58783585549904,False
P54727,15,UV excision repair protein RAD23 homolog B,RAD23B,75731737.5145398,95004037.7470701,93502713.9966893,114542039.331463,94515598.3145696,98034539.9726064,62164464.7319606,79974881.0658826,89286944.5916809,68529509.5554128,69519711.5540428,67494300.5325923,75953225.1615782,69963378.7533742,103026690.90895,84327053.4869618,85372842.1858343,86537346.6557467,122319763.528667,77773075.1154201,0,0.966716940933921,0.708362661482265,0.787615499104467,-0.379265156265713,False
P54819,10,"Adenylate kinase 2, mitochondrial;Adenylate kinase 2, mitochondrial, N-terminally processed",AK2,6902490.78824928,7834809.0695732,20309964.5141873,28351775.8956713,13963008.8583137,20909436.992669,21584088.7232626,15021050.877056,23223001.169257,21110370.0367516,11630579.7841607,8969665.78094246,3252430.57005327,15043915.190184,10406172.82415,10976873.7097231,18117631.3570228,20327262.1571572,22049502.2124254,8875171.01108033,0,0.723448506341777,0.108007493932428,0.447941514468753,-1.68007931209786,False
P54920,12,Alpha-soluble NSF attachment protein,NAPA,10069906.727389,18146719.2885255,3668231.47357333,3848729.25778562,6536783.27645465,5303096.93227544,6607353.78654478,2653779.09652669,10933557.8694637,2951383.78248769,1553898.83322265,5968776.99403728,2892312.96614295,13502066.7685072,10340977.0368623,7160621.16818274,11541721.8631453,2590167.55546456,2836831.43714957,8106533.80886427,0,0.940248013910217,0.744611150932705,0.798823546685696,-0.330151608362509,False
P55010,4,Eukaryotic translation initiation factor 5,EIF5,2140677.9830434,6024387.14929159,3456662.83261157,6116114.7056068,7565162.81747712,3211887.95215352,6402900.88448567,6935513.525888,5783795.86259096,11663887.9147934,7371516.08251702,3380124.95773996,3241816.57751697,2884567.4508515,2038705.516892,6672642.57372145,8744065.92288115,3613886.67795068,1968575.77147766,6296386.56001847,3,0.779283563780948,0.255244095359894,0.587851806731667,-1.17021066397945,False
P55036,7,26S proteasome non-ATPase regulatory subunit 4,PSMD4,5143835.17376638,2444817.4304268,7327400.18409216,3443935.50738802,5057055.99660711,9861683.14493751,4337719.21780421,3094200.80777359,6650387.15744318,3956185.37889817,3574355.20928109,5475120.78021883,397039.135090186,10247138.3701431,939758.965806082,10765300.4572468,6350998.49085234,6634104.70711621,2017591.56728161,8578469.08587258,0,1.07137286021794,0.5141690578878,0.721090302628091,-0.663787880817732,False
P55058,3,Phospholipid transfer protein,PLTP,3484865.99536047,3518751.26709002,1645516.51253198,3454361.62808545,3889059.16881793,3334712.98802773,3464916.82901393,1848414.45823762,980351.34179319,3503967.97495183,1816424.72696331,2673587.95472965,1285581.93884367,2716787.6814426,5288268.43844639,2299196.75940974,235468.207729729,3548616.35053027,7289662.95595949,3590226.04755309,8,1.05558480503145,0.660282724451565,0.764709149984281,-0.44593738359347,False
P55060,15,Exportin-2,CSE1L,39959563.9071264,3653617.94511982,43041874.3274199,52467539.2204262,40109318.4064421,42594820.4862713,23463562.4598385,38203942.9812552,24897918.4655467,59362453.9077999,73958757.5469035,10181369.119557,35238240.2486835,30885127.3083845,8160315.2824614,22889203.4428947,55140890.3226891,36624448.7856038,30716847.0704467,44288238.3795014,2,0.946510053300477,0.855916014810424,0.821068367518388,-0.183860777207821,False
P55072,44,Transitional endoplasmic reticulum ATPase,VCP,545653068.821568,432961450.069967,540437561.665022,331022926.727005,369859758.663993,701561749.185645,869401752.285435,549741438.403933,524043422.140868,628956316.192107,471569118.703304,498146456.640037,426884671.245842,676960895.026585,505708254.253937,729670810.66505,668342880.019208,727641659.71426,597020843.8913,580055582.594645,0,1.0706929773143,0.324727064802742,0.619186017833498,1.00883852188737,False
P55083,2,Microfibril-associated glycoprotein 4,MFAP4,11397624.6842609,8376603.43143257,5496722.04708479,10533392.7289709,5919526.7876578,33491707.9462632,16479816.2718559,27595696.1090692,14130592.989399,4668756.23292657,5641358.72961979,28593432.6679515,9810867.10105736,18596969.9566462,12469742.366349,25210464.2700627,11038229.9529412,13107312.5393575,28184927.6871948,7009334.07202216,1,1.15621791222287,0.422911206407058,0.673310065329544,0.817613611532801,False
P55084,19,"Trifunctional enzyme subunit beta, mitochondrial;3-ketoacyl-CoA thiolase",HADHB,37165957.3991263,52999241.4981634,82985221.217416,65201518.3217188,40438741.4825178,47554246.0708684,84178194.8477856,63897642.4235045,72512584.9025245,55699232.8491401,39999512.6515026,35652798.4999132,34644577.0667135,61871158.9259714,58684882.056121,55147323.8766929,69795107.6307323,56575831.3513514,41884842.6143968,71500517.6361957,0,0.872433002918662,0.301908481535571,0.611114865961753,-1.05882307463801,False
P55196,7,Afadin,MLLT4,7696005.47729211,1178968.72376246,7076455.40020399,11885479.5176821,10746398.409857,1978597.25716597,35753131.0189048,13356052.4405035,7249831.24243105,1295231.73859987,1393342.21688527,2344073.82288214,5490972.13878147,8066993.75010225,9175548.12973734,13569401.6713159,1224266.15812725,20540714.1423241,2604344.44705191,1958896.46906741,1,0.67573970388318,0.456994835855735,0.69086707470759,-0.758033436123057,False
P55209,5,Nucleosome assembly protein 1-like 1,NAP1L1,16558731.1823093,2705130.45539619,18622415.5316267,12324321.340543,13530641.0709643,31417211.6600075,20261987.604065,15711437.0260957,19615422.4112838,8272090.66295583,19304652.3044994,25733689.8091062,22113748.0211742,14669346.1635992,11601669.8549021,17738905.9826157,25948231.9212485,3941208.06875057,9342579.70021704,31755734.9122807,0,1.14545633678111,0.588419948535974,0.743447109981051,0.549701913292392,False
P55263,11,Adenosine kinase,ADK,23508325.5822369,10761512.0871961,21744381.1493638,5732938.77899546,4173172.70561149,34092569.0828833,37898020.2875655,13210933.9589268,47001789.4313179,14296098.6409049,11814906.4755105,4982817.04917795,11264225.936207,16899178.5116564,13871524.0721777,36361885.9130786,30496711.4237695,34121702.999363,17959218.5625791,23677079.1366574,0,0.94835465132963,0.834117017159095,0.819265653095417,0.212088822280263,False
P55268,45,Laminin subunit beta-2,LAMB2,105006028.280172,126364197.144481,70097347.1357868,73780551.6912934,82145761.807927,36923115.8059457,75491642.1367711,42225184.6926399,76069790.2079777,27089696.4543638,71367633.1819691,93259097.445583,84153797.9664134,70753795.8421268,44048355.5308913,16117348.1261371,85526312.9819928,50297281.5247065,56946213.5250497,31569881.3573407,0,0.844582442972627,0.331751420323654,0.621344828365596,-0.993950082838706,False
P55290,5,Cadherin-13,CDH13,20845159.8450384,31496650.0572853,2003808.16225525,989242.425370847,3890692.41787658,14010808.3578764,20330829.7576995,7824805.7004043,9353510.57542,24694898.1981018,1711848.80948033,10641469.742315,10004698.8218989,20758768.3386503,18150738.4741515,24443511.2298363,10764495.4919568,11506847.8537629,8668189.957949,20978883.7765466,0,1.01616243683841,0.501802978531627,0.713482138287474,0.683638092101619,False
P55735,7,Protein SEC13 homolog,SEC13,22137489.7039057,16697629.8277068,26141383.7761466,14585545.7085851,24784968.6862456,22460003.5902604,26165824.3458773,14295458.4691721,30679111.6997574,19273090.9512595,8578949.00514694,17497069.6936147,16809278.8941021,19904139.4167689,32408522.2883086,11044879.398019,14344583.2456182,11233017.020202,11009961.8574787,13080107.6915974,0,0.717752254780875,0.0239675813183053,0.254874875783166,-2.43677450528418,False
P55769,2,"NHP2-like protein 1;NHP2-like protein 1, N-terminally processed",NHP2L1,999140.070792514,1517480.91329647,3488149.91133186,2979416.42928909,4080785.08611984,4287071.2575492,2510582.10646135,1457367.37829643,2653253.69998203,3925575.17562264,881261.566943384,876219.492286095,1407696.70196967,3417674.81828221,4033898.98949664,1886099.98394987,1303933.70700837,1299505.89057239,3096953.19488153,1495457.35457064,6,0.706076467302711,0.138835290088383,0.487227709966479,-1.53962370093176,False
P55786,30,Puromycin-sensitive aminopeptidase,NPEPPS,48679770.9921938,28886981.3328669,27428921.1480262,74277761.6383772,28591864.1091454,28335974.5289513,73829477.3670897,48309856.6479831,70616024.4151469,67495831.6670235,34792438.7780176,42308366.248408,24016685.2544688,62983399.606953,75533150.3673854,54038075.5387103,61650385.5539016,70422997.3851124,74727961.1028215,52260028.3610342,0,1.11336639144443,0.425064451062463,0.674669112819751,0.813763313828708,False
P55795,5,Heterogeneous nuclear ribonucleoprotein H2,HNRNPH2,3356192.72132758,1711282.2972713,1907399.11389971,1396295.2383541,4963522.67860683,2413392.5785436,6591926.50874234,1689327.444535,8437553.2970982,11047015.626561,1760878.4681222,2757036.14210663,3146796.07290624,10198979.4952965,9344684.47732829,8026938.07519709,6542343.36653061,6052171.66548367,4216541.5790378,6228550.01246537,3,1.33922515112804,0.15156455531086999,0.504888783732783,1.48913894984352,False
P55809,13,"Succinyl-CoA:3-ketoacid coenzyme A transferase 1, mitochondrial",OXCT1,44058785.908057,19925184.413591,44027840.4459344,51545539.0359425,15928017.5071052,54837531.94544,25123238.9589065,17153176.2602224,50125783.0450993,13301100.3122101,10049683.6072555,30403812.8401065,13537389.3377322,9089032.09406953,26893623.6518887,20346546.3193855,11060667.2038415,19018486.8377468,11114754.2485079,30400995.2493075,0,0.541371454259399,0.0195703865359589,0.236659049950114,-2.53118093307594,False
P55884,10,Eukaryotic translation initiation factor 3 subunit B,EIF3B,6218642.96947295,9823240.96422949,708036.176358955,4677772.79998843,1227553.91511159,11145642.4832339,14921329.4443951,6981057.65308279,12522000.7389273,21260420.0528081,3052406.56475178,4131564.38896608,6789922.65393872,10072084.6822086,14734826.1601646,7378390.4944815,10266388.5219688,5549071.28928929,4162708.71364623,11082181.9759926,0,0.862926119633248,0.703103411167159,0.785121265036417,0.386467840112348,False
P55899,5,IgG receptor FcRn large subunit p51,FCGRT,5327539.25931191,14217095.9790974,2043184.30518167,7398592.10172628,5396567.65438763,10330322.2574087,6453105.46806196,3636119.58720022,2257570.23043752,6533977.96585314,5466962.09571642,5926985.27620991,5821891.92991244,3617343.04224949,6030971.71982799,4425810.19429958,1876741.41430972,4905228.66789517,5130601.66078857,1452180.02677747,3,0.702183594341737,0.266225173510496,0.587927183588789,-1.14273283202172,False
P55957,2,BH3-interacting domain death agonist;BH3-interacting domain death agonist p15;BH3-interacting domain death agonist p13;BH3-interacting domain death agonist p11,BID,773796.873307399,893319.109235613,745890.936047916,596956.23197542,825724.9656607,1092441.04385246,667561.534370285,929015.888863365,738035.896375004,900300.096339114,766131.850140578,742663.192771593,843184.654407916,550303.260357591,800896.11740655,877540.279352901,852471.935807923,705105.892355992,705548.576600651,586733.03531856,12,0.910270738553039,0.484347032119664,0.70563943339286,-0.712139134031521,False
P56134,3,"ATP synthase subunit f, mitochondrial",ATP5J2,4194606.26982558,6931682.24825083,5682821.19877272,1770499.76809415,2830979.56002556,2975390.06990327,4880742.80797905,6472971.22971607,4058840.93679813,2300766.91286662,2976224.40527976,2868751.21953514,2732344.93577436,6006634.77591002,1048597.41148684,3356494.82499089,6353152.46693878,5172001.12903813,1119419.36417074,1692926.75669437,3,0.791617592131806,0.245698652435528,0.58311339070537,-1.19482234864794,False
P56192,7,"Methionine--tRNA ligase, cytoplasmic",MARS,3874112.71745577,687479.751814763,1248378.27144482,2233037.12945257,1580605.56508642,3301420.24072274,4137911.08755658,1518763.65896352,2096543.09388195,5103767.90169842,345292.275557263,1836701.9489254,4934055.16318808,625429.809541085,1644255.93280512,2397276.07430766,3733468.80081633,5073098.87455637,494679.242652378,1075162.81532779,9,0.859491282600617,0.316962982790461,0.615712669870206,-1.02555921151775,False
P56199,8,Integrin alpha-1,ITGA1,1883299.01769328,2286095.95648942,655483.977060827,4816343.05045832,2752819.59837974,3159494.98328709,1019444.47026715,292460.968285399,2555781.06935585,1192930.97209734,1642959.03594554,1520461.13856084,10393373.1200141,4335216.04809816,5739542.21390341,641716.787135638,1968734.1430012,855253.631404131,391737.620464822,2033901.65373961,2,1.43216623401109,0.635283513138719,0.7585186811081,0.481414868463094,False
P56385,2,"ATP synthase subunit e, mitochondrial",ATP5I,7555177.75622302,9729250.39006472,5910796.56595382,12888546.5413643,3981695.54264249,6960439.07401231,6741554.51495518,7897364.94119269,8197187.97282365,4727909.28370085,1717279.30964636,7236864.8463008,3243332.86216501,7609637.32437628,12263602.2495591,6523710.11635335,6644118.73661465,5201850.39070889,4847324.16503889,6676788.96121884,0,0.830735665305012,0.275404314390164,0.592304662705395,-1.12040008647933,False
P56537,6,Eukaryotic translation initiation factor 6,EIF6,9415045.74656861,9414586.29394787,11293765.3112512,4294596.87337709,13262778.9322303,12183819.1093543,9611359.95562261,9674364.29636181,12816685.4361693,9853284.38771141,13794866.8360452,7636117.76224383,3405322.60539766,4304868.31267894,14198659.4749095,3745224.37820902,2776475.17541417,8117978.68686869,9689070.67055525,3840796.46537396,1,0.702309755121772,0.0420898373010206,0.314522477872934,-2.1669359184825,False
P57737,4,Coronin-7,CORO7,2096110.7196862,4297902.89828581,1379590.91896929,2014257.73636228,2212075.95584833,1880559.4606095,3042395.65298423,621124.274933382,7052199.39704429,3716172.04210376,1607940.5895005,1959890.92668425,1667287.46685649,2020838.1197546,1594663.01551284,645676.229431979,791047.717743097,1178960.30355738,2694432.09933984,3089284.34072022,9,0.609274645614607,0.146350274759741,0.499252044426215,-1.50938099520754,False
P58546,4,Myotrophin,MTPN,19584232.3939566,51455344.1538394,37341708.8752153,38209503.5422028,47008672.9560026,39984456.8728754,31484917.4935653,25823361.5175044,41924984.974845,45401133.5249411,32767638.0018263,42884523.9116591,19670002.5967441,23300486.7333333,43723099.3858862,33390792.953305,41096068.7490996,32273770.0759851,46433170.4250317,24865878.1255771,0,0.900023653756597,0.467955948813954,0.692511158929459,-0.739451048371362,False
P59666,2,Neutrophil defensin 3;HP 3-56;Neutrophil defensin 2;Neutrophil defensin 1;HP 1-56;Neutrophil defensin 2,DEFA3;DEFA1,4329063.47022256,23117594.697831,4974988.15330981,2929826.01135259,9817543.71402769,7541536.78693341,13846396.5394515,5084127.25277956,12019105.7712694,14476825.5491329,36460378.1147269,22944870.3217263,39913666.2186646,15738778.9558282,19347923.9310412,11494472.559531,25964386.7418968,2715092.24319774,56149284.2932718,5491773.41966759,3,2.40704940717966,0.0305410231421014,0.27325797600272,2.32211119782632,False
P59768,4,Guanine nucleotide-binding protein G(I)/G(S)/G(O) subunit gamma-2,GNG2,26618371.7379223,31359342.0880707,29611797.0078753,41191682.3335165,35347096.0629227,27183329.2138898,42597534.0525428,37694740.2618763,42730120.6576229,25747248.9773781,23604056.8645193,31408707.543852,42812297.0375078,71874445.2155419,35079959.4259506,43668719.3110976,47791344.4177671,26643229.8616799,29833717.6460481,49802778.8596491,0,1.18359727716409,0.343432202067587,0.62953495777516,0.969668683396861,False
P59998,3,Actin-related protein 2/3 complex subunit 4,ARPC4,4979214.08987515,4325691.41586496,8896976.99240892,17241295.3607264,4379268.01758135,18409164.9341064,4706315.03798704,8223580.98350639,4834760.01711437,8259419.77271105,6700306.26199568,4094371.11258249,5254041.02205086,9559918.87034765,30295080.1372088,7327159.5426319,6588115.35836735,7832412.24615525,8321022.90766866,5184783.17266851,1,1.08191167013768,0.843810669135966,0.819283344390874,0.199515841172158,False
P60033,3,CD81 antigen,CD81,34121131.6288417,73401734.5666433,52465585.3587373,66178643.9568574,44577118.8757188,102557578.550696,55496728.9118665,77251977.4855279,77937805.7389273,85195064.6720902,40711683.9589905,27164616.5877909,53196319.7355256,93382351.607362,81238865.9422083,56411474.0602385,69444189.0266507,37825222.5029575,114232157.221016,54546690.8494922,0,0.938686763436376,0.541904845633033,0.729692264899217,-0.620208177119723,False
P60174,15,Triosephosphate isomerase,TPI1,835750927.51441,862588278.030435,885775710.401792,950189826.70098,807704204.65311,947821966.900624,972664982.737197,1303490266.47064,1076396724.59797,1038479488.90316,633320445.077204,887756170.378893,728094616.57968,855775561.758691,820411644.332209,1064289021.83141,1070885110.97239,1041067411.32041,1008711273.64804,885127555.401662,0,0.929198088050035,0.250822945116041,0.583149616570681,-1.18152267060405,False
P60468,3,Protein transport protein Sec61 subunit beta,SEC61B,1277594.8829064,4229984.49208501,4516537.34638086,5962087.71112975,6249979.31084624,6146424.77038372,1278141.6716961,2937661.7593035,1802781.90993621,2036011.9956469,5285738.54731861,5799175.65372815,3640599.43995241,1588249.11537832,5748071.15281688,1419505.40036386,1413457.05771909,1293638.08699609,3627337.9094773,1453640.30470914,0,0.85817262709209,0.510565810978784,0.718858449781335,-0.669543859358915,False
P60660,9,Myosin light polypeptide 6,MYL6,150175976.309872,193072985.521252,133572627.060378,212589679.114016,178487599.300491,135823797.770192,118416798.486731,162352374.625563,156527108.130447,128296098.173125,96693934.384858,192593547.528077,191605309.550015,153091712.151329,266970243.82019,91754785.8863958,140035370.319328,104446903.658204,152836321.91626,105498442.936288,0,0.952980459468542,0.440335942906098,0.683685726064029,-0.786798861649772,False
P60709,22,"Actin, cytoplasmic 1;Actin, cytoplasmic 1, N-terminally processed",ACTB,402772113.397265,270039006.122092,391886374.839066,378495667.761617,350979698.616405,354295845.921836,368960766.539451,299347655.990995,300351710.650436,460600198.176693,372284059.953512,237482450.916117,413945708.915871,304845677.779141,488953948.829007,291653728.538508,307112115.423769,286859058.312858,310126320.451257,270383734.302862,0,0.917801982355811,0.305599049246389,0.613761111131612,-1.05056138207101,False
P60842,10,Eukaryotic initiation factor 4A-I,EIF4A1,15183064.1643188,17698833.7698968,17902082.12333,15416751.0331666,15965695.2714314,20653440.9675748,57169676.1875388,41638699.9416521,31260925.0763633,65220406.5346464,18584723.1396314,22458295.83523,10254633.0747181,44581358.4294479,20515712.0440553,50311363.820093,49655431.222569,52282129.8648649,40415213.8402062,47624973.4533703,1,1.19648567021213,0.20519280327854,0.545341526457681,1.30816133099814,False
P60866,3,40S ribosomal protein S20,RPS20,20127735.6056298,8041506.60180164,12779277.1795108,8327834.25717838,3822131.24016832,17489966.7714624,9131123.72725659,6064578.62712487,4769190.57308418,14504167.9965032,5365023.84974265,9016055.94021362,15378917.042781,17276040.8179959,16394355.291124,12253869.412169,8125156.79404562,9637654.77249977,5426217.615482,9639825.63711911,0,1.03289250343549,0.703342654786494,0.785121265036417,0.386139739010452,False
P60891,4,Ribose-phosphate pyrophosphokinase 1;Ribose-phosphate pyrophosphokinase 2;Ribose-phosphate pyrophosphokinase 3,PRPS1;PRPS2;PRPS1L1,2628260.75315998,11233916.8860416,366237.07469572,1104238.43900182,11169590.6924215,5378243.44130244,6285620.39624567,2035522.84365524,2443112.44721948,3452617.52501249,609457.275776191,2968429.20024314,814522.841518159,6470718.15558282,4946661.31983914,3594176.18831615,2349898.16129652,3553847.99208299,1266128.7116115,7232358.33795014,4,0.733365160574195,0.669992724444416,0.768717634402391,-0.432315594635946,False
P60900,9,Proteasome subunit alpha type-6,PSMA6,30858904.5738879,34145549.6300507,33355655.676593,39077459.1672209,35009437.4099451,39355741.2464782,28294125.1437827,37863902.0421759,20529700.5745216,32166722.1087562,31205205.5254856,29044567.6486338,30591042.7742773,31221475.005726,33106738.8129196,36416290.4637154,42041125.7570228,32616483.8210938,37872308.1578947,41734079.5244691,0,1.04594522674636,0.596268077058287,0.747184243702463,0.538088689453407,False
P60903,4,Protein S100-A10,S100A10,344375712.76527,255662534.821585,166817342.016821,282090982.58682,132800736.437243,186160840.010219,364515056.37703,442980605.182395,335277304.397628,333397797.89838,163768369.292711,286415277.809135,39398129.4383299,515674529.885481,331891370.363209,274236716.14716,332466208.941176,230256013.959414,322642250.379816,396704413.019391,0,1.01736040674734,0.739437844592101,0.798823546685696,-0.337107567930377,False
P60953,5,Cell division control protein 42 homolog,CDC42,40054978.9153979,14385461.7032535,28739896.700219,23564508.8182055,28305677.8118046,38386139.7213805,42785813.1956155,16909308.5160342,20239213.6649897,53715238.1923928,28610978.0175992,29869582.1429605,17956600.944455,17714821.6777096,44695976.6551681,38830492.3982211,19852479.5966387,15816707.0602421,17907667.4669922,17569798.5687904,0,0.810277617016366,0.289914869504957,0.603321843609166,-1.08618206280566,False
P60981,9,Destrin,DSTN,42935545.9372657,29669146.3717859,33474409.123514,27787550.6948501,40208145.3292648,67037798.4678055,48933500.4575308,36350032.9118809,23525241.884377,55577192.1694141,38702398.8975594,18437045.2240361,15562640.1993023,60903394.8695296,32211923.0184389,22815908.4232868,26177091.8804322,27200245.998271,53777933.8962742,40275792.8808864,0,0.828768350036948,0.208947476856513,0.549332366009054,-1.29696425425333,False
P60983,6,Glia maturation factor beta,GMFB,19016573.4839869,8629152.01766661,31799360.5037872,4523313.44903565,35223562.4093943,12661855.2101001,36351974.8131712,24099113.5233851,30899075.7757614,29869956.529651,27863120.566163,16873575.1331481,25481163.5103707,22735575.4871166,25729929.4442038,56348002.0844957,28774428.0446579,33650577.9006279,38209503.0290288,19298236.6297322,0,1.2655388016357,0.136634914296844,0.486433579823015,1.54873434099943,False
P61019,8,Ras-related protein Rab-2A,RAB2A,35576512.451211,41252871.6555886,32258748.8379287,26872035.8575022,29386597.280178,30800433.6720862,28329790.3559066,28294669.15051,38768248.6169257,30584861.4950403,36631050.9770878,33672763.713529,22731128.5870359,45750166.6777096,28658680.3321165,45779918.1233071,44005731.4458583,48201029.95723,27631387.2345813,19338726.1542013,0,1.09398784790354,0.670969055172257,0.768717634402391,0.430950580318612,False
P61020,5,Ras-related protein Rab-5B,RAB5B,2605433.6182697,3425752.10097079,5800168.35487485,1012292.88517817,901816.259699487,592305.829045696,7397621.36263358,2678226.67923647,24759.3506272635,5912237.38821095,766662.497725386,3120718.76099919,4296645.26433922,3524333.98751013,4815091.97065557,4229627.74502143,2964319.83995198,8188842.02287346,6479888.20528124,3872907.92107456,8,1.39236189600245,0.119883677909011,0.468473175942793,1.62240996490856,False
P61026,5,Ras-related protein Rab-10,RAB10,3748964.37563006,10404347.9053699,5930015.87381076,7467444.8704855,1768713.67333495,464652.681610117,6496957.51366823,5087304.40296793,5879085.64360794,3514104.68714765,3333706.47335215,9229477.7225165,1844610.8171665,12397470.3533742,15713485.7609133,2268972.00905599,2181529.03054022,5801386.84307034,9351875.79942123,6672142.62234534,0,1.35525020445391,0.411498339251598,0.668891502267805,0.838230838487571,False
P62837,2,Ubiquitin-conjugating enzyme E2 D2;Ubiquitin-conjugating enzyme E2 D3,UBE2D2;UBE2D3,8354731.36984,8482853.64570579,9074638.39918404,9120127.49894457,12727878.2124524,17082760.6590069,18752436.7653324,18539959.3829826,13065194.4686012,7866622.1751231,9599107.25062261,8680775.45965034,6452296.60564104,5666159.17501022,10345024.668889,19015146.0663028,15692613.2797119,10025440.0523251,7962531.51835775,8513420.34164358,0,0.828429608239628,0.232616881106683,0.574247841406147,-1.22975100462663,False
P61081,4,NEDD8-conjugating enzyme Ubc12,UBE2M,2299018.58537752,1098873.08538277,2592731.50626181,1888424.99684816,4599193.19035465,4067816.63087525,4737418.42065324,3264994.09762933,2562581.48544605,6479159.69332049,9503720.12591663,1344754.21342235,3149828.64220233,2530863.53717791,3793498.5587662,4063037.62817869,8417110.3027611,10022888.8333788,2414704.02328631,1032682.00277008,4,1.37757654795237,0.561841185114373,0.732675882289056,0.589620395698412,False
P61086,4,Ubiquitin-conjugating enzyme E2 K,UBE2K,1773169.98144098,2951957.87624628,3292283.06134733,2165025.05219327,697120.995802948,6263413.6274475,5727667.18239105,4722447.34484977,6803690.36461234,7273091.00049954,2104308.1689188,4085850.47108371,2591330.46350631,5908558.84507157,868433.90716363,5351745.4213867,5457457.4109964,2990964.05191555,2249468.21646828,3610006.17590028,3,0.845170049765849,0.686028220753675,0.77472505509616,-0.409999711759387,False
P61088,6,Ubiquitin-conjugating enzyme E2 N;Putative ubiquitin-conjugating enzyme E2 N-like,UBE2N;UBE2NL,29160758.9836379,43015807.9031835,35286961.7344124,21545404.0765694,27980372.5241799,30478117.4332371,53078129.8757433,39643106.1476615,36378867.8523942,56199399.5693285,31008155.9480325,15590068.9772201,26466748.531599,61441551.1852761,16551923.8235931,54539806.3945826,53126922.6818727,59860100.5414505,37710894.0717128,52375523.0701754,0,1.09631962121957,0.877682821891122,0.825812662811676,0.155826638705315,False
P61106,10,Ras-related protein Rab-14,RAB14,12884649.4713987,37355123.4104425,19378687.4830705,17431532.2100454,18173241.6599837,44805936.4128622,45041015.794799,22785318.9860333,21177838.9969455,31499166.2595447,19492392.4530965,22929993.0111729,17384708.9180346,42700869.0306748,11316890.0301643,16938705.7170002,42185621.6528211,25908478.8051688,15692660.5566106,12140883.4764543,0,0.837944404822552,0.325414560783621,0.619186017833498,-1.00737148781887,False
P61158,17,Actin-related protein 3,ACTR3,66561026.6562411,44686388.1952947,42909057.9723109,67870238.6681317,51245877.2720263,92453030.7829876,67136029.4173249,94558859.119728,64232868.4233223,118766254.931135,79516486.5739665,66099890.7889024,83122724.4057438,89399689.1002045,108324752.115367,42882120.1831413,68931722.2160864,74879976.8841569,89335513.3523241,65475543.6426593,0,1.08100675330089,0.383333456757112,0.654241179953822,0.890731418275429,False
P61160,10,Actin-related protein 2,ACTR2,45944138.1601055,43284702.6762288,12882561.4274249,36435761.1005407,35627105.6775871,46458636.1396362,39454848.2679506,36708106.3250023,43980221.8376606,41903967.8173839,34838985.9222979,32103883.6915306,37161609.5824657,53288941.6576687,46328039.7116604,55388366.2607641,53398862.1627851,53041542.7045227,48219711.6720926,47609043.1486611,0,1.20565205111228,0.119176844551518,0.468473175942793,1.62570409170318,False
P61163,12,Alpha-centractin,ACTR1A,50252306.9513015,42892394.1927584,43277818.6759075,41192763.2247058,47117794.3499526,57442589.9417354,110603628.760983,50888500.4360011,64892760.6513341,67049016.0636552,38413806.6030217,52615637.4963818,42521675.8132994,79049353.1411043,57495167.3568357,68054047.8965029,68366303.4933974,84577160.0987351,52069141.8425574,83746939.3813481,0,1.0891223187713,0.407032134551095,0.667230055411307,0.846397909263305,False
P61201,8,COP9 signalosome complex subunit 2,COPS2,967918.830744178,3294328.75900822,1936149.94841741,3457230.46901657,2095336.65326401,2720853.08951167,10347888.0571581,6849248.85472756,5362505.88801545,8877625.83886391,7305884.60908185,922244.481207306,6408732.23096022,4807096.5789366,5732025.18299663,3947881.32933091,5837813.6882593,7354739.01879152,4607146.76559957,7342542.9455217,1,1.18203412656041,0.29192416375119,0.605169374727376,1.08154250756402,False
P84077,8,ADP-ribosylation factor 1;ADP-ribosylation factor 3,ARF1;ARF3,31895184.0308114,42498451.090607,70820805.6347919,63285098.2430674,75219641.6334354,90598717.6063984,44628792.2965297,46485142.0127722,70110610.774863,57009002.7670734,54807710.818529,48068590.3981417,45776633.5244328,55100632.6638037,46138668.3561241,62525941.0568021,59431790.1848739,54886074.002639,49273551.2818774,48112839.0350877,0,0.884518019119635,0.491953119810067,0.709261894965122,-0.699648861720758,False
P61224,10,Ras-related protein Rap-1b;Ras-related protein Rap-1b-like protein,RAP1B,150260521.25391,125007463.639146,111181352.134366,88857902.8910158,65715785.8886514,141500808.067618,131554867.324931,134633885.955159,109234831.789597,103874624.448726,61538427.8814544,98345785.1720794,68589136.054247,118142128.691207,61918650.9289051,106821823.93774,119231551.284514,88552809.6232596,99789399.4574064,96404893.9981533,0,0.791286937837772,0.048198194877108,0.332092812787646,-2.10002589130127,False
P61225,6,Ras-related protein Rap-2b;Ras-related protein Rap-2c;Ras-related protein Rap-2a,RAP2B;RAP2C;RAP2A,515458.445950836,7770650.28633899,2044278.08692962,2724926.68825724,8695270.33874553,7597908.96862514,4741814.36540339,5278105.15211798,5132970.8560327,9305768.55134518,2268038.71646367,3323050.18452588,1672386.15255956,941162.011288343,8315859.99891718,5118687.96387808,3275569.38444178,2670871.11479661,6416083.16074335,3454752.08125577,3,0.696124205756865,0.373728352592491,0.650564800765487,-0.909210842672589,False
P61247,9,40S ribosomal protein S3a,RPS3A,5059531.7867113,2932505.91394088,3584166.53351614,5844441.53025341,3889452.87456393,12937614.6588933,8814283.9358303,4543324.76936506,13579003.6843051,16158052.6179262,5110721.28482484,1639209.12643279,4010572.89407502,13531879.405317,1889376.80676299,5189665.19761472,8059729.77042017,9285586.55792156,18191621.042684,6636896.82317636,2,0.950905060339788,0.631341710605504,0.7585186811081,-0.487065460933896,False
P61254,4,60S ribosomal protein L26;60S ribosomal protein L26-like 1,RPL26;RPL26L1,564663.603380981,2256427.62742697,883853.779616099,532111.923586733,1673252.81269481,478301.381600891,1067538.3957105,2361600.84021083,1018526.84758995,364154.716745165,1501031.39319828,1277095.38756223,2895598.24954704,1034880.71059305,266261.908215512,1823123.63481866,559548.900774384,2871056.76144326,1067023.16865618,2191014.28393352,7,1.38268189097678,0.322885159250277,0.619186017833498,1.01277966133182,False
P61313,5,60S ribosomal protein L15,RPL15,725154.062863494,7824756.16468427,2328036.32325647,2583946.73311842,307598.797285686,616984.488172528,1837007.25144226,2418584.11366351,1493656.82297188,4585795.24627132,5521878.32949164,2298273.98394987,2624941.43987128,886887.723762781,4607217.15442564,873570.847099252,1075641.80816327,2854643.91955592,2245768.54774824,3703397.58725762,3,1.07971602625155,0.460127443523827,0.69086707470759,0.752695690289817,False
P61353,2,60S ribosomal protein L27,RPL27,924295.727997316,4006695.58024313,3192407.82924069,2194194.93894756,3179795.69493885,2777688.7877365,1633134.94585959,2267626.54525407,984213.306486389,2076425.46663812,3416387.79822579,2919198.82713905,2501063.52216255,3511011.30429448,4427615.07446529,3331825.3552456,2211505.1977431,3649858.86509237,3316594.66607886,4778494.02631579,8,1.46595165712218,0.0335934418811328,0.278645428841576,2.27645886884734,False
P61457,4,Pterin-4-alpha-carbinolamine dehydratase,PCBD1,10036209.5282653,14689500.777943,10618589.4636915,12347020.0555186,4002284.48489722,7983759.97225159,19557807.0205024,14500685.1975558,19488649.2224418,2463754.57475202,6004426.45500581,1995047.34521535,3170803.91316693,14459893.2793456,5749227.61911023,12234978.9431979,3125868.04643457,21831630.9291109,6937171.77613493,18445965.3277932,0,0.812139567080053,0.314788574792101,0.614238736937273,-1.03029355418121,False
P61586,9,Transforming protein RhoA,RHOA,68102160.2075633,76071884.1822634,69486391.9022857,69169469.8776856,58178174.1291943,86018643.6444798,87454417.8219579,82854066.0879353,90126502.1336807,83987995.6540355,61628419.0270629,66635473.968826,56479075.9985397,75743972.5881391,64407944.6253442,78984828.8619365,91768356.182473,79717938.4125034,77613977.3557605,81397219.4367498,0,0.951944373155294,0.501910805187404,0.713482138287474,-0.683463819450182,False
P61604,6,"10 kDa heat shock protein, mitochondrial",HSPE1,21467169.0761755,33305355.6279517,41477766.4278429,52848012.9190643,33615566.0192998,21721196.4090299,12040741.4977368,35226867.3858311,33024835.4721049,40203400.9687433,19185181.3008468,26372061.6801262,26555198.4694016,10510865.5419223,31891003.6220338,8926124.39822114,17650039.0482593,15251186.8604969,43471095.1786037,18217630.9602955,0,0.671005371110618,0.0440311747867469,0.322432542423785,-2.14476742892869,False
P61626,3,Lysozyme C,LYZ,2753259.31490123,2905861.62943852,4483226.82771942,3703565.57106093,2758300.59386636,3448026.89190674,614611.135719357,864871.802627952,2134078.81599859,1889763.24666381,9338753.55694836,1645430.54720968,2177999.39349091,3567884.64220859,2626045.83562788,1879677.2244997,933838.382472989,523297.526185276,3813428.91354675,1367218.40166205,5,1.09070464764419,0.83232904418171,0.819265653095417,-0.214411655772903,False
P61758,6,Prefoldin subunit 3,VBP1,1181157.97725198,2941332.85481896,913948.403138429,894097.728137642,5152810.08114554,4806491.17167818,1660505.92260584,3142383.86822985,2247495.53993352,1161320.43538143,1799572.79205178,5347715.56398442,1226446.83756997,3662802.27713262,1536799.14557745,513435.390446735,5720421.99154862,2135710.42051142,2610260.14654549,3806081.67636196,7,1.17665682590842,0.646540307529495,0.760737113067147,0.465364779250274,False
P61764,9,Syntaxin-binding protein 1,STXBP1,1032245.45530798,5029313.02715585,1923180.82197736,2499344.69704768,4088202.48207851,2110839.7633934,5361725.51752907,1131838.2873748,2968339.64549456,4245948.63212731,1417641.15570426,992505.961502837,2494139.0737087,3003508.49460123,5506184.24256367,4254964.792925,6060211.71918367,4942306.38324688,1699157.91454151,2988657.91597415,4,1.09767041035285,0.763208999245953,0.806952469492155,0.305279459055653,False
P61769,4,Beta-2-microglobulin;Beta-2-microglobulin form pI 5.3,B2M,16016435.755551,47696538.4965891,10078730.0438076,52453487.6349652,26907688.6327084,18362740.7844779,20622786.8429928,20623139.4794634,18340974.0625281,24878959.5511311,9007182.73252532,36026083.7465266,2023481.86281403,14371219.795501,17954139.2042818,10338375.8585001,20680862.89988,21988105.6911457,25504270.7166757,11325782.8855032,0,0.661061513295449,0.083562952335768,0.418710352294526,-1.81824157712822,False
P61803,2,Dolichyl-diphosphooligosaccharide--protein glycosyltransferase subunit DAD1,DAD1,3203649.48658464,3570642.37790609,3384160.72817563,2239714.63337478,4803812.00687391,1819694.02500905,4009599.26626431,2859521.03845447,2620510.95584404,3880960.30418183,2734955.04076042,3314529.54302709,3428572.30333433,2943195.23705521,4809020.52261547,4285265.10515464,2896379.84422569,2790523.28337428,2554399.04132755,3281974.65143121,1,1.01996000443861,0.823170250747335,0.817624247495614,0.226329539755003,False
P61916,4,Epididymal secretory protein E1,NPC2,12830254.5871367,5962598.56314501,1725206.32559734,7503438.54708961,2189016.34052303,11624872.3478273,9347603.27061329,5560785.64995865,17525763.6892463,22793597.7724256,7468216.76987048,5087634.46444078,10471967.2076043,11815741.7222904,9650205.02341628,10382201.746513,6681992.81613445,5597629.48989899,13010313.3862362,7758722.15604801,3,0.905849815030181,0.624926112860537,0.757592051359005,0.496296941838234,False
P61923,3,Coatomer subunit zeta-1,COPZ1,4024580.8931941,2790130.62681476,5790636.82821409,975623.196385507,4762840.011787,5041397.3687983,6325681.55311973,4375622.76077368,6350497.20344084,7642547.4844787,6705271.29071891,7668532.12847366,7408942.84567051,5598813.19288344,8021394.76897256,7566766.25106125,8166351.58669868,6824765.8030303,8505930.77183939,7641236.1588181,2,1.54136202563834,0.0098457868231459,0.181482743058785,2.84300151009267,False
P61956,2,Small ubiquitin-related modifier 2;Small ubiquitin-related modifier 4;Small ubiquitin-related modifier 3,SUMO2;SUMO4;SUMO3,16255577.1686872,12311947.9062445,16027027.6982627,15762636.2137466,26563853.2970544,15926136.1311201,10590079.7301855,16868091.4325094,15305973.5481987,14602200.6736602,19371369.8779678,14702840.2751245,18690230.0,14342936.0118609,25103992.0629273,14391514.8809379,14277271.4929172,10541636.6857767,19657024.3172364,13304459.4829178,0,1.02602621295073,0.855625326708558,0.821068367518388,0.184236137266103,False
P61960,5,Ubiquitin-fold modifier 1,UFM1,19519012.0085558,22463747.2253804,20361528.5108767,11895207.5383859,20063924.2272357,24568986.3876686,36560160.1211503,32546898.2674814,22270103.3590872,31812604.0708628,10144639.7815872,29306949.3074852,12096413.4938749,23284433.7750511,18007625.7703493,21353786.1249242,33091355.1178872,35566543.3292383,33743995.011304,28589586.8513389,0,1.01290229210209,0.896668271282181,0.826708499711055,-0.131479780620758,False
P61970,6,Nuclear transport factor 2,NUTF2,56376984.2544007,56467902.3395137,108392208.677078,102186372.14643,91419021.399458,60529132.6898921,137692601.504393,83640625.4318662,53968437.9148325,89683227.3745807,89215359.8704964,87213499.4297789,46029347.63244,99291369.1083845,55173561.2729326,140650875.771174,84994101.3906363,106794025.088725,62275413.668837,125670191.274238,0,1.06777032110128,0.695547894882363,0.780381916844314,0.396852084316658,False
P61978,21,Heterogeneous nuclear ribonucleoprotein K,HNRNPK,132783873.53633,128113239.133287,91422966.1302189,90290083.7168551,121542702.812355,131288821.553627,141201063.06914,156779481.457319,175056143.082383,208682893.441804,104236123.329736,119948992.578442,125035359.218746,172385839.153374,185135797.736906,189894550.285021,153282323.2509,158481720.939121,220664042.109785,195517939.796861,0,1.17966045533424,0.0957911917464788,0.427035242132537,1.7453268028457,False
P61981,19,"14-3-3 protein gamma;14-3-3 protein gamma, N-terminally processed",YWHAG,351900212.784656,381601731.108973,576126097.55547,304616754.972096,606014926.325762,411729151.033646,603687627.72699,316890677.166223,378875527.553679,219879959.084422,373959757.147601,414508921.674192,385565914.586657,300480801.97955,332238310.251214,424272376.903174,383982137.008403,411766737.919738,227365684.536083,314145608.864266,0,0.859554059887265,0.34426755136021,0.630369669680239,-0.967954124143194,False
P62070,9,Ras-related protein R-Ras2,RRAS2,4852879.78778401,10128914.6576001,5844700.8974702,6729520.45554174,5668547.58157263,6691311.64659461,4391051.15128251,2510549.73127814,2735110.56032701,3470290.08245915,9663187.15258177,4865827.28891687,7603156.65350604,4515850.05010225,5419779.28379173,2094801.88514251,2827811.60547419,1916645.75366275,4102537.59879725,1811474.77423823,0,0.845315738430999,0.21212122219769,0.555931941352656,-1.28762106173531,False
P62081,6,40S ribosomal protein S7,RPS7,12214328.8436684,20418839.2552912,11654088.269935,6547930.73573721,13592819.6765736,24274524.6385965,13372795.6993876,16765907.4129376,10384487.2369958,20568189.3120674,18364399.9900382,20053262.14325,8208659.65629141,13635841.4208589,15709149.0123132,8022404.36264403,15574144.594958,16445157.3273273,18023446.1570808,14736195.6186519,0,0.993182294324213,0.925278993056009,0.827954854844858,0.0949383147295803,False
P62136,11,Serine/threonine-protein phosphatase PP1-alpha catalytic subunit,PPP1CA,27874468.0493447,18680422.2879132,20838104.8439146,10698985.2591736,17884378.8001498,30976845.4406745,41960536.7755392,27569076.7426261,35603116.6835864,36413471.0076358,18666956.4278599,16676112.6476207,9984481.69325834,32503418.3885481,30177987.925007,36500919.7647059,34720299.5332533,26676395.7079807,33137213.2632483,35046006.5974146,0,1.02082085075681,0.885890460272769,0.825812662811676,0.145290211542466,False
P62140,10,Serine/threonine-protein phosphatase PP1-beta catalytic subunit,PPP1CB,11921924.1157882,6749013.61063495,6581128.52291538,11573101.9639707,2621590.01729494,11631637.0096303,17622761.9068962,17603129.4220344,27568551.0066481,22188062.5965175,8685541.96554873,7172216.16953225,7487160.87793072,14777130.3120654,6721671.21353216,18099336.1305842,16787551.1236495,9382532.87787788,3632070.46907217,4050479.10110803,0,0.711414448370563,0.234066250195996,0.576012803632395,-1.22580884228088,False
P62191,8,26S protease regulatory subunit 4,PSMC1,14534934.7853679,6630013.37064894,6178304.33059675,4190507.05184628,6870324.1409813,8889163.53043454,20420407.4997781,10563595.0317008,22116464.3289013,10182060.6451153,8453892.34418064,12615935.2711953,18987421.2078946,10206623.7611452,3757358.98709897,9736903.32646048,11861228.3159664,15500355.9109109,11131656.247061,22035593.9889197,3,1.12399817845053,0.473582957410733,0.697374128392804,0.730012315228547,False
P62195,10,26S protease regulatory subunit 8,PSMC5,8444469.78901181,4478364.80068218,13763524.4981357,1438449.9947373,7178334.71711208,5133317.1850627,15043254.7044466,7273613.0771846,8658356.93064415,6790263.39327767,19088983.8693342,9967392.32596677,3721720.66862273,14864274.9427403,1610234.75520527,23604774.4075197,10091377.964946,15021577.1553372,8953833.73349611,8585770.47553093,0,1.47707239579575,0.302274132848818,0.611114865961753,1.05800132210821,False
P62241,7,40S ribosomal protein S8,RPS8,9726775.03308605,747535.642159349,6484094.45641815,4932214.58595264,1622882.19534469,10810592.7633437,4283391.97608059,6623241.84673344,17676044.4892642,8449483.12638265,3740373.35721401,5781728.6258973,1536805.03361367,9342057.29366053,8173470.08654828,3193093.75112189,3420603.7742617,3764578.67704068,12623257.6193706,9368346.6943675,0,0.854085096828464,0.918365591646038,0.827540449847929,-0.103753977513774,False
P62244,4,40S ribosomal protein S15a,RPS15A,4149465.85338744,3539874.05902309,1163674.40165031,1598313.80163664,816958.931199117,2985784.44899027,1802091.18459847,3258529.59027827,1268571.44596173,1543181.05402127,1271962.78031712,1527629.29728204,2008672.8160848,3285881.0579116,4602591.28925224,516669.438734587,1666849.7984374,2443812.62858313,661489.114976479,1001286.36991172,9,0.858106432742129,0.402614123219919,0.666318713990859,-0.854533527493303,False
P62249,7,40S ribosomal protein S16,RPS16,5315219.85318066,2994866.61662585,3769484.41252696,4795914.20698031,3663959.95198501,1762923.92203479,6919548.80615958,3630881.58283561,4925684.09891295,7535845.25083851,4011122.57977752,4795092.43964918,1528869.81062225,1934075.70237219,8869662.79514587,1995135.77085102,5346348.14453781,11352073.9043589,2667980.47160427,8346815.90489381,1,1.12209932222782,0.928681682391741,0.830111878942504,-0.0906022385166058,False
P62258,22,14-3-3 protein epsilon,YWHAE,970853748.087213,797628531.64247,1144658224.68942,542737083.977677,965703747.515918,965529463.973202,964785459.128428,626525430.253606,812020054.622226,754784925.212303,799167920.147767,647866300.118675,745152818.87017,512135234.797546,728082266.63676,608303325.619567,687378643.683073,730090829.90263,759871599.950262,669404679.132041,0,0.806000108079275,0.0412718869873684,0.314522477872934,-2.17655531185787,False
P62263,5,40S ribosomal protein S14,RPS14,10714139.200959,4418210.83321672,18714605.7075259,9714941.92042333,11353154.5381039,17237949.9591935,22167173.4703115,4912217.6669117,17927072.1943222,15272424.0787126,16168926.351486,23089585.9789279,8838928.64166148,30694020.6621677,20171663.3217832,3209188.43068526,6232350.30809124,17213924.6364546,24955800.8636281,26154905.2816251,0,1.33449197961887,0.43012727882086,0.678937927195674,0.80475817920424,False
P62269,8,40S ribosomal protein S18,RPS18,8746778.35319358,20389416.119031,5672039.63582858,5800494.4783275,2452348.91196105,20618954.4564222,16804120.875122,9853459.03013875,12820883.2238793,13632544.1254549,12409623.8222647,12538462.0861555,12481297.0803699,18671883.7619632,11771236.7251647,14029573.4954518,11266192.4220888,22121619.4826645,12955381.8909387,17421779.4875346,0,1.24724509038296,0.0817185563211043,0.417224105855535,1.83003196877399,False
P62273,2,40S ribosomal protein S29,RPS29,132376.904712304,173879.325681605,969901.651241134,481050.126942921,416569.346366517,35308.0109243585,383160.497505991,454555.736138932,365744.847596802,1540113.36480411,1866625.37824622,2261933.35741414,1618957.12657011,3104947.90241309,1258278.64220648,800049.141863756,715999.600931573,1833561.05664756,2729358.45640913,503596.757617729,11,3.37057420745121,0.000603457140509303,0.073258090536328,4.04256878367735,False
P62277,2,40S ribosomal protein S13,RPS13,1935233.76903094,2177639.00699668,1509684.44488939,1729209.72466241,1289073.67456873,2794335.88635218,1846379.73741901,1747597.92134697,1816931.4859309,2248748.77019659,2830660.91063095,2010600.89715758,1842032.19649042,2290069.16294479,2454599.70763852,1153527.59725086,1084078.2145018,2362938.98798799,2302812.79286489,2499132.92751616,5,1.09089468571906,0.694131050071415,0.780138355209777,0.398804317848102,False
P62280,3,40S ribosomal protein S11,RPS11,1089309.54595693,3412103.03498338,1251801.95962847,1082910.90425627,1758953.106706,1000161.87959605,2835467.30620396,1782810.60029404,3329685.21157129,2985861.94173268,1859200.86813413,1279354.0338008,1021622.0530301,573472.82396728,2884805.16876528,247125.115079846,2762653.82885954,841460.040968241,5009752.37113402,1276150.15974146,4,0.864900376070511,0.293295618222434,0.605169374727376,-1.07838897221157,False
P62306,3,Small nuclear ribonucleoprotein F,SNRPF,4064679.35236643,5496024.7800747,11797817.0353702,3925256.35398895,19627356.1706253,11802914.0601184,4563156.53536878,6095663.17761647,5510435.92691582,21019673.1381574,4465577.86510045,5713558.65498285,5657257.80706732,3457119.23006135,5306734.70361662,4900792.14610875,5111654.50012005,6740235.41527892,8254090.99339845,5306782.75623269,6,0.584793007643068,0.123569759922936,0.472275082413764,-1.6054911655531,False
P62310,2,U6 snRNA-associated Sm-like protein LSm3,LSM3,6307898.27467883,3428367.49086059,2159593.93407126,6485887.58147066,3872574.14869241,3923371.20531691,3691764.1665927,6720960.68225673,4443945.98131345,5053817.91857561,7700914.70687365,2773806.92854869,3494783.39963222,8070051.45644172,9718798.1710392,7086343.8441884,5109859.52004802,4998858.4032214,6284078.55204377,4980676.14358264,0,1.30658596884338,0.205976337309967,0.545341526457681,1.30581159033148,False
P62314,2,Small nuclear ribonucleoprotein Sm D1,SNRPD1,3604271.74283351,3669964.13193108,1671767.27448292,2804264.10155279,4616884.79569354,4398091.29537503,5575550.90556492,6606068.06193145,4639394.97709101,6690230.04923999,2046522.77685539,1687222.26503705,1536729.21938127,5120970.13468303,3999205.0006961,5601855.23056398,4368263.50328932,4137481.84634635,4731376.45496473,5910275.79963066,1,0.883988423352021,0.421138416361809,0.673081068776453,-0.820792866949015,False
P62316,4,Small nuclear ribonucleoprotein Sm D2,SNRPD2,4525434.60594875,3860233.7464142,4324726.60998523,3564671.05323425,10421032.0031419,1124658.18485689,4291437.38439691,7803939.55186989,7518321.74436259,9370456.78048955,4445558.68321483,2191698.34107618,1152300.51828065,7706184.40204499,3902107.50221453,3365223.7043865,1457475.58452335,2492710.99171899,6322530.59875203,7669114.1920591,6,0.716573678673038,0.242412205314356,0.58311339070537,-1.20346231502639,False
P62318,3,Small nuclear ribonucleoprotein Sm D3,SNRPD3,9657931.29294078,12590135.4258738,8782249.42037675,2239714.63337478,10049272.9707109,8293475.37048734,6033973.29488772,9864621.99026004,8308429.34713862,10359453.1085421,3001515.0203387,2861583.06081394,3822806.31182563,8940733.33660532,9573806.20951026,7591701.67010309,5605184.27092437,3410469.48730549,4852169.14153443,8453681.6989843,4,0.674334547883125,0.0872408888148538,0.419883675208394,-1.79538995656881,False
P62328,7,Thymosin beta-4;Hematopoietic system regulatory peptide,TMSB4X,494310132.092176,465563919.665034,489920470.363001,905657109.701298,691170791.491331,439318359.955716,385416529.528712,881272767.113847,1107544309.40616,879693227.467352,527549817.557695,368619181.03074,444903187.146759,626638692.944785,788666644.579711,511440556.923388,855568276.432173,431096473.468923,1010824023.46717,572482050.23084,0,0.910669059507481,0.607187332298239,0.752218059563864,-0.522054465650732,False
P62333,11,26S protease regulatory subunit 10B,PSMC6,2923564.16483573,4391076.16311002,7709755.03227047,5969113.50386028,4928992.77578268,14368937.5121532,12771463.6345079,6330257.07801158,11014994.9510376,17258419.4023407,13056163.6563174,7386855.18633495,8607189.80461884,9273258.90102249,8751703.23322402,13345738.5186982,14036744.1632653,18582228.3979434,7713058.01971423,10398506.398892,0,1.26788855697435,0.0583978969522177,0.359803391382992,2.00369186057253,False
P62495,3,Eukaryotic peptide chain release factor subunit 1,ETF1,1669895.01357176,972106.537767746,1119407.49176518,1098833.98305526,1420760.58781665,1477658.56691389,1596142.65607526,2022213.1604337,1457639.80442009,1219939.97498751,1052319.39457452,454853.482929547,1281585.70101277,1956779.17194274,1379894.76048397,1029152.74954518,1716335.87150441,1788914.72508873,1040902.22240498,1386135.63850416,9,0.931145375044955,0.5219321049007,0.721310207615658,-0.65146280687952,False
P62701,10,"40S ribosomal protein S4, X isoform",RPS4X,7830431.93831261,8821219.71269897,14636049.8239337,21026576.3056993,4718367.89651678,17695559.4341029,20974462.4230052,15909794.2405587,18059722.2859581,24070690.1313066,11315765.9316786,8597868.26538439,3176363.62354309,14401032.4323108,24638514.3798534,10794769.5888417,19316678.0451381,18879020.2020202,16111830.1207271,26380584.598338,0,0.999151524875913,0.880722940928,0.825812662811676,-0.151921886022075,False
P62736,21,"Actin, aortic smooth muscle;Actin, gamma-enteric smooth muscle",ACTA2;ACTG2,575956392.334634,449348502.34826,639221678.958985,829897446.242373,641077894.985569,1755363417.66672,2710722006.12408,1792857264.4032,1192423576.90234,2871957307.32177,681295035.115391,392179431.016267,534010181.630114,2823103820.5726,922701087.979148,2054527405.29614,522698196.97479,1678957188.50669,1437092426.97595,2095963465.83564,0,0.976498896751135,0.909687264313901,0.826708499711055,-0.114832256166605,False
P62750,4,60S ribosomal protein L23a,RPL23A,15306258.2256313,17779747.3946126,6394404.35308576,5776282.5156869,13054870.3531792,14833179.0084381,11029674.205201,15349070.1667739,14037402.102237,19719239.6656676,951070.403962042,6552779.0573984,8585456.39133021,13260507.9676892,4378092.27005538,5680892.95273903,10654104.217527,13414309.2192192,26415288.4386869,11232856.1080332,2,0.758742946539176,0.0934113916854564,0.42417512839099,-1.75886073957595,False
P62753,4,40S ribosomal protein S6,RPS6,28225933.4595601,10664252.2756691,20383404.1458358,7042546.54396669,8510027.5021481,8447470.90682639,21862775.0319517,14212165.6128825,29574253.9744857,23729909.8726183,18857799.7194089,7612178.81708058,7575863.52984126,21737998.793865,31518043.242428,13969123.9947443,15284255.3133253,12570706.1543362,23915482.8526858,13123252.2668513,0,0.962421478705131,0.973327095816493,0.843174475646362,-0.0338432875178725,False
P62805,6,Histone H4,HIST1H4A,35551148.9679996,86937194.555711,22877226.5311753,56485211.7711014,30251332.8548767,57912137.0551207,17551431.4826484,43380980.4098135,22239879.2875752,82227408.7989724,98493757.297028,47923874.7409401,45614896.4953081,29756833.6691207,25981460.8630078,12147327.167172,55712591.4756302,24474693.7573938,38140204.8349611,46377099.5844875,0,0.932388518810213,0.776054127644818,0.809187656718134,-0.288216126293099,False
P62820,9,Ras-related protein Rab-1A,RAB1A,73333076.6736888,90198258.8245583,86283754.4601803,71707402.3901917,63803073.1531869,74074373.1472085,96669313.3265288,84689084.9940274,87297193.2171413,83961320.0956255,58157553.6352316,59794616.079802,93772096.9171692,80134838.8916155,76292081.3723974,89518154.3602183,96964823.4909964,90219606.001456,62541620.1460481,57471229.289012,0,0.941934419117045,0.459193242568015,0.69086707470759,-0.754285208501132,False
P62826,8,GTP-binding nuclear protein Ran,RAN,32709231.0634063,57241076.9756865,34633817.7763472,22598192.09496,29454540.7896186,39358394.0550284,28868915.655454,18582893.8449876,44486475.0354865,27877292.3164205,28790960.3088162,39415405.5871541,23012146.6751399,20861965.9276074,29802136.3796677,10365578.1338185,34635037.9798319,39759046.4641915,56695218.8465365,34149926.9575254,0,0.945435332241879,0.619420155851576,0.755568494812619,-0.504254591696692,False
P62829,4,60S ribosomal protein L23,RPL23,26016894.8503373,21424947.0535246,44363787.6970923,24362206.5159182,19810268.4586574,28244452.6339694,12010882.2503772,17025231.5634476,17603002.9831102,16217405.7353886,3301588.94379877,27454047.902194,20428650.3489819,11082656.6274029,34910826.2305479,17678637.6646342,11916872.6981993,22462632.4151424,29118763.1072527,21881601.043398,1,0.88179094793413,0.353424453418009,0.637288649673009,-0.949343310504155,False
P62834,10,Ras-related protein Rap-1A,RAP1A,14209589.5229664,22980286.7286164,14703708.0377715,21090348.8858688,4647336.04573795,41870603.7520669,24526054.0117156,16795961.5363411,15614930.7236547,25579859.8483551,14543965.5446621,15983641.4654973,15959401.3488737,15397080.2723926,12310583.6927265,17581737.2807762,18056602.0345738,16400936.1989262,14612622.8490685,13868657.7746999,0,0.765846154210824,0.413690572011617,0.668891502267805,-0.83424271810788,False
P62841,1,40S ribosomal protein S15,RPS15,4661445.87878357,3211535.32280917,4799983.07363687,3105076.1195385,3332320.30392826,11459204.4538674,8508226.65039496,6330686.42263163,10738780.5197197,9599199.6938557,5496286.79661298,4928852.98635232,7118450.99434814,9203696.08179959,7103449.64862482,6301255.95374975,7149315.87788715,9615544.20829921,7133742.01930729,9603318.68882733,0,1.12027195083001,0.170735517768199,0.521118528909864,1.41928111367039,False
P62851,3,40S ribosomal protein S25,RPS25,4814351.44900096,11417811.4876684,1095328.66785661,13199897.8738112,9336040.74926709,12752979.1837995,7764980.2182036,6193639.61991179,9487000.22459797,4052284.07807036,6542821.75718081,8459103.53240419,2952458.92384867,7955387.46871166,5092883.50289559,6094140.85195068,4247102.34842737,7574484.01069251,4713629.35648399,8871852.19759926,3,0.780183480065382,0.667754136316055,0.768339943129565,-0.43544854656064,False
P62854,2,40S ribosomal protein S26;Putative 40S ribosomal protein S26-like 1,RPS26;RPS26P11,6007280.60937783,2336854.72875338,3385600.64992077,611016.980406558,1447124.64226325,1965731.13569751,1026347.79041755,1700634.04001654,2198478.97233041,1364576.59192213,3624315.81080857,7498299.76720794,11627376.1094135,3494499.69006135,5594116.57751446,3610147.26332316,2916214.37402161,1225690.62239512,3651869.98518954,2867985.8578024,8,2.09178262809041,0.0081048233647155,0.179270862063884,2.92945603779373,False
P62857,3,40S ribosomal protein S28,RPS28,16285649.7894055,1352156.57302781,4616071.48544485,3900395.85663476,6126057.72983041,5521953.63766686,8054117.26346854,8193355.12225489,13691504.3949331,9277092.32605438,6776178.1071725,3369710.84035255,695064.882663133,11912823.8985685,1374299.90087071,11536031.5912674,7333301.33527011,11705842.9315679,5258042.72987882,7483260.63711911,3,0.875694599993993,0.466904205781779,0.691571646145507,-0.741222703364805,False
P62861,1,40S ribosomal protein S30,FAU,8709699.35630832,6255603.96173692,6914731.95604193,10642238.4717347,5814111.40331358,7637701.09687813,4232299.48615426,6904891.91748599,7464757.973183,4906568.83615214,6373234.99485306,7749726.31556096,4630733.3151248,6910416.32719836,4846461.11886273,5624070.42207398,6805307.94708283,4785491.45868596,7875655.2457949,8601037.01754386,0,0.924002988412384,0.650938173480208,0.760966574422578,-0.459128107227479,False
P62873,15,Guanine nucleotide-binding protein G(I)/G(S)/G(T) subunit beta-1,GNB1,106061632.295732,98976161.1422074,124455174.918488,91414210.5537403,70533598.3762586,78618634.1936995,84169900.6124079,96499496.8023523,67181394.5108256,76518839.2992222,87490012.3891748,131965802.057283,105432325.860624,85118900.2249489,99479230.5540946,62763205.347079,87422709.4280912,85729460.6561107,57743142.7568276,84238123.7765466,0,0.992122203866675,0.870157265234723,0.825812662811676,-0.165503370580511,False
P62877,2,"E3 ubiquitin-protein ligase RBX1;E3 ubiquitin-protein ligase RBX1, N-terminally processed",RBX1,138393.766621972,7534708.4844942,13994156.1924189,1075526.16721756,2023913.61258234,6755770.48094376,1297218.4130647,1493689.93315262,2040292.73856796,1503634.53867837,6822414.93715756,10014751.8268149,4556207.52848374,2702659.38441787,3025026.70683414,13024277.8254566,8278358.34319328,12227142.002912,1954716.13266413,11710765.2493075,8,1.96306422913428,0.0217519073269509,0.244466286728116,2.48211336745026,False
P62879,13,Guanine nucleotide-binding protein G(I)/G(S)/G(T) subunit beta-2,GNB2,57846858.4957479,24746492.2135736,31675919.4208036,44669990.1807246,23164618.9307982,38520106.5531655,31805074.9791426,26786810.8448957,28717065.7241039,23063020.9123671,20431093.1960817,33542925.3668809,34030481.7842559,32162484.1316973,61338972.1993627,21209462.941985,26719175.8621849,15182303.9489489,15104471.0069633,23041194.4736842,0,0.854277999050152,0.1940192028425,0.539227987617833,-1.34245933969262,False
P62906,6,60S ribosomal protein L10a,RPL10A,3472164.39555195,6389479.23172118,1480777.35583627,5388780.25711435,1140647.98985437,2508628.40549575,4340705.14254016,2140884.01341542,1124671.28326296,4375325.09041604,1664991.35090486,2030211.89743256,9951835.24881051,11759938.5815951,1852803.56023575,13618516.8906408,837394.103202881,8181759.16052416,1822288.97400072,6601916.52908587,3,1.80216125278234,0.350482497785514,0.632671454287809,0.955286424424396,False
P62910,3,60S ribosomal protein L32,RPL32,804239.819086515,2416123.01344373,1632859.89516277,1419318.22068646,919460.983211791,868001.458324067,2952333.08267507,2201565.41643685,3123573.83501033,2239546.50631556,2061262.70587747,2547266.06330323,657840.094553666,2724110.57783231,2909090.96092566,1287952.17444916,2470969.56715486,3208396.30762045,3990223.81841201,1860991.47137581,4,1.27674411148367,0.295503202470183,0.606788483851314,1.07333507153574,False
P62913,4,60S ribosomal protein L11,RPL11,133411921.692041,204785028.371523,168583018.267092,188075066.940404,199883628.091608,197833197.631095,185906991.754682,265609755.747496,228040619.557991,165355117.694284,208220892.080359,15329039.8011462,9643570.36155656,170428907.096115,231163156.212295,222741297.731959,181490435.082833,188841226.399126,185076884.156267,253212193.351801,0,0.859954097657508,0.129798899535702,0.479570085952473,-1.57783734794514,False
P62917,4,60S ribosomal protein L8,RPL8,1301025.91025409,2514206.99344062,4649216.72694571,978992.827986988,1164589.92818545,2605455.91757801,2168776.66654833,5603891.84981163,3335981.89313629,5595398.4431956,347489.947766894,1885360.99195322,2458198.48817292,7003294.15725971,3437306.94041395,4739543.1029715,3496351.93330132,7375573.97351897,5230999.53219389,4893324.97276085,4,1.3660029509026,0.42115049283036,0.673081068776453,0.820771180976911,False
P62937,11,"Peptidyl-prolyl cis-trans isomerase A;Peptidyl-prolyl cis-trans isomerase A, N-terminally processed",PPIA,941577041.751751,698349966.044254,862181275.553029,735719396.917561,848223243.010421,1133943014.78259,960638341.439602,694387640.898649,1041303219.34238,993464484.086206,746631709.970114,800656279.502431,858292925.025014,859979907.97546,916340523.365715,960164756.862745,743040975.716687,818014338.852489,961808227.66323,959601729.916898,0,0.967983945182618,0.744286494143374,0.798823546685696,-0.330587644379847,False
P62942,5,Peptidyl-prolyl cis-trans isomerase FKBP1A,FKBP1A,56965175.5079226,25658609.4376421,43877836.091929,48530933.5089495,44768596.0386878,51778843.6870604,55768779.8322535,49446761.2018745,57408944.7219477,61042347.1986727,48211980.4740163,25588974.1519046,23225690.0964061,61320771.7848671,48136463.8778888,59303227.0503335,63795386.739976,51557583.6841387,54341615.5480195,50467869.0812558,0,0.981227007974605,0.739904701269583,0.798823546685696,-0.336479145165251,False
P62993,8,Growth factor receptor-bound protein 2,GRB2,5609436.25843307,7191423.15668183,1273958.85275135,1887127.92742099,1016023.12238648,5477386.45402352,6704147.51340197,2177550.04396766,5881100.58170874,4859353.09776636,2476463.23285738,5558163.22276253,1602611.78733876,7321677.82985685,4235991.47425982,2960287.61152213,7129840.34410564,1283603.29247429,7176419.56565383,4449798.73915051,0,1.05032023620149,0.748461370053456,0.798998183059113,0.324985465889086,False
P63000,8,Ras-related C3 botulinum toxin substrate 1;Ras-related C3 botulinum toxin substrate 3,RAC1;RAC3,60623556.0149404,45575620.7578275,44124718.2578962,46946347.0254171,18687347.5480843,62733616.5951075,66453413.8457442,56510338.8909308,60961112.682149,52367455.6037251,36725696.8371244,51486314.3770985,40515125.7957219,48524270.7541922,39595960.3014881,65087488.6492824,48021999.3570228,43619891.1361361,39102773.6525592,55848329.4967682,0,0.909791916811316,0.632836961398431,0.7585186811081,-0.484920123777414,False
P63010,25,AP-2 complex subunit beta,AP2B1,14477717.7740585,12393678.8403009,17975521.7549785,17281288.3347309,4870108.40093415,40259022.557821,58815252.4864649,41472114.2290729,51475791.572635,64192730.6468993,21905086.0982899,19386488.1339007,4857923.29822332,46467963.2408998,21446667.4102033,59095431.8916515,43097471.5294118,50089782.3837474,36995094.4329897,53026010.5124654,0,1.10257838976105,0.423436346449159,0.673330887734645,0.816673455391566,False
P63027,4,Vesicle-associated membrane protein 2,VAMP2,3588475.18948232,2432604.07226332,2273465.11432424,5866117.27522711,5098000.80167963,8376375.63768106,2320063.51983669,5784388.32808049,5146907.5112299,3835811.92157282,3305082.09391395,4483029.09329816,3743156.5441103,3703952.57431493,4242418.06211783,2504385.97230159,4397970.42348139,4462208.95253963,3813259.89356122,2570022.78347184,11,0.832371363498319,0.550501068709221,0.730786710248407,-0.606947590101813,False
P63092,6,Guanine nucleotide-binding protein G(s) subunit alpha isoforms short;Guanine nucleotide-binding protein G(s) subunit alpha isoforms XLas,GNAS,21830712.3355391,12060216.6293511,13230540.2778103,16856498.0973311,10815371.3664104,11293669.200335,13692123.7614272,11882541.7044932,19366913.3788519,16310103.3008635,12820635.1062593,14554067.1695901,11500766.3413018,13041881.9644172,16254133.7530551,12050607.96604,11221317.9202881,17309170.1437801,16485364.2887502,16688321.7082179,0,0.96326542818599,0.859946061113924,0.822241037651554,-0.178659622025768,False
P63096,10,Guanine nucleotide-binding protein G(i) subunit alpha-1,GNAI1,19115611.8470029,25064425.5470526,20481844.5031518,14989799.0133881,16737986.4954064,26054559.1757801,14707338.1716517,16330551.9682073,22338107.5199892,13715238.3565261,11180313.741823,19172795.8550423,18117074.4030396,9753318.79631902,21783488.2181419,13675943.9163129,16008529.772389,16836344.2324142,13484414.4456502,16957145.6001847,0,0.828179417347958,0.171361483223689,0.521118528909864,-1.41710936519449,False
P63104,19,14-3-3 protein zeta/delta,YWHAZ,580256106.631427,385140680.553612,528562216.97293,514039422.901426,571075491.319483,724402430.802859,648675560.415372,571028344.665993,875574560.551613,553151048.080354,414424741.241906,535677853.718015,520970133.65694,535977699.97955,736871410.466231,535393671.578735,469441138.237695,594144876.321776,654986247.929101,525826170.313943,0,0.928058015480289,0.456454119711077,0.69086707470759,-0.758957008393198,False
P63151,7,Serine/threonine-protein phosphatase 2A 55 kDa regulatory subunit B alpha isoform,PPP2R2A,3379261.41320082,2557089.86350868,3230875.02892638,753078.509417922,2587618.26257463,2208197.8371857,6279980.31618887,6950402.44721125,3976060.56315695,3359186.3816813,1660920.99910783,2934211.38597024,7021275.01488454,2258269.01701431,845767.167813941,6728482.8,2776295.67740696,4178556.47138047,8540579.86887321,7132130.17082179,3,1.24927158644091,0.582100369335085,0.743117501783968,0.559109200973867,False
P63165,1,Small ubiquitin-related modifier 1,SUMO1,1647401.10615951,1377411.43165122,1438004.7802393,1540050.55663216,2057637.63451598,926334.217644011,1589092.55600426,1193406.30588992,1211733.40036834,1611537.17244701,1217581.59087224,900008.303860003,1603369.11477992,1801607.50591031,1159891.82000778,850297.789326865,1710077.51462185,1378678.71853672,1695862.02482366,1113661.05170822,9,0.920399860350907,0.550899495278428,0.730786710248407,-0.606335650276068,False
P63167,3,"Dynein light chain 1, cytoplasmic",DYNLL1,25769298.9427973,17475708.319923,20139647.070577,22498750.1055432,17861730.9636696,21669466.6423011,60009622.3808467,23173446.5225581,23081955.5022011,21211737.1587098,12916211.9091815,15468345.5272375,26792749.7309284,41132265.6785276,22419544.6794852,29560561.4647261,41081708.9085234,68603127.8701429,19684067.5149213,35174112.7977839,0,1.23702403916402,0.360128097801752,0.641703993511759,0.935925344161279,False
P63172,2,Dynein light chain Tctex-type 1,DYNLT1,8358395.30626657,709334.603581424,6054814.23963335,2556848.10831912,2465525.83500408,5844535.15737107,1990616.49063637,2473368.48718184,9345115.0,4121573.84104046,1024145.78416902,1415547.26560777,1439131.03086887,1599486.18617587,2453155.84107551,6477239.56268445,3112764.69190876,2262250.88024388,2359349.97802496,2693814.52631579,4,0.565501226989528,0.110677426611678,0.451119976974418,-1.66666304239009,False
P63173,4,60S ribosomal protein L38,RPL38,3903440.06623672,7559866.20740773,6003142.99638838,4121330.01573027,1624014.5871687,463286.485206765,3038506.32085548,5966777.72724942,1467668.15983375,1663188.2364378,2513545.79113399,1090966.70771101,542650.972109417,1752793.90019992,4882167.01566996,3194780.27748998,2716747.0368467,2135088.87234067,1821274.85408754,1212643.64665339,10,0.610497452594723,0.229986848346321,0.573231801003012,-1.23695253713327,False
P63208,6,S-phase kinase-associated protein 1,SKP1,27901039.317471,25317791.4426273,17128622.1729898,27749719.5032241,35787699.427174,31621477.9183729,38536676.4116446,30144285.7736837,40825164.5948253,34127375.6518947,29754486.1954176,27145681.8289047,22680585.7654344,30051137.9042945,22591569.0406212,17618006.9812007,29567809.2364946,23914275.995541,24218873.7267137,23193859.8938135,0,0.811077202673114,0.0902832389547456,0.421730243491225,-1.77710979487055,False
P63220,3,40S ribosomal protein S21,RPS21,11904290.4560317,12618438.9089557,9595747.27481733,9132665.83674059,13376224.0040538,8643115.53740357,6874262.2809976,3747062.23702104,6660881.62671817,9553184.35559837,7974456.75809397,9410034.17332407,14983924.8919657,8040238.8196319,10898249.231971,5603668.7155852,8299539.10804322,10055204.2733643,10215567.9254838,9537606.18190212,0,1.0316224957366,0.702518499367074,0.785121265036417,0.387270176506927,False
P63241,9,Eukaryotic translation initiation factor 5A-1;Eukaryotic translation initiation factor 5A-1-like,EIF5A;EIF5AL1,38347171.0458293,74833660.5313101,85038405.8128647,59410103.3293815,89551604.3369539,134537185.623346,85331093.5652791,65259523.5583019,74125374.9407061,78179392.8102476,78478485.2565167,67088555.6993169,58983472.8088915,72128999.2683026,180047346.046159,74536501.2286234,83630814.0259304,85397802.1931022,76341256.8647133,75323790.7663897,0,1.08583016640512,0.582344564425156,0.743117501783968,0.558744748262455,False
P63244,12,"Guanine nucleotide-binding protein subunit beta-2-like 1;Guanine nucleotide-binding protein subunit beta-2-like 1, N-terminally processed",GNB2L1,23981777.26885,22399179.7874759,56370386.1989399,6874576.0531475,61136805.1311992,23080760.791007,11042115.5582675,5871287.67917854,7745757.88249034,11044348.07072,41695380.27478,16231145.8137953,20664179.8976446,17292093.7762781,33077827.1555858,13612471.94057,4485744.9490036,16440054.8894349,6434759.86914451,17196100.1708218,0,0.815213282181464,0.821072517911709,0.817197073956267,-0.229063890165731,False
P63261,23,"Actin, cytoplasmic 2;Actin, cytoplasmic 2, N-terminally processed",ACTG1,7150207474.28077,5201601836.14658,7961637343.37118,7434801956.56826,8274901781.59907,9300216215.28788,7870482892.20733,6319265855.73831,8662554718.35415,7631877261.11468,8319991725.8011,5433734807.22473,4608494473.62016,7572715520.3272,8430061045.38564,5798542793.491,8193904530.80432,6754097038.22004,7147348128.14252,6371590873.49954,0,0.905325173409617,0.251893571389517,0.583149616570681,-1.17876974665387,False
P63279,4,SUMO-conjugating enzyme UBC9,UBE2I,7097133.21292442,5496160.12248557,6141851.03424643,228417.863411336,2601063.71590177,67059.8731466625,1520250.40236975,1127458.9722503,6360549.48414578,5547515.81584957,7399421.33722355,6728627.20524233,3962571.2903383,2739934.20813906,779588.384176902,10322507.8645644,1516488.91385354,5753594.00814451,6098072.05796708,11900601.3804247,9,1.58069690066372,0.12705370272626,0.476445128823285,1.58988464311307,False
P63313,2,Thymosin beta-10,TMSB10,47761854.4569235,53834531.644219,42884057.2466434,113396294.670792,87194170.4487872,55301773.4417248,64693377.0986065,104511067.412478,90814939.3181206,92850949.9357739,53716956.0708949,46559219.6183571,98121306.7159739,86403136.8875256,92443578.7419175,96643639.2561148,117113474.79952,79501084.8020748,108460124.715138,111193526.869806,0,1.18176475580159,0.20457966003398,0.544755748559004,1.31000497579667,False
P67775,12,Serine/threonine-protein phosphatase 2A catalytic subunit alpha isoform,PPP2CA,47521505.2588725,53034385.7998076,46023210.8632769,33411427.5528439,61130628.4485228,48712197.0030303,29722392.4758143,18128647.2369751,63519244.5126224,47031010.143795,32201314.4130832,32697623.6308904,42476187.2738581,45916047.2466258,36354963.5143706,28373484.3945826,21817085.2854742,36379531.7667668,51366018.7027491,25355734.9953832,0,0.787395601340629,0.168636442071032,0.521118528909864,-1.42661080410816,False
P67809,8,Nuclease-sensitive element-binding protein 1,YBX1,6328913.73219686,7701832.83986356,4339813.46681827,9713212.49452043,4175231.59983696,12751387.4986694,8109108.04402237,8608359.63199485,14922295.7515048,17077692.4941126,5259206.67507886,1490841.76573174,5740148.24927662,13176421.0433538,7925697.18319772,13088072.5219325,17713760.8408163,13140478.3856584,14684456.3429192,9076954.87072946,0,1.08074644326844,0.993069984543271,0.843797505224354,-0.0087913464782695,False
P67936,20,Tropomyosin alpha-4 chain,TPM4,124462235.473156,102686745.548365,83603989.1776882,104377338.587167,77587369.9927295,172963117.472979,153343823.662022,176941504.814849,89421273.7984009,181653883.882823,76242670.7595882,74734140.8410038,85558888.4069337,154375948.813906,229948866.604276,92956219.7129574,102816458.52581,122381972.850123,170896107.37023,191548638.8735,0,1.02716456900495,0.997618511781615,0.843797505224354,0.00302109552824217,False
P68036,7,Ubiquitin-conjugating enzyme E2 L3,UBE2L3,34617531.2288366,45484899.421025,45281001.8200211,42993527.9461007,34307354.4790588,47558225.2836937,91443945.0386083,66198070.8977304,53719928.8824005,63783927.7142653,37741976.15391,33656533.920198,28693159.8231429,76184282.3010225,35012017.0312162,66585880.6480695,57496801.6672269,70347311.2230412,51672789.9764876,63934286.6620499,0,0.992265963224421,0.881252554677021,0.825812662811676,-0.151241895768155,False
P68104,21,Elongation factor 1-alpha 1;Putative elongation factor 1-alpha-like 3,EEF1A1;EEF1A1P5,476459071.050999,706939887.213573,569407152.532312,756948099.875661,536794902.465355,959626964.94901,1169321303.54132,978905733.71313,1038784546.71638,804734908.335117,694250656.940063,515931605.165277,341467302.739393,801577716.891616,500518611.762522,688285571.243178,1184866345.54622,976266450.08645,1065755518.7647,887118843.490305,0,0.957253406149649,0.528375195016769,0.725009231095924,-0.641310099853293,False
P68363,24,Tubulin alpha-1B chain,TUBA1B,873373427.611342,770428476.788525,1240270374.91431,849040029.205101,1115261824.05429,1117044624.31782,1388537944.57265,999256668.703482,1503983380.73848,1206268751.30236,1015115638.17865,854917888.539134,932565601.368344,1110253171.86094,1002569541.36373,1317043496.66465,1411123583.62545,1523843076.57658,1110714834.9159,1344252212.37304,0,1.05052065676406,0.493382096517585,0.709261894965122,0.697314759291211,False
P68366,19,Tubulin alpha-4A chain,TUBA4A,5645065.91342053,4156783.13179551,1698672.76245549,3136101.62794464,3470257.64847273,2408219.60187071,3330881.98531109,3028167.60520996,2818730.4915102,3698032.66238493,3359995.31654744,1287901.72495513,2538018.34789474,3374866.92952965,1738024.28062061,3694900.16887002,3155395.46861945,4397876.26012376,3338398.24421234,3840398.20775623,6,0.920183720436293,0.602181931027618,0.750269498002461,-0.529387089033671,False
P68371,21,Tubulin beta-4B chain,TUBB4B,938195243.990229,875665227.479447,1038670773.31249,885639004.875228,1003566812.32237,898479727.866921,1681241511.04997,1164640216.3466,1339262190.99811,1155451812.53122,933068538.527312,779814519.899849,636258309.729847,1193193456.31902,1121237438.89026,1281151605.61957,1445497452.0048,1634310856.94786,1178322829.12823,1317635328.25485,0,1.04914734802439,0.70415934731845,0.785121265036417,0.385020044294754,False
P68402,4,Platelet-activating factor acetylhydrolase IB subunit beta,PAFAH1B2,25776545.6522863,10074154.9317824,28808648.6958048,21731317.3611312,22036344.8952389,20764858.9266832,33040086.6268749,26425302.6748139,22078684.2395113,26316772.1494327,38728775.6126515,24051201.2337907,11202563.6938533,15450590.1333333,23473374.5893017,31837240.7851223,27284594.5848739,23842841.8650469,16825939.5595949,25126073.1024931,0,1.0032502433172,0.936416630262701,0.832501250367666,-0.0807520301605386,False
P68871,19,Hemoglobin subunit beta;LVV-hemorphin-7;Spinorphin,HBB,59427848949.2594,75795633625.153,108864097374.053,50572736965.5611,113902146341.625,111360923724.531,96611253678.8852,98671980579.8034,73845802279.2202,87709236052.2372,105835793521.501,78730727448.7669,31495759280.9432,106790393905.93,30517699898.679,93568270907.6208,116503181575.03,97601132819.1828,77252274586.7245,89501761957.5254,0,0.944152822909226,0.482179006327558,0.704757736490301,-0.715720176014929,False
P69891,14,Hemoglobin subunit gamma-1,HBG1,56094362.5843307,253333203.20098,118101865.508218,11530947.2075875,1288950140.9152,112781502.703163,472522589.464809,103283141.799136,219099331.735693,72470823.3104974,140390841.863689,243108779.270869,25200903.5645907,186672972.02454,56491932.8473533,755769882.595512,154933704.917167,40209761.8113568,421586549.909568,65836630.5493998,0,0.771814019672839,0.901463589326772,0.826708499711055,-0.125343771440833,False
P69892,14,Hemoglobin subunit gamma-2,HBG2,4261065.17951767,12334015.2584397,53471996.7487116,24847424.5919171,100570806.231686,19518847.4790896,18876020.8724594,475601.781491276,6482643.56055161,8582194.02947263,28286339.3345489,22829909.2856316,15341990.4005937,25370553.9251534,4422471.66406274,53661021.7780473,11438510.5090036,5391746.12093912,42119780.3942847,6202530.51477378,6,0.862257729958342,0.583679566325433,0.743117501783968,0.556753656745189,False
P69905,13,Hemoglobin subunit alpha,HBA1,29571405854.6799,71792452475.0743,82272700535.8905,27770256435.8211,76172909659.8295,98907313985.6219,146650375712.257,93631474740.4208,67890820633.8155,67155718297.2954,67574040923.128,47568171770.4353,23079115913.7619,104443604290.389,21877451104.4767,68499862964.2207,130719423745.498,99514547028.847,87357979521.6133,62427545341.6436,0,0.936003283848528,0.610958245196748,0.752555933614109,-0.516549438143551,False
Q5TFQ8,3,Signal-regulatory protein beta-1 isoform 3;Tyrosine-protein phosphatase non-receptor type substrate 1,SIRPB1;SIRPA,1199499.51031354,4136729.49632674,1667797.05785954,2264729.72901416,672167.197790214,1403866.28476535,2068499.36083252,3367263.98612515,1576605.10812146,2985861.94173268,2058314.72007305,1496049.27648678,3792643.53843013,1447594.62376278,1250805.03123163,4607007.57267031,1680550.09243697,2841377.58103558,1878403.60919696,2577722.43074792,4,1.10717549991753,0.562544250511199,0.732675882289056,0.588552181029425,False
P78363,2,Retinal-specific ATP-binding cassette transporter,ABCA4,3829867.86333818,19945617.1471051,3591510.49668099,327942.386837463,3823887.0895376,7644333.11825362,21367609.1799059,12207984.9264909,6566851.1820142,11811270.3750089,4227779.53139704,3091779.074204,27481068.243352,13152723.8192229,2062747.43568149,638550.744536082,8670920.48494598,2763480.36254436,11753530.7494114,9988964.81532779,7,0.920044134489012,0.810427268764322,0.813589620325639,-0.24296786864172,False
P78371,19,T-complex protein 1 subunit beta,CCT2,23398417.1549875,31776987.1610985,17041119.6331533,36967559.5656826,24787027.580471,24164433.0837633,22955125.8311884,26283618.9501976,32740225.465367,51422473.9470492,24347259.6015275,14249758.5446336,12883365.2262095,25271178.4691207,34417882.4730068,18257260.4511825,45749554.5858343,21733834.2028392,29187216.2013927,21432897.4607572,0,0.849052494498032,0.262907957404418,0.587927183588789,-1.1509433364768,False
P78417,10,Glutathione S-transferase omega-1,GSTO1,37809706.7587303,47135864.2889627,49557688.4545287,34046991.5721597,34881785.9679658,69211775.0746936,45985729.2043135,50075321.7256271,48959637.6192615,50739579.6517519,55262321.2609995,29254202.4791594,7270584.88736851,21604224.1415133,47059504.6422052,51087384.2854255,51001666.2765906,50351707.5288925,60982410.7795261,49820700.4524469,0,0.904549564227719,0.247107109645634,0.583149616570681,-1.19114619836263,False
P80188,2,Neutrophil gelatinase-associated lipocalin,LCN2,2390625.83696249,5045087.09742872,1190516.26612359,4495809.3799787,2004744.19829362,1735732.63439525,1918049.23782008,2171710.95713498,1064555.27363118,2917505.82330693,4297875.52941457,3716081.67969202,2070486.68690338,7315562.41717791,4739766.64497123,1838420.44026683,6323625.0447539,6570440.65667724,5541320.2256285,9524531.10015748,10,2.08299547086291,0.00609654603570977,0.174374622303767,3.05478123060644,False
P80723,9,Brain acid soluble protein 1,BASP1,7046821.08557138,4749629.77081511,11038445.4003712,32619134.3110777,12418360.6268163,5039142.48153063,6337874.07912488,10093033.3281264,11988881.6997574,30775591.7376722,11175969.3416902,3960881.06243487,12118399.6212715,11818035.002045,21917927.424744,3832044.97360016,8798633.31707083,13180447.4824825,15606460.3639899,19235179.1735919,1,0.920799476727692,0.988727078466099,0.843797505224354,0.014301030482773,False
P80748,5,Ig lambda chain V-III region LOI,,18212188.7307106,29711646.4574952,12265512.2670423,13441962.8302923,23798758.3522439,14246908.3188441,12923248.1419189,307307.705246715,23811531.0061989,7765255.05316492,10478382.8060767,29140593.9258423,13473199.9542984,18255271.2732106,14034585.8195403,61267835.8233273,28846227.247539,13967923.7305487,26906291.496654,17779547.5807941,0,1.49631516664996,0.117334303567851,0.465667720371964,1.63436902252086,False
P82909,3,"28S ribosomal protein S36, mitochondrial",MRPS36,6937306.65762393,6791513.69634424,9711963.48261672,6030245.80897505,1162858.96460551,4552352.1125691,2270712.81933966,8671902.6357622,7769853.18394574,3767189.04756298,1128101.03702432,6828956.04058122,2824585.585197,2394872.04773006,3096504.96400512,676467.693854862,4593713.00033613,736536.90977341,2278304.89496292,4251931.07940905,6,0.499601567782134,0.025579917066928,0.263572849645778,-2.40617281739743,False
P83731,2,60S ribosomal protein L24,RPL24,1956077.42678456,3451742.5380007,1604421.56971592,4658351.54611721,5531436.40937147,1356646.2925718,2351996.32604065,10497475.9602132,5672638.44403019,4086895.6151074,7948643.45208023,4829510.61384305,3493519.82909219,5426282.11267894,2277949.48132908,6115449.30095007,3720185.94828331,4038579.59186459,7719396.26917164,10003567.5946445,5,1.34992016361794,0.13636396287113,0.486433579823015,1.54986459814161,False
P83916,3,Chromobox protein homolog 1,CBX1,1449825.01176106,1926479.8466416,1995839.18094872,5031764.66448833,3974005.69118376,5124430.27641953,1473387.97248602,6516592.64311311,2680791.18735963,4950316.75194462,4345843.14343519,4760599.51552239,1489446.40977311,2888920.94952965,2377405.58255731,3509017.95419446,4989326.60821128,2504106.43634544,2332729.33030385,2982750.42797784,3,0.916201618175297,0.95911223269178,0.839761241480311,-0.0518935089457571,False
P84085,6,ADP-ribosylation factor 5,ARF5,2315275.22967028,163265.713870911,3670722.91252733,2037698.81582337,897471.992883738,3161351.94927223,3148906.46112541,2104614.56880721,4983865.43657353,3862354.10219082,1154575.62213479,4251834.83833568,2439373.47036156,3103346.31454173,814369.107949448,4772055.26928261,5841313.89939976,3690423.24633725,709561.429399247,5541474.23937862,10,1.22671021964927,0.49369294827114,0.709261894965122,0.696807526791985,False
P84090,3,Enhancer of rudimentary homolog,ERH,13291672.9876961,7385942.77973588,7647409.47263698,12993392.9867276,5623046.01918967,16194069.7946902,14230419.6374368,17804062.7042176,14955878.0531848,37323774.4383786,13205579.9894571,6459052.00091177,11963485.8730631,22661426.1083845,20616902.8447236,19386910.4956539,10478196.1704682,6208051.14309764,20404937.7532103,17264467.7285319,0,1.00813390252259,0.798686161691373,0.812593916944395,0.258360448102796,False
P84095,5,Rho-related GTP-binding protein RhoG,RHOG,8796539.09168455,6381130.17339178,4508099.60146806,1287341.40647139,8199134.47410165,7604540.99000064,10035195.3834206,10778267.3417256,7206929.85203486,8510836.91072575,13396423.2810061,4342551.70226931,6197997.96583805,8994243.19754601,9431416.29714135,5459345.53264605,5574220.86468187,4835495.35003185,8432238.05814795,6821489.22899354,2,1.00242001168266,0.767575292317935,0.807231985594737,0.299469165985865,False
P84098,3,60S ribosomal protein L19,RPL19,9114911.19523354,11871418.171681,4438878.84227599,7604826.14064714,6895648.53995461,4974546.59333329,4791165.06590042,11792379.3342828,10889900.8772797,9627875.91914651,9922920.21766561,5272654.10841438,6622373.20032992,7019576.44351738,10086699.0106116,5644472.12856277,6372179.25570228,10117283.9343889,13418496.6512932,7606720.49861496,0,1.00099784417109,0.9110625436108,0.826708499711055,0.113075701498927,False
P84103,4,Serine/arginine-rich splicing factor 3,SRSF3,12647923.6280921,13439834.7962218,8987917.13202468,10873765.3644854,6798262.84308974,26532064.7148159,9394880.41226591,20143990.883488,13479096.3368071,29053684.4423036,10769147.3006807,21397630.0241693,1663642.24442251,23568036.0380368,19772682.450577,14580419.5706489,7793893.2217527,11152228.4202384,15909851.2380177,17109147.2576177,0,0.949556186790272,0.640585347533338,0.7585186811081,-0.473839677547744,False
P84157,5,Matrix-remodeling-associated protein 7,MXRA7,13499411.9930468,9832231.36697569,10847004.3238986,13071217.1523581,16937493.3458547,13878167.9303664,13198616.7564569,10223554.0926215,8394483.9951936,11262420.7607222,23420971.4303503,8435840.82862973,10322107.741556,19771893.6175869,17688151.9568109,15441069.3369719,9594168.484994,9531353.98307398,10626286.4903237,10711138.6288089,1,1.11885284674251,0.639624878760426,0.7585186811081,0.475209879803456,False
P84243,3,Histone H3.3;Histone H3.2;Histone H3.1t;Histone H3.1,H3F3A;HIST2H3A;HIST3H3;HIST1H3A,13100842.9711531,21744515.0056848,4095118.86434698,5180171.02478096,10635629.9005266,8016124.23656402,4889368.81277181,13845505.3073601,8770857.64127212,15215738.5170913,23341841.2850739,7283660.75040523,13754723.4706185,6233745.91427403,18361793.5726882,2518477.3232262,13506327.5519808,6624325.03448903,10154720.7306927,11791080.5355494,0,1.07656201931701,0.86816598447554,0.825812662811676,0.168066535862839,False
P86791,2,Vacuolar fusion protein CCZ1 homolog;Vacuolar fusion protein CCZ1 homolog B,CCZ1;CCZ1B,131105235.488986,112709878.390229,295211.693773304,56049188.4737808,241084137.208399,184608947.008353,189042212.727434,236096.606565285,129039994.205372,205228408.627703,94169791.7366446,162385974.347705,118288363.339487,137405678.629857,135234735.846783,136381629.783707,187252321.114046,169902677.755028,145673565.554663,175702227.044358,10,1.17048004824676,0.129654505587684,0.479570085952473,1.57846569930776,False
P98082,9,Disabled homolog 2,DAB2,2478012.30975521,5815319.41997551,5200463.44792416,7946928.2020646,1334204.6359911,3055372.24769177,859780.43924736,6151220.37145089,3497176.94120025,2961120.36130736,700441.427129337,3713241.46585909,4721963.10811542,5040323.12997955,8592978.23446153,2391155.56236103,2151078.77779073,2263441.44908545,5048943.74987053,8376793.08181965,3,1.09416792442507,0.836946750441241,0.819283344390874,0.208415032343822,False
P98095,13,Fibulin-2,FBLN2,7564598.47855869,2822332.61483295,6491282.16504757,9358139.73883122,7700882.07153716,16489857.9480374,14817651.5021745,19331670.8623541,12897282.9602012,20322774.1746949,7236994.83554707,2351426.55710895,11832832.6792233,20985038.607771,17942574.5413483,18576887.1861734,17057695.6244898,13106462.1330421,26633324.2200217,18694876.3388735,0,1.31088910750083,0.281113207870055,0.59687397298761,1.10678452887406,False
P98160,56,Basement membrane-specific heparan sulfate proteoglycan core protein;Endorepellin;LG3 peptide,HSPG2,31999053.5334867,86512193.6986181,28894588.6902871,26124059.1544979,17603545.6277953,38225644.8040934,24823817.0617733,18327863.1406781,47288078.5531399,98346114.9682438,133695810.944712,11891975.31847,39309679.5005273,91700613.1206544,47663758.2804814,18702319.9001415,43697892.3635054,32431945.6506507,68599296.4274733,47731175.4847645,0,1.28047571821504,0.465472263111183,0.69086707470759,0.743638629409038,False
P98172,3,Ephrin-B1,EFNB1,2926125.11399673,4456340.75532921,410372.075732417,3383092.34598508,4259611.27458101,1181269.11931814,4193814.23400195,3736606.63559328,1410540.6263139,2463020.99689574,1804683.48808676,1537656.6688084,2289867.91910509,2002568.32437628,1488868.60498203,1528390.06351324,2198940.3372389,1754133.10678861,1862177.690586,1685566.43008917,11,0.638717312358036,0.324406531394348,0.619186017833498,-1.00952324383626,False
P99999,7,Cytochrome c,CYCS,9217210.57751958,31978862.5682176,29572733.3740198,18423790.3218344,8406671.01202935,12103836.9315658,43042105.0687849,26045762.0306901,41854462.141317,14119373.0664383,20989658.9274448,18626392.812898,6574357.51980854,20849735.1022495,10554634.184559,24711000.2704669,19264623.6230492,24877786.3508964,23922243.6521071,26146940.1292705,0,0.837081907661694,0.667906304426267,0.768339943129565,-0.435235443679142,False
Q00013,6,55 kDa erythrocyte membrane protein,MPP1,1992603.55248533,14561619.1276823,2113186.33705085,9961109.87885367,1859243.252429,10490796.6926172,15293740.6128517,4352953.36483506,3784809.35508939,11099699.8544209,3119124.13822016,1407664.07491027,668454.08708997,9335941.88098159,8948428.96328949,12456375.2395391,12374592.6165666,9088292.29274729,6853929.43326099,11467164.3397969,3,1.00278381274739,0.952492117047796,0.838202221894998,-0.0603054975323737,False
Q00169,4,Phosphatidylinositol transfer protein alpha isoform,PITPNA,5604846.82876334,2635904.35425048,1717393.59882622,4778079.50235665,4977579.73971357,6795832.30347245,3254243.25042159,2661249.69291556,3489956.74633905,5079626.52133733,2680581.21701626,4334248.25491989,4199164.71561373,4013851.11182004,3571890.70530273,3698073.76765717,3482440.8377431,5738031.57257257,4055296.51284138,5617622.82686981,5,1.00967171031115,0.740631371436029,0.798823546685696,0.335501270198724,False
Q00325,7,"Phosphate carrier protein, mitochondrial",SLC25A3,8465364.46803836,48191010.6476299,10041072.7007708,11724426.7304745,6227125.58494349,2202759.57965779,8085386.53084228,8708826.27308646,17619794.1339502,17328442.7431671,3974505.49294372,13849423.6424684,18577196.5997493,10049916.3112474,21728556.0692077,18744634.5506367,28619162.2684274,2991389.25507325,15004749.2155001,21452146.5789474,1,1.11831281164998,0.535159877837826,0.727049936758826,0.630692056588129,False
Q00341,7,Vigilin,HDLBP,590908.769580221,4268561.49295959,585298.238784758,1431159.49939094,923722.894258521,2074363.64582816,18850.1271780035,3472367.5491133,2654009.30176983,1875758.57849854,9196369.4587405,8043087.78214617,3095364.43347127,5484990.07439673,3601525.15406986,4636854.51364463,1364813.09776711,5329071.17549368,3766030.7805165,9574776.89289012,6,3.02279313041809,0.00674449921654854,0.175323277667773,3.01047400070447,False
Q00577,7,Transcriptional activator protein Pur-alpha,PURA,15471724.758963,5512097.65462655,20074020.1656997,14069960.611283,8082189.28209478,22883126.5540171,9536711.83722375,16358030.0238905,13707455.9882311,18842280.6829373,14453819.241906,18955046.1278511,13012754.8495092,8089162.12106339,16060425.6489187,19227474.9375379,11119901.5462185,11166685.3276003,10790235.8762887,12944700.1015697,0,0.939687721895705,0.932615808343142,0.830457351070302,-0.0855911667768885,False
Q00587,1,Cdc42 effector protein 1,CDC42EP1,3216540.10151977,1970696.28196607,2659764.70195796,2456325.22771304,2350021.86895503,2458888.24517951,2309032.18678441,3397747.45414867,3018964.96527715,2081293.75604796,2651597.99995786,1785547.76296747,1539812.33149896,2493100.86388548,3066948.60996813,2417148.84766525,2569424.22410564,2532169.84475384,2960723.08654368,2739879.65743306,2,0.955132943718044,0.738639603931383,0.798823546685696,-0.338182379264678,False
Q00610,57,Clathrin heavy chain 1,CLTC,177169969.156306,128170450.787126,153331013.064524,141845350.773501,130027405.91553,131290147.957902,311091886.309577,198546126.095746,281965400.48064,374951649.011632,193077554.474514,115777935.69237,96981566.0888612,330874402.993865,189371355.536305,307619952.912876,305155587.145258,333716446.291746,225954367.6569,255555275.669437,0,1.16056830359176,0.310294842466579,0.613979024606205,1.04015146029844,False
Q00688,5,Peptidyl-prolyl cis-trans isomerase FKBP3,FKBP3,1472048.25419392,2445389.54696519,1318991.40986005,2669801.23760229,2295872.95082509,1733743.0279826,5499824.53656697,5485736.21037398,5372412.66701105,3195998.65310783,4078644.24789942,2643157.09223399,1235064.38865302,5576186.16597137,2326521.06564985,1633950.00412371,3707262.09176471,874642.895395395,6750151.16214505,3077137.4833795,1,1.0131121144061,0.903173840035315,0.826708499711055,-0.123156571150593,False
Q00765,5,Receptor expression-enhancing protein 5,REEP5,3337713.61213069,8224583.89408781,5729541.30486398,5995162.98152271,7895653.46526692,6605758.57085069,11047921.5230319,8397122.07893044,9672542.44137993,7828609.50438878,8772429.96820521,4639692.16850469,2824332.871089,6096607.78494888,11983881.9648547,10277170.7390338,10866809.3560624,9483731.22941123,8322628.5975312,6419713.66897507,0,1.06626633916311,0.863087852851161,0.823820601352691,0.174608357321098,False
Q00796,5,Sorbitol dehydrogenase,SORD,3257758.25076899,2365374.96252405,3207593.10314846,3825382.00809646,3687479.55782238,3855194.02557679,2146453.23604329,3932023.89933842,6233294.97057767,2493297.75569114,4553785.38109968,3761795.59757439,3192115.60207911,6699893.24572597,3566397.49040931,2865381.89541136,6951150.07793517,648485.83987624,7980532.14681678,5900717.61680517,3,1.31757656835365,0.573161619359942,0.735939313452343,0.572503442866438,False
Q00839,15,Heterogeneous nuclear ribonucleoprotein U,HNRNPU,44539484.304159,47587836.3542942,39785529.8092197,25971653.4968048,47686049.1561832,75501584.1472156,62150364.5318186,61615246.4233208,70737760.2587369,101467155.302219,47712374.4587415,37283892.7296804,43315198.1124422,80761668.6912065,66132524.9853046,58425198.0525571,74993369.9193277,59804824.1309491,95530095.8220293,103254925.023084,0,1.1562647162864,0.214609426692506,0.55792310220854,1.28037160118367,False
Q01082,137,"Spectrin beta chain, non-erythrocytic 1",SPTBN1,1213582282.42045,1080482948.22459,1033795631.80731,607017683.006101,759196656.700963,1274303115.17362,1456218905.25428,1223632167.14141,1281584587.86273,1303034339.43481,824799880.93143,816399179.033519,784702576.773304,1867570589.48875,1091704180.9238,1324524122.3772,1555888726.43457,1631419475.47548,1440641846.67209,1362903944.13666,0,1.13066198027404,0.312009541545371,0.613979024606205,1.03637807887556,False
Q01105,5,Protein SET;Protein SETSIP,SET;SETSIP,8824076.58774265,1206430.31760539,13191560.1082992,1618094.11040106,22751763.2686687,8139214.55329326,13629916.9960948,15744067.2172195,17660092.8959662,17593197.6603868,8796634.48323095,5880459.86866099,9310745.88131101,5830587.33341513,8224788.27831575,11773295.8815444,4732016.21488595,20986327.0515971,6386842.70324652,13047583.3194829,2,0.789053943831766,0.944346943256798,0.836413853594076,-0.0706615404629816,False
Q01130,3,Serine/arginine-rich splicing factor 2,SRSF2,6203062.54407165,6147065.28131013,7575063.62273647,8257252.06251627,8036687.71971182,9006550.30878084,7240452.77292092,8620381.28135624,10884863.5320277,11928642.8320131,10646262.8397808,5041109.05689186,15419098.5859542,14453777.8666667,12392692.7995545,6165093.4534061,13173358.7486194,3957450.82937483,16228453.9107434,24451026.4404432,0,1.45325736140186,0.222469817597311,0.564550493478806,1.25788886248527,False
Q01469,12,"Fatty acid-binding protein, epidermal",FABP5,581294801.65818,441396082.464579,313790358.035013,243913905.780297,454665611.811232,225329558.253909,564273421.21239,473859070.256363,425932727.782769,324434810.272604,273479988.361282,309529208.478059,241220670.375078,389934000.940695,181912147.944188,504942235.597332,542837873.382953,533221767.886068,355406774.574968,532629737.950139,0,0.954610788077083,0.638116453001388,0.7585186811081,-0.477363666480756,False
Q01518,25,Adenylyl cyclase-associated protein 1,CAP1,103080819.125934,109306951.206927,129300628.061933,109278099.239511,123377177.567252,192302091.80393,179595078.632289,152640599.32004,180328564.446141,236518838.642689,104111997.611655,116305403.975628,111297820.307472,188331777.713701,127491735.344801,209465076.139074,191542323.486194,182054984.002184,181764092.439863,172492011.865189,0,1.04560734918267,0.548533220580012,0.730613623538725,0.6099734333771,False
Q01628,2,Interferon-induced transmembrane protein 3;Interferon-induced transmembrane protein 1;Interferon-induced transmembrane protein 2;Putative dispanin subfamily A member 2d,IFITM3;IFITM1;IFITM2,24695578.1535141,4697321.97301907,16859864.3720635,3871103.70540439,6431292.49021568,18665670.5215395,1589507.26777314,3382977.99921896,2346983.1086605,3049483.14854064,17771699.6862029,36412893.8209158,17643740.878742,2493788.84781186,2992645.6506203,1379910.97740044,2328268.65142857,1989270.45299845,27395604.3547658,4098734.64912281,2,1.33785312106608,0.897629490189519,0.826708499711055,0.130249413030248,False
Q01813,5,"ATP-dependent 6-phosphofructokinase, platelet type",PFKP,1092769.35080849,735986.592213831,1921095.999489,776479.803666541,1279891.00632312,953965.908423283,1082895.37090619,2096743.1192733,1639367.45508317,1790063.34710626,2371469.75550826,2872198.29040835,573521.634135839,1332089.76678937,1422431.62841937,1289161.16446331,802006.071082833,1356674.73243334,2687443.85794826,2623057.42289935,12,1.29626149668385,0.380232229475127,0.652282376340139,0.896664135781565,False
Q01844,4,RNA-binding protein EWS,EWSR1,4215290.13124564,4537368.41200009,1892242.42396375,5162552.49839517,4804352.07540183,4012107.65132107,2923635.02826839,3704728.85748415,4963883.96707394,5873624.5174124,4938652.00813548,3210908.86346075,2125791.20203609,5502877.65648262,6796407.84774,6059835.76029917,5217827.57138055,2371017.84798435,5091304.51415265,3264650.44506002,4,1.05914708570954,0.872101104408789,0.825812662811676,0.163002369599318,False
Q01995,21,Transgelin,TAGLN,676552797.890764,192672503.944376,326915739.010484,303471010.311425,329361309.248937,719242718.172721,1039350635.17352,383705286.938344,276441111.854281,1394798260.36538,309429899.460402,185979906.745687,245451104.543119,1092365589.77505,380043735.652631,952910816.777845,372000645.027611,495710345.313495,383734524.149937,536565850.738689,0,0.87801195084331,0.729219974481306,0.795870457583298,-0.350896889109237,False
Q02218,30,"2-oxoglutarate dehydrogenase, mitochondrial",OGDH,19570946.7598935,63386425.9073815,53004663.5059441,32557523.5132869,15381381.0902421,46761056.3143589,46281833.4072956,48230857.237894,60182003.2831731,40004668.0585885,11766187.1311639,35650093.534358,21171377.1124152,43881143.6777096,30665149.3510813,29354277.5435618,37486363.8242497,30446246.9041769,19640967.418611,36996805.1615882,0,0.698367647458081,0.0858866206575293,0.419883675208394,-1.80370526480129,False
Q02224,3,Centromere-associated protein E,CENPE,2194062.07627885,2014163.7670664,1760207.34153193,2207612.16505219,5026378.47264756,1415406.00195871,959554.459647349,3639675.76391894,158233.86009021,763233.26680058,2216820.06474979,2680943.1406271,3508682.67557262,2868774.88631381,6870566.24880116,2361301.76744185,3354638.25661465,2307322.41496041,2683701.33491389,5853424.48550847,11,1.72337207055542,0.015617075186972,0.212357344759836,2.63488508899662,False
Q02252,20,"Methylmalonate-semialdehyde dehydrogenase [acylating], mitochondrial",ALDH6A1,33011177.2921136,48449280.3992479,114376757.383751,66096496.2264697,12527753.6937364,82461227.3786628,50851957.1003816,42087794.414224,55990092.475968,18227409.0615857,21211533.648514,47645263.2887577,20204240.2210714,34938117.0613497,46724129.4171333,34034580.1358399,40154601.7013205,59545450.2047502,18543182.6125882,41353743.4995383,0,0.695227598328721,0.297911046576722,0.608461038679821,-1.0678535691959,False
Q02790,5,"Peptidyl-prolyl cis-trans isomerase FKBP4;Peptidyl-prolyl cis-trans isomerase FKBP4, N-terminally processed",FKBP4,4083037.68307183,715864.905212524,8766816.96440216,2846418.85793598,21282789.6087158,4682339.73152886,623129.315452205,2149257.37101048,3834091.38280478,5585928.61996004,4117560.38303171,497294.392490159,5710580.69863977,2538278.47505112,10383477.173143,8277147.0750605,3394127.81819928,756989.181658932,3381667.36050823,9643754.04443862,3,0.892453127161021,0.995610372736376,0.843797505224354,0.00556859106055876,False
Q02818,9,Nucleobindin-1,NUCB1,1103275.28614909,6309546.3782141,4983894.66182888,12072473.6934332,3461824.75071052,2745524.20902852,10406777.1283394,13757060.3156299,7946664.0022909,8972324.07121958,2167855.66627926,3695794.43802825,3230949.87087266,8752684.39672802,6331363.83952603,1780011.11020821,3219296.75918367,4962205.89102739,6416167.67073612,10002903.8319483,0,0.704566349340531,0.367780950720638,0.645446865644454,-0.920811683127179,False
Q02878,8,60S ribosomal protein L6,RPL6,1408277.21069093,1954431.82608886,1318413.26807899,3858024.92201371,3174285.34823638,4520120.48868419,4712452.7721665,8078462.50192961,3417502.93046447,7863954.61928209,762318.097592562,2841701.56398344,1861340.49111658,12371.3986998317,5078839.89095741,2752794.70034364,4292066.59923169,2902521.79511329,6394195.07261711,7093631.93444137,3,0.843344515614372,0.235067933696846,0.576012803632395,-1.22309518944238,False
Q02952,66,A-kinase anchor protein 12,AKAP12,458306063.781115,315301597.402484,323650019.220158,462848416.175578,527406344.797198,513000117.437495,342551921.097009,326593865.579344,289395484.727338,422307434.079069,277545105.628424,266750178.223052,379576590.226886,330408102.777096,385377936.430715,321840697.954316,563318596.004802,361711822.194922,405293023.304395,313143327.192982,0,0.905460504743802,0.340946577599529,0.628450739902339,-0.974787432627365,False
Q03135,7,Caveolin-1,CAV1,493609616.841575,365157467.176841,177911414.031802,303827704.403898,220301682.125625,325313912.510911,301702811.862075,264905630.570615,238980054.330249,246222073.014344,247754933.289059,263720616.801262,258248546.972606,542146622.519427,373625347.724531,130737157.655145,355011158.645858,335213161.406861,200373192.846808,178704830.701754,0,0.982165417115955,0.71374334595461,0.789207019147749,-0.371917302094572,False
Q03154,11,Aminoacylase-1,ACY1,36583805.0701786,22838074.9033584,31682169.6022205,33368191.9052714,7053977.5058935,19081651.9015819,21238219.1080146,8079321.19116971,19669154.0939718,11831277.0438165,4474576.9796613,13692535.6402686,14485067.2427594,10048387.4580777,16573607.5665934,12098211.9478472,15299512.6439376,12498421.6175266,15401946.1814976,13390084.8707295,0,0.605235153571761,0.0601074855873822,0.363237063220638,-1.98904184525412,False
Q03164,3,Histone-lysine N-methyltransferase 2A;MLL cleavage product N320;MLL cleavage product C180,KMT2A,11039677.4288247,9271725.80618929,3543614.24439216,9915490.08173436,1273746.04190514,3638293.94561134,8900543.98375788,7655901.52687678,5381479.88846465,3348982.98058945,3155939.54262976,2130701.36780711,2594110.31869439,2419180.81312883,2908657.28606565,11860192.0388114,1972676.70315496,1120589.11972288,1303287.86862894,3704194.10249307,10,0.518521358041426,0.0285754694720015,0.272440420479985,-2.35378880627389,False
Q03252,24,Lamin-B2,LMNB2,40818298.98157,26216831.7172468,25571054.7218553,14582303.0350172,7989333.15252594,52969954.7260998,12174278.6873169,21508448.0860057,36847340.9608301,62968322.5158781,18789530.5744646,21977845.1357532,24758653.875578,34813515.5280164,32525614.5005105,23315372.4228826,20009540.3529412,19155402.2545273,51518136.6897269,40089939.3259464,0,0.951291885819836,0.746193310050314,0.798823546685696,0.328027596508971,False
Q03591,9,Complement factor H-related protein 1,CFHR1,3203407.92960167,4635451.65593843,590235.882104102,2243279.60852581,3951758.80024127,3813677.57176618,2644036.35368776,4725109.28149407,1987568.52493037,1410403.46203525,3509809.83587913,4138326.802854,1716670.22557989,4947598.18523517,1964257.99925749,5860654.65546796,2348910.9222569,4119708.35435435,2168357.39437511,2619473.1043398,3,1.14342915879673,0.445397869260174,0.6854200276689,0.777989037271531,False
Q04323,6,UBX domain-containing protein 1,UBXN1,9488237.51240727,6030898.11780608,5517503.90029595,3628767.90076049,7321633.75520501,20341735.9629264,6979764.95500133,14331523.4172563,3887067.46370497,2291963.97859131,2647446.40951353,1850602.18456929,1522602.50074367,9550279.27368563,16314848.2334561,12596920.3286841,2757089.39063625,8573796.47192647,8783123.54810997,8519394.20590951,2,0.916022672873039,0.592592988539646,0.744753316101235,-0.543517445128746,False
Q04446,15,"1,4-alpha-glucan-branching enzyme",GBE1,44772586.7927211,67280087.6058247,41038691.1833063,40595030.3970159,23669048.0160391,55203619.5253674,67140176.5350138,39420705.6344758,66595383.3465098,38363454.3274103,22724315.8376224,50028337.9428621,63072387.0764488,48550261.2580777,28389801.9189122,109118904.964625,50446119.9442977,89505264.6965147,30504726.9886055,56221364.1320406,0,1.13320703904488,0.719833930109029,0.791353431452998,0.363625144134174,False
Q04637,13,Eukaryotic translation initiation factor 4 gamma 1,EIF4G1,626031.154903456,4223854.67203079,2913209.5584129,3610068.48318538,3677903.40085578,4151247.45977901,2636073.88772521,3847700.61596067,2468467.08498787,4400666.87090559,686803.113855222,1704804.54114565,1766157.70207835,1448435.49300613,2134113.98609349,3274927.26270467,7648051.09090036,2520434.23760124,2353603.29851691,5260053.86241921,2,0.884570332120335,0.37369362809775,0.650564800765487,-0.909278217188519,False
Q04760,9,Lactoylglutathione lyase,GLO1,85517210.8944865,56720450.9257478,75202182.8080325,72692094.2636556,70506832.7513274,83712026.6100817,69554628.4534481,72563534.234586,90638632.2343006,69569856.3334047,61133467.7262162,63818252.3431168,44113774.6937451,102356719.713701,71894618.2919284,109058455.463918,92315825.1044418,48895811.9169169,66075828.0434979,93311759.833795,0,1.00843344556119,0.825545772656997,0.817624247495614,-0.223235231319395,False
Q04828,15,Aldo-keto reductase family 1 member C1,AKR1C1,249467974.157986,487713002.794298,366526263.74003,202094225.66579,382604313.919672,531649361.545395,539399009.314813,173214793.512818,613834101.257749,224081359.534004,319422019.765897,435012560.58237803,326860427.296574,501601436.458078,247093479.403211,417124223.444512,387060527.831933,464619490.42224,400805542.688551,302151416.943675,0,1.00826575300887,0.628401412408206,0.758178549609215,0.491290903568427,False
Q04917,14,14-3-3 protein eta,YWHAH,62912308.4285419,42386479.7109498,40337108.3192603,20332644.1621606,43144128.4947895,47413647.2177079,45623271.1183101,40354959.5277038,46863262.436888,51423140.8360094,26485325.0954674,25329297.4586083,46729365.7116201,36644317.198773,71647423.6217245,39571754.4006469,40994652.37503,28156102.6967877,46683320.0036173,44961293.7534626,0,0.92380039127991,0.53196758051734,0.726830710757849,-0.635678827063504,False
Q04941,1,Proteolipid protein 2,PLP2,2471973.38518107,1492660.8710187,1451307.75045563,1747584.87488072,4487154.07499614,3846713.32448539,392242.685244519,1639293.16558448,2600193.66332764,539599.95713579,595943.088220156,1783036.94594791,4776802.06955299,1595637.05897813,577033.31289639,589480.86233677,1303650.10052229,552951.194403494,1442020.4075794,218598.255805612,9,0.650023361734734,0.120582751070763,0.468473175942793,-1.61916802728459,False
Q05469,34,Hormone-sensitive lipase,LIPE,363627804.307649,332832882.757565,525921515.324293,401497032.270191,353841561.589813,305099511.358394,613101584.880625,252257138.063953,503894041.132872,195805267.619353,261144995.127013,332670188.802536,249443987.449634,211509191.766871,218947980.98877,305390877.574287,415959706.991597,615830237.364637,163518385.001809,243176101.385042,0,0.784222209322101,0.109436141636107,0.449353564697873,-1.67286586468137,False
Q05682,24,Caldesmon,CALD1,52406995.2393569,36767477.9945776,45466944.7171736,68767378.3552613,71713344.7674547,53459397.9036115,64836037.9471022,96662647.7579711,31684901.6350732,87982660.5259402,64646225.5478997,29419205.3780248,82981204.5052597,103411628.400818,78020998.4809578,66694689.749343,84114561.1553421,59448503.8847939,104437449.059504,79857289.9815328,0,1.23498891245131,0.194884173908653,0.539227987617833,1.33974963055955,False
Q05707,37,Collagen alpha-1(XIV) chain,COL14A1,42464509.8204823,31877516.2099878,3359472.51157891,3091673.06879102,1046021.21125162,9323958.85181216,37766141.9450608,41238550.7557659,64546023.3864882,167982660.197674,4881554.17781836,2022367.49732257,11124475.034479,90278779.6728016,161312592.093865,81523707.8916515,41373393.1702281,26867737.1289471,91397557.1758003,48799169.6629732,0,1.38958569208973,0.312941563843083,0.613979024606205,1.03433321818836,False
Q06033,10,Inter-alpha-trypsin inhibitor heavy chain H3,ITIH3,2974543.87725249,2092311.91184187,2512104.6624017,1517571.22979499,2897481.84350834,2574080.4756927,2778485.90915949,3106737.67067904,1423973.5469859,2697139.16977139,4335401.01826332,7429999.38693991,8913328.33603236,5807883.86384458,1626858.9581722,6625038.59191429,3318738.65517407,1886796.49199199,6281374.23227528,12598215.9741459,5,2.39369274476017,0.00722595993955987,0.175323277667773,2.98013463530563,False
Q06124,10,Tyrosine-protein phosphatase non-receptor type 11,PTPN11,2572823.42556931,5339400.19096554,1852553.77196649,3539594.37764219,1305174.22741193,5146050.66610366,10916872.604065,2692505.98125517,7554422.71866858,6632744.22086634,1906415.87257181,8280981.55059627,2658552.41623624,3494270.36208589,4075820.89263063,8097966.2385284,9126576.17623049,6168847.41195741,10024575.341834,4478075.03000923,0,1.22627664315132,0.269774107388026,0.587927183588789,1.13403208756241,False
Q06210,12,Glutamine--fructose-6-phosphate aminotransferase [isomerizing] 1,GFPT1,1908541.72241321,10560063.1421071,5942985.00025081,2582286.30677979,3499090.73619159,1539292.16125301,4299731.61977456,4155111.3639162,3148676.60551613,8288762.88696211,1213949.52282915,4713192.45111344,3473191.58759365,6146754.16891616,3189244.92049005,2332141.73729533,5316910.47135654,9530503.57675858,3233943.89315428,2629031.28716528,4,0.909728485271541,0.806063899357676,0.813589620325639,-0.248681014862553,False
Q06278,30,Aldehyde oxidase,AOX1,37541578.5076382,2011480.01806017,29849303.9017172,14361801.2323974,30325453.0469938,61496081.4064396,17491712.9879293,69414720.7911421,74645061.059204,68502833.9970028,50812414.2678067,10780775.4684063,17923495.396306,45814378.5108384,41082019.4884448,29953483.2193248,48127005.6912365,29240370.7489307,49838923.133478,49240571.8559557,0,0.919074580941288,0.608734449789916,0.752218059563864,0.519793910166283,False
Q06323,14,Proteasome activator complex subunit 1,PSME1,28933695.41965,27249910.7237187,23160047.2402896,43087565.4795709,24733496.3306087,42206184.0336671,50959782.1602911,53419057.6265735,29901681.4158656,66755584.9211446,33225351.5872489,18454627.5001447,22262343.9166824,53745304.3288344,34007336.9388671,69662760.2340813,58234538.4768307,62609464.1591592,36967206.1353771,62537066.1865189,0,1.15701304861882,0.415957669293942,0.670306432105353,0.830132509406584,False
Q06830,14,Peroxiredoxin-1,PRDX1,368410632.570372,253529357.442715,374010855.986757,301428125.963624,436073796.955209,431863967.929657,434949703.204047,443770599.283286,391645197.767496,446968987.829159,398365976.465217,437528178.548686,368153912.544958,502480527.030675,412713908.439811,481011789.50475,496042742.905162,550578560.783511,453624288.166938,513095201.800554,0,1.18825895474829,0.0229321381623021,0.248645460513951,2.45745355031383,False
Q07020,5,60S ribosomal protein L18,RPL18,2378370.0542818,7097841.23718734,8803380.52569097,5050355.99294451,14365155.0396335,4996432.26387243,13254188.1334872,2690530.99600294,8469456.48369419,11171056.9731678,5533524.51203719,8068912.25107097,9060053.48616783,9957420.69447853,3707775.49477152,5009298.99987871,7598958.38593037,5812101.96264446,2934694.00877193,10696535.8494922,1,0.873557731808033,0.825191463220793,0.817624247495614,-0.223696605295644,False
Q07021,4,"Complement component 1 Q subcomponent-binding protein, mitochondrial",C1QBP,5133085.8880244,14584067.8730103,8445870.14864481,14180211.5125929,16348670.0780589,20384180.8997296,20138403.496938,11715097.3026739,15137222.4822568,23165054.9232855,13052914.7169004,21851173.2616074,18922979.6934747,13041117.5378323,18966047.2109643,6575016.63007884,19121922.7073229,14259613.0967331,13606953.9351601,21453474.1043398,3,1.07786104073642,0.565632030578116,0.732675882289056,0.583868874351809,False
Q07065,14,Cytoskeleton-associated protein 4,CKAP4,9286658.21012226,7086317.17548539,4811233.40018727,743739.609542261,2239047.47020203,4088906.45884933,7372911.71190201,9954784.36047046,10001648.9978439,13489829.8879612,1122453.35288893,2961666.78635522,5440429.31718002,81923597.1002045,7725483.95616125,98872714.5947039,12048803.7334934,6598472.68250068,6423689.06009224,67126321.468144,0,4.20185750736726,0.128834302136836,0.478135953929421,1.58204604473435,False
Q07157,16,Tight junction protein ZO-1,TJP1,6646681.94328844,4372032.8554749,3928864.03865768,2676070.4065003,8943657.73886942,3714064.6107062,3984301.84836247,6260531.51171552,6093004.9053095,16091363.7219011,2542094.70629254,25284665.526948,1016845.75638876,9747967.81022495,5930359.15230641,4994337.74845361,6324971.27980792,6515302.94485394,9113557.61982275,7639908.63342567,1,1.26150992825178,0.804710221486548,0.813589620325639,0.250455159948325,False
Q07666,5,"KH domain-containing, RNA-binding, signal transduction-associated protein 1",KHDRBS1,13582749.15217,8207420.39793598,3683075.65443844,10817559.0226412,9378263.19703012,18624042.4266725,15726699.6995651,15357657.0591749,27488793.0401581,25865955.2123029,14401531.2831645,4708804.03843927,3901147.68530788,15660043.0175869,15210422.9233054,16714286.9456236,17354764.8264106,20861317.3232323,12152536.9596672,19671935.0277008,0,0.94557046811172,0.855859545091032,0.821068367518388,-0.183933693366651,False
Q07820,1,Induced myeloid leukemia cell differentiation protein Mcl-1,MCL1,2228604.72484297,2259337.6665522,2475805.51592452,2991764.35304794,1112750.70065429,3028515.6452451,763650.251220378,4147297.2918313,3072360.82494834,1103634.5403197,2289953.27514365,1790629.68197931,2720811.91462377,505653.773697894,1289575.56371624,1407491.06209824,1019099.93589436,1640348.74178724,3503361.75009043,1659008.48291782,9,0.76889873658693,0.325687348757298,0.619186017833498,-1.00678999097194,False
Q07866,13,Kinesin light chain 1,KLC1,14574340.5672448,7744496.38744096,10112949.7870651,9190169.24801203,3369380.39998678,951482842.699898,4595669.93804917,5866049.67481393,4100399.03512712,7481827.24505816,1573293476.67275,948158.051225831,4086892.5546932,6774271.95243354,1435854093.99654,3081564.42231656,7681168.47322929,10147898.5617436,9587658.67923675,2926065.09372114,0,2.99884820263732,0.756041172769889,0.803470544470343,0.314841275732489,False
Q07954,69,Prolow-density lipoprotein receptor-related protein 1;Low-density lipoprotein receptor-related protein 1 85 kDa subunit;Low-density lipoprotein receptor-related protein 1 515 kDa subunit;Low-density lipoprotein receptor-related protein 1 intracellular domain,LRP1,42295419.9324062,78691360.6187686,41543393.3327202,58643751.4761588,41023467.4425522,70835293.9074154,48610025.2778024,55058295.385923,87146072.8595814,56839612.9711696,21933014.384858,29977780.7651673,39228810.985965,69354130.7652352,67612801.8407945,30876093.7238731,84636002.8662665,41555955.008645,91025713.2076325,43912548.6934441,0,0.895685846306651,0.306122708786832,0.613768740516,-1.04939489129243,False
Q07955,8,Serine/arginine-rich splicing factor 1,SRSF1,5472715.00607439,9673572.62624452,4649890.65424609,1177522.86163722,1856066.99870282,8247183.86128636,1832528.36433833,1550535.16084719,9709482.97322792,11775258.3711554,1656302.55063922,4288452.39116591,4118734.53230212,6750956.94159509,6033140.09412802,5151657.57404488,2981641.39764706,8251152.31586132,7128417.88976307,12642024.312096,3,1.05465611599964,0.492610550586356,0.709261894965122,0.69857452469964,False
Q07960,11,Rho GTPase-activating protein 1,ARHGAP1,18064838.9711014,22824180.6445688,22874101.4404668,18087633.1619582,10596099.1313975,35312861.0159748,73643686.4946303,64849070.1015345,50731104.0328811,76238745.9359166,38137626.8802922,18565531.0879067,24819557.9756078,69675954.3574642,23967763.9297095,94422120.1051142,83818389.4434574,69564087.006552,38648109.8914813,72024890.166205,0,1.35710513477744,0.0428158581696147,0.318513031831708,2.15853882690976,False
Q08209,7,Serine/threonine-protein phosphatase 2B catalytic subunit alpha isoform,PPP3CA,6391960.10475095,7880006.27610635,14036501.1715184,3598719.1256976,2434024.75335434,5645707.15653365,6457394.01091684,8106885.1157769,7605131.99420537,12762920.9212874,1170970.99294372,2328569.59816777,3374238.77011277,8836771.32106339,11281906.9247904,9625827.36891045,9125678.68619448,10572251.3131313,15352085.285766,10480812.9732225,0,1.09650206780426,0.923440147793182,0.827857818900173,-0.0972823444062591,False
Q08211,9,ATP-dependent RNA helicase A,DHX9,2420642.52630082,1021881.86850621,7189114.92024345,471290.17636411,9480384.35061358,6064187.70532755,4141228.78170764,3075653.12018745,2995037.57533016,18496165.3125669,2444190.5461564,5249863.18195286,1763003.61468655,10833453.5607362,4677906.15660675,968778.810713564,1933911.52960384,3884145.8049868,3431274.72626153,5781173.95521699,2,0.740082520983596,0.848621061043602,0.819918955074362,-0.193288966632505,False
Q08257,10,Quinone oxidoreductase,CRYZ,34237078.9806653,21142975.3310303,20261525.6082064,29348357.5722176,28476566.0325189,9668558.68248302,10399312.3164995,13567289.9935679,22134934.5948253,15321106.972811,9689719.02482152,16469182.7826502,15804993.0288813,26844368.3807771,40276829.8316988,12221377.8055387,22703805.4410564,22358882.8446628,14987002.1170194,18760588.8457987,0,0.978289959997505,0.91805343083985,0.827540449847929,-0.104152225175385,False
Q08380,10,Galectin-3-binding protein,LGALS3BP,14792949.6368289,28811788.8735351,19433376.5704683,41704024.7572507,45833044.3532574,29626565.8886232,60829092.8361587,21760902.7225949,47735562.7230258,47689896.4365232,21695623.9490287,28939073.9919822,17882808.4249168,62488051.1799591,27048301.0186245,32653309.0446735,43508521.9659064,21080722.1526072,61416792.1423404,30875585.5771006,0,0.970329690453835,0.889249624113605,0.826708499711055,-0.14098287402913,False
Q08495,6,Dematin,DMTN,1293899.9792566,16983688.096904,4500599.38376779,2468444.09698709,4322236.64753575,3432203.70224755,3220568.65478832,1987178.63943765,1321547.52686192,936712.233568829,1724882.0098788,5105487.2371049,2377458.51389978,5859100.44503067,846793.53164929,1061568.79429958,3840808.60912365,4852588.51697152,3455275.56420691,4981671.78762696,1,0.842799527051647,0.948813830649493,0.837319346889102,0.0649812831166833,False
Q08623,5,Pseudouridine-5-phosphatase,HDHD1,2412912.70284592,1066180.03476474,1002029.08475597,4227149.26316398,4033785.56654696,8278752.28303373,7430639.59013047,9392342.90820546,5343699.79907466,7477159.0223364,2251950.84027893,2386185.36449288,1920955.74919549,5884020.75169734,7639471.77559323,4575649.39417829,9666865.17791116,5865847.64177814,10838406.5721649,8397925.63250231,0,1.17295350112664,0.326820741910407,0.61962506070546,1.0043775934711,False
Q09028,8,Histone-binding protein RBBP4,RBBP4,4736449.32199447,7719395.82562125,1294818.83323022,3686133.98786867,1544026.54650907,4988473.83822183,6956126.38417502,6127949.8930442,5589522.2473722,10972324.0630129,1257812.44845592,1064999.03838138,3156904.63722653,6756002.15705521,4793119.11108189,6709063.39789772,3942135.23418968,5626458.26399126,8710444.95433171,6591827.33610342,2,0.906622517366108,0.68235877566597,0.774270699342087,-0.415087202397099,False
Q09666,263,Neuroblast differentiation-associated protein AHNAK,AHNAK,3728915146.04389,4641581475.99265,3331346695.2029,5435153256.33982,3559416336.99795,4657005409.87446,3978578825.95189,5690962938.7577,5111646094.46591,4688829590.63013,2571884878.63191,3698093658.75014,3048995713.10744,4804268200.5726,4590882068.03205,4226704651.34425,4794391772.38896,4382398865.18336,5179532946.59975,4197303409.51062,0,0.925731270953906,0.356155889964746,0.639433780302603,-0.943855469227398,False
Q10567,21,AP-1 complex subunit beta-1,AP1B1,1502725.99103058,3789781.68125765,2534604.81908472,4320213.9945638,3543768.74088436,7023443.27707953,11943698.9438182,16286758.8169622,18396384.8603001,20290763.5046029,4625544.88427694,14072046.6814415,9631945.86292235,6546855.04343558,8422833.13105219,18492257.8851829,13043222.6933974,9329807.68632269,13133697.9756737,9184484.42751616,2,1.18799674727492,0.0310150147770658,0.27325797600272,2.31475410814495,False
Q10588,7,ADP-ribosyl cyclase/cyclic ADP-ribose hydrolase 2,BST1,6481336.18844832,6281839.591569,3181186.0866621,9131044.49995663,2219693.86448258,2044254.2687834,7438104.40197035,33837508.1953505,24661163.2387027,18184728.1681296,9246900.52556865,6170026.4313419,12248294.6727873,12683365.8961145,12026671.2177088,34893718.6646452,16862042.7966387,11918444.5104195,32008159.7599023,20806969.2382271,0,1.48830703327808,0.0316172668472003,0.27325797600272,2.30555416965444,False
Q10589,1,Bone marrow stromal antigen 2,BST2,228430.470750365,1388772.03148504,342978.033286616,2458270.8318538,812313.849175025,668428.170393658,286341.887942664,405395.777143251,490939.668259815,437725.906840077,537581.427918196,1675861.40970534,1532230.90825874,476451.801815951,3666720.94135755,2625762.2182984,579258.019044418,2279693.5465151,990626.135196238,1338523.65485013,7,2.0882383512841,0.0171889948584355,0.221048813086795,2.59097912203151,False
Q10713,3,Mitochondrial-processing peptidase subunit alpha,PMPCA,347811.390331326,529526.01840523,419681.350038276,780298.574728738,611937.345104124,909384.149232282,758988.890938138,330810.029748231,838717.984457821,570010.000995504,582143.259759801,577879.67075781,339481.680440544,476146.031182004,754144.259409847,650495.591544604,641983.597661465,540086.806680129,237895.629634654,360940.878947368,12,0.846491243833956,0.366652490379085,0.645446865644454,-0.923026938743418,False
Q12765,10,Secernin-1,SCRN1,9321804.75114379,2174778.42430471,3483694.86723962,7210841.30214267,5376596.38040054,13330362.9647503,7014103.08946481,9553776.48534411,9371141.283802,4080426.79219296,3914149.36252698,3730958.99024546,11649614.9509181,9616486.43762781,9855116.635368,18347934.7022438,3079557.56057623,1541361.44667395,6635302.08197685,11191039.0581717,0,1.12188799203184,0.97047510764456,0.842169399018708,0.0374636552445518,False
Q12797,24,Aspartyl/asparaginyl beta-hydroxylase,ASPH,137554623.949906,136654121.742172,159395251.584263,108208016.962091,121637411.946727,141514072.110369,140396522.237508,61301824.8506845,130131419.009972,71997332.148719,146859343.347169,120159979.891745,137597777.527786,145760861.202454,138862690.174179,95563104.4309683,117373746.909964,113886413.759214,73385097.317779,83720388.8734995,0,0.970531543503446,0.89263401743811,0.826708499711055,-0.136645954309959,False
Q12805,14,EGF-containing fibulin-like extracellular matrix protein 1,EFEMP1,22538474.295629,14996809.0899948,39704277.4508001,33141204.7555157,50720859.2445306,29633197.9099987,37659975.7322269,18292656.8818341,19610385.0660318,44175391.6159994,33096571.1547402,39665614.9010073,38928081.1974364,75358701.589366,52883758.0120967,40240477.0022236,68929029.7459784,31052586.6070616,48166470.3766504,42922878.5133887,0,1.51782543699403,0.0137141681201484,0.203132242222724,2.693997256951,False
Q12841,7,Follistatin-related protein 1,FSTL1,2212898.87399069,950857.686811265,285352.032588159,712274.867021369,2677797.82965036,2253428.2229666,3261625.11990769,512895.083111274,2128614.19198634,648136.042688932,4334962.42884255,2251072.33501216,2651223.70710403,3030034.09709611,4452505.28298963,3643064.72201334,2339756.52388956,1277225.24510875,6289402.68158799,1326197.86703601,3,2.01966807404582,0.0113016624075973,0.192250429940061,2.78128137485296,False
Q12882,5,Dihydropyrimidine dehydrogenase [NADP(+)],DPYD,766892.092478114,1561930.40702182,1004544.78277626,1100995.76543388,2676214.42579063,682249.302940195,1068961.05547173,1373387.57061472,2001589.13588177,4350516.8210947,993718.898318879,1159833.78926787,140276.790082127,1281790.49750511,1168298.93239487,875913.265251668,1159916.12254502,635517.143566294,2290136.29395008,848819.735918744,7,0.636283984099271,0.128514853681715,0.478019797237428,-1.58344564409159,False
Q12904,9,Aminoacyl tRNA synthase complex-interacting multifunctional protein 1;Endothelial monocyte-activating polypeptide 2,AIMP1,7798721.60929019,7435471.72577401,4436691.27878008,1378136.26637365,4950243.48078956,2578795.19164851,4939963.64857549,1403098.21832215,15776125.7717186,9059019.63605224,1601997.54897891,2444337.1737474,2221483.36643771,1872115.11469075,3645615.43150388,4089862.09411765,4134467.34890756,3439893.54581855,2931651.64903237,7880854.49215143,4,0.573367105819925,0.16966857112222,0.521118528909864,-1.42299762602435,False
Q12905,5,Interleukin enhancer-binding factor 2,ILF2,15581633.1862124,7775881.06611859,8383055.82540505,5705808.41014371,1844398.62506334,15895628.8327928,4742394.96187983,10886462.1859781,17186582.4422783,20902300.6811532,6393870.89548398,2188046.6375767,2095505.3835961,13440148.2151329,7233841.2232002,15651131.3519305,9306074.18343337,743008.501833652,11845765.6859287,9874133.86888273,0,0.723310623913456,0.237571610918933,0.577879893173472,-1.2163507212083,False
Q12906,7,Interleukin enhancer-binding factor 3,ILF3,1737881.71394784,3796647.07971838,8447120.18492819,4187804.823873,8175769.20230489,1903522.77519534,6377399.79553893,12108376.9746393,2720334.34758782,18584194.6553201,11443770.5784493,5832717.22661225,3754068.07444766,10466528.8,5704125.43366952,7150798.12431777,4817726.51332533,2752510.12107562,7436368.63316835,5309172.30193906,3,0.950451017921374,0.635195370592257,0.7585186811081,0.481541046499253,False
Q12907,7,Vesicular integral-membrane protein VIP36,LMAN2,6732193.11525836,2723519.91555886,1347601.61529587,5675651.54596189,2352492.5420256,7586634.53228679,10677998.6251886,11805259.6728843,18653289.468152,14874958.2584029,3185841.71168853,3420699.4410675,3480125.9813678,8422452.11206544,7903868.88191071,6452681.95302203,11208753.0597839,12275615.1628902,7007568.60010852,9636506.82363804,0,0.885532798356075,0.803970278017818,0.813589620325639,0.251425286035714,False
Q12974,6,Protein tyrosine phosphatase type IVA 2,PTP4A2,5583396.39589165,3936161.78415253,4008311.68799648,8776944.5463378,4946235.65027862,4083202.9204664,5505049.90485489,5223664.25429569,6444527.64814482,3312170.70998359,2211591.54905445,1824183.3388722,2696381.79294008,3988472.14920245,2526423.40440833,2522935.47390338,1684140.05258103,949563.691782692,3630802.81918068,1733549.03370268,7,0.458668404652786,0.000328894355232964,0.0471928029157598,-4.29832704554665,False
Q13011,12,"Delta(3,5)-Delta(2,4)-dienoyl-CoA isomerase, mitochondrial",ECH1,64263819.7482358,71459807.5734651,126455232.971893,94816856.0176966,90146624.7681156,88632986.4707009,89146441.8389988,69913619.2396398,82694738.7718983,63965321.5114537,53927969.7916321,75743092.9930821,52440704.5525839,68358847.3517382,94179723.7648114,57114955.1247221,72666178.2559424,59065821.042861,63134035.1953337,69097696.6759003,0,0.791126114358996,0.0384943788033701,0.301223514062292,-2.21056762003531,False
Q13045,5,Protein flightless-1 homolog,FLII,21050483.2805594,36023726.494665,17667700.3201966,44981812.7230846,14346169.0736742,16975159.9015162,14967777.16251,7622069.17081687,28313238.5464019,58676892.0566617,11847954.9479495,7637740.74157694,9645339.36031261,27030888.4674847,62913211.9411874,23912311.2423691,10274465.9322929,4906844.43989444,13179333.371767,8826052.57156048,2,0.691315580450221,0.102315594685242,0.437355574810954,-1.70964976031412,False
Q13057,5,Bifunctional coenzyme A synthase;Phosphopantetheine adenylyltransferase;Dephospho-CoA kinase,COASY,258659.299715669,3459546.92365751,3819954.62746836,2369693.5323821,2212775.86197924,3397053.98895741,1533521.17897399,1913932.44725719,4191229.67983955,3722574.17612217,1639808.06291318,862737.956900193,1797972.76465819,1334153.71856851,1746987.70484467,1835926.89836264,2140064.99087635,1841809.997907,1508418.86086996,947853.130193906,9,0.582453515146008,0.186034207719045,0.53240815837221,-1.36793564683795,False
Q13085,12,Acetyl-CoA carboxylase 1;Biotin carboxylase,ACACA,1453721.63451827,5235213.29367299,7618658.63811928,1899666.26521701,3162642.5303765,411001.313616082,6662759.27886749,7768195.64228658,2236665.24764172,745048.346392635,1848006.43299671,2157785.05023293,2347383.68880638,834142.289406953,463092.471343935,2810945.73781863,932133.151404562,4605120.27918828,440297.062307831,1830612.07385776,10,0.491200956543989,0.14778558265956,0.499834338442571,-1.50375084154,False
Q13098,5,COP9 signalosome complex subunit 1,GPS1,2675922.88102625,2420870.26674829,1197284.75221964,2428724.84477287,561934.000958382,2736817.40968898,1734407.55982072,620557.540034917,4186705.5504447,3378126.02815243,1067760.45835962,1934726.61333507,2783798.86367541,1461660.07292434,912504.033512467,4819200.92458498,1899358.16321729,856614.281508781,5760116.59689817,587735.316989843,6,1.00647747224931,0.811740592369295,0.813589620325639,-0.241249908702183,False
Q13126,10,S-methyl-5-thioadenosine phosphorylase,MTAP,21266676.7803138,14477817.6587371,39333954.2018493,28036155.668392,39886957.830091,24623368.9629477,23193170.386527,28194202.5094184,11998956.3902614,18629543.1046171,13622332.087913,18146261.4268554,21292427.1701506,15192213.9476483,35058275.6829502,24573477.6563574,29976167.2028811,30640989.9504049,17654137.488696,19753577.8393352,0,0.904939646452414,0.630753023695458,0.7585186811081,-0.487910727081179,False
Q13148,5,TAR DNA-binding protein 43,TARDBP,10835400.8064078,2443754.92828406,5156868.43254134,2488103.42867883,3943400.11004869,8586212.7940018,8446019.88506257,1029053.18533493,9832058.3743599,13218406.0811389,8903537.75792794,2713891.94150168,11350906.8752535,9692164.66952965,12406136.7202147,11354683.0891449,6937059.48436975,9227758.92847393,5386497.91888226,9742708.85503232,0,1.32943780024317,0.136889184923106,0.486433579823015,1.54767535447845,False
Q13151,2,Heterogeneous nuclear ribonucleoprotein A0,HNRNPA0,20486447.7253341,23853990.4136785,15745769.5345027,20478564.4727178,6825440.24686598,28472594.1692866,17247862.4678264,21974716.3433796,26470409.7417123,30781593.7383144,11838024.8905031,11608900.6731215,9770432.8437762,23178178.4797546,20881444.5093277,15981336.7495452,23505264.0432173,19220883.5408135,34819807.2192078,9001285.92336104,0,0.846791796034483,0.334148862906287,0.62284129193828,-0.988918787406428,False
Q13155,4,Aminoacyl tRNA synthase complex-interacting multifunctional protein 2,AIMP2,6004865.03954817,1446392.33999475,5169525.04991055,4117856.96059985,5110185.21624413,8080189.56305133,9589794.94364072,1749922.80239824,7680692.17298536,7690563.48961678,4272252.05918977,2531036.26997221,7552238.44698614,5019454.28421268,7221842.88540668,9170944.87608652,8485499.0435054,6632063.73195923,7573193.98168747,7234349.62603878,3,1.15983209061601,0.315093428594703,0.614238736937273,1.02962840806693,False
Q13162,11,Peroxiredoxin-4,PRDX4,21706310.4893117,24415481.9306454,17850518.1266407,41754826.6431484,31682264.3415806,32996959.1516511,26493446.6432946,38946709.173941,33492469.0229988,24436812.1704846,17593268.9664619,35180782.0105361,43373322.3572839,53204854.7333333,23502286.2466355,27966205.8835658,44515505.7863145,41737941.960142,28886360.6271478,35778136.8513389,0,1.19730307324192,0.275200005060258,0.592304662705395,1.12089117077911,False
Q13177,7,Serine/threonine-protein kinase PAK 2;PAK-2p27;PAK-2p34,PAK2,8025851.53753199,2352134.55120693,4219341.22000769,5345979.73322153,4043874.14825178,1641955.85214571,13573516.1955268,14534174.0779197,16510738.6209685,21911303.6780133,5392176.3505728,1204521.16171703,4426793.02996295,17889875.3656442,8624636.49924203,17021068.1617142,17773892.6732293,14597224.4039494,12837913.0009948,8646172.88088643,0,1.17638458437114,0.469454544501507,0.694109688780265,0.736930759685257,False
Q13185,7,Chromobox protein homolog 3,CBX3,10381152.8999405,4188710.37038657,1537357.12311268,1764554.86655293,11378679.6491707,9105234.78684825,7214077.10441999,3404874.5748415,10026835.7241039,17696565.4492257,1484497.04110078,14683599.144347,14408093.8486374,9583616.09447853,4981478.55861151,10138136.8874065,6631643.62511405,10467651.3363363,8061830.75985712,11363617.3591874,3,1.19695577102768,0.368403458991654,0.645446865644454,0.919591596314733,False
Q13200,20,26S proteasome non-ATPase regulatory subunit 2,PSMD2,18601095.4732856,35034782.1925835,18348970.0946378,17943874.6337796,27399764.3525964,22481226.058662,35622082.0999379,36903887.4717449,36765903.8792561,38160720.0834939,24022981.1630417,14228118.8201922,13222002.1309392,39308343.8470348,19664263.7355753,41182733.5945017,36343859.0084034,37924720.04186,32590433.6100561,26081227.6223453,0,0.990623124905082,0.800603061925567,0.812593916944395,-0.255843120808501,False
Q13228,30,Selenium-binding protein 1,SELENBP1,836922478.881795,1030708809.38429,872931587.590081,788175046.334904,614724048.899513,784422224.251112,904735194.994231,1258838425.98548,1164214443.49115,649023005.006066,474734324.514362,776135766.744819,643865004.380865,715044627.484663,859471293.390156,911729594.420861,979879621.320528,915207276.640277,735482016.038162,1064808117.26685,0,0.906977431794915,0.332971477296865,0.621344828365596,-0.991386521387975,False
Q13232,3,Nucleoside diphosphate kinase 3,NME3,1592815.66104617,994256.812795172,1131048.45465414,1802818.4146546,1221928.9171462,926708.160846547,1111882.36451335,1533164.48031383,1481651.15012128,1771723.90069935,820315.839365765,976370.84196625,909821.331647692,1577853.33273255,1697837.07692665,1771073.97104632,789100.164364946,1958656.92741811,3024866.17105263,1428019.06463527,8,1.10214597407861,0.852000826047127,0.820794210855115,0.188918687163196,False
Q13263,16,Transcription intermediary factor 1-beta,TRIM28,23271599.7389304,5310467.4403096,11023444.9649707,6433032.00231327,15539915.9456036,28044165.5884294,24082312.4190113,3647626.02301755,28738054.6626539,50501500.2929423,20584698.7722065,7060095.34727046,15381191.4697531,21121106.5398773,20287309.9511184,23091709.2702648,28284398.484994,27701135.3180453,16324795.3024959,35330097.0313943,0,1.09448200922974,0.277613468051275,0.593480188836253,1.11510705966166,False
Q13283,5,Ras GTPase-activating protein-binding protein 1,G3BP1,49224.0312413531,1031280.92592269,1701143.12714231,2389478.75525197,2036296.93140773,2247724.68458367,218213.038550635,1043581.37874989,2956921.66292337,800748.55112404,1609134.77776855,2088909.64997974,1525508.71298575,2400363.71264312,1822545.37577499,398558.670539721,450100.227961585,1096570.79927714,667840.217828721,292042.311080332,8,0.853326743981864,0.898841976780985,0.826708499711055,0.128697715169673,False
Q13347,6,Eukaryotic translation initiation factor 3 subunit I,EIF3I,3711643.82176183,11730840.9651041,7512663.566864,1011346.65019229,5740549.82735684,3324367.03468196,1451076.47932014,5636491.51734779,3793120.97475519,5904101.34289588,1032244.98727378,36473.8782261959,3743201.36780335,1174617.89030675,2316257.42729635,792190.706771781,3713095.7769988,4456214.13336063,2408196.75384337,1231611.68282548,4,0.419624613876758,0.0234040588080021,0.251287908601313,-2.44792312138561,False
Q13361,4,Microfibrillar-associated protein 5,MFAP5,55474768.9230232,101607897.218821,12128789.5485478,30282247.5597837,11921409.3443345,4859547.34268216,5519233.04735067,6650977.50918864,5855326.16516935,4759586.50931278,719510.240569484,281695112.915364,35326905.1583331,3623764.22556237,9754793.18441976,6735056.68320194,10583202.5046819,42592600.3071253,11891401.0820221,8547272.23915051,0,1.72119966431535,0.930726666025136,0.830111878942504,-0.0879971623904705,False
Q13363,3,C-terminal-binding protein 1;C-terminal-binding protein 2,CTBP1;CTBP2,641333.789774343,1584272.42574777,1653641.74837394,2785132.32750195,1108158.6389764,4282561.48301386,4548475.73875033,3140484.15781494,6511104.56122541,5863621.18300863,936838.857214013,1291201.52120134,878232.068146786,4037777.66392638,997322.075557652,3902015.27066909,1726411.83327731,3283673.90567841,1246691.41327546,2498601.91735919,1,0.647557678276384,0.126840787607542,0.476445128823285,-1.59082807371636,False
Q13404,6,Ubiquitin-conjugating enzyme E2 variant 1,UBE2V1,6679171.35749735,5288236.62624628,8250864.48843781,6225068.53748952,5933527.26839102,9516552.75255661,10105696.3841306,7725798.83102086,9134386.05695805,9739913.26446871,9650774.5807737,3501713.15944483,6028437.20658161,10036156.6327198,6886901.33519475,8667702.78269658,9674045.09819928,9958257.95340795,10471633.203563,7846338.83194829,1,1.05245275270983,0.837232059951227,0.819283344390874,0.208044784455769,False
Q13409,10,Cytoplasmic dynein 1 intermediate chain 2,DYNC1I2,17008027.1706258,12499111.7452335,10867971.7022255,8838231.07677182,17177766.3019674,25397989.0596058,24087288.9602379,26219217.2571901,35861700.4065223,31717238.9495468,9103225.00689025,22575642.5234456,8465417.19002677,21323679.5848671,13694873.8458683,21515488.5393168,16011222.242497,19396067.2417872,34960093.8071984,21896867.5854109,0,0.901123117749157,0.564956688784954,0.732675882289056,-0.584892049241426,False
Q13418,20,Integrin-linked protein kinase,ILK,81863661.527128,107329062.602764,65275332.1726554,55634550.4051123,68334699.3434533,98043824.8025321,65020999.3960238,30613130.0987779,91730057.0389004,83774591.1867552,28635803.1612153,61735428.8656362,54639317.292247,63206612.1697342,37390000.8469201,57865284.5522539,80733716.1896759,59965550.9245609,77573412.5592331,47763036.0941828,0,0.761761633316927,0.0944510284445794,0.42417512839099,-1.75291225156654,False
Q13421,4,"Mesothelin;Megakaryocyte-potentiating factor;Mesothelin, cleaved form",MSLN,15129921.6280663,6195041.33960119,11291890.2568261,9223676.87488072,11930880.2577717,11296587.2897402,2241848.88022544,21140070.4020031,21025039.5243015,12096698.8499964,10276833.6713432,7972344.98075142,4551381.08521052,10614827.5574642,15587720.0515113,13594337.0903578,11907000.3078031,12350450.9186459,5461542.79245795,6264725.07940905,0,0.810889374574364,0.604383277239459,0.75169788669067,-0.526158640103111,False
Q13423,8,"NAD(P) transhydrogenase, mitochondrial",NNT,6217193.62757515,6939201.49418401,7267085.93341917,3120532.86354567,6339747.09907687,7264053.01258259,8558821.48619863,6934001.48272535,12997190.3076992,8896298.72975095,2739454.59804084,4806318.04670314,6654177.83988942,5374683.31820041,6532733.53285586,7776072.64726097,6172846.71870348,3224570.66675767,6477859.96545487,8778925.42012927,1,0.785380413867431,0.1860152391337,0.53240815837221,-1.36799718881077,False
Q13425,6,Beta-2-syntrophin,SNTB2,10456035.56466,5899910.93672381,2919147.23075894,5604420.81658618,4446465.56574433,2626280.46469707,905149.906763113,4978963.78602769,10873949.2839817,3966122.02440591,2637206.03777187,2790307.21843522,4068191.71070067,1598415.98895706,4474512.64726356,4017219.65037679,4448768.35951981,5195557.38397488,1513996.52039248,4984394.75642508,4,0.67826463764188,0.325066192441774,0.619186017833498,-1.00811459317564,False
Q13428,2,Treacle protein,TCOF1,1525794.68290382,1136113.77754275,1485946.8506932,1625768.43784518,1311725.96499259,960250.374958306,1422505.34560471,1869624.08246807,1516382.6651293,1054551.51284522,1077007.82435663,1525600.57311566,638229.479772303,710382.904438525,906553.927358228,1305504.48045245,479454.006592749,334840.93011536,1602041.63403991,1160161.16557377,11,0.700266908411104,0.0374885239411625,0.298993964677836,-2.22343886357888,False
Q13435,4,Splicing factor 3B subunit 2,SF3B2,3078402.19091685,3014972.42640371,2283331.56791625,1393593.01038082,1514880.02966064,2193802.12064494,1906264.11684566,2343503.3288642,1976146.21064768,3425275.07764219,2150012.59430516,1914980.36478233,2975182.83300126,2790462.80539877,1499792.22419021,3827511.2610471,1816374.06592405,2341763.87073437,2962749.67277898,2685325.54902191,9,1.07928973954468,0.644636087138096,0.760600679732768,0.468071002174702,False
Q13442,3,28 kDa heat- and acid-stable phosphoprotein,PDAP1,4572794.4660351,1873252.86877436,867103.293418831,1019788.41038082,2403347.22939479,3121427.18059173,1737891.13867933,8384499.34710098,3678101.59150121,1036812.26650253,5212969.84509381,4716107.44543823,9978921.98288218,13056406.0695297,1173480.80369242,4303777.76474631,7135674.02933974,9506692.1999272,5129587.54087538,8340178.27793167,1,2.38904873506166,0.00546816334239749,0.174374622303767,3.10232912863411,False
Q13464,6,Rho-associated protein kinase 1,ROCK1,5263736.73245394,4430612.33764587,2657264.62939121,3909740.88810014,2105435.5490768,5090872.24825951,3771222.94151061,3794547.75199853,4100650.90238972,6805601.83936345,3900530.02198056,4435470.79037691,11746404.4542849,4508511.55488753,11144216.7178647,3781191.83112998,4290002.37214886,8886745.995996,7237858.33039428,4642157.16851339,7,1.54003274707306,0.0659042864467692,0.373141418198809,1.94198082903527,False
Q13492,7,Phosphatidylinositol-binding clathrin assembly protein,PICALM,913073.31776178,2435745.29674655,900948.025791295,1004882.9208802,3724745.54330344,5941362.66945333,868987.040516553,6666605.65335845,389655.446392957,3304689.64622048,2913696.07479661,2407094.45122018,2812932.46233388,2741564.64842871,3154984.60654952,2016822.02922984,3554678.54472284,2486503.02561653,2644064.14365165,2725940.64081256,5,1.05000192304315,0.189030803613175,0.53240815837221,1.35827533679908,False
Q13501,2,Sequestosome-1,SQSTM1,4225073.18905575,2288711.34637922,2572730.92572776,885920.036584449,4386062.36852541,2330227.03049486,10278216.4799858,892607.465083157,3120299.56059653,3346715.5581246,2065451.94886269,2976408.84863089,5751317.97380566,2709662.91537832,2997849.74894038,633314.306537295,2930663.96360144,3674775.77013377,3256508.06122264,10837253.5410896,1,1.10215537802369,0.726104786919707,0.7956111130123,0.355114672224556,False
Q13510,14,Acid ceramidase;Acid ceramidase subunit alpha;Acid ceramidase subunit beta,ASAH1,73427283.8970455,53616310.0502886,61292404.0647416,55900449.6376833,72444252.2174976,51392860.0430065,77682149.7000089,44298060.5182395,65336886.591052,152597531.884679,48655729.9161547,67605204.1203543,63676373.7945861,49579179.4413088,51984605.4690159,31385380.7673337,64971098.6871549,61138261.2335062,54564721.9289202,32426135.2354571,0,0.742931448659821,0.0749528058092613,0.401100882140137,-1.8753700854936,False
Q13522,3,Protein phosphatase 1 regulatory subunit 1A,PPP1R1A,2633333.44980226,8761556.13083785,2654675.72199694,2964560.26492785,5426224.28784672,5216748.01396646,3768983.49795864,3244986.63833502,3225664.03211751,4174199.91101196,7525710.76940957,2943949.26196885,11511633.0479461,1392708.79496933,3811279.22802648,5884301.08014561,4254372.01771909,3112997.35817636,4203442.53015916,7176602.27146814,5,1.23165791580391,0.589904911286142,0.744189734601846,0.547498711927422,False
Q13526,3,Peptidyl-prolyl cis-trans isomerase NIMA-interacting 1,PIN1,7175450.1790007,1992518.4413591,5141399.23353454,2820693.64763034,5564367.53376369,2096381.95679481,2992394.23954913,3419186.21757125,2500538.18309226,2434411.46050096,3303900.38536456,5521375.69121223,1626723.71706664,2011741.44339468,843092.839510565,1304839.8508647,1913448.75678271,2029421.84848835,2847310.53858154,1230671.72669843,7,0.626291977039664,0.0367107370685121,0.294205084989123,-2.2336097375723,False
Q13557,9,Calcium/calmodulin-dependent protein kinase type II subunit delta,CAMK2D,13236114.881614,21961919.2902746,16272347.3188757,12164349.4445248,9295701.53858864,20373569.6655288,25795072.0244963,20722747.4313149,22535403.5423592,22806268.6626704,14028068.0288893,10234101.9297065,5050238.73441683,25834560.8621677,18402269.8929555,32385064.385284,23583345.6763505,35279956.4009464,26471910.1338398,22736527.3961219,0,1.15576801370764,0.716977067393143,0.790319464530101,0.367511402973617,False
Q13561,16,Dynactin subunit 2,DCTN2,45983995.0622948,38469933.3509708,37513588.8641798,57246159.1683775,41009055.1829738,65942188.5365732,64939715.8893228,52583552.995957,56739817.3609739,60986995.4149718,32705575.142786,36161332.024285,48131929.0110603,73972031.7644172,46984334.3331374,49216472.2385284,62974183.3570228,54010155.4977705,53818498.6928016,60114996.1080332,0,0.99362217495641,0.905690451616069,0.826708499711055,-0.119939253322721,False
Q13564,6,NEDD8-activating enzyme E1 regulatory subunit,NAE1,2842642.57554217,2744361.30374322,3223999.8293678,2072176.49903132,4888247.76572419,3169840.93663286,4255063.5208587,3043472.87074362,3446971.40018866,6592197.37208307,1373699.321999,1341840.90377529,2519458.57118905,2743670.58051461,2690663.3897689,3335527.88716394,2466302.94337338,750840.743998544,2374054.71676614,1293009.3631266,7,0.575789943208306,0.00975142159444788,0.181482743058785,-2.84729730892708,False
Q13576,13,Ras GTPase-activating-like protein IQGAP2,IQGAP2,3426848.13884509,1530166.54740248,1307912.96329861,4048586.03868953,1703652.61581,1976607.65075332,11319143.0198811,2832987.5409354,5646612.16022819,22352117.2807393,1287959.48223477,6332594.8612076,1152148.88981584,6020929.55304703,3145299.2013427,3938965.02797655,5108872.2810084,4481045.9977705,12807489.4035992,1199220.06325023,0,0.80995317907707,0.901685980701828,0.826708499711055,-0.125059324925937,False
Q13596,15,Sorting nexin-1,SNX1,31682613.8858014,31517082.7907994,16969242.5468591,21825354.8946014,9629860.07138293,24233406.1060685,38758961.9197657,32199987.8144813,32563918.381547,35134377.981874,13321016.9072721,15822696.0149647,6395183.2172314,36911102.0768916,23289785.5652322,34229529.7756216,34352328.6184874,43653907.3887524,32729029.9981914,33512714.7691597,0,0.99891622581206,0.736427355259644,0.797441003892175,-0.341163251944119,False
Q13617,3,Cullin-2,CUL2,2992891.01894693,82057.8577925485,6297505.22748951,274831.546349864,4492898.10443588,825116.736289287,2943919.18923826,5776831.86276762,978168.492183991,2318172.71472918,3809713.16270579,795571.300413949,2859542.22287098,2483371.83063725,1154685.55118297,850751.160582171,9373113.24896519,1646726.78915279,7299212.58514198,1913561.47691597,11,1.19286119754161,0.38880029791234,0.657483710747093,0.880349575589015,False
Q13630,4,GDP-L-fucose synthase,TSTA3,4371939.83469899,5595218.01456183,12657867.4054877,8837474.45293931,6829969.81416202,1621396.58588167,3224632.83012337,1868164.3107599,3179656.27881592,1917972.64968244,5771380.41930931,6470683.352799,8083566.17282782,4313506.33308793,1407809.78638276,3236390.70600364,7931119.4482593,10550991.1552462,6639781.11159342,8600373.25484765,0,1.25748910926911,0.170537689099415,0.521118528909864,1.41996879954764,False
Q13642,12,Four and a half LIM domains protein 1,FHL1,337310171.013519,634902241.93633,289555279.591018,386115950.646271,462592354.579303,440008090.178768,425469392.167391,476778613.672701,394012750.035936,467215736.662385,348095060.642537,745474982.176971,544194560.182806,469411432.969325,323796106.309748,557110154.707904,514540012.547419,546896301.437801,598305395.781335,271764360.710988,0,1.14038788154975,0.380612972275598,0.652282376340139,0.895934052859534,False
Q13683,17,Integrin alpha-7;Integrin alpha-7 heavy chain;Integrin alpha-7 light chain;Integrin alpha-7 70 kDa form,ITGA7,3753433.17981492,54112416.8200105,1614109.3509121,7500412.05175954,4048815.49439291,8072496.41825575,5140932.97177598,7905264.8822016,3604640.30657623,2063154.37632912,5961447.92512037,6620944.18938868,9039836.35752724,3393060.28224949,8603820.1059617,1084615.16644431,9712637.1697479,5744239.53867504,5464923.19216857,7128147.59464451,0,0.641550252301675,0.99762953129095,0.843797505224354,0.00300711641401893,False
Q13790,1,Apolipoprotein F,APOF,2387790.77661747,1582719.5380007,1841459.69995151,4367340.85041784,1886335.85129431,759863.621493478,980212.73693086,1169706.48286318,2200713.39586604,1527242.40787126,2196714.89573302,3833071.43995311,4056562.26387676,1615975.1367829,5046643.78572005,4199222.73821696,4661204.25104442,5277451.51214851,4072959.10132935,2002240.17313019,7,1.97622219635179,0.00222282690125874,0.113801199931822,3.49039513623096,False
Q13813,155,"Spectrin alpha chain, non-erythrocytic 1",SPTAN1,1553332178.96193,1640339846.51041,1239864113.12221,723408046.271289,945403050.452753,1650975401.21639,1636452640.01065,1224404987.4575,1561157249.34867,1558119366.73089,850230137.423211,1231327370.36876,1081970182.02223,1942407952.14724,1551833207.39102,1343792400.72771,1581467192.46098,1556328597.8251,1579998824.74227,1467048311.17267,0,1.03298130253392,0.709662207152429,0.788531933530136,0.377488560468142,False
Q13838,11,Spliceosome RNA helicase DDX39B;ATP-dependent RNA helicase DDX39A,DDX39B;DDX39A,7744920.7663427,3384886.63394263,7598345.54851439,6339318.73619987,1979029.71846703,19085631.1144072,17037188.889234,20271076.8910227,16205139.6756805,17488496.0936273,3981332.40743815,3961016.31071263,3761649.49768788,2081610.03325153,9655047.9666182,23348619.6482717,13725315.1207683,2593569.18072618,22596281.8656177,9840281.97137581,0,0.815687129391099,0.259833671873374,0.587927183588789,-1.1586214087098,False
Q13867,7,Bleomycin hydrolase,BLMH,3154613.41904257,5092327.57731328,3595573.11460197,2420547.72934679,7565200.94207848,5780204.55002874,10313881.6921097,4395458.48221998,3154973.28708113,7701233.7129808,2322392.18528972,3805210.29473486,4912004.11733687,8650251.23435583,6200104.91523064,9472436.76086517,2828350.0994958,4796631.78141778,3647704.81773377,7752748.29178209,0,1.02282731523466,0.920038667603642,0.827857818900173,0.101619797421926,False
Q13885,21,Tubulin beta-2A chain;Tubulin beta-2B chain,TUBB2A;TUBB2B,114784254.950629,118354565.606962,142966649.729965,143207273.672035,105899224.487211,151727385.028636,153891243.196947,100243381.889185,237091049.860749,173784594.151859,161642716.370579,90121337.4015862,93206017.315233,160132080.997955,127497517.676268,124548640.020214,135817167.15006,176714432.341432,192251782.542051,144268822.022161,0,0.975207796321748,0.851159856626573,0.820460501896426,-0.190005764906801,False
Q14005,4,Pro-interleukin-16;Interleukin-16,IL16,2636798.25953097,4415693.21982351,2466790.35071146,5341980.43582107,355867.318949715,868688.687848186,569374.375969646,1292499.04419737,815159.999829306,4028107.62779847,968739.16676075,2932723.6549149,2496613.2158252,850424.575664622,900930.610006806,859578.077003694,1060115.23054022,1181469.49399399,708584.353539887,1195104.34000899,7,0.577171084959059,0.326215924334606,0.619186017833498,-1.00566420387534,False
Q14012,6,Calcium/calmodulin-dependent protein kinase type 1,CAMK1,3803787.7616868,3413206.80747815,1580983.38940258,1733100.93294393,6987560.069032,5397006.35495249,7891218.48065146,6434845.42745566,8811156.40328811,14963654.4901163,1801534.56294002,1068258.52187536,1475900.93358393,19425191.0362749,18089778.1553912,16078055.9506772,12412287.1980792,8613765.56875057,20514800.7438054,9690271.60203139,6,1.78918502831792,0.302439554496849,0.611114865961753,1.05762979236493,False
Q14019,7,Coactosin-like protein,COTL1,28188492.1272004,9175114.65716285,32066555.7593593,9992514.77783882,25351164.5982507,82542138.0394439,18130369.1120085,28581471.3567031,27948031.015632,33868622.7353172,63740107.8059107,20064082.0054706,20823895.2139052,27033181.7472393,51660794.9068775,27169028.0929856,45684935.3032413,17082962.0638821,44846072.7608971,24953494.8014774,0,1.15959088184428,0.309551320396152,0.613979024606205,1.04179225558484,False
Q14061,1,Cytochrome c oxidase copper chaperone,COX17,1880400.33389769,1136926.34439109,2541029.61274546,3409022.72197322,3404587.49124237,2055396.06469424,1971290.92220644,3284915.68799963,3021987.37242835,2111503.82594733,1718055.09538436,2290737.90986935,2212436.01851252,2434316.4595092,2248025.91598861,2488252.57287245,2004005.50141657,2304516.07411957,2695953.27920962,2484928.40581717,4,0.921995872380619,0.822662492059111,0.817624247495614,-0.226991229342182,False
Q14103,6,Heterogeneous nuclear ribonucleoprotein D0,HNRNPD,9797068.11512911,38156903.8735351,35604158.4413196,39295799.187462,22155760.7603164,34678839.7724773,27115514.2966184,42406368.1223008,40550629.2785913,64783594.2656819,33222248.4442969,13769627.1585909,16580067.1981395,54300278.0294479,24989791.0164589,36966380.9201536,31967697.5927971,32007592.8992629,36108584.6088805,44713710.2677747,0,0.915613846804731,0.732460656509932,0.797221050814768,-0.346516086025319,False
Q14108,6,Lysosome membrane protein 2,SCARB2,8267770.85597229,9163672.32639496,10060448.2631632,3085403.89989301,9507561.75438983,3490300.20949691,14979389.0920387,18981325.6523936,13389263.6798131,20800266.6702348,3107021.88070729,6700432.74166692,18572125.5993732,26687660.9308793,6924920.16458868,6900159.3820093,14903719.5380552,15595601.4182364,16278314.806475,16494503.0009234,2,1.18294010689937,0.564137402331655,0.732675882289056,0.586134155578702,False
Q14112,19,Nidogen-2,NID2,30216362.9991987,18180228.9714885,13627426.7977829,17804439.6703583,6906148.90050453,8673888.11658588,9491922.96618443,24836727.5806303,9968906.25370587,7417805.90487405,9085381.93491615,16545546.5493148,91944973.9162768,12995251.9427403,5008366.39993194,658091.045639782,13369011.5764706,1941477.61807262,6346615.94669018,8641526.54201293,1,1.13194586896619,0.180445868523242,0.531699147540109,-1.38628625975111,False
Q14116,3,Interleukin-18,IL18,88668.1539722735,1548249.52687133,1373722.64733963,1169719.82748423,1703117.2781048,2486657.8412644,602360.550066566,1301944.62583846,1762651.05942862,1502500.82744594,353330.267105982,870589.724429282,1114880.33001015,2875327.54558935,1353483.09777142,2384808.36478674,958250.111452581,396621.001442351,1952597.33414428,527186.883841182,12,0.944420950168407,0.903650377018541,0.826708499711055,-0.12254724936986,False
Q14118,5,Dystroglycan;Alpha-dystroglycan;Beta-dystroglycan,DAG1,502982.02778065,1358368.12401609,3157122.88820707,4667071.97721424,1085593.15826522,1473088.32057764,2523494.14186867,1558950.31540017,1831521.37964901,545061.684992507,4181640.28499087,2199266.99325854,4180649.48876389,1358599.36086108,1145147.37950531,4014698.05014216,1166467.79980792,491934.541273091,1583294.71446012,2897390.54524469,6,1.24144649567382,0.471998614402693,0.696510122357518,0.732663137864004,False
Q14141,8,Septin-6,2020-09-06 00:00:00,931299.096224239,2793593.20909477,1417063.26245861,2557172.37567591,1568622.44450551,1299239.51554549,773835.572264134,736205.806891482,536712.345449645,1353651.21151788,3310163.31813125,2071918.11952835,655709.005735615,1191282.38985685,3124916.48292238,1985312.72698605,3483780.27075421,3022769.24811175,5276381.39830892,4443374.12151305,9,2.04516356914343,0.00674058589020365,0.175323277667773,3.01072905082186,False
Q14151,6,Scaffold attachment factor B2,SAFB2,2992649.46196397,1472709.70076089,435481.39022188,1154932.23578059,2383787.73425279,3185492.50707904,2881085.60078104,4952747.79904438,4404906.55561046,4501633.85948762,1872746.77154242,5604756.90246186,3082577.29237108,2242674.71468303,3500045.23682826,3867785.74089347,1086052.69258103,682978.32002912,8384574.42222825,2213648.59187442,2,1.14709504860662,0.725132434333677,0.795526597107289,0.356432526770827,False
Q14152,15,Eukaryotic translation initiation factor 3 subunit A,EIF3A,9482077.80934164,4616898.73390764,10939848.7885197,4085984.87383975,2944630.52127167,9255914.31249956,16584323.6376143,11719390.7488744,18002632.3731021,15021006.9406979,7823023.38203553,2150177.11980433,2937043.36326023,11446523.6817996,10035814.4937042,15513608.7378209,13229003.1308523,18638355.2147602,13236800.1668475,13082762.7423823,0,1.05299814647264,0.896968995996073,0.826708499711055,0.13109482835518,False
Q14155,4,Rho guanine nucleotide exchange factor 7,ARHGEF7,2943646.543883,3258864.70828669,1690830.32780444,664501.997785391,1768066.74323056,1431455.49368742,5169962.79559776,2054931.90433094,3312414.91042127,2676025.33079997,1318917.65910251,1856174.27640418,1989612.8699919,2101714.45243354,827798.572780992,2416090.98140287,3011289.70711026,1936035.01765402,2329264.42060047,1892154.16684446,11,0.788085697584305,0.475464086060133,0.69840672728157,-0.72687172098709,False
Q14161,5,ARF GTPase-activating protein GIT2,GIT2,11199306.4012459,328667.886269711,8285616.08992665,4674962.48289622,7265824.52821523,3164270.03867744,6970911.5455853,4980569.3304236,4942139.42673614,3070223.39520445,8380813.32766063,3697365.29481089,6554465.16140921,3346048.04728016,6011022.67626767,4824323.52771377,3363074.66295318,2150762.61229411,3790864.74547839,5015921.94275162,6,0.858828763641776,0.893269415150553,0.826708499711055,0.135832028649918,False
Q14165,3,Malectin,MLEC,1074298.95378907,9165306.94507609,4705917.84331266,2634131.82835497,2320683.22932144,2317228.26859888,3015866.92566788,2302489.3284021,2262607.57568952,3318706.22179405,2355750.97202391,3928962.46888387,2821181.32953097,4522882.77468303,2186444.08586765,2390853.31485749,2788860.53791116,3801401.27049777,3997611.88669176,2781563.95475531,4,0.953446462978871,0.734782538829941,0.797221050814768,0.343381592358355,False
Q14195,18,Dihydropyrimidinase-related protein 3,DPYSL3,122867959.385582,95314615.2964842,77336619.7619008,94424492.5159761,92985839.9050431,76424761.5226848,128361586.704535,154366564.69264,156678228.488006,209749915.778206,55515227.4115889,69079410.3479217,86084533.7515887,107524243.427403,198651997.540451,141474500.218314,134776078.708283,157716355.255255,201125331.78242,138102466.574331,0,1.06747111861707,0.784439236418675,0.811450985241191,0.277124842009394,False
Q14203,27,Dynactin subunit 1,DCTN1,10270399.0232507,22935334.7148854,15781708.0776498,7614013.7157563,8141691.32521095,8084964.61844169,26788721.422739,24925172.5723606,25061632.1862366,43279759.7423821,13389441.2093641,4372712.06820945,1987470.102423,15361152.2229039,24898719.2958574,25837627.839903,17677861.2393757,25522394.3379743,18131618.9478206,37997759.3074792,0,0.960045079402745,0.637657175902855,0.7585186811081,-0.478019895299341,False
Q14204,101,Cytoplasmic dynein 1 heavy chain 1,DYNC1H1,74444238.7953318,74618708.174742,61639289.133379,65231783.2750195,40414034.7518121,84884567.9892697,193960694.306381,98938174.2442341,149676318.587728,178612870.224078,90714177.9163208,70610420.8521477,35789371.9759864,110520795.640082,100177447.078706,119448213.398019,206656055.692677,150674990.963691,106229060.906131,105213024.976916,0,1.07199862189407,0.520091818036987,0.721310207615658,0.654375306644909,False
Q14240,9,"Eukaryotic initiation factor 4A-II;Eukaryotic initiation factor 4A-II, N-terminally processed",EIF4A2,4503105.27644945,14911808.9185762,9648248.79871921,9035817.98617818,2887187.37238097,8412188.55310874,21030033.8000355,17475184.7252596,16441055.3449825,18002667.481981,4048049.98090652,8948696.83364733,9636627.66773854,18666532.7758691,9962523.44236302,20085102.2288256,11810968.8739496,14484120.3640004,13633152.0329173,18266085.6371191,2,1.0588044172787,0.554686277873949,0.731412426372764,0.600531178060519,False
Q14247,7,Src substrate cortactin,CTTN,22051736.9749528,14568538.9955396,8882757.82968549,15117344.173727,7171746.25559056,7357829.79483213,10920190.298216,18687653.9322797,14211190.513431,15191063.625562,11855402.4910344,22994912.1844969,9117419.58868547,10267777.8879346,17607199.3162763,13326092.4309683,29515754.8144058,12751842.6995177,14849250.8288117,13171706.943675,0,1.15874551635887,0.423742105370091,0.673330887734645,0.816126393962516,False
Q14258,6,E3 ubiquitin/ISG15 ligase TRIM25,TRIM25,368403.125689554,540078.012244184,2123469.15677402,1595379.75728924,715506.921236423,3007356.41293317,1548699.6297151,3635776.11150418,797134.699402569,2396798.9231428,782255.791059273,777826.3702168,1155233.90050539,546931.932940695,1515144.26516322,2859412.50721649,3292262.69911164,1227646.55692056,1139955.29241273,1793951.43905817,5,0.902084948766388,0.961149099169636,0.839800241506769,-0.0493061250417017,False
Q14315,48,Filamin-C,FLNC,38721584.3694264,33457375.1652965,16123905.5102246,12579411.6612208,12511488.4293551,8590722.56853714,26813604.1288719,77305216.218414,112844929.220196,133117705.355741,4999473.60999502,13003986.6582002,13274313.9512967,53966223.6118609,38597062.5406058,72386765.859713,46164194.982473,39827078.969424,98318925.5832881,84988175.6232687,0,0.986146551473802,0.806800933853469,0.813589620325639,0.247715393634383,False
Q14376,2,UDP-glucose 4-epimerase,GALE,60559543.4144545,50394476.6297883,94535556.4758306,71217758.6814331,71252152.4609487,60212122.0681433,125649371.736043,158660010.893136,55891024.686012,35748582.7142653,88306138.9855554,66977652.1115549,49150366.8663295,67893311.5615542,63381580.7899947,83201181.5362846,67868196.5234094,64886852.2718173,126984715.129318,67836547.5530933,0,0.952004759927669,0.942594133939224,0.835753802319233,0.0728911192715351,False
Q14444,3,Caprin-1,CAPRIN1,2684660.39657182,1634544.7348146,921084.368123676,3673051.17074669,2812667.94524517,3324764.95596449,949772.893094879,2349631.36768354,2884383.89129458,2243147.70670092,500181.797283915,3074119.96369065,2596463.73778245,2986920.43770961,2516470.65433283,2741082.60958156,1384288.63154862,2887724.72522523,1056459.4195605,2942924.66620499,8,0.966305367664996,0.799930564897576,0.812593916944395,-0.256726069034374,False
Q14515,6,SPARC-like protein 1,SPARCL1,3570208.28908736,751867.381664334,2782746.41540682,3844161.46058868,154349.787285036,732705.721564982,2461646.1177332,2794003.0494349,2711268.93732155,2880826.93049311,371461.727071227,1801378.18501936,1517332.48954602,580971.848764826,2730450.99711659,2739873.61956741,1969182.88801921,1557944.36982437,2503355.00569723,2563385.1565097,8,0.808301481530595,0.849167986597011,0.819923011135721,-0.192581492738354,False
Q14624,28,Inter-alpha-trypsin inhibitor heavy chain H4;70 kDa inter-alpha-trypsin inhibitor heavy chain H4;35 kDa inter-alpha-trypsin inhibitor heavy chain H4,ITIH4,87255213.3869258,157495509.926535,48321715.0793385,57109966.8785241,86980045.4493379,113702027.270082,145140824.873524,147900634.714693,82487368.0590243,66579526.2356383,91576851.6569816,223105558.99039,48543853.0071121,102356719.713701,70745379.9129103,181877435.253689,164070153.483793,162801785.021385,153740578.83885,240414848.56879,0,1.44941847173395,0.0667236810095058,0.376495754201664,1.93562722719966,False
Q14643,3,"Inositol 1,4,5-trisphosphate receptor type 1",ITPR1,1043626.8456538,624998.86913955,2156079.3911736,2494548.00321471,131300.182526824,1939733.61190556,578265.796294488,440859.642759349,408847.731803073,388662.886034397,916926.07623042,271226.896216858,380134.247994929,728230.98607362,373663.123454639,784936.766686881,545871.389704682,920551.999865364,383514.798168747,1036133.5687904,9,0.621263614678305,0.494439709016269,0.709261894965122,-0.69558974930186,False
Q14677,5,Clathrin interactor 1,CLINT1,1364193.06129966,1073699.28069792,1636820.79555809,951908.443691987,1216296.96010237,1389637.28102699,929783.785834739,720620.597183681,816646.016678645,1623007.66256333,473834.413058277,1819968.77420371,236596.002198545,1588096.23006135,947174.805912199,2707230.88918536,268515.059970958,1251325.78266407,2902918.25149213,1016568.47458177,7,1.12707189824303,0.628312514307879,0.758178549609215,-0.491418798512692,False
Q14696,2,LDLR chaperone MESD,MESDC2,2662959.83115027,2594517.18579044,905432.530957915,823974.16252494,1107314.49234396,1420889.7858576,1843974.40915949,927556.117155196,1882028.46819957,4318772.90658674,2661784.89554499,641782.643687156,196996.173793937,3578051.51578732,1886300.99739251,480241.05837073,4643703.19534214,4721625.94439894,3461360.28368602,436742.578855032,8,1.22832658220082,0.77422461589112,0.80799837307198,-0.290640966134686,False
Q14697,39,Neutral alpha-glucosidase AB,GANAB,137566701.799054,134872387.379745,123016070.647249,103899584.681491,95882704.0802838,155374996.785159,136042048.664241,159750546.228062,150205239.839188,140986995.086705,114471840.356965,114858247.403612,100469020.779361,177301102.09407,155082129.938434,154811171.311906,137827544.830732,161322078.032578,190088326.727256,172618126.77747,0,1.10560152572157,0.298540645657991,0.608461038679821,1.06642552313809,False
Q14699,5,Raftlin,RFTN1,1433408.14648107,4444773.38678503,472373.086035079,602164.481566087,5426360.31933267,3072444.102337,829921.191887814,2363137.93245023,2879478.13388116,477839.277799186,811673.586244396,653180.649371002,1088995.61018949,744072.752215427,595059.731244006,844328.401131999,282691.411543817,1298691.79532986,185490.983120818,997303.451061865,9,0.340947297801027,0.0208146678675564,0.243169194928517,-2.50260287188091,False
Q14764,16,Major vault protein,MVP,9160082.35104816,29179578.0767885,16039528.0610965,13892694.4562357,12068620.2814559,10799185.6865779,16490598.7778468,39243815.6510153,41296156.3758872,23993997.9008778,20310070.620953,16695047.4065069,20043766.7624868,24609185.0466258,30802479.7234168,21563092.5211239,34137828.4998799,18343264.2233142,14901647.0243263,14740178.1948292,0,1.01876990238284,0.551763522416611,0.730786710248407,0.605009401388143,False
Q14847,13,LIM and SH3 domain protein 1,LASP1,30117324.6361827,43675376.541018,48027956.5527447,71075081.0444438,99870782.1950252,54146475.3181131,31014634.3476524,50200690.3546816,37662551.3341119,46309436.2888032,73671716.8238419,45525922.7762823,72058900.7571865,49077715.601636,32223487.6813724,39107048.863958,53320780.5296519,47231566.7576668,66984310.4657262,43889980.7617729,0,1.02146283105373,0.728469870534413,0.795870457583298,0.351911888882996,False
Q14914,11,Prostaglandin reductase 1,PTGR1,10793611.4483547,7295303.17386741,18158339.5614226,10295704.756441,7618320.41309568,12841052.4276661,6162036.28911866,10448530.6735275,16176594.7192525,12938979.6067937,1459082.30032376,6637579.72755297,3755331.6449877,11571125.2151329,6715599.76549206,13814977.7679402,11999441.7815126,13544421.3854764,10303458.3179598,8201451.8744229,0,0.78065875802748,0.115934153727424,0.463437012025444,-1.64103051743134,False
Q14956,4,Transmembrane glycoprotein NMB,GPNMB,3126834.3660015,6039752.56489418,5813137.4813149,2645697.36408062,7589495.89393906,4985953.67009914,4741648.48069584,7722707.5497565,4737119.47497979,250523506.807964,12731885.2178316,5989334.73225657,11121189.7510749,1774234.10347648,6908295.96162176,2224163.81665656,2111524.80773109,2864404.57103465,6555778.17878459,2380319.40489381,1,0.183472262896975,0.205493202603773,0.545341526457681,-1.30725963709534,False
Q14974,25,Importin subunit beta-1,KPNB1,55867299.0203428,35530888.9623054,52651528.2558898,30389255.7875257,24490546.8120029,53439501.8394851,111383286.886483,78525413.6285951,109881291.096936,84281426.7965461,54610661.2410759,29478714.6202385,25599939.1411342,102486672.233129,52610542.8502924,103731343.214069,119070003.078031,144305447.661298,84746620.7451619,72788217.2668513,0,1.2403802674526,0.24792997693758,0.583149616570681,1.18900575798413,False
Q14980,37,Nuclear mitotic apparatus protein 1,NUMA1,13788072.587691,2235095.85363827,1814115.15625261,544034.153404852,27200445.1405812,11542900.5636262,17531525.3177421,23701540.4052191,34159917.2688887,48143380.929494,4409721.29196414,3147497.91999537,613185.511668785,26368130.6184049,15826241.2245151,23536768.7192238,17503748.172389,18052425.2634453,36504936.4749503,27884670.8679594,1,0.962284608855784,0.76006550779995,0.805682811574432,0.30946920934402,False
Q14997,2,Proteasome activator complex subunit 4,PSME4,2287423.85019516,422892.198994228,10312018.065193,1474767.9386982,5135499.86659763,17065517.4034306,6785093.51425999,14115992.4179914,11751286.9153715,956652.21348034,1913553.10136145,5297539.79152194,2322565.56721402,1495371.28531697,7605066.90336602,10533325.4982818,4694358.08649867,8829768.77286377,2869198.76437873,4927284.95509622,4,0.718106718287324,0.965219922693566,0.839800241506769,0.0441360715337811,False
Q14CZ8,3,Hepatocyte cell adhesion molecule,HEPACAM,6911911.51058495,888251.791324121,4742325.15006605,6762487.63681578,1863278.68511093,3407002.02102066,1161524.72228632,1064087.70633097,3775238.39911059,4771923.95507743,1768481.16835464,4262484.72183629,1340193.45758403,812126.803762781,2548670.73790976,744722.736341217,1306476.24542617,1550715.91614342,2413774.41336589,547059.938965836,1,0.489269285098951,0.047524112889274,0.329870541840136,-2.10702054817711,False
Q15005,4,Signal peptidase complex subunit 2,SPCS2,3507432.40517437,2999443.54893301,2651384.30409138,665818.16370471,1325688.31332419,1197025.04146111,2158242.98761871,4678808.18139481,1577360.70990926,3814204.71926069,1337330.48660136,2966265.227799,1044168.24118758,2832506.26756646,1771128.1282678,636382.118698201,1310335.45258103,2756592.07138957,2058737.84393585,2380385.78116343,7,0.776948701235552,0.447145189877597,0.685569866640652,-0.774962240439871,False
Q15008,7,26S proteasome non-ATPase regulatory subunit 6,PSMD6,5896647.51117947,4334518.35674305,3581666.46094939,4441057.62952896,8397611.87743726,3009743.94062835,4248722.07220201,9345115.0,6318594.01684485,10770923.5970171,3634245.86825502,3436252.99300973,11855722.6628217,12795736.60409,391969.794302818,10692005.437639,9797001.23313325,8337128.39434889,6035534.66332067,2116606.4856879,1,1.1449608350545,0.734454891491973,0.797221050814768,-0.343823695761027,False
Q15019,14,Septin-2,2020-09-02 00:00:00,103565140.87678,113720421.645968,88730700.4848931,115525650.313738,77290889.2242614,172963117.472979,148931290.441111,146088800.418083,161774342.767945,180600199.325626,83185953.1147269,67049333.6987669,73605511.0981909,131305554.482618,117004031.64697,152710551.162321,144953615.716687,150836568.163618,158261863.4518,183065751.615882,0,0.96393816109301,0.586971840093127,0.743447109981051,-0.551853093427358,False
Q15046,12,Lysine--tRNA ligase,KARS,3697271.18127536,8003910.37213574,7112706.45242196,799654.110765405,2164721.38866245,8458745.34316474,10431659.8344724,7121023.99921896,15985175.5996766,16650883.5595518,894884.364502739,2798142.58868752,12514428.0978558,7105115.77836401,9831553.63464097,3427033.31885992,1444958.95798319,17281106.7353717,9527656.5843733,9355071.44044321,2,0.922340790141645,0.730459298495681,0.796028445773527,-0.349220727935238,False
Q15056,4,Eukaryotic translation initiation factor 4H,EIF4H,85785339.1455786,50801496.6813888,65783159.4127778,89022198.3517913,61723589.985459,53305535.0077,52513292.4465252,142070134.774419,74179946.1809361,85681893.6130736,46446292.1343184,117812069.789858,56984504.2145542,56935256.4674847,69739254.2376945,56538418.0117243,65037512.9498199,30499822.5020475,118491460.856394,94320679.1320406,0,0.936833452521987,0.583290154185971,0.743117501783968,-0.557334210500566,False
Q15057,3,"Arf-GAP with coiled-coil, ANK repeat and PH domain-containing protein 2",ACAP2,2619108.75938381,26234038.7018808,75750636.2273647,17665542.1280779,787527.041243473,59070087.9872826,1246291.80784592,42328227.4014518,58706439.4649327,46842929.7633295,86680092.0786983,10262384.1080396,1731698.15370886,61081400.9072914,21571376.6610009,48009872.0437332,1285205.73157263,1929656.97028847,38172828.5248442,890437.656971376,10,0.819967616154306,0.543094633549649,0.730408413405023,-0.618366148889536,False
Q15063,32,Periostin,POSTN,115176785.047949,51739767.8043554,110301639.099938,43576128.2971402,60230891.671991,161290759.852103,207579828.796485,384933212.551686,155670759.437607,292404133.511739,130924704.288561,30720293.8100614,60214190.5148868,166163406.752556,276525546.569007,422307768.13018,320736014.170468,208783254.495404,537035651.026406,114465876.962142,0,1.4327317647152,0.245209243072786,0.58311339070537,1.19610344765536,False
Q15075,44,Early endosome antigen 1,EEA1,23554221.4090004,50598803.9649292,27292979.7022088,44618107.4036376,20504733.4809095,36017181.6860527,45129764.1133398,41644710.7663328,49116634.8796155,44575524.9921501,9334874.62825834,24140465.0971113,24401568.8409638,46419039.9394683,37755733.3121926,42735530.1439256,53943638.6146459,41994764.6673947,77875958.3333333,27871395.6140351,0,1.00892907719722,0.671880048114339,0.768734109029445,-0.429677667263614,False
Q15084,13,Protein disulfide-isomerase A6,PDIA6,44230291.3659627,59591658.6391464,53201544.2205762,72257576.0055519,49606997.4685496,85186988.1639924,104333186.815479,88453578.6226224,114398110.672896,124821606.690216,49448582.9403951,13040233.1966395,61240209.7933962,76824871.7791411,66243834.8660397,143975598.310087,94756998.0024009,76434519.6287196,89174944.3660698,121070315.789474,0,0.995136892636498,0.599677908193299,0.749006456499085,-0.533066391141353,False
Q15102,6,Platelet-activating factor acetylhydrolase IB subunit gamma,PAFAH1B3,4195965.57260837,1736291.96309253,8086172.20810273,10541265.7671447,3749246.38458657,5856472.79584697,9392392.14165261,7765985.4874575,8405650.1105022,12200733.5277956,5356179.8923294,1528711.28350411,10505075.4336756,12522836.3132924,8295621.83878353,8616320.70709521,9446980.11908763,11488138.9148239,7488007.90897992,11373573.7996307,2,1.20424349108821,0.451798293138424,0.688246675152697,0.766936931219552,False
Q15113,5,Procollagen C-endopeptidase enhancer 1,PCOLCE,3579995.26604544,2201422.70880707,1790520.72140385,1671382.04603418,749684.565379277,1794945.43301988,1043580.69521612,3721301.55981806,9398846.68268799,6661087.00167701,4534688.58181032,1455406.71695901,1943597.54522525,4042916.38908899,4067725.62857717,785616.82356984,4630330.59380552,2367020.93830194,1153561.40124797,2514731.35087719,4,0.843093020570075,0.899849316111533,0.826708499711055,-0.127408804587232,False
Q15121,7,Astrocytic phosphoprotein PEA-15,PEA15,16968170.2684364,23034229.1450936,12611772.3175381,10755083.5118989,12523841.794708,30624021.903498,33939181.7418124,16076379.9531379,29944498.8505076,30538846.156783,15264825.6524157,11492722.4025269,23841554.3776197,52330350.7202454,21763250.0580082,26527507.7667273,36862608.2492197,45365775.3016653,28496769.5604992,33206720.166205,0,1.36004741299662,0.0931481579427315,0.42417512839099,1.76037592477162,False
Q15124,18,Phosphoglucomutase-like protein 5,PGM5,9261294.72691085,11214301.4618681,15812958.9847342,8009619.89104473,6486752.14677565,41163630.2734389,48345439.1692553,40209841.046127,23883732.9548109,74244747.9447656,9413694.45923958,4642532.38233762,5522814.11639038,35225541.4572597,23250754.8278316,41259806.7079038,13484787.7911164,19473454.2164892,31856041.7729246,48136734.4921514,0,0.833593760375321,0.600495540328247,0.749006456499085,-0.531864179750397,False
Q15149,166,Plectin,PLEC,388846353.329284,146903180.872835,152780997.099838,80725277.5826273,110708801.397916,338193298.022128,319046058.036744,316040574.818524,437703324.521606,717772587.918362,196925451.735016,125730856.452617,149348983.550123,426725852.470348,365255422.926399,307823969.977764,428380969.090036,296621722.813723,461618933.482547,379127976.823638,0,1.04282208590306,0.409469581197681,0.668891502267805,0.841933645878075,False
Q15165,4,Serum paraoxonase/arylesterase 2,PON2,2267857.73457492,3762973.93488718,2585482.93331761,11381784.2234624,6471928.10835224,3329142.09007232,6365576.82528623,3340902.2264541,4646027.48167281,2791597.1876115,1130087.08455089,3701339.61741635,2586276.18134617,3329689.31836401,2444914.3024317,2201797.50139478,2638530.95687875,4365390.73887524,5037508.0677269,3373006.52769086,3,0.656292978625003,0.117735014750943,0.466142859024171,-1.63247489405189,False
Q15181,20,Inorganic pyrophosphatase,PPA1,62028209.8708869,139604608.461606,114062685.767552,125318524.488911,150789295.285201,174289521.748079,156893756.403657,97736009.3080952,139055915.68143,96172056.9578249,165630255.063922,85064404.2961966,161797680.51056,200891306.503067,151771745.173715,160100502.623812,194907911.121248,130698946.614797,132401805.665581,107071560.526316,0,1.18662002877891,0.188795578662748,0.53240815837221,1.3590292398714,False
Q15185,5,Prostaglandin E synthase 3,PTGES3,23532481.2805335,6469739.00896449,23877255.5578778,14506640.6517653,25347046.8097997,8792468.65877978,9998700.74775894,6879474.71597905,26688694.7026323,26930976.881824,10541531.7651503,14435048.6851627,22702824.6069391,35298926.409407,30928245.4328187,28794364.0432585,6202194.64288115,16300588.2537083,7369947.44908663,12831860.4432133,0,1.07156284676585,0.819192323360936,0.817186231250049,0.231516206374738,False
Q15233,7,Non-POU domain-containing octamer-binding protein,NONO,6369374.52684364,2305874.84253105,4268717.65320113,8573483.03174224,4404798.30597722,4147931.44909126,1007251.944262,1129691.56427456,6334209.78712604,12617539.1279526,4544242.53893409,3763959.57001852,6736599.97714919,5052477.51267894,9311432.91920614,2464903.95322418,7688707.38953181,4640203.51373472,7420991.48471695,3680365.02169898,2,1.08102234210741,0.369898485817986,0.647294075609455,0.916667030608873,False
Q15257,7,Serine/threonine-protein phosphatase 2A activator,PPP2R4,35211262.355953,2901856.81366976,5487346.77495945,16158755.8791202,7491286.63938399,26042621.5373042,15338529.483891,17610857.6251953,10868072.3811877,24072023.9092271,7083389.25942221,14519689.0273375,1659497.73305119,12363835.5836401,1853526.35166909,10926247.2528805,18313284.1848739,10549290.3426153,17854426.17155,7262227.65927978,3,0.635213757902677,0.146562004878215,0.499252044426215,-1.50854761767108,False
Q15274,2,Nicotinate-nucleotide pyrophosphorylase [carboxylating],QPRT,3635560.06229745,8754820.14500237,1461386.16799037,5818401.72246334,653651.950978773,1370308.25660533,4966505.20178397,10324020.7337131,3809912.12559518,4969656.53179191,5405624.56866578,868875.510803809,6543124.03467381,1734948.70674912,4057503.88393904,7348090.18225187,5067355.01232088,5727231.41236691,2916693.3803129,5408880.15642149,10,0.985012396009834,0.739194687156008,0.798823546685696,0.337434930349099,False
Q15293,5,Reticulocalbin-1,RCN1,3094103.39480963,2641952.44337065,2617263.46832311,1096780.28979556,849190.923296393,5400985.56777779,3770559.40268039,3987524.73388043,2242133.40226792,1365388.4572183,4731206.90179313,10601301.0038208,8585709.10543822,8403345.68134307,5852153.11921851,5030834.13450576,2157296.79956783,6354175.58935683,1357399.50379816,1835303.85503232,4,2.02870630724835,0.0154149572641943,0.211679581794544,2.64083032936864,False
Q15363,3,Transmembrane emp24 domain-containing protein 2,TMED2,1535819.2976969,2627486.06804268,1233877.82892044,3935012.66547259,2714223.45927712,502627.636006217,4965434.93121709,6898194.14141321,1057842.50291977,5515838.59023764,2288096.01254526,1774998.3973023,1901648.39134374,978389.58597137,1835312.0075488,2532456.27026481,1629213.66237695,1953620.64454306,2000379.50679933,407782.612419206,7,0.558371447906515,0.215485431996131,0.55792310220854,-1.27783482546243,False
Q15365,13,Poly(rC)-binding protein 1,PCBP1,64301261.0805956,44436291.5370824,42276227.1038507,48229364.8671312,48843147.7108991,55300447.0374497,73894172.4030354,74135794.2332077,70712573.5324769,76425474.844787,49090169.9294372,47592516.4604319,41154492.4889802,65918797.6928425,64024865.1656715,69946117.2686477,87359885.1255702,61990368.3615434,64259708.2989691,83242479.7322253,0,1.06018604966707,0.554687104471989,0.731412426372764,0.600529913311304,False
Q15366,9,Poly(rC)-binding protein 2,PCBP2,9658535.1853982,4309426.95998776,10128418.9860719,12855038.9144956,3861662.00929741,20827199.9276129,14573800.9820715,9185398.80134154,25572922.7293145,27491163.608435,13368339.8372904,11538301.0721315,8737842.99845858,20665508.2952965,27223216.5454939,11691689.0555892,8354016.75322929,3331211.61870962,13733718.9243082,12075170.9695291,0,0.94406794408063,0.999088737859964,0.843898074451799,-0.00115600245566795,False
Q15369,3,Transcription elongation factor B polypeptide 1,TCEB1,9311900.9148422,3487458.95618331,10610776.7369204,12874494.9559032,4262734.60441957,3080706.56934617,9267149.18745008,5007961.51718276,8985784.37202408,4665021.65474916,2536043.57753611,13021704.1825865,9270564.33813786,2902680.62805726,18688495.30056,3893476.77869416,6785832.41330132,9379131.25261625,6527551.84120094,8118481.53739612,0,1.1337447772246,0.808061373310229,0.813589620325639,0.246064595400755,False
Q15370,6,Transcription elongation factor B polypeptide 2,TCEB2,12862909.3429317,18116478.8429246,11853312.8025984,12985826.7484024,12364895.1605014,11339297.5073984,1131748.41728055,2604662.07199302,10817698.9286677,15477158.9895097,10266282.9853063,10225581.2882077,12398154.1388356,8738924.71820041,11669323.1330631,3096676.79749343,3558458.24379352,29761669.8202748,10333036.8154277,2282480.78347184,0,0.934065384871422,0.78998619327608,0.81186965806444,-0.269807291936836,False
Q15404,13,Ras suppressor protein 1,RSU1,61462966.5307468,68521580.4941403,47679508.938753,57682839.2088598,47002496.2733261,85486755.5301649,139509039.052099,103317489.36874,108764679.566077,60098032.430957,31928237.8333057,61817930.3150689,33133346.7008302,72900305.6924335,53376701.7696377,85150677.9341015,94442876.4897959,86409785.7084357,70752611.0431362,98688237.6731302,0,0.883358928773352,0.318469112909657,0.617192968220571,-1.02229330897542,False
Q15417,9,Calponin-3,CNN3,10040799.1109417,13113728.3693371,16361412.4040664,10282301.7056935,6985210.4387627,39761620.9546587,23565581.5549836,22789612.4322338,28267062.881592,25003000.8977378,6288829.50655819,4020255.05637085,15174976.7576192,26521015.9353783,36281238.7881694,13914719.4441075,22823171.6158463,10320531.043771,22617409.363809,15407923.4672207,0,0.883773149160805,0.464882285086579,0.69086707470759,-0.744635310531407,False
Q15427,3,Splicing factor 3B subunit 4,SF3B4,545616.835274123,774247.407823166,174698.428757017,1370100.62946069,2278303.6199215,22322.9978578074,712581.366066779,863669.637691813,754233.309006379,2694698.221687,1411463.72008995,1295030.04229203,1157051.54351118,787588.710388548,752145.112034567,526424.616806292,1152851.0772338,626980.867350745,840003.975090432,1380493.65558633,12,0.974442879429818,0.312447653677602,0.613979024606205,1.0354163216194,False
Q15435,11,Protein phosphatase 1 regulatory subunit 7,PPP1R7,10527294.8746349,16660033.5980409,12511456.905797,10639644.3328803,7562524.37958536,11565051.5150203,15769000.2999911,10610822.9399063,10286259.0045818,14624874.8983087,7578030.24597377,8225529.75671529,6903644.00254198,10472644.2126789,24271336.3317143,10605109.2803719,9385950.79663865,16967306.8049868,10182609.0283053,11847500.3647276,0,0.964248008348181,0.617713599379752,0.755192054657026,-0.506727748512444,False
Q15436,8,Protein transport protein Sec23A,SEC23A,2657755.04294257,3534699.43606787,2029277.65152909,3408821.73379391,3989725.23012184,516223.279825987,5981553.72730097,1797580.05522374,13397659.2552331,6980326.74694926,4607452.984349,14730838.9262956,6275531.95713873,8996536.47730061,7444751.76345017,1762254.06937538,3168229.57613445,7003207.57825864,13053413.4825466,1108218.19759926,6,1.53860604959847,0.197548006332756,0.543673593313794,1.33146364558115,False
Q15459,3,Splicing factor 3A subunit 1,SF3A1,1500672.75667537,1624157.12156726,818711.263798552,466043.352684123,2387479.07902417,1772059.97818784,1539907.74021479,577803.402770376,402970.829009074,2540646.87186898,1226144.87463058,1008424.68379501,728064.31475503,346529.859451943,1233284.56688736,1461291.11772792,1961913.21872749,1703704.01228501,1878875.21282337,1380493.65558633,5,0.948517711756459,0.905508271135637,0.826708499711055,0.120172114669701,False
Q15582,18,Transforming growth factor-beta-induced protein ig-h3,TGFBI,47400726.7673896,67481963.0129438,46316969.3898708,25865726.1602521,28272735.504197,41594711.6628462,82519347.7722553,98500242.7317835,87112490.5579014,67115704.9596803,34452644.6247717,67506472.8775906,34753244.1331567,42562507.8188139,92515857.885252,39038287.5569032,65813841.8309724,53597708.4347984,67008818.3636281,53205890.2031394,0,0.929539496084088,0.843363192505062,0.819283344390874,-0.200095491006889,False
Q15631,6,Translin,TSN,13182972.3453615,6978432.34253105,15259661.674804,8770351.11008299,9027633.51043204,13464329.7965354,25757747.9652969,24805814.7679868,16284897.6421705,19079026.2638264,12196127.5871659,7497217.78098587,5894556.56926904,1249225.92498978,14645200.0224298,26060535.3737619,25654752.6794718,17347438.4279734,13148064.6744438,22515494.4182825,0,0.958048505532212,0.372859932570241,0.650418095942918,-0.910897053559836,False
Q15637,3,Splicing factor 1,SF1,1667950.96737922,2420264.40489393,1396087.3976374,2211395.28421479,713077.426050365,1989739.05307681,2203280.68571936,3006957.98097951,1401305.4933519,3198866.27563691,1365817.33890088,1184544.9910921,3556469.51278705,4168953.26588957,939961.347407419,3165060.29516879,2394503.41608643,1583116.3967604,2848747.3461295,2817274.38781163,2,1.18880387427623,0.532327371093275,0.726830710757849,0.635115977668871,False
Q15642,4,Cdc42-interacting protein 4,TRIP10,924160.783279913,1370137.3785202,1570144.06697008,702006.400722899,546605.188252517,1418589.37221895,1113998.75357238,665904.918804558,890518.684799209,2404868.27956184,1848138.01151989,1196893.15885145,864433.87784959,3278549.1798364,1083840.21012901,540146.513571862,597845.037690276,800878.651597052,6835252.72485983,603240.813573407,3,1.52057541147306,0.629356093697653,0.7585186811081,0.489917957403319,False
Q15649,1,Zinc finger HIT domain-containing protein 3,ZNHIT3,8417415.40691964,4502001.62923633,7320728.49191349,1938902.61538906,5876701.78776796,2667658.81912071,7542528.82537499,6472019.12155985,4460912.89713049,5563387.77310355,12695658.1739762,7064582.4556184,13033057.1958525,10294532.8184049,9429350.63138322,10466831.0475035,11464537.720048,15742721.7108017,9360165.19488058,8507446.47737765,10,1.97323647015956,0.000927358108057032,0.073258090536328,3.86130320379211,False
Q15654,5,Thyroid receptor-interacting protein 6,TRIP6,1435059.311138,2472605.94800595,1305944.15615229,649427.742542798,3594417.53883099,2921538.05633423,669518.973919411,689218.331673252,1052889.11342197,1171113.02779984,405735.940976258,2163362.66970807,1032343.50734842,1541083.99509202,438083.887750209,883016.081584799,3265517.49603842,918183.698744199,3358680.64247604,1889846.57926966,6,0.995872772453143,0.847802245119673,0.819918955074362,-0.194348332898162,False
Q15691,8,Microtubule-associated protein RP/EB family member 1,MAPRE1,9220592.3752811,11477475.0695295,10303580.3202802,7853214.93595119,13235807.4178766,11222971.8524722,13094109.3906985,4394771.5308279,11643823.5499955,11089029.6310569,7042272.61530799,10127796.7833883,10702442.4741069,4223227.55341513,12427386.788355,10527280.548211,11003227.8415366,12254355.005005,11313352.7315066,15079360.9325946,0,1.01125535293971,0.987783091647151,0.843797505224354,0.015498685746468,False
Q15714,4,TSC22 domain family protein 1,TSC22D1,27070083.2960684,134097774.537835,82838434.2454934,11490954.233583,32833186.21362,55244738.0578955,110222093.933611,102785102.039879,72740104.9964064,62786261.8297295,25721951.9292711,11597404.569512,191881240.210408,1914047.72584867,1208695.20232497,98986057.4085304,104979409.512605,143701659.177359,102662739.211431,79883840.4893814,3,1.10175902810558,0.260612970468856,0.587927183588789,-1.15666874361772,False
Q15717,7,ELAV-like protein 1,ELAVL1,2862571.02663685,3494079.16184187,994919.503394252,641163.035676488,867679.793441142,2152621.49805903,315396.594470578,2373216.34131004,2270050.99268984,1460753.57853422,1195687.52655653,1224159.21164756,2553819.49598712,1883776.43308793,5655264.73277542,1910884.27923994,1371813.52004802,1290066.38047138,1398640.38026768,1350624.33425669,3,1.13780533189457,0.46210018605036,0.69086707470759,0.749345478582015,False
Q15746,12,"Myosin light chain kinase, smooth muscle;Myosin light chain kinase, smooth muscle, deglutamylated form",MYLK,5023539.79624939,18564285.7514879,920323.588183657,11354761.9437296,15445298.2945856,12547121.240304,22793388.2413242,3616112.12790591,1908734.07173659,40502834.1118961,1855679.48530633,13257893.3739476,1059049.01242597,15955876.1059305,5047975.37047923,13353294.7062866,2179195.55644658,7958442.46209846,6742798.79277446,19799377.465374,3,0.657310440126084,0.53671651911096,0.727429585475648,-0.628266233349492,False
Q15811,7,Intersectin-1,ITSN1,14141953.5677359,8804056.21654714,8623844.06449078,4102738.68727409,3239464.17435943,12104898.0549858,11480051.1862075,11015330.9320377,3846264.96716378,8468156.01726968,9012458.07554375,5717079.94912875,26547617.0461613,18396690.191411,7165898.8284658,9093116.14392561,13543124.6434574,5092573.17917918,1901052.28725809,6415731.09279778,1,1.19875600562098,0.80883001328912,0.813589620325639,0.24505825147046,False
Q15819,6,Ubiquitin-conjugating enzyme E2 variant 2,UBE2V2,22290878.388089,18588066.3324296,22952228.708178,12466998.9775323,30720760.7382846,34637721.2399492,29098665.9754149,18539959.3829826,27676853.9295661,23459152.9547563,22012144.5301345,23585947.1583015,12436566.6832527,21000327.1394683,8042211.16225289,25710683.8884172,34383740.7697479,38259780.1301301,28998758.9175258,32430117.8116344,0,1.02673941338446,0.874359492821621,0.825812662811676,-0.160097999212732,False
Q15836,4,Vesicle-associated membrane protein 3,VAMP3,15972955.4986171,6339705.09288088,8722596.93087766,23167821.7517277,7752972.09544163,11636146.7841657,14723926.642407,20048676.377837,14446266.6251909,10252750.8749019,10744322.1570646,7841965.64099224,18397081.6347116,17496960.1010225,13193256.5911271,9249529.22700627,13482095.3210084,14764754.4480844,16149014.5175439,11668284.4367498,0,0.999424677575771,0.807529419797036,0.813589620325639,0.246761209442879,False
Q15847,5,Adipogenesis regulatory factor,ADIRF,238634143.471967,205904742.168095,235866221.219924,364811585.304919,228207835.951442,200021764.685009,219224935.266708,293302483.740696,260968066.355224,166682226.725184,122837913.755604,228758937.000695,246027292.709376,159535828.261759,245445514.935185,137280816.106731,226616234.093637,213052294.198744,224982502.740098,134704001.569714,0,0.803456268019919,0.0623256848301028,0.364062657639799,-1.97057635076534,False
Q15848,4,Adiponectin,ADIPOQ,10267983.453421,6741167.44096554,28224256.7333255,4153216.305815,10099905.6230584,4840049.19983819,6399997.90210349,10679518.0791142,6722421.19454676,1536845.60889888,3761474.72928773,4584781.36773475,16191392.9000243,4653752.60601227,11724544.3985707,5068992.88182737,3334444.73080432,5261633.95468195,5328101.51388135,3859580.94967682,0,0.711185444819525,0.399111102328474,0.662759156764724,-0.861025155157225,False
Q15907,10,Ras-related protein Rab-11B;Ras-related protein Rab-11A,RAB11B;RAB11A,53426365.7074728,46639757.5192409,34010362.1800124,63277532.0047422,42971181.3798497,51918116.1359459,33955770.2125677,37567654.2543416,44942354.7807924,43119039.5029615,19217764.3018429,35490500.566603,36244257.3703994,56238099.4220859,24472272.3501841,36433669.6951688,54004667.9370948,64169109.3416143,50610499.3674263,30587512.5669437,0,0.901821561226233,0.288372008420913,0.603321843609166,-1.0897604025951,False
Q15942,12,Zyxin,ZYX,11210055.6869879,14125557.3329543,13261478.6758239,41285719.8669867,35779463.8502721,18293767.7621727,34878918.6101003,43217829.4541946,29047851.3956518,22958319.3456076,15068086.3892578,21415212.3002779,11188917.1320209,38897846.7709611,23289785.5652322,24072502.419244,40018183.2158463,34132758.2814633,33324825.4471876,10212652.843952,0,0.952896158032252,0.838470249531,0.819283344390874,-0.206438323257794,False
Q16134,8,"Electron transfer flavoprotein-ubiquinone oxidoreductase, mitochondrial",ETFDH,3498228.2273115,22662353.3951373,10138731.7854097,13010687.2457566,10168114.6284072,13168143.7219056,9542517.80198811,7617174.6421483,11771436.2963795,2110703.55919503,889961.686669388,4166864.18946104,2205352.41297669,2179838.84940695,4901104.15122359,1254402.7015565,7542237.01565426,4224830.5863283,8606295.79508858,3674559.41820264,6,0.382352942446117,0.00365419767057468,0.143190922277685,-3.27715465527201,False
Q16181,20,Septin-7,2020-09-07 00:00:00,124087822.149559,85572287.9569704,96624679.6144264,97379649.0275569,99251055.0331578,163479326.906017,126387558.684654,98946761.1366351,150364755.772168,126408802.415614,104349388.047485,63737103.3764617,82384799.2103626,137826113.251534,152769197.351731,100255496.923388,121932996.292917,140223497.347347,140692235.955869,126207839.058172,0,1.00160544611544,0.932593354404177,0.830457351070302,-0.0856197608448614,False
Q16186,2,Proteasomal ubiquitin receptor ADRM1,ADRM1,1289805.30572234,1400578.94090151,453185.029085224,1102409.74012232,1569350.94548239,1762658.64117977,2082765.44568208,1868415.71137049,2390136.36631929,1907169.04852637,2841703.15830981,1739157.60369631,4634271.3126369,1942331.50948875,638557.319702688,1792478.81972913,1861573.83270108,1839513.9008554,2971455.85562489,2267811.6278855,4,1.42349162984083,0.150213834475942,0.503421952146077,1.49432706630405,False
Q16270,4,Insulin-like growth factor-binding protein 7,IGFBP7,2878303.86870211,136809.410516879,2224638.55427091,2233985.91007142,1595663.61368393,964813.205664649,2094045.60579569,4031374.2444179,1564095.70074567,3737779.2444159,2200715.5296777,3182339.68531071,1861193.08112655,3847129.67366053,770553.491260093,908904.729938841,3370703.3282593,1649107.92683593,3070924.11710978,4657290.95798707,6,1.1890525542797,0.411513397326205,0.668891502267805,0.838203398676509,False
Q16363,32,Laminin subunit alpha-4,LAMA4,140670709.030165,151014246.855868,91163583.6014179,103481279.791227,83866997.3804226,178189150.316871,106315509.070738,81439804.9094919,88220706.5133411,59725908.3911368,88281313.8419392,84140658.5591062,125712633.028205,135800382.801636,98351675.9180769,56454544.3294926,102161290.79952,83346622.1603422,84434778.8718575,96033186.8882733,0,0.880663911887402,0.434469366525347,0.679014768252282,-0.797087530712626,False
Q16401,16,26S proteasome non-ATPase regulatory subunit 5,PSMD5,6226372.79292786,4238321.04735875,14470732.5254569,2585599.81395483,7931272.3353676,7904043.07531811,29488495.0381645,14477500.5880731,29069679.8917438,24776258.6512524,7862588.45467375,1660578.35431863,1946757.85962303,28219571.806953,7360040.60746218,23573038.4196483,24342622.2468187,27336311.008736,15102780.807108,32187844.4275162,0,1.20134735003522,0.810027779572828,0.813589620325639,0.243490589351192,False
Q16527,6,Cysteine and glycine-rich protein 2,CSRP2,6969402.07253082,2735943.01753542,1354726.82211112,6812857.16623775,839864.132455,4658597.09500458,4535370.84685364,5527554.37636681,2102755.81969275,4804668.20302576,12728853.9998433,3063424.3838562,935067.471037616,12637500.3010225,9984062.62707669,2904296.26149181,4125851.44456182,1841575.00649299,4078452.25085911,2252951.50440031,4,1.35224796592069,0.6217522898415,0.756189145336418,0.500879996418706,False
Q16531,5,DNA damage-binding protein 1,DDB1,2689374.66985034,3906820.37882631,2039277.94179611,1049599.38938207,3761599.74993941,614775.117465882,1339519.01349073,930618.783770071,806084.382800288,927642.543709413,2347372.48605346,2053880.34604029,2913793.66532356,2909636.90997955,3084151.04608174,2497622.24548211,2661327.20379352,1522567.46710347,1703129.88420148,3140394.06832872,1,1.37467182200957,0.0150570388845122,0.210966091138595,2.65154134474499,False
Q16543,7,"Hsp90 co-chaperone Cdc37;Hsp90 co-chaperone Cdc37, N-terminally processed",CDC37,23574753.7525525,33325788.3614658,34002549.4532413,28263142.8181476,28869814.8295843,23350020.8588522,20832630.9980474,17327490.1759625,30348326.0282095,34762253.9420538,20949318.0690686,18434340.258481,38584390.0105465,19816230.3595092,40297067.9918324,26818420.9888822,22237110.6223289,20748213.2832833,25839775.3879544,25953785.1846722,0,0.945466048424259,0.608854009400088,0.752218059563864,-0.519619331337626,False
Q16555,25,Dihydropyrimidinase-related protein 2,DPYSL2,367722195.16892,263982743.908518,223834621.992409,310821070.398751,284106814.173038,358659715.986914,367210682.874767,373263625.778737,424043723.313269,477332442.189396,205381516.279263,191159915.783837,226141219.550285,395865951.239264,438792223.354887,391667427.459066,365422043.063625,333325259.386659,470391070.731597,470979458.725762,0,1.01105438916612,0.88482897075882,0.825812662811676,-0.146651905442054,False
Q16563,2,Synaptophysin-like protein 1,SYPL1,4248987.33036937,8848190.92093755,4381064.66416975,6155459.14489778,6545224.74277909,4281500.35959378,7395389.08977545,7025366.01787191,5769187.56136017,5569389.77374581,7143398.510189,4188503.9139024,6472008.30606561,10775357.1402863,7080464.88104446,5524177.62215484,5807299.02703481,4537853.13963964,5291508.68701393,5906558.72853186,1,1.04163700364777,0.825148601310444,0.817624247495614,0.223752422510066,False
Q16630,1,Cleavage and polyadenylation specificity factor subunit 6,CPSF6,990403.742928286,202067.194117353,300893.571555733,528091.00836249,745134.409140981,1026676.70105529,830004.13424159,2597363.21345217,2676257.57663283,2238346.10618711,807422.280400133,2153764.28736046,1361390.32027381,1458296.59595092,2384232.21763375,1519171.51465535,2024109.27822329,1031032.61679862,2300531.02306023,2649807.05955679,6,1.45771823287919,0.0148413031650045,0.210432875997758,2.6581142272552,False
Q16643,6,Drebrin,DBN1,2616424.46099465,8445257.41603988,4203715.76646546,4430248.71763583,3638683.76467867,1395244.6569772,2059873.35603976,1418468.75571993,2547049.67091906,2514238.06904303,1497653.53210118,6351259.12353827,1588019.17979218,2659975.18736196,3863175.65294063,1947078.41778856,1944322.41402161,2017588.98330148,381207.675366251,2387753.54709141,2,0.74056575695062,0.169022686336526,0.521118528909864,-1.42525659724371,False
Q16647,7,Prostacyclin synthase,PTGIS,7969689.53899243,16575850.7359629,5053896.69369806,16571492.8159336,6731142.89133931,8021695.13451944,5982880.80496139,29987145.6427456,9445022.34749798,11932644.1657746,6773074.96422049,4315637.29499537,3376765.91119284,15952818.399591,8627816.78154874,8078320.15079846,7185753.97334934,7916942.63390663,7352791.92055525,9151960.05540166,1,0.665687914667083,0.157838953116439,0.516456381836106,-1.46552283713665,False
Q16658,16,Fascin,FSCN1,31118578.3305762,32533815.61046,28152379.6470313,23802304.8798543,36619492.6942651,36580903.50297,39971579.1319783,30444827.0077185,42992062.6107268,48430810.0713623,39507664.4936078,28921491.7158736,23970944.0009194,48242961.7709611,52784012.7942951,37920727.4125733,41996251.2552221,46594612.4274274,47057699.2715681,32746732.6177285,0,1.1400165373984,0.292939414871118,0.605169374727376,1.07920700571326,False
Q16666,7,Gamma-interferon-inducible protein 16,IFI16,2026179.97311758,2750572.8547315,1382930.76575484,1142393.89798456,2200546.14818568,2859462.33625957,533808.694670276,133390.706942409,4230866.2771539,2376925.63212731,2217816.26780674,1789469.96302246,2258126.91209876,1653225.37509202,4533347.86993781,646779.432819891,1115310.8677551,878639.805077805,4005013.06714596,2512408.18144044,1,1.10047627895129,0.514699631561784,0.721090302628091,0.66294222816694,False
Q16698,8,"2,4-dienoyl-CoA reductase, mitochondrial",DECR1,4288723.45406726,21820524.7743572,6933951.26389887,13762987.5135182,1913906.89411531,11801947.3185531,12026641.2975947,10598801.2905449,21609371.5735334,12113371.0740027,4122525.41175494,4210549.38317703,3341638.65017983,5810482.91423313,6482860.92395508,10541637.3046291,8351055.03611044,16832942.6071526,13503851.7439863,9822360.37857802,0,0.710359745784364,0.260480867747445,0.587927183588789,-1.15699944374622,False
Q16718,5,NADH dehydrogenase [ubiquinone] 1 alpha subcomplex subunit 5,NDUFA5,1775806.16027348,1752883.34270596,2694765.71789255,4952427.25119278,6828300.10674201,1379858.36738604,1727025.69033461,10337759.7615547,2859029.25352619,1297232.40548063,2565242.21713248,2093778.58797904,2104830.53418156,4076534.09177914,2377405.58255731,835336.537901759,1824956.23923169,1549695.42856493,3286086.55869054,3029346.56925208,2,0.66684885905073,0.406249033511676,0.666605052619602,-0.847835815875642,False
Q16740,2,"ATP-dependent Clp protease proteolytic subunit, mitochondrial",CLPP,1294986.98567994,2849875.93960994,3273267.7371429,3891748.72712026,1033019.95408733,1535976.15056526,2560015.74931215,1592525.06468805,1913855.37274279,2199866.61318062,1279494.12730702,1827379.16532833,1462938.36934094,1635490.67832311,1649998.22725221,982908.881503942,1848919.22319328,1274042.12974147,1336682.58580921,1181497.59926131,8,0.653838815307799,0.0603619329418239,0.363237063220638,-1.98689320794372,False
Q16762,9,Thiosulfate sulfurtransferase,TST,43460932.3752165,28488134.374672,28064877.1071948,21560536.5532198,9761423.41239067,15699321.0000781,21498658.0988728,13912483.0680878,27430863.5697601,20834278.0072076,11458200.1931762,14115862.7496527,16634148.017253,22505483.0850716,22322690.627417,18987943.7909844,21927476.559904,23765454.8903449,16486209.3886779,23049823.388735,0,0.828971622214917,0.416990026922643,0.670306432105353,-0.82826557095905,False
Q16774,5,Guanylate kinase,GUK1,867781.383455683,352023.30607399,1844741.04519538,6066170.75971412,837558.17092247,2726026.06618456,5860540.83314103,720174.078778829,3958345.89902075,4321173.70684365,1567397.50506392,7331431.49000109,5596327.21300463,5300381.05415133,951077.87965226,10470609.1412978,6540638.13546218,4447965.19210119,4419027.52170374,2486455.06001847,3,1.78233128405423,0.0473787535226633,0.329870541840136,2.108540603305,False
Q16775,9,"Hydroxyacylglutathione hydrolase, mitochondrial",HAGH,10675248.5267015,10944589.3794822,11198293.7901082,9691486.58161524,16140907.1700192,13187509.2243221,17826800.0971865,5839516.17729486,10468442.9911958,15145048.2873046,11378914.8907521,12979371.4716481,10683582.6595692,14904025.1251534,7113424.17040497,17647476.1127956,20369433.857383,4963481.5005005,17749633.7805209,9254843.27331487,1,1.04893040123512,0.960069257615104,0.839800241506769,0.0506777782932863,False
Q16795,3,"NADH dehydrogenase [ubiquinone] 1 alpha subcomplex subunit 9, mitochondrial",NDUFA9,913254.485499005,1576017.60140808,7313461.99736835,936373.284469597,727473.30704125,1126733.07171303,4896335.97048904,3291820.23495476,5495575.75842242,1865488.48851067,2533291.27500013,1547510.79411254,1733907.36966519,3318987.34617587,1355566.42158061,667324.706872852,755308.871499924,1341601.003185,1713017.55335504,3474465.83333333,8,0.655270809793015,0.434224243384297,0.679014768252282,-0.797519288360608,False
Q16799,8,Reticulon-1,RTN1,10570171.2391113,2326471.03791324,3419474.25318107,8217907.62322528,6168652.98894005,10437873.1620407,9580671.2847253,3124598.4068731,10005007.2280119,4804534.82523371,1896349.68950315,3263811.43886766,5496279.13504962,1784095.20642127,908823.49245893,4151898.39421872,3207360.14170468,9344264.59368459,2547638.24190631,2183181.88411819,1,0.506642178843629,0.011978640907247,0.198716972458467,-2.75512496693569,False
Q16822,21,"Phosphoenolpyruvate carboxykinase [GTP], mitochondrial",PCK2,18171124.0436064,12217140.0227392,20627161.2210945,46542093.7206142,1824303.81742272,11819190.5741294,19440028.8781397,32599278.3111274,18895082.040248,8184061.32020267,3913528.73393658,4897610.63419011,3905191.11103599,17583340.3051125,4377080.3620487,5290389.17816859,18212765.3008403,15365991.7130767,17716674.8833424,13200912.5023084,0,0.548884925148147,0.107248981940987,0.447030877785058,-1.68394215491964,False
Q16851,25,UTP--glucose-1-phosphate uridylyltransferase,UGP2,302513887.617287,556677564.951023,533218602.128513,194419898.22167,310110648.240763,467358546.33132,433597742.83749,211168857.925204,284929038.603899,444894963.162777,261036385.123692,299155665.573984,219818312.567944,302086097.807771,143722739.771989,390375319.381443,380203703.956783,529496988.224588,392760191.377283,340689479.085873,0,0.87174137265052,0.359251245482525,0.640829874733339,-0.937670793784662,False
Q16853,22,Membrane primary amine oxidase,AOC3,1300059682.32223,1974864559.60294,760850209.331684,1814492039.49918,1178572821.48759,1130693324.3086,1048889005.85781,945846197.96931,745669822.077981,588769587.44737,731224605.213349,1615946422.65833,1879485364.0715,1336982096.93252,1285152080.14417,724328586.040024,857883800.72509,762635879.59323,849916997.241816,695888810.710988,0,0.934782687879884,0.612903646077092,0.752600100252505,-0.513715747232133,False
Q16881,14,"Thioredoxin reductase 1, cytoplasmic",TXNRD1,6229271.47672345,20606820.4036208,9640904.83555437,2494804.95405257,15684862.0990769,16476593.9052864,35759766.4072069,25653341.0479647,22009840.5210673,33911303.6287733,20977246.3556367,10394235.8905725,9503566.74572054,20478988.208589,15391120.7816416,24126906.9698807,24825471.8861945,10880948.8056238,18773049.7929101,23318647.2807018,0,0.948015832546846,0.586889340280777,0.743447109981051,0.551975727137461,False
Q16891,18,MICOS complex subunit MIC60,IMMT,9692353.16301342,36348198.3028686,19513066.3835337,15604826.100107,7633350.34094164,2780541.28189115,8863219.92455844,4638811.0128641,15216980.4487467,7757919.27460216,5921727.69533455,14481033.0996006,9152294.13559047,10777650.4200409,23652626.8647712,10383541.8026311,4037628.17402161,6648391.53321503,3976702.21956954,7874216.86518929,1,0.756785381600994,0.458317676519419,0.69086707470759,-0.755776728196896,False
Q1KMD3,11,Heterogeneous nuclear ribonucleoprotein U-like protein 2,HNRNPUL2,15458439.1248998,2268360.3437992,28629058.603179,11653475.3476853,16445295.3303776,17273762.8746212,5676906.46187983,7573038.0152072,24248940.4855808,32300099.9008064,7228150.87813382,5881136.11004979,3579695.33992266,19971408.9562372,13434958.0464375,12902190.3072569,13959560.0201681,11859766.4746565,14701358.3414722,12958639.1181902,3,0.721096733723969,0.52198960977557,0.721310207615658,-0.651371889266948,False
Q27J81,18,Inverted formin-2,INF2,17202480.5419133,14286567.2730453,17150497.8079489,22386337.4218547,1469082.79670184,6961632.8378599,41346763.357593,16564974.1307544,15093565.4900728,14035345.0574467,6417920.25336211,11911180.5739117,15073385.6862003,25476809.2204499,14815778.8006992,13338937.9498686,15764412.482593,32109641.6571117,12387474.7395551,10045384.644506,0,0.945006173449847,0.753564472027369,0.802380521731585,0.31815212086565,False
Q29974,4,"HLA class II histocompatibility antigen, DRB1-16 beta chain",HLA-DRB1,18665108.0737716,10571896.3201854,3525648.8199509,17536378.6554087,11960977.4466099,5510413.9204735,14529012.1110322,8093146.08793531,2038697.57923816,8890963.61806894,10948974.4347501,6207895.94911428,4161695.93066335,7608949.3404499,4354962.94418835,9336425.3842733,7676142.52902761,10499116.3700064,2570371.42996021,4661937.29686057,2,0.671387346368868,0.270669503238085,0.587927183588789,-1.13185023292775,False
Q2TAA2,6,Isoamyl acetate-hydrolyzing esterase 1 homolog,IAH1,17271324.2820586,18212921.3451111,13024753.0546592,24964262.9083654,10503448.8912512,14528106.0251652,12156031.3694861,16956536.4242396,17497218.7328183,12412804.2171555,7883069.19815706,17045340.4459014,21020506.7899348,12017550.3406953,17495889.4355413,9377228.79725086,13620308.7865546,10135142.4670125,6122495.44587629,13067496.2003693,0,0.811192351463284,0.136934541646182,0.486433579823015,-1.54748662403723,False
Q32MZ4,9,Leucine-rich repeat flightless-interacting protein 1,LRRFIP1,4713622.1871042,3420848.24492741,3940242.0988995,4879575.18503311,797173.140039666,779740.017160011,559263.703044289,1004580.5419921,5491126.10344983,5624141.35738243,1485350.40541259,2908514.21319613,517710.121663647,3385568.90171779,4355685.73562169,776927.207843137,849779.46569988,1360990.26717627,2372871.57686743,627919.510618652,2,0.597280701967102,0.234431296088031,0.576012803632395,-1.22481887825917,False
Q3KQU3,9,MAP7 domain-containing protein 1,MAP7D1,2012048.88961408,7235394.39920413,2817752.63955523,3403618.26602666,2503721.18957986,2086566.56515907,5071261.39460371,3882649.26803271,3449657.98432306,2918301.32760076,1482482.89411082,3949520.20710316,1750651.71180941,6923668.22636326,3630721.18565447,3765550.52282191,7640242.92758703,2937473.49467649,4203429.6886483,3093001.41181902,7,1.11293557326553,0.768507601414675,0.807231985594737,0.298229901006104,False
Q3LXA3,7,Bifunctional ATP-dependent dihydroxyacetone kinase/FAD-AMP lyase (cyclizing);ATP-dependent dihydroxyacetone kinase;FAD-AMP lyase (cyclizing),DAK,15704827.247525,5500328.40012244,6947701.66301604,11942766.7507157,3557769.22161757,5682050.63367138,10313881.6921097,8693369.86676468,6238080.44856707,11125041.6349104,3965661.53553047,1591736.98093956,1623283.80137375,4373972.47595092,6570607.80396312,4289118.76082474,7591598.96763505,9920840.07553007,6171342.2216947,9616593.94275162,0,0.650069717004063,0.0363262931316937,0.293552510629563,-2.23870993798361,False
Q3SYG4,1,Protein PTHB1,BBS9,40207159.8146664,73545581.0105825,48506095.4311368,51463391.3055548,45983343.6317169,79601499.7615482,84460198.8506257,68132697.755674,60109801.3345611,74618205.7625062,57706046.3357131,45732852.6412527,42117333.2404878,87603286.6257669,59741603.1316709,84153261.1724277,105239681.623049,133394734.634635,80062231.8461747,72210743.721145,0,1.22554658590012,0.138619671009221,0.487227709966479,1.54051116822071,False
Q3ZCM7,11,Tubulin beta-8 chain;Tubulin beta-8 chain-like protein LOC260334,TUBB8,68539378.3467315,29195924.2635998,55531299.3437223,61360031.0349015,65096058.726784,107773000.160387,181577400.887548,71061686.7536525,84963223.2503818,53130376.5742525,47721683.8875975,42152830.7289858,30671911.2888396,63150809.0290389,38393235.3564026,118511246.137053,99271372.8835534,171450417.249067,153664519.845361,118468366.020314,0,1.13521482366555,0.653103463319798,0.761003945946475,0.456064291876683,False
Q4G0P3,2,Hydrocephalus-inducing protein homolog,HYDIN,1268294.93906222,601454.964314418,6224868.18215259,2704497.84477923,3634360.08680517,3729185.61944233,2142898.65217005,1275325.25939539,831875.590490522,1666088.68939556,1234018.03372637,6779996.16403265,125262.13206049,2819128.80233129,3709476.0171715,2872333.58799272,3867643.56120048,1728535.87669488,4313813.16253297,2524090.40489381,5,1.24483926585947,0.758109170732139,0.804637350404568,0.312079540701136,False
Q53EL6,9,Programmed cell death protein 4,PDCD4,9916034.9292398,1141862.87970089,4492157.35071014,1462013.42266431,482589.139389395,1666892.25251758,2951006.00501464,3078143.31898374,2052466.32292696,3497232.39645329,4871968.93545871,2392001.04043649,4477335.8515644,2112339.98196319,5813700.61496458,1925392.15940974,1884549.57762305,2048118.57002457,2913989.0605444,3375034.18144044,3,1.03493877845088,0.404560021944541,0.666605052619602,0.850943191407152,False
Q53FA7,3,Quinone oxidoreductase PIG3,TP53I3,3353579.8873873,2741969.73599713,1709460.62416194,3262614.35841935,3002369.50174584,2935394.28695053,2435270.44923227,2980081.0077644,3631590.10367442,2643681.21622779,1188092.70801785,2471402.86003149,3821784.39440552,3883134.16580777,3269404.74919486,2407703.6131797,4039602.65210084,1993692.56583857,2541196.67661817,2424526.00046168,11,0.977158122012647,0.734735806697933,0.797221050814768,-0.343444645006413,False
Q53GG5,6,PDZ and LIM domain protein 3,PDLIM3,3668284.34331946,2936702.13911166,881244.328874546,1408617.39791227,62356.0392317967,4274205.13608073,4813061.84729742,9607015.21823027,10940274.3297997,16633544.4465853,6203498.7833252,1332236.11040436,8389537.85187834,8173249.04539877,14873602.1153668,11203559.3373762,458734.082108043,1427236.91914642,7598631.48950986,8405890.78485688,4,1.23251788723078,0.328895164968547,0.620838122156971,0.999977306199688,False
Q53GQ0,4,Very-long-chain 3-oxoacyl-CoA reductase,HSD17B12,3697512.73825833,2520908.93003323,8782129.90887354,10647859.1059191,7244013.44290467,2637024.33932538,2841687.9827372,2714746.03257374,2639401.00053904,3987195.71554985,1981356.77486302,1859122.82606808,3907718.25211607,1151149.99415133,5464303.23608576,8355632.23529412,684865.671582233,7606799.45067795,3490685.25117562,2938079.19852262,0,0.784694350846377,0.244649099019941,0.58311339070537,-1.19757207100158,False
Q53H82,3,Beta-lactamase-like protein 2,LACTB2,2643841.17856127,1039454.01932832,4868110.05108098,3177063.47274673,1903094.48914317,2352775.90317155,3671194.46285613,5142340.4850533,4183767.09904771,4253836.44778084,1723558.46722985,2766679.71032441,3708832.24911436,602375.793141104,3903218.29834793,2218111.70599844,2091151.78391357,2417279.95154245,1968913.81144873,2505372.29686057,6,0.719276381381484,0.174763749675841,0.524268348365009,-1.40541561577793,False
Q53SF7,10,Cordon-bleu protein-like 1,COBLL1,2710148.5703854,1182646.615795,5770948.75675088,4108143.14322066,6465751.42567582,5795590.8396199,5023735.42588977,10605670.8044657,5381731.75572725,2417939.30318276,2190034.5261989,1797179.11485469,1262660.76924741,1892873.10944785,4968179.19623797,4253680.24103497,4279421.02922674,6736493.62749113,3616182.59043227,4062758.710988,2,0.708811725458473,0.201739115393055,0.544755748559004,-1.31860291159086,False
Q53T59,4,HCLS1-binding protein 3,HS1BP3,2074612.14820224,4424937.73194992,3006024.75245373,4725440.10143712,3763186.38006624,2679203.99527355,4582647.98850626,5467617.86740788,1671307.19885904,3105968.64347392,1642536.21269018,7152306.49973519,2116531.1973823,1895854.37312883,5291989.75837639,4139138.72475965,744557.733877551,2754891.25875876,5365285.91069814,981249.220212511,6,0.903760146552595,0.332913631424174,0.621344828365596,-0.991507918827095,False
Q53TN4,2,Cytochrome b reductase 1,CYBRD1,10128121.9602838,3250766.1711562,4373564.44646948,8978206.48578781,4339325.46960717,6718370.29380664,2931929.26364605,5871201.81025453,5165461.7329081,1425075.01916078,5112117.69915325,4969697.96623538,3681033.69723357,1537491.19014315,7294989.37846116,1085643.62622758,1330169.98237695,1514658.68837019,2422120.75819941,1168886.10803324,2,0.566296797150669,0.0129956403774446,0.199618756214225,-2.71836039148428,False
Q58FF8,9,Putative heat shock protein HSP 90-beta 2,HSP90AB2P,17378285.8513071,22513821.2102057,5453319.20903949,9073293.68029486,804742.494887542,6245241.88887864,17312557.5037721,3701895.18299182,15026400.8867128,16753584.4594305,16482131.9748702,9876806.82947851,14069069.0151652,16345733.6642127,11127744.4236743,20621591.5476046,9978294.22040816,7037452.42251342,15582797.5660156,17777556.2927055,9,1.21560789488781,0.168738607775557,0.521118528909864,1.42625235916589,False
Q5HYK7,11,SH3 domain-containing protein 19,SH3D19,723632.253870809,3877397.24256603,25576735.0748618,1032067.33429141,33515939.7075906,3993670.63189718,4614331.96764889,81796160.944133,1882707.7879346,3249483.14771997,746057.628523991,2838320.35703948,434946.251291273,2333641.47828221,2497533.5187792,6824446.38237316,2578309.37546218,7116710.29110929,3936559.97300597,5795046.59556787,2,0.219025996392757,0.164667582892218,0.521118528909864,-1.44067292862916,False
Q5K4L6,4,Long-chain fatty acid transport protein 3,SLC27A3,1342823.394248,833982.451110722,2413061.53780169,3801927.61979495,3557895.08155031,2792809.00201439,2294130.59763224,1074563.71506019,2159929.68830294,2703167.7114822,379840.213041674,921202.924111578,90347.0780506092,3404756.00899795,4255644.62599961,44667.6389898334,3537995.47097239,764829.927886978,1640423.46956954,668342.658818098,10,0.683722955971447,0.0526068108107587,0.347692777049084,-2.05633854458794,False
Q5R3I4,7,Tetratricopeptide repeat protein 38,TTC38,2931052.43130767,35542331.2930733,5535316.91733409,2954075.62039152,26891452.3374384,1355187.24786919,2009693.23200497,6500535.15432326,6933737.82786812,2164454.80939128,2898490.67433173,490972.887370454,4923123.53808919,4759758.2107155,11692886.1337902,2819591.39862543,2759153.61771909,1817148.21476021,1832683.70311087,9341796.18651893,3,0.466888757871608,0.244142719994183,0.58311339070537,-1.19890191232963,False
Q5SRE7,2,Phytanoyl-CoA dioxygenase domain-containing protein 1,PHYHD1,1838852.53282756,1353954.65357705,2566480.74431087,1056063.11869416,1224383.21800436,2717802.35967894,4687653.00838733,4645165.31324083,1112581.65465816,5453551.16135017,159630.566023933,1155361.45551215,2605395.08997689,3332517.69672802,1627292.63303221,3820861.81596927,8961168.76259304,3474675.16411866,2910693.17082655,2037220.46722068,3,1.1286114317659,0.884162341830844,0.825812662811676,-0.147507211990141,False
Q5SSJ5,11,Heterochromatin protein 1-binding protein 3,HP1BP3,7574743.87184326,5535145.77803044,3716045.36141254,5138664.80311135,11090399.7122749,9165055.61965524,12245609.1115647,22061443.9566296,18473624.154164,26620206.626347,19005210.1769657,2760552.59732835,6441177.18488872,26839781.8212679,9718219.93789252,20844499.0814635,12975910.9406963,15489300.6288106,27098129.1802315,26506035.7479224,2,1.37870023602034,0.204428759761396,0.544755748559004,1.31045937547393,False
Q5T013,6,Putative hydroxypyruvate isomerase,HYI,13035622.5857523,2563000.36107224,10677809.9326166,8672854.72480699,5732785.08140739,4169286.55792036,10439124.6463122,6703872.76637876,4286361.03068008,4549716.55352173,1146564.7736261,12693862.3573,6099254.99675491,3964086.94114519,7382736.2584692,2766018.02862341,4168302.72326531,12529036.2448812,4700614.81759812,2925666.83610342,0,0.824167529166635,0.312928262784954,0.613979024606205,-1.03436237044279,False
Q5T6V5,4,UPF0553 protein C9orf64,C9orf64,1730623.46955491,960758.765100589,1737620.56742286,1846654.0650309,2123131.72530789,1261689.01051743,2033746.51460016,1611244.49012221,998621.692548067,1231210.39841576,1451976.10296364,2279203.97678592,2087856.84794138,3064509.73607362,948027.699803545,1173551.49436022,1040352.92365643,1376892.86527437,1867163.78015916,1516233.12696214,7,1.08177941837151,0.777927892051995,0.810123039051943,0.285734466717534,False
Q5T7N3,7,KN motif and ankyrin repeat domain-containing protein 4,KANK4,5642905.16585519,6772960.77431345,2396170.89405881,1314435.56958497,1355473.01334024,4413610.22539369,2134023.82031597,2608317.07088454,3501458.68466445,1040813.60026404,2954559.64767283,1589437.76021767,1955602.85340328,7078895.94650307,756805.998197878,1833357.79458258,1566030.36384154,6077343.69241969,4806759.36851148,2513934.83564174,5,0.998478502218526,0.910847317640221,0.826708499711055,-0.113350571341363,False
Q5TDH0,7,Protein DDI1 homolog 2,DDI2,1162529.21407062,18100132.6561133,4086524.86489876,4278059.23818061,7785708.51362665,8415504.56379649,7659311.65949232,11608619.8369016,12539631.4473093,2947249.07093413,4395291.67723726,6527758.12601308,7696402.02363642,10427543.0441718,1166831.12250565,16681795.3389933,11346069.0352941,4437250.07252707,5167109.97766323,9348433.81348107,1,0.982327194898182,0.922812357779538,0.827857818900173,0.0980827342436136,False
Q5TFE4,5,5-nucleotidase domain-containing protein 1,NT5DC1,1115401.44669398,3298660.49851321,1672899.38352923,1331549.85611428,631948.542059614,1871448.94398571,2990984.21953492,582483.259128917,1050790.21956698,2662836.92068844,1293933.73320518,1656656.15426363,710012.926395098,1220483.48539877,1645796.09372583,1023258.9232262,1088206.66866747,860630.719221134,1518678.6169551201,1387240.7013872,9,0.7208376809241,0.387849118618228,0.657189567517688,-0.882149013701303,False
Q5VT66,8,Mitochondrial amidoxime-reducing component 1,2020-03-01 00:00:00,11495092.9268876,21861390.2413853,17955208.6653736,18424871.2130237,9630477.73965058,6320581.65170429,5819235.54096033,2724535.08991087,11143447.2549636,4027742.56433312,7885241.39822348,5632279.27897418,2721478.22913005,10636995.9284254,8766159.06189091,8047339.78168587,6949355.09786315,9993124.61233961,1637043.06985893,8556564.91689751,0,0.647384910899875,0.146453297881593,0.499252044426215,-1.50897536879257,False
Q5VT79,12,Annexin A8-like protein 2,ANXA8L2,28001285.4654018,10334059.3020815,19159931.1334794,8042803.25055663,25118509.5507722,12023058.9112122,29213955.8471643,16042032.383534,84014523.227922,33776592.0588025,22345732.3974763,4523243.40135464,6627427.48249006,16979443.3030675,20232377.8021842,21115766.2158884,13637361.0972389,16265721.5947766,56079140.9992765,31920348.0609418,0,0.789256487960297,0.422917259985453,0.673310065329544,-0.817602769654399,False
Q5VW32,4,BRO1 domain-containing protein BROX,BROX,4752512.8613617,5094673.75355611,9619029.20059525,10636703.1265603,2004292.35061358,2190026.09861684,6194964.40356794,6159377.91923183,10151929.7978618,8897632.50767145,2079726.40644197,1853171.90184671,1767583.55704589,9618015.29079755,1652156.65833926,5132389.29569436,3488454.02098439,21999160.973246,1848740.6017363,3565730.91011902,3,0.806761161022272,0.13975072083204,0.488948402836312,-1.5358685178208,False
Q5XKP0,2,Protein QIL1,QIL1,1375425.46100757,3699135.09658865,5452189.50448944,4573250.6219819,5052955.27964141,4332042.20621514,4860919.58542647,3416123.4038868,1008392.56369598,2473757.90915578,1676629.02289718,2470580.28981417,5629459.46996944,2174411.4206544,3009703.52844724,3355285.97299164,3226566.42847539,3327724.95281645,2749025.5546663,3232738.54004994,6,0.851229501652533,0.711745219566262,0.788733295532262,-0.374643478185535,False
Q63HR2,7,Tensin-2,TNS2,1182856.23418719,1090747.95031645,2891333.92345378,454493.127282191,315338.465567719,446295.24644274,5253236.91878938,1376049.50725903,498185.049847273,5992597.50792122,2664668.85289723,1523301.35239377,1376948.97713007,1320929.13865031,2575998.39209388,2576886.65328482,1497103.12907563,1293978.24952225,2063311.4733677,3312507.73545706,4,1.03612610555345,0.167737652453238,0.521118528909864,1.42977174298971,False
Q63ZY3,15,KN motif and ankyrin repeat domain-containing protein 2,KANK2,9749239.83250187,3489338.76766661,4609196.28588627,7833975.07278142,1390927.17190288,15509645.1887388,7199562.1925091,8199623.55370762,19629694.8894978,20356785.5116677,4444583.83031195,3279364.99080989,5638809.89196571,7186832.9802863,14652427.9367633,9152810.02587427,9310561.63361344,5890339.34366184,18034432.4561404,13493631.8513389,1,0.929730173765659,0.837581708507713,0.819283344390874,0.207591084075799,False
Q641Q2,5,WASH complex subunit FAM21A;WASH complex subunit FAM21C,FAM21A;FAM21C,837260.658657947,884687.947205188,1525674.79061218,2873224.95943093,595143.964815264,492135.778190179,558608.458449454,1393137.423137,665685.175051658,467082.358870335,858686.201967458,2615972.18840454,580925.213851332,508710.603697342,652203.621964236,255015.159528178,1361903.16185478,1336233.31506048,1278382.66056249,1559116.22499047,7,1.06941919005535,0.840648014444601,0.819283344390874,0.203614180196159,False
Q66K66,1,Transmembrane protein 198,TMEM198,388073370.983793,195148951.246283,447981753.055662,363882018.88211,531421188.53687,321759149.053645,272523691.803497,308861932.771295,13212117.0384512,155991996.692357,426558030.184294,280680750.832175,298000476.162146,250624900.114519,316712750.262971,281044841.164342,264203116.801921,221624389.85804,311740461.313077,273410492.197599,0,0.975238571988167,0.414637724016453,0.669770143980959,0.832523812666708,False
Q6DD88,12,Atlastin-3,ATL3,46968339.7678807,38526327.6954696,7403496.14284281,12434572.2418529,15229228.8069797,62307840.8228005,24817181.6734712,34711653.8417716,54825626.1652143,43899299.5864554,16393904.2155072,23123398.0483675,16506527.3927094,33912256.5844581,25278907.5897967,22017219.395189,42622699.3003601,41486221.6907817,22778823.449991,21979174.1597415,0,0.780066690689896,0.591329159492574,0.744753316101235,-0.545388168492192,False
Q6IAA8,5,Ragulator complex protein LAMTOR1,LAMTOR1,7646486.29578411,1823989.25533497,6798166.07261692,9962574.09189486,8877960.41756717,4832223.41461511,13042685.1313571,7846959.88279886,5458887.09383703,5729176.36862199,4032223.95185124,6068319.72646752,2505862.55217826,4353027.18752556,8214485.52806966,7412620.02425713,11603648.6756303,14109091.1789062,10608539.391843,3924895.1989843,2,1.01129707675648,0.947435637040383,0.837319346889102,-0.0667336011518859,False
Q6IB77,7,Glycine N-acyltransferase,GLYAT,5561004.08334841,8294055.18803568,6317723.79745145,9787145.45186942,14186742.5547381,5865094.42363511,19010387.4855773,4378971.64881007,5519419.19261522,5879759.89584671,2399350.13049975,6386423.67575547,768655.230914844,9475831.94601227,5893352.23091916,6807898.33155448,9332101.39447779,21112187.1862772,4700023.24764876,8871188.43490305,2,0.893239864533365,0.33243813702731,0.621344828365596,-0.992506363243888,False
Q6IBS0,7,Twinfilin-2,TWF2,13888318.7356218,6427075.46138709,7380839.23520658,15651304.4212474,3778276.79316574,3742980.22390337,2151939.36873169,12593536.3952954,1485681.02632288,19884628.1278099,9130687.82201561,5314453.54069684,8927087.49687326,9238095.27811861,4237437.0571265,13076738.2405498,4903526.56076831,7553138.81217581,1901136.79725086,16441401.9852262,2,0.928023148320089,0.813785911278191,0.81473256288073,0.238575904514463,False
Q6ICL3,2,Transport and Golgi organization protein 2 homolog,TANGO2,1003170.01087832,1372945.87904056,1183978.40364149,2109293.75575724,1656010.24244604,1457850.9387619,1043995.406985,1722420.77275641,1197964.65667954,1598132.70434596,2346286.38602026,3623395.35180566,1197991.22900836,2709051.37411043,1043016.9499737,4528876.59300586,890220.366722689,1580054.93402493,2305855.15260445,3439755.58137046,8,1.6495814336204,0.085765770164552,0.419883675208394,1.80445280952129,False
Q6NUK1,7,Calcium-binding mitochondrial carrier protein SCaMC-1,SLC25A24,3173092.52823946,1936042.36592618,2817113.0191282,4101549.70696585,4073934.00394369,3092909.48867709,4752099.21727168,4762977.47698245,6244796.90890306,8070690.19695997,3550787.6659313,2263785.67312145,1528718.18215744,3754328.28625767,3870548.12556075,5756832.63800283,6199322.67476591,3145312.7981618,4421562.82148671,3939564.35457064,1,0.893215111879846,0.566708144701452,0.732675882289056,-0.582239811424661,False
Q6NUM9,14,"All-trans-retinol 13,14-reductase",RETSAT,25777753.4372011,44876003.9623054,32199372.1144682,32698039.3678975,27650949.4481042,53233909.1768446,59394190.115825,30295415.0799412,42306983.656455,18659553.1078284,40911836.6793956,9386230.47643858,28779082.6198653,31905636.799182,31990748.8398354,18761258.1633313,37678426.6919568,30334843.6768587,25830479.2887502,33097199.3213296,0,0.786384909752198,0.177404765611194,0.527958552151401,-1.39646349436137,False
Q6NVY1,8,"3-hydroxyisobutyryl-CoA hydrolase, mitochondrial",HIBCH,3572567.17749248,4144003.54945776,18783357.7031117,9505789.47529133,7782527.6003721,5519566.10997168,11516545.8218692,8909759.55526969,6492046.60502201,3434078.0119175,4668523.41416238,1105140.7272201,5542534.6149663,6279152.85341513,2995247.69978034,8201486.00848999,7541608.77262905,10886051.2435162,6288811.11163863,9584069.57063712,3,0.792021524683814,0.326170221217526,0.619186017833498,-1.00576149437931,False
Q6NZI2,18,Polymerase I and transcript release factor,PTRF,1738727163.38822,1474752974.1123,1713799744.51151,1589450493.88428,1501263313.44599,1397499544.24487,1189642180.21656,1079887588.3488,1272013631.88393,933777922.143724,1309417715.74797,1819765577.24036,1879333735.6067,1236995099.6319,1429941660.07178,1195766685.87022,1488576973.73349,1407847655.15516,1085277327.09351,1052263002.3084,0,1.00103455965244,0.986012014167801,0.843797505224354,0.0177457520476868,False
Q6PCB7,4,Long-chain fatty acid transport protein 1,SLC27A1,3682415.42682296,1425142.29714011,4477942.47613156,2608838.97452506,3975780.26490409,2878297.27696599,2651688.45567317,3494779.33827989,2530028.80365698,1455227.88026858,738098.066852067,4169839.65157173,1051846.66034776,3548391.76429448,3216855.55324382,3616769.18920558,926656.208016057,1311666.7008827,3006020.44266594,2642384.27554223,6,0.830308816918897,0.268347681297639,0.587927183588789,-1.1375189759397,False
Q6UW68,2,Transmembrane protein 205,TMEM205,2652054.11598211,2038636.95286031,567114.46451629,1765095.31214759,2130233.01037526,678920.028209696,1537052.47721421,2374275.74887439,2075690.81644773,2289248.12470598,1926120.83031712,3204099.12028791,2098378.54407935,1400066.26480806,3154998.83086955,4242497.08340408,4172183.90062942,2585065.11757212,1641775.62945379,3891972.56925208,11,1.56376495702721,0.0472153667967425,0.329870541840136,2.11025420689126,False
Q6UWY5,5,Olfactomedin-like protein 1,OLFML1,1343660.71774756,2020403.77310855,2191902.20272055,1252985.12784775,719645.298629624,1265248.73132816,275766.737836159,5717925.78089681,1169083.87723475,1829209.729073,4580008.92653609,3736371.55051963,793385.980811684,4823378.86519427,5018774.5965721,615715.945643825,4281424.56076697,2283537.80123041,204376.717605964,1135299.7156048,10,1.54461566357443,0.441728483769706,0.683685726064029,0.78436909378482,False
Q6UX71,5,Plexin domain-containing protein 2,PLXDC2,14448730.9361026,8211.78320426214,1151377.16971258,2364989.92221612,3259435.44834652,4925867.55643713,1000533.61360611,2962993.09188643,1884638.7702812,6123574.49971455,4837334.39075212,2474502.48986917,3340880.50785581,698288.396744376,2036392.58430529,1282285.03375783,1845239.51404562,841034.837810538,646577.503648942,1764945.00923361,1,0.518418499196944,0.959262847830878,0.839761241480311,-0.05170217380618,False
Q6UXG3,1,CMRF35-like molecule 9,CD300LG,2901156.03478534,4982971.58754592,1402603.21176451,4995879.07700315,4107946.94232502,5289434.96824192,3221232.19361853,5468390.68772397,2862082.0461497,2738379.44858346,3099264.02332725,3717434.16246961,2790469.18061603,4137000.23464213,3174329.91557909,2821858.25490196,3905611.50144999,3599225.15955281,3143872.22422235,2904905.42234365,8,0.876847597189842,0.710211324142229,0.788613870184338,-0.376738241190064,False
Q6XQN6,12,Nicotinate phosphoribosyltransferase,NAPRT,38095951.7835449,30404724.7782928,18888048.2418446,20244011.084637,12457339.5112252,17247234.7891192,29025676.7040916,40482904.2244785,26573675.3193783,23566522.0773567,11593652.3830317,17376698.7264096,7585466.66594554,29714790.206953,7284725.74010766,35118893.0547807,39281343.8962785,41765154.962235,31171510.8315247,33576435.9879963,0,0.990204076519226,0.493359636673661,0.709261894965122,-0.697351415270426,False
Q6YHK3,3,CD109 antigen,CD109,1992845.1094683,2526793.55728529,1979901.21833565,3700106.71925513,6637275.97903263,4015158.38115379,8260275.8518631,8901172.66286869,5297272.26700207,1879826.60115607,8933941.26351103,1388053.07463529,4512330.36228174,8347538.30674847,4463959.89233673,1444894.19066101,9206452.78943577,3316834.3313085,2354363.8884518,3566667.46800588,6,1.05187817265854,0.980407456384261,0.843797505224354,0.0248572475488325,False
Q6YN16,12,Hydroxysteroid dehydrogenase-like protein 2,HSDL2,15399257.6640732,15773252.9635298,18950550.0560135,22277167.4117341,3960077.15327502,20817915.0976872,13144704.2265022,7742457.40227878,8199874.55695805,5161253.73007208,8121080.26257679,5036781.11200359,3930967.95005273,6981507.999591,11733507.0123442,6880739.97990701,7785456.81541417,10146197.7491127,5126207.14116477,7174610.9833795,0,0.554812395612703,0.0402417324790618,0.313418394878318,-2.18891998093907,False
Q6ZVM7,2,TOM1-like protein 2,TOM1L2,1573139.85156513,2341509.5297796,1146627.03183574,796324.965902322,1573532.07390331,3392544.21442207,5044802.783749,5138997.49522191,5336983.33873866,5441280.40448155,1929500.4845845,2784221.04593609,2502673.04563466,2957337.12887526,1701161.91752003,2495430.95108146,1719949.90501801,692885.553603604,3459923.61380901,3977266.0757156,3,0.761987873628994,0.463459764163856,0.69086707470759,-0.747041562734996,False
Q709C8,3,Vacuolar protein sorting-associated protein 13C,VPS13C,364318.585670488,1521993.45399685,846656.104079016,256841.364404476,649296.350664378,625737.706331279,750943.482621816,2098031.49863226,1610775.10008086,2620940.30268322,385139.250940267,552073.799563815,545919.962133759,382855.410764826,394273.203816462,592751.03688203,637532.047082833,517259.641345891,305293.086035592,406521.463296399,11,0.415989139251518,0.00750361450014018,0.175323277667773,-2.96351151885509,False
Q71U36,24,Tubulin alpha-1A chain;Tubulin alpha-3C/D chain;Tubulin alpha-3E chain,TUBA1A;TUBA3C;TUBA3E,16024890.2499548,29582511.5816862,28089877.8328624,19938118.8780615,20253754.2748243,23986694.9108999,38395674.4102245,25113225.5159423,39752210.0561495,33917305.6294155,1343474.70964636,18965865.9900718,16707221.2499852,20530969.2163599,23785620.4885066,29634612.1030928,27867065.6182473,26642379.4553645,22925870.8374028,23270856.3665743,1,0.769571550954588,0.123607356675023,0.472275082413764,-1.60532079347089,False
Q7L1Q6,5,Basic leucine zipper and W2 domain-containing protein 1,BZW1,2942767.94498152,1191310.09480497,4670604.31830722,2801669.96269844,2602648.19042059,3516430.37371637,3709762.65736221,3494865.2072039,4963967.92282814,2172524.16581032,2250709.58309812,3520935.30364345,3957445.51310211,2725486.54568507,2500424.68451258,4774452.68963008,5647366.30261705,3226356.52002002,4508270.07406403,4416212.34672207,2,1.1703054610559,0.320557355100525,0.618038991134543,1.01778307137531,False
Q7L2H7,4,Eukaryotic translation initiation factor 3 subunit M,EIF3M,5001074.99683356,2527610.86662585,3330096.65891952,4505912.91049779,5028231.47745048,2953979.33218641,6951481.61236354,7443118.33318019,5587759.176534,6029276.40073503,928014.187275468,8883242.13145479,3066432.98655994,824924.106089253,8847545.37728552,6805208.05058497,2183593.25762305,2799112.38715989,3991660.48828902,6312980.62742382,5,0.904457708900682,0.282955200246634,0.599491919752463,-1.10243451094735,False
Q7L5N1,3,COP9 signalosome complex subunit 6,COPS6,2889573.87658185,55845.7737668855,1942050.1838502,7888485.69175709,12133931.105923,1651771.24378145,2352079.26839443,15981924.136727,5039612.05736232,1427942.64168986,4822828.89274728,826158.278454673,7384529.79902313,12049656.2572597,215854.046312771,4049285.36676774,3743879.68523409,2505211.96455546,2669586.16146681,7204480.30470914,9,0.885292517010297,0.810530712282068,0.813589620325639,0.242832526938273,False
Q7Z3B1,3,Neuronal growth regulator 1,NEGR1,4953488.27118929,3994599.4020028,2535698.60083268,9792766.08605384,2191898.7924387,1634395.34777764,3263449.85169078,7092000.30290361,3089235.93154254,4395598.51480768,1846525.21359787,5229617.39729989,2132073.11502474,3206845.96617587,9745975.12893296,3500630.5859713,2852582.33046819,2483101.4003549,4649317.25198951,4809690.87303786,1,0.94209151092118,0.86208451496671,0.823336638057841,-0.175901807982957,False
Q7Z434,9,Mitochondrial antiviral-signaling protein,MAVS,6745720.30630444,13030362.8165996,4400283.97202669,9593557.83986352,873856.476117561,8023154.17922205,10590079.7301855,10071566.097124,10364337.8559878,5625741.89088703,2715715.55445791,3904753.0271651,6576631.94678061,7581965.08200409,9156343.8926148,5146217.1189812,6134164.89815126,7377359.82678133,6616625.37357569,7209126.64358264,1,0.786938438544574,0.68288575312756,0.774339015625465,-0.41435589202913,False
Q7Z4H8,7,KDEL motif-containing protein 2,KDELC2,542983.864159795,975373.679731922,3066960.81571299,779084.751432785,3968653.24793675,7511427.40988865,3165992.58600337,3173973.03817881,1683863.53057379,4252684.21062585,4491402.34236324,6282506.24890604,4885499.73356506,1943095.93607362,677588.057103301,3950072.62373155,2171925.88715486,1686951.00787151,5103389.4431181,2913795.7567978,8,1.17119021987671,0.402300529679169,0.666318713990859,0.855113176151432,False
Q7Z4I7,3,LIM and senescent cell antigen-like-containing domain protein 2,LIMS2,767040.043709773,205848.840336151,986847.345479901,1704949.06583337,245135.04112064,896242.56890049,245625.486473773,1100667.8679592,287943.050179678,806802.264111896,549668.883983726,623038.86482094,655533.226527772,644489.084217606,631004.570777663,713304.108348494,638492.361421369,494417.727714078,812115.677477844,381869.316759003,10,0.847778075030963,0.830469532614057,0.818226127002315,0.21682871282982,False
Q7Z4V5,2,Hepatoma-derived growth factor-related protein 2,HDGFRP2,3028279.11695143,2331538.35582473,1229676.31741268,1408293.13055548,2697974.99305999,1478808.12630847,1443943.43689536,5128779.09326472,3568371.42076184,1069623.20334689,885404.262784327,1916754.48800769,3090460.31090912,1867799.91746421,1820711.62059524,1985614.97448959,1752169.79731092,2029494.67171717,5166856.44768493,2967749.3910434,2,1.00417906724056,0.887005865402117,0.825812662811676,0.143859657825001,False
Q7Z4W1,11,L-xylulose reductase,DCXR,17463362.0835164,2575832.11771908,4509818.4013577,43374001.6447387,8207575.94042609,7116424.21676401,12860211.9530487,6110346.76362216,3187128.34093972,2885828.597695,1782910.78308152,6377767.78597893,9971845.98785797,4040529.5996319,6123633.58158277,2223861.56915302,10539225.4929172,8805957.39603239,7399580.86582401,10077909.0166205,1,0.621875449695138,0.521168872079657,0.721310207615658,-0.652670034449525,False
Q7Z5L9,2,Interferon regulatory factor 2-binding protein 2,IRF2BP2,2776031.9420151,6347116.26829655,4261008.98247934,7051517.94083798,5340024.18563255,7050645.1552469,3756011.17252705,4382578.14361849,1241453.73735513,4789596.51252409,2130358.6354243,1241798.11503249,4006195.09131827,362353.489758691,3531758.22077901,2701213.79316351,5144053.89042017,2075671.73464373,905778.102459758,1720937.54247461,11,0.506854343020674,0.0140669072624996,0.204853677638634,-2.68247646335821,False
Q7Z6Z7,18,E3 ubiquitin-protein ligase HUWE1,HUWE1,1014611.79555148,2315355.63088158,2358818.46673466,7163754.77920555,6045383.89308612,1230478.71792433,9501046.62509985,6775229.842231,9074777.47147606,5878159.36234211,4040912.75211689,8923189.24633104,7816430.95848588,8207648.24171779,6312715.82054574,6963480.2340004,5818697.1504922,10302672.5111475,2624457.82533008,11521592.8808864,4,1.41228901270504,0.0875289591374816,0.419883675208394,1.79363562356155,False
Q7Z7A1,3,Centriolin,CNTRL,2157224.63637656,1986665.07697862,13120537.084873,3858997.72408409,6935385.19850625,3180054.24955113,5859827.09257547,1917023.72852155,3344665.66154048,5279278.25272396,8711142.89490287,924367.879168114,2529721.31086521,3799144.85849701,6254458.83101816,6993954.12750527,2170759.15010804,2976592.18518519,6476845.84554169,3574215.12815435,8,0.932231745934049,0.834099253017985,0.819265653095417,-0.212111894540387,False
Q7Z7G0,6,Target of Nesh-SH3,ABI3BP,2585190.13568663,3717368.07368375,3228012.12963443,1265845.38192754,3195168.98099529,1396703.70167981,2230734.60481938,2521369.21570339,5137924.2455305,3942647.53300507,1511441.26862351,1174992.80821189,2735852.91676213,1505385.27357873,2712780.80762924,2458178.94627047,3822499.81238896,2761864.59054509,1884065.77871224,708765.807017544,7,0.728101509854324,0.164998770403404,0.521118528909864,-1.43948908888652,False
Q86SX6,3,"Glutaredoxin-related protein 5, mitochondrial",GLRX5,1912406.63414067,1041006.90707539,4357001.46571472,4975558.32264407,1305277.1721232,5698365.4062551,5321332.5912399,19961090.0753469,7200129.43594466,2350916.96267751,2334804.75709779,988786.633864478,5012056.47552466,2330965.98523517,6270217.19150043,16357634.8914494,2865130.55644285,6780119.47147147,7168729.15631217,3696693.58402585,3,0.994125496164982,0.773887906020082,0.80799837307198,0.291087436360362,False
Q86TX2,18,Acyl-coenzyme A thioesterase 1,ACOT1,109356469.543387,123381018.051426,57026655.2477135,139445772.333227,44904483.057569,171238791.91535,121203661.573622,130872827.083525,143278890.117689,45025675.0403197,67530596.9217998,143011528.901818,41793859.1822386,87656796.4867076,36246544.7993689,29296094.8991308,93958231.8703481,75152106.9050869,57034103.9175258,116370875.900277,0,0.688981437163939,0.0917519339814135,0.423185026411948,-1.76847489304109,False
Q86UE4,7,Protein LYRIC,MTDH,3414528.73271383,740016.396226168,2408819.91806979,5527353.27478819,3924870.06201943,611326.466350623,7286900.49103577,10071566.097124,4365279.43962807,10436812.2279312,2258467.44047817,1473800.48273417,3503122.96519646,2784118.06474438,6358974.4722798,2707608.69856479,4726092.78064826,1282582.8048958,3200861.01797228,5490246.7654663,1,0.692511280911238,0.663588824263718,0.766605691647668,-0.441289857836061,False
Q86UP2,21,Kinectin,KTN1,12173264.1565642,16294696.3228092,10977506.1315565,10450380.2856317,14572029.7702086,20531411.7742657,10672192.6604242,6158690.96783975,25661076.2712245,21686562.0984086,11452614.5358625,5636742.47214021,10444674.0839395,11715601.8396728,23496503.9151688,21331873.1809177,7475553.50597839,6580359.02798253,20488602.6460481,16779257.1975993,0,0.90765363834548,0.552595434781387,0.730786710248407,-0.603733482561522,False
Q86UU1,21,Pleckstrin homology-like domain family B member 1,PHLDB1,5447834.63682891,22752257.4225993,11638306.5618573,15638333.7269757,11769462.9504946,16424864.1385575,21997971.0686074,2537169.09772122,18364481.6737041,4635545.16270606,7113955.21749958,11980968.685235,13731473.7726818,8234403.17218814,6363022.10430653,18796772.244997,12437416.9190876,21958341.4701065,4658951.39116477,13039618.1671283,0,0.901747777941416,0.977022679695861,0.843797505224354,-0.029152727765582,False
Q86UX7,4,Fermitin family homolog 3,FERMT3,1950608.1219457,4404888.69096554,3243621.23143975,4301622.66610762,1225787.02837908,3323969.11339943,3481256.47270791,3118570.34783368,851395.303342018,1626608.86294869,6011563.68379545,4302112.46721952,3531538.39886073,4711084.5998773,2153195.67993379,5058111.97170002,8728359.8472509,716492.832919283,8427420.98856032,3007110.5189289,5,1.69450869888445,0.137713322093585,0.487113906409608,1.54425414717221,False
Q86V81,3,THO complex subunit 4,ALYREF,889859.691698762,5828314.63849047,2671796.30118548,2127626.21704306,5652166.6268307,3154453.61248449,5090918.73244874,9844872.13773775,3243210.78474531,979726.571505031,3796695.40179313,4723436.96933783,1400213.05823576,4879640.66184049,4172674.94469882,2885165.68318741,4428754.33171669,6370818.91186641,7270056.63763791,5756282.85410896,4,1.15704993867386,0.303158574465388,0.611822514573478,1.05601658954573,False
Q86VB7,15,Scavenger receptor cysteine-rich type 1 protein M130;Soluble CD163,CD163,18742406.3083206,13367911.5742522,10934536.1343154,21294637.3206489,26351787.1918306,10137575.2341582,28984205.5272033,13180021.1462832,15379015.0543527,54768255.8606294,20061819.1847916,22307850.9334838,10737569.7351199,26001970.2842536,17004391.2608669,24762382.3460683,23428079.90012,22129273.1395031,44692264.574064,22380750.5909511,0,1.09555206448728,0.397167669341456,0.662183299609314,0.864642515536672,False
Q86VP6,34,Cullin-associated NEDD8-dissociated protein 1,CAND1,23661714.2664202,24047692.727392,26486706.2994298,37372893.7616748,20448937.4473992,42190267.1823659,101886387.379072,94352773.7021042,76654961.8147516,95198399.0758581,35498403.7996015,12563347.7692631,9212187.37918819,71694040.5415133,25128566.971661,103308196.709117,120577786.338535,103647521.721722,72254353.6145777,68732627.1929825,0,1.14810287612956,0.871384141605686,0.825812662811676,0.163924710022682,False
Q86X76,8,Nitrilase homolog 1,NIT1,14500665.6874402,10400261.3586671,10757343.4911465,14916298.4125148,6770055.99220075,8298913.62801524,19746915.5871128,18929804.2979877,4622100.09172581,14216071.9656747,7028463.62917151,12131449.3085495,2315922.62860002,5160643.87443763,13550315.5591993,12712529.9987871,14532158.6631453,15814155.8412958,17766535.779074,13626384.3905817,1,0.930821862505141,0.588132403354306,0.743447109981051,-0.550128855233929,False
Q86Y82,5,Syntaxin-12,STX12,1236167.86032776,15237098.0361203,4699823.91643119,4319349.28161235,5528748.663663,18277850.9108716,2265653.3357593,13869548.6060829,8775894.98652412,12471490.4456576,1689661.3373734,17379403.6919648,12090853.7834987,6732534.2608998,11940659.0371407,13827823.2868405,6338254.13234094,16497882.5188825,9577517.4801049,17063347.6315789,0,1.30521244611212,0.247928799098429,0.583149616570681,1.18900881795752,False
Q8IUX7,6,Adipocyte enhancer-binding protein 1,AEBP1,2060964.17866467,5589636.08711688,5382002.3238832,4102405.01004297,2517587.83727144,5202422.84779539,4294918.83784777,3028854.55660204,1846606.8136286,5326975.6366945,54090068.685745,3957908.260547,34586921.3480287,5224167.72364008,65188559.3733564,3938058.28546594,2051572.47332533,31345921.7262801,17121724.5342738,5367185.16158818,9,5.66349788296276,0.00548269867665792,0.174374622303767,3.10117078390889,False
Q8IUZ5,6,5-phosphohydroxy-L-lysine phospho-lyase,PHYKPL,3985569.44044511,2088307.09607312,2811331.60131757,3856187.40699187,2191075.23474851,1396305.78039728,4633408.70901748,7771652.83644216,7101733.29202228,2881493.81945336,8154235.86875027,1903349.0128951,1135545.57291977,11505384.5288344,4447046.57279646,5530147.01034971,8693357.73584634,4365815.94203294,5574532.65278531,2349919.0734072,1,1.38593495323047,0.398727001465608,0.662759156764724,0.861739186721768,False
Q8IVM0,2,Coiled-coil domain-containing protein 50,CCDC50,1293416.86529067,1858892.91719446,1561576.57610313,3529542.08958159,1459714.82797594,944187.619186851,1169736.0153102,2282825.34480382,1906887.04514419,1223941.30874902,786755.348339698,33720.8164978712,21810.6271164855,1133491.7400409,1295481.96263595,791510.649888822,1460306.03759904,972864.824824825,2413605.39338036,831163.648199446,4,0.565310718533935,0.019972100210782,0.236659049950114,-2.52177301864676,False
Q8IVN3,1,Musculoskeletal embryonic nuclear protein 1,MUSTN1,752533.879608998,244022.269865117,1527075.57468189,2153025.86940539,1488868.77020864,1223966.0729336,1141172.00212438,434393.712781402,168138.188936304,312804.266805823,1261005.99534884,1331496.71702307,936990.967927511,534805.879578129,1755082.15844755,177895.324394583,1379736.12325715,969786.657810016,1036515.06126786,235483.091735919,10,1.01829317788786,0.74571506949716,0.798823546685696,0.328669460139102,False
Q8IW45,4,ATP-dependent (S)-NAD(P)H-hydrate dehydratase,CARKD,1111609.00206142,3039838.26693732,1816152.34595743,2807293.58946991,1195393.9873097,1027817.40873188,4695283.70493476,2348257.46489938,2382160.56967029,3755785.24634268,3809732.61296203,4678226.66700618,629207.586116444,2300006.70854806,1218886.56153513,5016628.5018395,3976060.35755102,4496523.39271089,3044134.44940315,4156017.36980609,5,1.3782459512815,0.2806351106655,0.59687397298761,1.10791698859415,False
Q8IWA5,5,Choline transporter-like protein 2,SLC44A2,2177515.42294569,536203.965969914,1988333.48108901,15172469.6243819,4449460.46561425,2136572.00633033,1174629.61418301,1382489.67655977,2399539.41078969,1061287.09134375,1082221.10451602,6309312.06845741,6022429.90792071,4622946.21464213,2196852.28250781,4229174.84369857,3490379.48058435,3156793.28341978,1095164.99624706,2998160.71274287,6,1.08389962811805,0.265961020479358,0.587927183588789,1.14338385950547,False
Q8IWE2,8,Protein NOXP20,FAM114A1,2899891.58050508,11834639.2513556,1010607.45875065,4365611.42451494,1926754.39408227,5616159.43673299,4526827.78441466,6974960.95947808,8179393.2457098,6641613.84403768,2171918.15674868,10570193.8999363,2720720.08680602,6594325.93435583,5087006.10787984,2419566.82769355,1114413.37771909,3398223.63636364,7195856.86398987,4447077.31209603,3,0.847022993525277,0.608965028322694,0.752218059563864,-0.519457238143819,False
Q8IXB3,4,Tumor suppressor candidate 5,TUSC5,715395.160751674,12143530.4027541,10869534.2475797,1537351.53855941,8126771.47992852,7854966.11713943,4986826.07845922,56524077.9187724,3262604.5639655,2419206.39220724,44787662.2264652,43848844.1320771,534515.609846129,45767748.4891616,25205502.1127314,22889959.0616535,2842350.94405762,5305429.87992538,42866003.6304033,2858759.55632502,3,2.18467538829357,0.195352728500785,0.539227987617833,1.33828573548582,False
Q8IXS6,5,Paralemmin-2,PALM2,3251115.43373743,4541788.00550988,5779230.24712826,3560887.93407165,6624548.74490684,1769821.22426531,136490.218514729,1273264.40521915,5202836.15004251,4133203.60098394,8401756.26437037,8831036.29624001,3479332.34367884,1878425.44699386,1530583.13925069,6489121.27003413,5665327.85187936,1417281.82074507,1470304.85413275,1660867.01846722,9,1.12546045296053,0.617594368635387,0.755192054657026,0.506900658603491,False
Q8IYT4,1,Katanin p60 ATPase-containing subunit A-like 2,KATNAL2,25115887.3038747,27380680.2182088,27260166.2497701,15557266.8877772,24784968.6862456,19778014.1460091,12116219.0396734,10332607.6261141,13488331.4697691,15263754.5222294,22881024.5566993,2284478.6596185,15909363.9554882,17530594.8707566,15745288.5839804,17840914.5150596,13063864.9642257,17983542.3518974,18723188.8971785,14304749.8661127,0,0.817818357695402,0.237028586505065,0.577879893173472,-1.21780893498745,False
Q8N0U8,4,Vitamin K epoxide reductase complex subunit 1-like protein 1,VKORC1L1,10144306.2781425,7189706.80706664,10922660.7896233,5835731.5310991,5068791.6936923,5816415.38673896,4619661.95623407,4220629.35293577,3973625.84628515,2730176.71437237,5096291.67009796,9531757.6233067,9051966.63471159,5252833.7205726,6537359.39802927,3084360.21172428,4321055.52739496,4770099.1043771,1970012.44135468,6672858.07024812,2,0.930056301957852,0.654611251695585,0.761003945946475,-0.453933443110672,False
Q8N163,10,Cell cycle and apoptosis regulator protein 2,CCAR2,2713616.25508477,694680.247105125,6687081.45446781,1892842.00496161,5023963.06884435,1819826.66543656,2772762.88674891,3703167.30653781,4184690.6123439,8928309.399843,1203755.69823178,377761.964607213,9960881.91873937,4945075.57750511,124393.938697693,8240022.56519102,4992737.07034814,20093.7239951566,2399323.204603,8358099.87072946,8,1.05729182151516,0.269555021722056,0.587927183588789,-1.13456675624352,False
Q8N1G4,9,Leucine-rich repeat-containing protein 47,LRRC47,6113565.6818828,410387.36608361,3262594.6996171,1366786.90888587,2161633.04732424,8956279.58675457,6537931.03643383,11524468.2913719,6085784.7104483,9131043.64375937,1570655.80516354,378018.936334954,4893050.55923632,5558069.25591002,7970162.16282897,9554043.5868203,14033154.2031212,5407393.5971426,8473816.97458853,9322547.06832872,1,1.20900698297627,0.556241780158161,0.731996907067397,0.598152905273881,False
Q8N335,10,Glycerol-3-phosphate dehydrogenase 1-like protein,GPD1L,21943036.3326182,4792456.78026063,11811124.0780343,15103292.5882659,8447437.11769371,13354238.2417021,10298122.6448922,10940559.6081044,11096432.0326116,6612670.86316278,5686043.98812884,11101193.1532025,1708625.3556478,7465542.91312883,10462116.8810909,12416327.4453204,7912092.6594958,17666340.7962508,8191807.12873033,20101389.4921514,1,0.897832562846798,0.413547053766302,0.668891502267805,-0.834503395264018,False
Q8N3F0,3,Maturin,MTURN,7957370.13286117,5161308.48565681,8196331.65557543,12714523.0598849,5418197.18301325,15395574.4210803,8162522.91985444,8976737.31599743,7559544.01967478,2185861.94501534,3639986.68271625,5057879.84333391,6981227.23370021,11875366.99591,778981.239372892,4285189.54327875,6187924.55130852,9300043.46528346,9514134.98553084,5990657.4621422,1,0.77833073691123,0.275487146746515,0.592304662705395,-1.12020106409843,False
Q8N5K1,2,CDGSH iron-sulfur domain-containing protein 2,CISD2,1714571.46509163,960583.667963967,1593640.00677178,2544309.77052309,1415550.43815688,2216952.10540136,2147128.71221266,1902168.40466783,3386103.47839368,2173259.57948844,1391588.94111738,1767198.72971412,1869931.18901356,1815966.89834686,2115899.64197321,1970502.59931271,1584613.036095,2014272.3986714,1503085.45194398,1628276.2700831,7,0.8806771447999,0.592077484702497,0.744753316101235,-0.544280257603487,False
Q8N8N7,5,Prostaglandin reductase 2,PTGR2,41677.0340560136,1838537.36159699,2580699.90703429,2603110.2512217,1847006.01364068,2847789.9786387,10050954.4306381,4939695.72259487,3973122.11175995,2353517.82962249,3608857.67939609,5513531.29110223,1747088.4428865,1393396.77889571,2215789.41806144,3871941.64406711,3220194.24921969,10985548.7824188,3696298.06357388,1253714.98060942,2,1.13394110140512,0.365478342387811,0.644379893917954,0.925336734707464,False
Q8N9N7,2,Leucine-rich repeat-containing protein 57,LRRC57,368270.678741731,1074353.12817037,2026152.56082064,1930101.6614413,2304640.9638967,1823142.67612431,4028841.89234046,1690673.24483139,2538738.05125326,2703834.60044245,3862078.35350343,2904116.38518079,3328200.58988556,1120267.1601227,1378507.82167497,3443808.05530625,1943963.4180072,1322636.94235144,312033.137224189,1850238.51569714,7,1.04768963195587,0.991668649593021,0.843797505224354,-0.0105691291767118,False
Q8NBF2,8,NHL repeat-containing protein 2,NHLRC2,2126788.45652286,2430351.05509883,4325281.79502399,1820977.38663505,4274676.19092732,6181707.12410137,3912971.42411467,4860953.91927777,7097367.59280388,5110503.48019696,2429605.77428192,4347826.38510189,7836604.89498183,6041339.74286299,1927684.75273025,11112129.4675561,1703705.33536615,4341664.4026754,2416901.28309821,3130636.75669437,1,1.07466546076978,0.930018086191626,0.830111878942504,-0.0888997405579567,False
Q8NBQ5,1,Estradiol 17-beta-dehydrogenase 11,HSD17B11,2332715.78450125,1771191.07193458,1210941.39861555,1780227.78879796,1164323.71037004,2520702.18978019,1307420.32257921,2306782.77460259,2585165.58332585,2977859.27420966,1405739.27297858,1628930.25732314,3765187.49519998,1606366.02543967,2688061.34060885,3769781.98787144,2737883.10386555,1465165.04081354,3165490.79901429,1588622.415145,3,1.19360795553074,0.430870838116773,0.678937927195674,0.80344121334646,False
Q8NBS9,12,Thioredoxin domain-containing protein 5,TXNDC5,23071107.4430687,25571157.3382019,33744729.4697945,35112750.284822,35853584.0423891,69941297.4259983,36778298.5115825,36958843.5831113,44885264.8679364,52718906.0857775,25684714.2138469,31280221.6799815,29319890.8110008,55537884.6703476,32164218.7838381,30582913.6454417,40073827.5980792,62307569.9171899,36732268.3554892,40642853.6518929,0,0.973875730248182,0.900242803929943,0.826708499711055,-0.12690538948877,False
Q8NC51,10,Plasminogen activator inhibitor 1 RNA-binding protein,SERBP1,2644082.73554424,9219249.36155326,5575161.82386677,12562117.4021918,8300226.18057238,6921044.86704185,3121286.65731783,12293853.8505008,6497251.86178241,2402400.79040891,7316900.76656151,5505957.38754776,11936445.4635063,2835258.20327198,10546972.5953655,5190798.62575298,13370806.5565426,8442068.53367003,7825287.29010671,6117768.01846722,0,1.13736043371507,0.448031075902118,0.685569866640652,0.773430424525246,False
Q8NC56,2,LEM domain-containing protein 2,LEMD2,19128433.237027,7702465.00623782,8193675.32847326,13723213.9841173,28684514.3492917,28679513.2362021,3139948.68691755,952543.974042084,1805720.36133321,1263754.57967602,34021307.7544413,8440709.76662904,19850442.5128808,3228861.45182004,16392909.7082573,551745.261520113,1134427.40552221,25227480.1779796,7229491.84111051,685268.607571561,5,1.03080025809962,0.780845085112883,0.81078497116161,-0.281874512693766,False
Q8NCW5,5,NAD(P)H-hydrate epimerase,APOA1BP,33220124.0823791,8540065.29954522,27627364.4080124,37323172.7669664,8443731.10808786,27285462.3430725,27397518.2994586,27716771.2919232,29223318.9219297,33849949.8444302,20392303.9091815,18170606.1168519,26459167.1083588,21806032.7599182,21874559.9387433,31429206.6553467,24094017.5068427,31487994.6405496,27281515.8645325,14925367.9870729,0,0.912876777150347,0.952934565321307,0.838202221894998,-0.0597431587765346,False
Q8NDC0,1,MAPK-interacting and spindle-stabilizing protein-like,MAPK1IP1L,4447491.38940617,5052526.10534432,5409063.25271289,9732452.35769019,4456476.55103659,4759536.46033965,2854709.93228011,4357160.94211155,3758867.0270416,2526975.64818383,4511349.2236427,5847003.47699736,5557625.63178976,4739521.26883436,4865687.3709897,3684245.94437033,5487074.58218487,2695022.65415415,5917051.65346356,6466040.13050519,5,1.05100515313005,0.609800402926419,0.752555933614109,0.518238001833297,False
Q8NE71,7,ATP-binding cassette sub-family F member 1,ABCF1,1113263.66739473,1084324.30212524,5752967.63144407,559883.183515814,847275.32565939,3761815.16460978,11287624.925446,10372107.3311587,2550239.98957865,2070556.84378791,25987193.7951198,11005816.3856228,701863.748312723,3143933.65824131,31569681.291584,32216561.4020619,3866207.57714286,21194676.5988716,2845874.00637547,10274382.7746999,7,3.62451725111921,0.0147761497348104,0.210432875997758,2.66011703718717,False
Q8NFU3,4,Thiosulfate sulfurtransferase/rhodanese-like domain-containing protein 1,TSTD1,1713613.56368251,19964415.2619381,1628172.25910011,2885979.47546482,1983888.70883915,3611268.27938599,9854381.0521878,54554244.8019847,42202878.521247,7049016.30985513,1801064.16935082,2127455.40914091,13073566.0039476,6269534.74797799,1978569.26963772,4421352.0436224,2782219.11164466,6154390.5045955,15528711.1706457,8253225.36472761,3,0.428951574488304,0.397593345368702,0.662227458628831,-0.863849215986472,False
Q8NI22,2,Multiple coagulation factor deficiency protein 2,MCFD2,1051643.24829274,4340060.70659622,2046934.4140318,4400740.3881676,8045997.64182763,3948981.96501641,4913967.83308627,8700239.38068547,744137.029738795,709169.720331121,1294382.98814544,2297732.99083883,3360337.60675264,1848612.81018405,2837831.28482291,2832134.67002224,4243332.89027611,1762604.13417771,3594878.09826072,2749504.21652816,10,0.689461717009946,0.759112506625724,0.80518711011774,-0.310740518306711,False
Q8TBC4,7,NEDD8-activating enzyme E1 catalytic subunit,UBA3,3139878.44308166,3319501.88669757,2533511.03733677,2526366.9767805,2486938.334949,4549434.02316389,9048181.37348007,3335063.13962143,4364523.83784027,6216005.30960537,2680960.35339532,2847381.9916493,4395721.4309487,8908567.24452424,4008890.40590292,6599133.13647221,8352311.52216086,6303126.56916007,3865571.57908302,2373881.92760986,4,1.2123378678886,0.377290824696024,0.651298791049508,0.902320688370416,False
Q8TCD5,5,"5(3)-deoxyribonucleotidase, cytosolic type",NT5C,6101004.71876858,4047234.12353507,4661385.30071731,6326239.95280918,3163285.08801692,7810929.49520613,8364736.37836159,7460034.51121014,6991835.2097745,4224074.67423107,9042232.50207921,2699690.87233704,5394993.84897308,4336056.91734151,4259409.91670018,5896093.17525773,7286542.10439376,6732666.7990718,5538277.86588895,7849657.64542936,2,0.9980534855981,0.962487983329885,0.839800241506769,-0.047605561360656,False
Q8TD55,6,Pleckstrin homology domain-containing family O member 2,PLEKHO2,3558617.47305296,2049239.70959419,902041.807539251,9021982.57895498,1024691.06707572,7896880.49223258,2727891.07335582,1924236.71813838,4434039.20231785,10664221.3633769,3061560.83646024,3834288.67445293,5664081.30276643,263520.776601227,8026165.19243263,5730159.29581565,12484983.8909964,1863920.56210756,9192997.01302225,2652462.11034164,0,1.19388129812525,0.745035910175899,0.798823546685696,0.329581226805016,False
Q8TDB4,2,Protein MGARP,MGARP,3955737.15304883,2299009.44407032,3081964.45666895,2102765.71968886,2776830.64189561,3832114.59119006,1993436.53066477,7091828.56505559,8186021.85751505,7489163.02362092,2936193.86119874,3432868.18476324,530791.225357403,16409181.0707566,3377604.36801968,10326460.5752124,4465192.42717887,3730817.54631905,4098396.60915175,4819049.53033384,4,1.26437705294492,0.84401229415512,0.819283344390874,0.199254684190456,False
Q8TE73,4,"Dynein heavy chain 5, axonemal",DNAH5,15497088.2421744,11405551.8475599,4962487.79047603,9209625.28941966,6951238.68404239,20502327.532209,13846061.7107242,5782585.08067628,21464967.6763094,3766188.7141226,1822010.38427694,4191344.12773532,7284032.52351561,6347608.89515476,5789559.38109086,6550156.77291288,10179331.9884754,3104238.17312767,6256612.80439501,6912424.71837488,4,0.515374260069976,0.0265055934315934,0.269759869962038,-2.38940383830096,False
Q8TEA8,1,D-tyrosyl-tRNA(Tyr) deacylase 1,DTD1,43056.531920711,362403.134699143,466175.746246891,789169.71664694,467845.728758976,1137064.76010781,398936.133194284,851081.253431958,744905.824714761,550056.683304788,441010.688781138,578139.559563315,434577.351157684,595518.886674847,749214.346475036,407202.949140893,900900.49815126,537201.669442169,513119.323073793,477471.057894737,9,0.969652654785287,0.524556553614765,0.722158764334251,0.647319056818923,False
Q8WTS1,8,1-acylglycerol-3-phosphate O-acyltransferase ABHD5,ABHD5,28230764.5992194,14696039.2526675,18561476.262812,15345412.2146719,14872628.3271277,19515386.0995394,24025911.6184432,15586068.3970413,17130332.0869643,15372457.4227503,21490816.5141956,27950409.0815677,20534284.8461289,19421021.8151329,13666251.3051078,28875215.2504548,26326075.2264106,22323165.7794158,10742910.28034,17531300.33241,0,1.13922474494804,0.442620969352473,0.683685726064029,0.782814321094501,False
Q8WUM0,2,Nuclear pore complex protein Nup133,NUP133,906756.602657223,3449024.36125064,2457769.56457598,895885.853349912,1835915.98085439,2413923.14025364,2737595.32874767,4218997.84337958,6274769.11315246,1757252.4102619,1246875.91224896,1470689.77234572,2152362.55670077,2745743.85018405,2944218.62458621,4852281.42179098,2654416.53051621,1234875.01060151,5357680.01134925,569631.47958293,5,0.936205950970011,0.748390744121457,0.798998183059113,-0.325080148423636,False
Q8WUM4,26,Programmed cell death 6-interacting protein,PDCD6IP,26105063.1491199,44134704.3904146,36001044.9612922,20477483.5815285,21595741.5309877,47237235.4491196,78136673.7987042,53305710.6468804,76172216.2281017,96812270.359666,35816475.9521833,20663231.8759407,23784440.9892101,58074252.0789366,18431181.5502893,58321678.2825955,85500285.7709484,84150256.1284011,60838743.7918249,50657705.212373,0,0.992519888104559,0.95484527338457,0.838236223008712,-0.0573149299992216,False
Q8WUT4,5,Leucine-rich repeat neuronal protein 4,LRRN4,5922494.10835681,645519.090270247,638221.649932282,4187982.37988661,9325643.36683531,6910168.35198603,2673415.02960392,13228107.7437287,13633574.9245351,4415471.80582316,1516862.82209032,3486017.21600326,580031.406599504,3492970.83689162,1518006.56831049,3279460.97525773,1248588.13810324,1127043.48980799,1484249.00293905,1083990.85918744,5,0.305570614585313,0.0160123361291985,0.21422020420723,-2.62346556137691,False
Q8WVJ2,3,NudC domain-containing protein 2,NUDCD2,2630434.76600667,4244042.2127427,1504793.67793068,2178536.19205968,2279607.68644385,2110176.56125585,2243424.78494719,2677135.44385739,2869103.94403019,2261420.4642118,1629460.36410427,8062961.3268496,1811404.18337435,1132268.65750511,2307728.48838289,676157.890163736,3021310.4572389,2003812.4009919,4179048.36876305,932453.835641736,1,1.03031881558887,0.46309880813517,0.69086707470759,-0.747652837061275,False
Q8WVM8,6,Sec1 family domain-containing protein 1,SCFD1,7825228.14976377,1586152.23723107,1197737.89037236,2934768.20793308,2674030.8775769,2111370.32510344,9763973.8865714,3257437.63231646,6393482.54959123,5428809.58092486,470564.690827763,6498488.61238249,7961559.91870776,9160123.76646217,3665586.77929344,2214038.52528805,5849032.31370948,9441210.91364091,4896762.51080666,2030582.84025854,7,1.20881016706819,0.716987793769687,0.790319464530101,0.367496800846108,False
Q8WW12,3,PEST proteolytic signal-containing nuclear protein,PCNP,2404561.40979614,884819.092093755,75404.5558450574,3193060.66234855,2141661.77333715,658825.003441938,325051.084450164,536775.230878434,1182600.75366095,504021.338378648,1588033.40569484,1636921.3414986,719552.45586936,1866882.60556237,1131356.51895709,412477.168077623,618236.011308523,417974.704022204,2370082.74710617,1828334.34672207,4,1.05736818423738,0.411258409546487,0.668891502267805,0.838668140497069,False
Q8WWA0,9,Intelectin-1,ITLN1,8657039.93402177,1300339.1608361,2203345.2039895,6107359.48697337,8423965.72352332,28152930.7389876,13231793.6979675,25854274.3301479,12573213.7489893,30143381.003354,19870975.8932426,3826173.77778743,3748761.07817951,15283180.7112474,42705409.0477369,1362305.06031939,11416970.7481393,10749135.8267358,6851563.15346356,1769856.8531856,0,0.860492940410714,0.496324068748894,0.709261894965122,-0.692521521687623,False
Q8WWM9,5,Cytoglobin,CYGB,1327347.30587605,958772.064916359,4124325.43648068,4963860.0640491,4435351.54234429,2529187.67175979,4032076.64413775,4781267.55779656,2088567.29723295,6763587.83486762,3506986.94935696,3752338.29695295,3883204.98363936,3121688.84462168,2555213.69639799,4857019.10488642,4445986.14040816,4036623.11315216,4250683.61611503,2547454.85180055,10,1.02646503414238,0.494723443686272,0.709261894965122,0.695127326963457,False
Q8WX93,6,Palladin,PALLD,1262376.79297955,732922.151150079,538468.754518702,4179177.91245424,549271.801471722,2739157.46850804,849080.875610189,1463464.07190113,756189.478079238,4317572.50645829,1422760.0120704,1243718.51434656,772900.827929365,1842650.28282209,1692064.82491843,415038.715670103,1741579.41488595,3043389.95276202,3047937.39907759,986154.130338692,5,0.932165325373091,0.800294718414704,0.812593916944395,0.256247931407509,False
Q8WXC6,2,Myeloma-overexpressed gene 2 protein,MYEOV2,188305.842883416,1963808.49430473,2169336.59906312,2596192.5476101,1998631.86346301,3649628.39119111,1601699.79377829,3357732.53556005,2480556.71359267,4705835.25911653,1048757.15662326,2153776.01967522,972055.91933852,3391225.65844581,1780101.28983912,1650271.36931474,1620597.75803121,1802010.98234598,3471924.0327817,1667836.52677747,9,0.791468596654539,0.746501038845899,0.798823546685696,-0.327614657297908,False
Q8WXH0,4,Nesprin-2,SYNE2,394269.307596867,3148765.96545391,1543872.93723979,991739.284018159,1869743.61297892,1196013.32392198,1830716.01397908,914933.385325737,1205402.78175051,1584128.03618069,1447212.77853229,4843646.57136448,4241381.73719484,3395124.23402863,1709835.41472017,4372765.75742874,2304537.44060967,5956285.12499134,695373.126272028,2067744.26164675,8,2.11408614003769,0.0221946936670748,0.244466286728116,2.47271868380602,False
Q8WZ42,10,Titin,TTN,11677226.8920438,45100764.0309603,9885130.67441938,11986002.3982882,18608491.8992487,2943821.6481559,3751731.48837312,11376773.7420748,726972.875617645,2499966.64529366,8733950.9956002,64055337.2774002,743156.377416912,5872172.1396319,40856508.5612412,50702018.7184152,54587138.9704682,68631191.2785513,106634708.871405,42859157.2945522,1,3.74229932415621,0.00804872625301896,0.179270862063884,2.93252914859144,False
Q92499,10,ATP-dependent RNA helicase DDX1,DDX1,22130618.4411918,4552739.95067343,2695546.99056967,3361787.77700026,14088807.8562133,5288771.76610436,18209993.771634,12024225.4291096,16053179.7605786,22803601.1068294,8135518.18865082,3269221.369978,2859207.417994,9499529.17014315,1701884.70895338,8716818.00202143,6437875.52633854,15957024.1022841,7058274.59576777,11397469.2566944,3,0.619035330999305,0.170721100184611,0.521118528909864,-1.41933120996879,False
Q92522,5,Histone H1x,H1FX,19548654.5720195,6884114.84463005,765522.21994081,19793279.4586936,7406922.47492705,10161715.791965,7418281.17941777,23252445.9326472,10789153.9722397,17940646.8086777,13018460.4694504,3664281.58931052,10489657.1951648,13891159.9002045,17050649.9126009,16992354.6488781,10386652.1867947,8035999.51806352,17047355.7406403,19610868.8596491,2,1.05023124985762,0.472337622114441,0.696510122357518,0.73209548961437,False
Q92530,5,Proteasome inhibitor PI31 subunit,PSMF1,6560687.6573526,6531282.4023089,7830696.04268731,6116330.88384466,10978229.8996453,5445552.75142113,8767006.79417769,6493150.4268584,13857736.788249,8824941.61100407,8925259.75859206,2082552.98092509,3753562.64623164,11926583.5770961,6284671.51293197,10113201.4683647,9799693.7032413,10127488.8101738,15043623.8121722,7801202.96860573,0,1.054691878032,0.872812167084135,0.825812662811676,-0.162087762813496,False
Q92575,3,UBX domain-containing protein 4,UBXN4,755457.386376561,3121876.48814938,5595174.775677,1129315.11459388,6622227.38681178,6412103.54668616,3398314.11893139,4705187.69112377,6763475.55835055,966855.614572183,4102403.348745,4462399.69383778,3217379.49343265,4354173.82740286,3258488.33980447,2366446.82894684,4395008.70636254,4442012.34789335,2243148.73797251,1748815.5757156,4,0.876369082742979,0.778617389579923,0.810332388735812,0.284821742433041,False
Q92597,10,Protein NDRG1,NDRG1,48440629.5790576,41286381.3385517,34708819.9533499,32512126.0833357,32769360.4926304,57254240.5346713,56923337.3968226,83548745.6831756,67638953.3712155,91870623.1642047,38351743.7439814,35893540.4343233,40868925.546932,81105660.6543967,52562838.6156916,81365027.9522943,94263378.482593,75520332.8396578,79956594.3552179,78158057.4792244,0,1.20311222044798,0.0972086155487384,0.427872205634169,1.73740265032557,False
Q92599,8,Septin-8,2020-09-08 00:00:00,1346438.62305167,3081011.02112122,1130095.30198806,2966722.04730648,1524590.5850206,2299985.01302259,488978.352454069,2611102.24129376,4179653.26709191,10518839.5700421,452376.179545077,209959.426392266,246650.46802356,2954355.86519427,3748540.93161216,5161102.80853042,5315294.98929172,355724.961734462,4271726.60431362,286758.760018467,1,0.763000416936913,0.174090321132767,0.523546616129746,-1.40771563022515,False
Q92667,2,"A-kinase anchor protein 1, mitochondrial",AKAP1,1761353.98381149,1826032.52868637,1406790.83331383,5551349.05919093,2241106.3644275,1111155.38933638,2049588.50417147,2488824.89350363,4005780.90014374,5002267.40194819,1831785.28457579,2076466.80842596,3386691.72349043,5947745.62256733,3010281.76159391,3402247.42726442,4896167.14247299,5880304.54914005,3920756.60435884,1741248.68097876,4,1.31516422532662,0.199045640029973,0.544755748559004,1.32684368074351,False
Q92734,8,Protein TFG,TFG,10781775.1561894,13869739.5093581,7424746.75966024,15146528.2358384,2696533.76710216,9509522.80989859,9700108.27416348,15872870.6032344,14907183.7157488,12931643.8282309,6297207.99252864,5528814.34648894,15977849.4787582,11275292.1267894,14753618.7374316,15125976.3145341,12048803.7334934,7741078.60788061,15065596.4102912,5220294.47691597,0,0.9662699537391,0.922253749982505,0.827857818900173,-0.0987949767797791,False
Q92781,7,11-cis retinol dehydrogenase,RDH5,6454040.24937317,4599980.43055798,5187806.83055495,3167875.89763757,4314618.7389015,10849191.1277491,13459885.1708529,3333259.89221722,2299886.71155868,6455018.31295939,12602018.6852897,1881438.79189823,460160.502455905,4111162.61607362,1224365.32059988,4310124.9623206,18059294.5046819,11223662.5507326,8039773.65174534,23533638.7235549,3,1.42121454484405,0.881720431749008,0.825812662811676,-0.150641232401281,False
Q92783,4,Signal transducing adapter molecule 1,STAM,3486995.82760359,5818025.21688914,1787708.13976625,2408333.65890756,1037714.80283595,7349075.52661647,3408101.31667702,1225482.21632212,1829060.06100081,8224741.54677799,2374214.67258841,4557325.96734977,2348750.19123016,3750964.80928425,3275112.5427714,3156143.99381443,5426224.7577431,3046784.63049756,3156701.75976668,454431.854709141,4,0.862514002217722,0.854437265299094,0.821068367518388,-0.185770541639878,False
Q92804,4,TATA-binding protein-associated factor 2N,TAF15,786717.833922334,2814568.1760976,3696460.81462476,4450414.75105873,5290391.25776821,2168273.06850521,3372436.10455312,6235887.13052467,7040613.50296469,6214938.28726896,2495369.84611873,4983899.03540002,3516520.77802223,4986507.49840491,4370658.60585712,4067949.15011118,5057446.10194478,5095307.01502899,5072796.82573702,2810172.12696214,8,1.00917327374616,0.579134030516811,0.741312801161535,0.563542508937059,False
Q92841,10,Probable ATP-dependent RNA helicase DDX17,DDX17,11029008.728255,7784708.00699668,4132307.44377748,4163484.77211347,3159167.29956597,20007482.0856013,21803056.5372326,14124579.3103924,22084561.1423053,28466155.2683223,13249023.9907853,2446100.35153989,5444220.02880013,25501270.8711656,23194377.0960307,22070868.3270669,19203594.3006002,17209672.6048776,26964603.3916621,23560256.9021237,0,1.3077739599747,0.203972196997703,0.544755748559004,1.31183580128271,False
Q92882,7,Osteoclast-stimulating factor 1,OSTF1,1317331.00660429,3034424.38870911,6088926.73633521,3133503.55781742,7895653.46526692,14537390.8550909,10634039.177687,11020417.7074336,12088789.0472554,10196065.3132805,9925557.88917483,11563314.3258154,12986978.0104924,20516445.1112474,8255434.63508957,12726131.1364463,11514797.1620648,10534833.4352534,18698680.9992765,12890271.5604801,1,1.62123892078265,0.00274533586232036,0.124769845734801,3.40010026500936,False
Q92890,5,Ubiquitin fusion degradation protein 1 homolog,UFD1L,924885.454228811,1734657.3444114,1420416.22880265,1542431.72714918,2998779.43940162,1363941.51608485,3391844.61533682,1921660.65041808,689895.767158978,1186462.1491829,1254290.38120538,4007271.22170603,6499927.77644016,1940038.22973415,1585948.96304489,1964490.30989936,5379196.27985594,1310816.29456729,2909324.88591703,1153805.70332221,5,1.63057647661839,0.134365545977088,0.486433579823015,1.55825887883412,False
Q92905,9,COP9 signalosome complex subunit 5,COPS5,11136545.905977,4517268.72529299,4347157.42998311,406177.291119914,283468.556963141,9070085.07355811,9280419.96405432,5637895.94371956,6859017.20663013,7849949.95111682,693785.18549726,1842893.03273706,6089909.43767224,4549790.59047035,6604145.32647032,2301463.61568627,4480898.50280912,6536903.26526526,7686521.88198589,2543605.02816251,2,0.729607429883753,0.85890037733756,0.821714813561017,-0.180008683741726,False
Q92930,3,Ras-related protein Rab-8B,RAB8B,159765.788533616,576163.232790206,415957.274937326,832983.218066177,611048.31277776,531277.968348367,839366.421323671,461502.532091335,1218469.69081172,1334244.74277457,750170.142273575,1210257.94529145,1426972.86908007,972962.157218814,1673491.19998715,2456884.31131714,1247331.65205282,1451388.45850396,584986.620921505,2218095.80193906,11,2.00443830020493,0.00379631931541978,0.143190922277685,3.26068786614701,False
Q92945,13,Far upstream element-binding protein 2,KHSRP,10013382.393375,15686618.1734301,5597349.96789673,31636604.2199925,3145166.81883276,10794675.9120425,3665222.61338422,15662491.7394101,17639103.9574162,26358119.2649682,11440046.8069069,4359998.73010015,1144997.08055924,18169655.4957055,17468423.3610742,19287168.8194866,15083217.5452581,12401475.2975703,12531141.7272563,16422152.867036,0,0.915188554842217,0.856872818680289,0.82112175216731,-0.182625465609159,False
Q92973,8,Transportin-1,TNPO1,1643413.16612977,95641.5390327095,8704471.40476867,1892819.52758328,658496.140133072,5926374.30114471,13193640.2152303,6291014.97973904,13679750.5893451,10100033.3030044,1165403.54682691,225012.559706785,953313.429635739,11311984.602863,13583419.4068465,10157782.9751364,12476008.9906363,11368231.6243516,5974264.91856574,10448952.3638042,3,1.24891141230104,0.50495698184026,0.715497513978022,0.678549251058287,False
Q93008,8,Probable ubiquitin carboxyl-terminal hydrolase FAF-X,USP9X,213684.568172533,504108.228165996,916104.715727256,1454724.21479819,1462769.12864269,1202974.86549325,1611012.97139228,442882.63001222,2011999.64940257,1787529.1690573,680658.890810227,1569211.73897609,492985.683780148,2911930.18973415,740440.69725062,909009.366889024,581788.940945978,3095989.23186823,616973.653183216,297626.48720511,10,1.02488197462855,0.842844620555344,0.819283344390874,-0.200767323936544,False
Q93052,26,Lipoma-preferred partner,LPP,94335248.557655,63502483.8337415,65415961.2545354,129750178.365093,66776116.4147701,108339374.785855,115331342.926245,102853797.179087,104608869.733178,117119039.199315,32924346.7209032,47136729.7643858,47651772.2058466,126420868.605317,59211074.219596,98185101.524156,90404171.3277311,92362629.9162799,112254623.390306,91340384.6260388,0,0.824240688848892,0.0845677774487348,0.418710352294526,-1.81191309566522,False
Q93062,4,RNA-binding protein with multiple splicing,RBPMS,1383276.06295396,810515.12837388,907354.461743609,718900.730011855,2225493.07677204,1422766.52514223,1339021.35936807,744887.155108885,1344803.27077531,2521440.46981374,1765012.1578252,361240.621871092,2861857.0910294,1791510.14429448,397043.790164898,3875039.68097837,475822.292393757,1058498.542296,1852459.04141798,1289159.90858726,7,1.17209019020533,0.93135292192708,0.830224077374221,-0.0871995097532093,False
Q969E4,3,Transcription elongation factor A protein-like 3,TCEAL3,3011621.73984012,843795.64200003,318402.891528657,825146.517390223,43303.1275528809,758310.091048578,614851.668545309,931506.087659653,334286.626498069,3221673.8780775,980528.837565851,1260867.59772281,922633.936923659,1278350.57787321,661527.623293569,774084.981157309,837447.952605042,535364.791800892,1088911.25678242,865281.050784857,10,0.844270796483417,0.409834109247232,0.668891502267805,0.84126746246468,False
Q969G5,12,Protein kinase C delta-binding protein,PRKCDBP,162761095.122393,108832911.7894,165161043.941345,129696133.805627,125448425.158078,336840365.661526,172652803.621195,164061166.21336,150415129.224688,169663220.377507,196894420.305496,149016552.434294,199146298.532951,212747562.834356,131605864.183399,169878209.36325,289216164.105642,211172896.241696,228743197.418159,155207631.255771,0,1.15312462569748,0.160755933713339,0.521118528909864,1.45480309550557,False
Q969H8,2,Myeloid-derived growth factor,MYDGF,9323012.53605863,1413781.69730628,547467.084575947,10535292.9859481,5634986.42316497,16984606.7426495,2876440.82896956,13229216.8546797,389228.91484494,3261487.1490045,5115772.8894522,10466300.8631298,18300774.0559711,5009975.39456033,35914060.7400303,4110717.17186173,2984154.3697479,3280102.1991537,6431548.48941942,1992442.85127012,9,1.45813675548932,0.23095229699236,0.573518903263941,1.23430169113442,False
Q969T9,2,WW domain-binding protein 2,WBP2,15105765.9297697,1640339.84651041,1109907.2160115,6697594.92885451,2063423.79276917,1293469.65694881,1822658.22423893,2610329.42097767,1728229.20020663,2563187.71872547,17393116.2460568,4731120.00426942,6180972.53343923,12913458.2981595,1064801.88377471,2675343.77756216,2452212.02540216,10461698.4921285,21146935.4896907,2402754.58402585,2,2.2225364377609,0.0585600718298774,0.359803391382992,2.00228584263836,False
Q969X1,2,Protein lifeguard 3,TMBIM1,936625.123600951,2696200.3483227,288820.883274533,3212516.70375618,1090122.72556126,881037.511649362,1936040.42185142,3633212.9328162,3569990.04211229,1942580.85231571,1099771.80638363,2562249.58258224,2841130.4317693,1157138.33441748,1988110.11655787,3145111.95993531,968122.501848739,1391774.97579398,2182639.58315247,3852898.92499293,8,1.04962566751579,0.545570126090953,0.730613623538725,0.61454049485897,False
Q969Z3,4,Mitochondrial amidoxime reducing component 2,2020-03-02 00:00:00,1386181.71794498,415691.703703866,1259552.1748895,1066093.78893098,1463099.72885133,1361951.9096722,906394.042069761,1417524.19755582,1509020.72599048,2124174.71619211,1016636.17822514,1955698.08102664,3566237.76023947,2837016.38441718,784228.705178975,1375906.19797857,3762906.4739976,1981616.7961598,3488234.46138542,3375498.81532779,5,1.87022227143064,0.0219047066161872,0.244466286728116,2.47885138480217,False
Q96A00,3,Protein phosphatase 1 regulatory subunit 14A,PPP1R14A,2845989.16742601,2157579.35563807,2213189.2397211,362282.291599561,2890069.82429664,10049899.9115741,2422331.44204313,3904569.72110811,3017621.67320995,2797865.94383786,1527.14926993963,1578339.71487661,237426.206002963,1203436.77255624,1720243.61136033,411797.111194663,1213945.02271309,2384655.73871025,4733066.65482004,246666.315765787,9,0.420407725886271,0.0301965640475441,0.27325797600272,-2.32752406029241,False
Q96AB3,5,"Isochorismatase domain-containing protein 2, mitochondrial",ISOC2,11842693.4253754,12132957.1606612,18938049.6931797,20621242.1097071,12136769.680319,9104041.02300066,7300254.20999379,22998273.9175779,17723059.7116162,6960986.96710198,12152528.42869,11127687.3008568,18521416.9758512,5859949.16316291,14841799.2922996,4720048.13899333,5368336.65042017,17463093.6868687,13016229.0857298,2833735.70267775,1,0.757771118315318,0.138451107158209,0.487227709966479,-1.54120575621111,False
Q96AC1,21,Fermitin family homolog 2,FERMT2,81424027.8181301,51192170.5461781,70966122.3527346,96852174.1271723,70074464.9639781,104777979.307212,96495134.3835981,75009081.1903887,88699254.312281,73977992.3606651,56879058.7390005,60919881.7507526,71015191.4911166,75982473.6826176,56179686.9481484,69930249.274712,85302837.9630252,109447292.792793,74237803.1447821,66462558.7719298,0,0.897325989916859,0.284046278774412,0.601035960943796,-1.09986755061001,False
Q96AD5,8,Patatin-like phospholipase domain-containing protein 2,PNPLA2,10014469.3997984,1396209.54648417,6623317.24747939,4720359.91284735,2171721.62902906,3518669.8288878,3565111.19237596,2423306.90448406,8550893.56526817,256038.678509241,11262236.7157563,22620274.4551059,4548239.32510144,4328489.09415133,1064483.85554404,14664293.2528805,16891353.2657599,7622191.8049868,1828880.75343643,9565435.83430726,4,2.18306347418694,0.0827399489143424,0.417224105855535,1.82347439976148,False
Q96AE4,7,Far upstream element-binding protein 1,FUBP1,2450957.92766304,5246880.77361378,2583668.74320732,4944428.65639187,642910.31084624,3608482.83040828,2984929.42770924,2222974.70476891,5434036.19059384,6396465.46224934,3524239.45060601,1384266.12285805,1199810.77058601,11299753.7775051,7636771.38406383,3844210.43561755,5679364.6293546,1697070.84302484,9625688.17598119,2831678.03831948,2,1.33429749096623,0.59591367643294,0.747184243702463,0.538611485543055,False
Q96AG4,5,Leucine-rich repeat-containing protein 59,LRRC59,3252314.63093942,1414108.6210425,7323062.32897719,735276.231529942,1334046.00822439,6679869.05446763,3615540.14347209,15032213.8371772,4203076.9225137,2330510.16049383,2921462.55772336,4414442.89163235,2806760.9768503,4524880.040518,1019179.288502,2577717.83391955,5997118.16965186,3741037.68338459,2808179.17982939,2790524.7511542,10,0.731735414779673,0.881825146460635,0.825812662811676,-0.150506806834717,False
Q96AM1,1,Mas-related G-protein coupled receptor member F,MRGPRF,2945787.40726859,2386260.10075313,2676808.67575558,2078769.93528612,1713811.07647202,2710214.88363311,1973862.13517352,2492345.51938804,2321292.6478753,2230610.1942482,1736986.97989057,2161990.03781396,2543966.98013982,1886528.36879346,3155562.83969619,2458103.38439458,1417854.75889556,2380436.79965874,2219654.95998372,2218958.69344414,8,0.942637807381534,0.650896479821745,0.760966574422578,-0.459187146231632,False
Q96AP7,1,Endothelial cell-selective adhesion molecule,ESAM,1961805.03715718,2758347.95100793,1499637.27826174,2996554.64413151,1287426.55918835,1323618.82612182,1944085.83016775,3014729.30380722,2101253.11647333,1706968.98265896,2600082.75977373,1439767.89972227,4716908.82595527,3586154.43758691,2493630.44503914,1162368.33672933,3892411.10331076,1541021.28414778,1672537.2668204,2522449.80835426,7,1.24438186647252,0.418060202074736,0.67072686746708,0.826333329718958,False
Q96AQ6,6,Pre-B-cell leukemia transcription factor-interacting protein 1,PBXIP1,2397694.61291907,2375591.32928109,3534136.87319039,3975950.15076772,3119470.80840793,1820091.94629158,2094151.75521629,2463849.29333018,1668956.43774144,3226304.83124845,548356.391050971,1727931.99664235,5519781.5470943,4678214.25672802,3267740.07015129,2449413.76866788,3047517.16629052,2415409.05764856,1229282.35476578,1507405.08310249,5,0.989310832606596,0.534525759976975,0.727049936758826,-0.631681341472281,False
Q96AT9,3,Ribulose-phosphate 3-epimerase;Ribulose-phosphate 3-epimerase-like protein 1,RPE;RPEL1,4729607.9717809,6469107.13334274,4807795.80040798,5248915.70442125,6658875.7040252,3719900.78951664,2423990.28911866,2966669.77114026,3902347.41096937,3993336.08697166,5785895.6530916,3802138.45470546,6967075.2436518,4516155.8207362,4206067.90891935,2937467.92500505,4496963.57445378,3043944.36536537,2959962.49660879,4337755.59602955,6,0.958435064533178,0.815606174720564,0.815079242072796,-0.236197632489377,False
Q96B97,10,SH3 domain-containing kinase-binding protein 1,SH3KBP1,1889821.05623336,8945450.73246458,2106936.15563396,4205639.52849666,1974891.34107383,6327478.95393481,6458472.26151593,2786875.92874207,3851470.22392418,5091363.76703775,2013008.8329736,2466252.3449259,7901456.86405941,4272685.95345603,1839359.63957553,3571507.62555084,6020632.40859544,10031392.8965329,5074064.4756285,3163493.01015697,1,1.06222625269414,0.847674924331075,0.819918955074362,0.194513078246178,False
Q9NVJ2,3,ADP-ribosylation factor-like protein 8B;ADP-ribosylation factor-like protein 8A,ARL8B;ARL8A,1848152.47667175,2107432.25138156,1446867.95405783,2135002.90633079,1824139.10588469,2723995.16799689,1433160.93090441,2590321.96168336,1857521.0616746,1601233.83446531,1931861.64477835,2863070.79186928,2534510.55290013,1794644.29329243,2884949.72705194,2059618.27121511,2692739.35505402,1778053.01168266,3198956.75614939,978187.085410896,8,1.16091535016069,0.488168070623042,0.709249011116845,0.705850356910677,False
Q96BW5,8,Phosphotriesterase-related protein,PTER,8860551.6921705,1256040.99457758,3334315.53137593,6233391.39964723,1157613.27827227,1737987.52166292,6811806.68860389,6418530.33189378,5727965.28604797,11391797.2190109,1728760.93856882,1042358.47668461,1713881.80909435,8774852.76768916,4591171.18460539,3441087.82777441,8876984.19721488,12205881.8450268,965104.117381082,7666459.14127424,0,0.963660350651597,0.71780086552384,0.79069031954819,-0.366390179961676,False
Q96C19,6,EF-hand domain-containing protein D2,EFHD2,5517161.49094011,10584973.2696344,2116311.42775929,10006350.185062,1759983.96181894,4649046.98422386,1899048.1320671,5879452.79620783,8685625.10693944,2809536.50064226,2414090.05952183,4674045.23105534,7020397.92044133,2318811.60253579,5549737.1835071,3467542.58458225,4791699.30228091,2746217.11434161,5053613.05737927,1006151.24761025,4,0.724246397078728,0.405732747767098,0.666605052619602,-0.848784776442828,False
Q96C23,3,Aldose 1-epimerase,GALM,2030648.77730245,1617305.69671768,2226158.36616115,3861916.13029523,1611187.676144,3652121.53105905,1487985.82675069,6336439.64054029,4198795.1790495,3332777.57885535,2726111.08334717,1047376.18778945,2199172.38015578,3872202.86564417,2388536.57063082,1475345.62664241,6701378.60091236,2350693.13704614,4484100.21613312,5456195.73915051,2,1.07727721984179,0.864538417322572,0.824256658905437,0.172738905471283,False
Q96C86,3,m7GpppX diphosphatase,DCPS,3519968.35577843,4816031.07934648,787710.363970773,2609487.50923864,2660914.89700148,6823156.2315395,3837991.5363007,5440053.9428007,8398094.0926242,5138379.43873546,3905385.24170979,4531546.82421682,7020783.12037833,6771367.13141104,7280115.85467632,6962044.5583586,5175735.28869148,6298194.21253071,2926750.06945198,5099887.92382271,5,1.27116825071415,0.103554752659629,0.437355574810954,1.70309480543683,False
Q96CM8,10,"Acyl-CoA synthetase family member 2, mitochondrial",ACSF2,4172051.43129475,10507328.8822809,11909095.6717441,14028886.7460891,1118617.82164181,7932162.84595022,5811190.132644,7482961.51392079,7608742.09163597,2953051.00488832,2094000.86402125,1307972.56937449,4464194.71794802,2625881.76167689,1933611.64248368,815085.955164746,2047085.02314526,2914682.60542361,4064339.08206728,3192632.19252078,0,0.346274085910782,0.00388419105859304,0.143190922277685,-3.25080464379176,False
Q96CN7,4,Isochorismatase domain-containing protein 1,ISOC1,27311640.2790343,22440862.5638447,32044680.1244002,27591909.3895845,20569794.5384344,21302052.6580985,31083476.5012869,16680038.4889277,22245756.1903692,15101033.6159281,16988156.0908185,26289560.2306935,11246283.2345385,13174892.190184,13955946.1115924,25738641.7824944,21521811.0636254,28860239.1259441,11931965.8785495,34290644.6491228,0,0.863041276102003,0.212172960047704,0.555931941352656,-1.28746965247492,False
Q96CV9,6,Optineurin,OPTN,982484.716817019,1918388.48417002,1089138.65569757,1448964.34497139,1609466.53637571,2476131.50075581,1510048.49285524,2180040.24276394,1274280.43724733,305728.574937558,1908277.75834302,4381416.08142566,570118.282158709,1467546.15762781,3049457.05728119,2382314.82288255,325726.058770708,723231.606516502,3077938.44650931,272388.297645429,6,1.22736175466532,0.904101965378597,0.826708499711055,-0.121969872018714,False
Q96CX2,10,BTB/POZ domain-containing protein KCTD12,KCTD12,29746534.6673301,62246279.3772958,17461444.3334392,29024090.2154238,9120077.86115579,29918374.829145,28664048.041626,36681486.9585592,46576973.315066,73737912.3349747,23686290.1527478,11666516.4394466,25622683.4108548,52579553.7869121,65299869.2540915,27882332.2013341,28370557.5284514,25905077.1799072,71623063.96862,36597220.0184672,0,1.01667489490274,0.886153578774696,0.825812662811676,0.144952723108451,False
Q96DB5,3,Regulator of microtubule dynamics protein 1,RMDN1,8257987.79816217,1967100.12086759,3857143.20689886,988831.686718908,1498263.00383865,5201229.0839478,2278592.34294843,2109370.11830378,1986141.27710897,1231277.08731178,3519761.66267231,1105776.39412556,2953645.70349093,1745568.10654397,632890.634865266,2957718.50774207,2586476.53478992,1884585.43557194,840270.534305916,3251308.81486611,4,0.731142746540192,0.412808854347946,0.668891502267805,-0.835845122250483,False
Q96DC8,8,"Enoyl-CoA hydratase domain-containing protein 3, mitochondrial",ECHDC3,24804278.7958487,11546129.0541368,32200934.6598224,22321483.9504959,8848303.82339333,16467309.0753607,1369710.03026538,5391623.8696591,14097010.687719,3077759.24045529,4539277.51021086,17998840.8040986,8268805.61399713,1814060.72854806,8543250.18384741,6902804.04766525,1356556.18943577,3079236.22745473,1511799.26058058,6199278.07756233,0,0.429717073639101,0.0277800314712082,0.272440420479985,-2.36718387674526,False
Q96DG6,8,Carboxymethylenebutenolidase homolog,CMBL,5302900.4470494,8259003.82660745,7636940.41876369,7035088.39476043,7463903.3461852,6883109.704774,12833670.3998402,12554895.3794909,9136904.72958405,8290763.55384286,5410174.5796945,3599227.16770869,1869680.05668082,10293768.39182,12397896.8978746,18957719.0406307,14382277.8271309,6930301.22677223,11740128.194972,11076871.8744229,1,1.13186460056781,0.904683666946603,0.826708499711055,-0.121226201441589,False
Q96EM0,3,Trans-3-hydroxy-L-proline dehydratase,L3HYPDH,3446051.91899088,3968118.57936855,5749073.12179176,3763879.29942457,2741829.44006257,1303324.8407128,2294434.33251975,1010845.72884668,2459399.86353427,2083561.17851281,5255638.06068404,3897485.35015983,3521318.38097298,15358094.5165644,1443804.16361979,4086769.92336192,2249020.2812485,2101609.12726363,3694185.31375475,3495307.98199446,4,1.56496953400497,0.161021035940112,0.521118528909864,1.45383670857085,False
Q96EY8,3,"Cob(I)yrinic acid a,c-diamide adenosyltransferase, mitochondrial",MMAB,4969046.26007689,4519583.19381773,5109938.20533315,4146839.04779805,1073789.29511935,3902121.357151,3927901.04779444,2314167.50206744,1154139.75298715,1034811.59962178,1518449.68062603,3123517.8493776,2336065.27528489,3540121.65169154,893456.946586022,759496.683238795,3487825.77795918,2868420.5018655,2357913.30814795,952167.587719298,10,0.679186557565261,0.217057641442831,0.55792310220854,-1.27330188294228,False
Q96F85,4,CB1 cannabinoid receptor-interacting protein 1,CNRIP1,6666127.28041719,14778587.4960644,6461593.80331734,6806371.81910187,15314672.9173368,9186145.44762932,5176183.472131,8935520.23247266,4552500.77149403,16910303.3650896,542025.979428856,18535776.4667998,11502282.6259499,20504978.7124744,5110858.22518021,14662782.0153628,12559475.5639856,17026835.2470652,9659492.17308736,9820369.09048938,0,1.26519040113909,0.884910683445213,0.825812662811676,0.146547073156888,False
Q96FJ2,3,"Dynein light chain 2, cytoplasmic",DYNLL2,24230580.9613048,16146763.3321672,3702919.98043707,22097739.4743082,10420681.3433872,1191760.97713418,12068112.474483,3246618.14789121,13773781.0340491,15235745.1858988,6767023.83546405,12076859.7141658,25154656.8828254,6445874.29157464,24334941.9778486,11962200.5712553,12076625.9246098,3986874.88788789,2302221.22291554,14721592.8393352,0,0.981281281379824,0.855258681378283,0.821068367518388,0.184709618216954,False
Q96FV2,9,Secernin-2,SCRN2,70354679.0737199,50526880.7429596,45615386.5258247,78652128.2815256,65890791.8978167,32098983.4574087,42138862.8361587,21241395.7323348,61351506.9391789,17919306.3619496,27909667.7104433,60096219.7392034,59797212.2366749,47736146.9451943,60513544.3824831,18204367.1380635,48836022.8196879,51793996.6398216,31239963.9256647,31588466.7128347,0,0.901038882371543,0.681505237747462,0.774270699342087,-0.416272185508984,False
Q96FW1,8,Ubiquitin thioesterase OTUB1,OTUB1,17134844.5866829,24077933.1729928,22778786.1738592,14319646.4760142,16025197.3145476,12346170.9926264,8434407.95553386,10517225.8127355,16447771.8053185,12325441.7633626,8146370.87763573,12512359.1685481,8720153.01089808,10661457.5791411,25870150.9822727,18533061.2981605,15718640.4907563,12160810.3103103,10917000.8654368,4453383.05771006,0,0.826989937624387,0.20309919384257,0.544755748559004,-1.31447441100613,False
Q96FZ7,2,Charged multivesicular body protein 6,CHMP6,1447167.88494843,976000.62646641,1648682.8915769,2527664.04620767,1374888.38588645,461217.294537609,958315.95553386,1731289.24588808,2400966.65861109,971990.659566117,1038668.49318446,1225335.87166406,2381021.78282268,810521.50793456,1800473.46046159,3110159.71185407,426460.340412965,530636.532687233,2111651.18922952,697798.217219416,4,0.974792942992438,0.672022548347962,0.768734109029445,-0.42947861987679,False
Q96G03,15,Phosphoglucomutase-2,PGM2,33384382.8307959,20820138.1415078,21842821.5066798,33524921.1277217,31573142.9476305,36746704.0373574,51084195.6909559,59736434.3659836,36765903.8792561,57985995.0938414,21985767.8150423,10378547.0903526,24614859.5481219,55570755.0134969,42555068.4296012,63515046.0121286,69237766.3183673,44421824.2915643,38154571.5337312,67942749.5844875,0,1.14320046841694,0.74733471926431,0.798823546685696,0.326496239577352,False
Q96GK7,5,Fumarylacetoacetate hydrolase domain-containing protein 2A;Fumarylacetoacetate hydrolase domain-containing protein 2B,FAHD2A;FAHD2B,3513083.9817639,10515501.9756865,4701230.20724999,4161431.07885377,1348266.88355108,3809300.43765835,3614876.60464187,2792457.40880272,3607998.53674423,4030410.12017412,2323323.12817533,2803561.54965555,1448396.76304051,5582607.34928425,1335863.12710763,3374820.06262381,3707082.5937575,3100411.34470834,632793.923828902,3173117.56925208,1,0.652862964157776,0.102302122393623,0.437355574810954,-1.70972139835448,False
Q96H20,2,Vacuolar-sorting protein SNF8,SNF8,2764178.46532279,1115708.98080287,3108469.97710755,1423455.95987287,864057.951003215,2552708.12750647,1527051.67537943,1659760.43218782,2097581.11698082,4807002.31438664,1368191.24325917,4074316.88422976,4195985.84373349,3558405.75255624,1573317.504482,2053469.53903376,4173426.89379289,4826566.08372008,413672.825226352,1417211.5276725,12,1.26161476447905,0.63295705790796,0.7585186811081,0.484747913680074,False
Q96HC4,12,PDZ and LIM domain protein 5,PDLIM5,15367855.2562876,3338708.6562008,8835256.45091712,12781538.3136223,9785512.4748287,23174935.494539,25044443.7228188,15196223.4820362,22209655.2160632,21218406.0483123,5157889.0576955,2059831.27026166,4114185.67835799,18252977.993456,17365786.9775392,18084979.3741662,9358128.60552221,12853041.0510511,20906927.1102369,17993942.9316713,0,0.803731459049232,0.244738247564557,0.58311339070537,-1.19733816592152,False
Q96HE7,6,ERO1-like protein alpha,ERO1L,1908662.5009047,2661567.86754417,1203019.29366964,3061300.02637134,1363564.46764635,5681917.99324387,2893858.72326263,1251196.0917486,3518837.52578385,3741113.68921716,1168116.10142786,1172629.61782158,3385863.6190811,2212938.5205317,1601705.8162918,4821527.73830604,4045705.58434574,4818572.26435526,1699326.93452704,3334876.53831948,0,1.03577874984806,0.916490416048719,0.827540449847929,0.1061465456078,False
Q96I99,16,"Succinyl-CoA ligase [GDP-forming] subunit beta, mitochondrial",SUCLG2,37982420.0015509,13444738.6522652,63842478.0828331,56240930.3623167,21612212.6847915,59769103.04026,42586751.5465519,27859313.7057797,77753103.0796874,45502500.6468993,24904273.7614146,34201584.4795647,31662550.592228,42078625.790593,34458358.7932741,33405149.7097231,31831279.1073229,36686528.4466284,38395425.0131127,39160007.7885503,0,0.776508711517255,0.406214307278911,0.666605052619602,-0.84789962026391,False
Q96IJ6,3,Mannose-1-phosphate guanyltransferase alpha,GMPPA,3037642.7969172,1814910.20617882,743146.57046834,2753678.39389295,958312.317246469,1699123.8764025,4058203.48557735,3123653.848709,2491638.87314707,2849883.28273746,1111002.75539598,3518366.89074953,2328281.74801713,895296.416196319,2357745.65557034,3088742.80052557,2991962.53306122,2340998.50505051,2530313.6933894,3034922.17590028,4,1.0283652371277,0.768099914923705,0.807231985594737,0.298771756320939,False
Q96IU4,8,Alpha/beta hydrolase domain-containing protein 14B,ABHD14B,92663674.2355313,82548243.3968865,109378174.795592,95788577.1968886,94842962.4964198,139073488.244186,110993457.823733,95374613.8978223,104860736.995778,79779926.3148505,70594950.5869168,44617054.3497453,50072773.360556,129646748.793456,60390669.8388145,128644093.693147,93024842.2328932,107635927.340977,92149696.1114126,129141670.175439,0,0.901138915979771,0.1901812146314,0.534740430164704,-1.35459889343271,False
Q96IX5,2,Up-regulated during skeletal muscle growth protein 5,USMG5,3343269.4227389,10015308.659261901,4083087.26511947,4570332.21577075,2914570.66557977,3513644.92473866,828129.637046241,932364.776899752,5805876.22594556,3363121.02654678,2081898.60650838,1019271.59567124,4516506.53830552,4711242.77925692,2550875.52656003,3900821.7233949,6037864.21728691,4847996.32286832,3055289.76844818,5398979.39473684,2,0.968276156696324,0.766734207899134,0.807231985594737,0.300587583266696,False
Q96IZ0,2,PRKC apoptosis WT1 regulator protein,PAWR,2820416.60048253,381879.616284765,1477226.46991398,1034996.54941445,1535801.9398028,545645.779094212,2226504.54477678,4019524.33290453,1552006.07214087,2515705.22475558,3649481.75410867,2981493.79473695,3318996.34902474,2112722.19525562,3654578.04527736,2785286.30697392,3028041.632509,1733213.11142961,3445472.40504612,2749172.33518006,7,1.62666672181797,0.0148329148405224,0.210432875997758,2.65837161678883,False
Q96JQ2,2,Calmin,CLMN,3305036.80321171,2257285.34301662,2338651.84950038,2540543.10258464,3978607.20130428,1589586.05479163,769306.919747936,718310.723127814,3512329.64834522,932977.655391422,2136716.05280067,2063753.47031666,2437374.59080583,1414643.87462394,2790264.04928379,1681619.60388705,2041251.33791116,1697836.20870871,1875908.39535025,1942169.64912281,11,0.915183475335612,0.770826579366825,0.807535787260068,0.295149484603658,False
Q96JY6,5,PDZ and LIM domain protein 2,PDLIM2,4454313.6353137,2257187.80919377,964543.621708161,5995170.08762073,4423946.02227412,5681387.43153383,3657591.91683678,4257381.25241202,5571555.71597341,6464221.38061086,7429561.37746741,3472477.33498657,875161.92193877,8048647.51206544,4173831.41099217,4604362.90701435,6547728.3067467,8449295.69086054,4318207.1003346,1574046.8578024,7,1.13186319976944,0.873424789809537,0.825812662811676,0.161299888612452,False
Q96K17,5,Transcription factor BTF3 homolog 4,BTF3L4,1705150.74275596,6959634.22769809,4159651.98747638,10352127.2765231,3424146.98638437,14196504.9563903,19655678.9979586,16574419.7123955,21248361.8304735,2958719.56105045,1606962.57770214,6210465.66639169,5754300.23932502,6279382.18139059,7492455.99805092,16059165.4817061,11490564.9310924,15525017.6940577,16116055.6203653,2921153.24976916,0,0.883647524238891,0.914008010569186,0.826745231285015,-0.109314870576943,False
Q96KP4,17,Cytosolic non-specific dipeptidase,CNDP2,66856933.9603743,57603962.3228966,75935016.579163,57303446.4014111,87031517.8049748,57048647.8720309,85953161.218603,58755811.2537903,90487511.8767406,92477492.1180333,60871252.1467707,63392220.2681776,94990178.9177641,74785381.6507157,84916428.7550661,65914135.5714574,75082221.4328932,71941823.0644281,86200192.6207271,96272141.4589104,0,1.06157003070408,0.513443655092093,0.721090302628091,0.66494485027509,False
Q96LJ7,2,Dehydrogenase/reductase SDR family member 1,DHRS1,2835999.75851061,2096970.57508309,1455485.72492122,2428978.68062343,2254077.39804799,3786221.00327161,2881717.90374556,2587569.00268891,3507350.81811902,2889805.21168788,1904398.829653,1309549.76087337,1683146.67578149,1067903.9390593,1648698.12299339,1994691.18837003,1662249.4395388,1700897.67144417,1407260.39952975,1159610.48437169,11,0.581436316952082,0.00214835589110201,0.113801199931822,-3.50493658616327,False
Q96MM6,10,Heat shock 70 kDa protein 12B,HSPA12B,2433686.60338098,3149174.62012419,3021962.7150668,5713158.47023104,2721240.49780784,4454596.11749427,2605551.10153546,3530414.941744,6874632.97691133,10050683.5199458,1567862.97650672,885808.595179171,3978730.9164661,2864382.85615542,4527854.6550444,2907016.48902365,7929414.21719088,6012032.48739649,6641555.82144149,8095249.84302862,0,1.01918539658043,0.787403727297482,0.811510678024041,-0.273212180835798,False
Q96PD5,14,N-acetylmuramoyl-L-alanine amidase,PGLYRP2,13367763.4373304,21945573.1034634,13962280.2671928,29996892.2858052,13597555.1332922,29887867.5308178,36626514.0041715,58444107.0596343,35471306.1494924,26082694.1243845,20798815.6358957,18523604.1218016,4280724.27553476,35113170.7492843,10422507.9105436,51465193.6648474,37709838.8432173,39114438.4771135,38202742.2296075,72755029.1320406,0,1.17539932755764,0.904752459944996,0.826708499711055,0.121138258370545,False
Q96PU8,2,Protein quaking,QKI,1238583.43015742,2738569.23293303,5936222.49501141,3462008.96062022,1777440.1315311,801985.233452721,3210034.9758587,1986921.03266563,3834175.33855898,5027409.11574966,1175400.59861335,2564434.58710056,1664633.82140427,1671342.28515337,2107226.14477307,698522.39089419,2117717.48897959,1727770.51101101,709545.899258455,1012238.11172669,9,0.514732006471544,0.0283359841925518,0.272440420479985,-2.35778504973568,False
Q96Q06,71,Perilipin-4,PLIN4,1946345390.24737,3936488707.88875,2756798768.4552,3149068390.94353,2270136773.00668,2572561091.55554,3390102825.90752,2553913537.90315,2973125123.48396,2056552175.62264,1618444206.62461,2806401763.48848,2668155552.34052,1438192176.76892,2376682791.12397,2507974222.47827,2949331756.35054,4302885874.69287,1890573048.15518,2076382466.29732,0,0.892408659886628,0.261516353431648,0.587927183588789,-1.15441058499754,False
Q96Q89,3,Kinesin-like protein KIF20B,KIF20B,119353305.283429,688462164.504613,349885155.717558,82707632.0238267,462098219.96519,493422390.337026,521093631.836336,573398326.968667,183602838.859941,248202733.22629,357435520.928109,333535777.78019,200084435.748056,426083734.139059,6113225.38494261,395755324.944411,491995062.842737,482341958.035308,341234448.788208,274094167.7747,2,0.888896402835935,0.535998139350403,0.727049936758826,-0.629385261453221,False
Q96QK1,25,Vacuolar protein sorting-associated protein 35,VPS35,70942870.3272417,64759505.5995277,89358843.7172906,60483428.280369,42950592.437595,32815241.7659624,62565905.7242389,53790870.0675365,67355182.9220196,62992997.4074074,43346252.3252532,51344303.6854521,48412441.6709484,55534062.5374233,60994923.4770906,64414232.3351526,59913742.3342137,66800266.4814815,60755923.9989148,63620326.9067405,0,0.945924132138495,0.771062423885309,0.807535787260068,-0.29483636458193,False
Q96R05,4,Retinoid-binding protein 7,RBP7,3215244.221767,2158662.29108206,1544544.8317421,7148690.05875719,4290611.70324326,1669810.3419228,5184560.64986243,1963736.42318295,295280.783096757,1214004.66324128,1428081.90223311,5575460.52244152,4310797.25438763,7905699.7406953,1651000.19204591,4523965.07107338,1596904.02108043,1265404.5973246,888791.593913909,864086.277931671,3,1.04619273008799,0.89376250690734,0.826708499711055,0.13520045768576,False
Q96RW7,3,Hemicentin-1,HMCN1,11898251.5314576,10809733.3382893,12484737.3802398,22014596.6226135,30875177.8051951,3903342.5007629,11949140.4491262,14458874.2823331,21255451.3147328,3181460.47377435,8684174.06809528,17179738.0094429,6493741.71935423,29871339.1815743,40417051.3697677,2907545.42215484,6359524.64619448,1563046.80771681,74122024.4546934,33560411.9138122,8,1.54839607917253,0.900580921970756,0.826708499711055,0.1264728395417,False
Q96S66,5,Chloride channel CLIC-like protein 1,CLCC1,6341957.80927702,6600917.15812489,25058539.8456702,6093740.25798803,21470148.9832338,13202497.5926307,3664227.3051389,4125486.58513278,4227508.0469859,3797732.56194248,26721163.9598207,9637251.27995832,14734353.0204666,5469701.54269939,25329502.9901309,3394919.52160906,5294832.21647059,4100574.21225771,4804900.14867065,3388309.43536473,1,1.08767721008798,0.886973171748223,0.825812662811676,0.143901584401905,False
Q96S97,2,Myeloid-associated differentiation marker,MYADM,1950795.66873768,5448020.60232639,3796937.24996836,3739234.98030824,2781039.21824658,5444105.42144785,5701537.83069402,2398920.13006524,2266145.45243985,3508636.19767359,2711220.8094803,4797878.16058478,1841047.5482436,3703799.68899796,4869879.5613031,1751222.03549626,2488829.61887155,2763565.4031759,1876037.32939953,3644546.01765394,9,0.822133649826393,0.338413540085971,0.626458497370308,-0.980030293573593,False
Q96TC7,3,Regulator of microtubule dynamics protein 3,RMDN3,1768197.11531005,3262290.23285814,1488840.08986406,1285179.62409276,2842346.65509749,1161451.86736566,4926195.21784858,2045569.5077644,3641245.01540742,2820273.4129023,3723043.79608728,1712378.44470013,1238260.67594998,2416046.66413088,734558.477879529,2140894.62943198,784253.718170468,3920968.3984439,2230894.78902152,1439502.15927978,4,0.805844749465458,0.321971965070555,0.61820388738581,-1.01473946803385,False
Q99426,4,Tubulin-folding cofactor B,TBCB,125008.602701004,1773888.19275844,790163.560176902,328212.609634792,1588075.91484904,737404.432607436,537929.437632255,2380562.39208531,498369.752506513,1189560.98203932,2653792.44693455,2277580.99745282,2855669.4204819,1346359.31999382,1676587.00878631,1282228.62844513,2675598.42449123,1666666.96906118,683548.309346019,481108.477469991,12,1.76890430122596,0.0324557973855258,0.274703142797361,2.29300987116762,False
Q99436,5,Proteasome subunit beta type-7,PSMB7,12685364.9604518,20084559.7350009,15120751.3928136,12004377.5485065,14125043.8338584,19703735.5066036,14606977.9235821,13246140.2177708,15445340.1001707,11229743.2016699,12145546.357048,15458878.1477944,19940153.9782038,18921086.8286299,14983466.4132352,16678772.863958,16117126.0667467,17977589.5076895,15538007.2698499,13960920.7894737,0,1.09085550734503,0.432076572356102,0.679014768252282,0.801308665291624,False
Q99439,3,Calponin-2,CNN2,5495300.5839817,1768820.87484695,5631882.22022506,6561117.60824683,6217037.00323867,6485851.62438169,2803617.44235378,3886341.63176514,3767514.46972419,7367122.34389495,5024298.75361116,1481239.13801088,3797233.3054792,2207969.74773006,4057028.31536367,3052548.66197696,8987465.22064826,1882629.5010465,4604273.42584554,2223472.27977839,1,0.746593030998865,0.165087359103136,0.521118528909864,-1.43917275154539,False
Q99447,3,Ethanolamine-phosphate cytidylyltransferase,PCYT2,1936803.88942022,597265.146803393,1634051.23222787,2909434.81427291,3827533.55379146,2041375.23680846,599167.26944617,29558.3944379818,1117816.59115677,1314438.14065511,7816763.7663153,941449.73664901,2336177.70978324,9309186.95051125,3084053.98694515,8580051.00667071,11784106.2956975,1442374.15156065,734383.386132212,624149.338504155,9,2.91443752948479,0.0543120149551566,0.353332145682743,2.04031872346634,False
Q99460,17,26S proteasome non-ATPase regulatory subunit 1,PSMD1,15772463.2027554,18771960.9340563,29110219.9491698,19900287.6864355,14557411.6212078,18271218.8894961,30214240.6337091,12075746.7835156,20392013.1376336,16478159.3188468,12430880.351486,10027848.3061248,13419624.5634008,30344677.7128834,20135523.750116,20459889.133212,31757684.9243697,19222584.3534444,19610543.8212154,18848869.2843952,0,1.00365342357168,0.914492927757887,0.826745231285015,-0.108695875412536,False
Q99471,6,Prefoldin subunit 5,PFDN5,12868948.2675059,8506555.61658212,13448984.1183306,17522327.0699477,17401362.2148538,22137687.3514112,9042375.40871572,9698036.27768079,16100194.9829306,5869823.25033897,12303030.8618629,8475333.32573521,12842678.2548203,7143948.64887526,14153846.4060421,4576178.32730948,6958419.74722689,17937620.4108654,7346200.14111955,15273843.4025854,0,0.807044419174127,0.276377644636174,0.593131287249533,-1.11806421725367,False
Q99497,14,Protein deglycase DJ-1,PARK7,340112232.015923,407739283.820185,386026829.76073,415213541.462568,532080034.689022,535031692.446898,453313140.330168,446209276.725168,433245273.973587,354358117.919075,349755242.121866,412412573.368936,424281715.933368,367918515.296524,466619693.538657,447915687.867394,497927471.980792,502590132.405132,428364251.329354,395177758.818098,0,0.997591079031168,0.984762927739606,0.843797505224354,0.0193305945293381,False
Q99536,13,Synaptic vesicle membrane protein VAT-1 homolog,VAT1,119411278.95934,90942010.3244709,122019166.711255,83948495.1091577,81896635.6066448,89679519.4437545,105477791.297595,127687090.002757,117546451.455395,163801266.416899,62174572.186618,83546918.6197464,98801107.6665134,125755817.476483,89471460.3680042,115337647.349909,107366733.008403,96257490.8408408,122793019.488153,128604022.391505,0,0.934415566570482,0.519840377348244,0.721310207615658,-0.654773687654851,False
Q99538,3,Legumain,LGMN,4855899.25007108,14874212.6889103,7818820.69799522,10466269.3861146,14371081.6938025,5994684.12131234,11189752.9479897,5839602.04621887,10488592.3722038,21855951.8943124,8971341.43142952,7437438.04221663,10199035.9709565,13457730.0265849,9163549.79194382,14031084.7329695,5612453.94021609,13937309.1031941,18123167.948544,7595436.53277932,0,1.00718000441867,0.806519541512014,0.813589620325639,0.248084029542447,False
Q99584,3,Protein S100-A13,S100A13,1648867.96572492,7564443.13971488,4408252.95333322,13705700.2804846,3490031.60159951,4362543.66080236,5168221.00616846,8338645.34167968,2843161.61598239,7557185.69756655,2498650.7049643,3056340.58078615,4761639.22307255,8683886.00408998,4269384.43848034,9056846.44350111,14752941.2120048,8891848.43388843,6254753.58455417,10896992.1837488,0,1.23755169315255,0.34889745307781,0.63152204513882,0.958502497191677,False
Q99598,3,Translin-associated protein X,TSNAX,1383638.39842841,3123984.93269241,2165555.62863342,1471525.26513027,3266355.03784791,2313912.25791113,1968056.17040916,3782268.49586511,3307185.06944569,2604068.01198887,2433637.94428356,1047633.15951719,3209024.06300364,2142229.06143149,1405280.01636606,2329799.31914291,1891998.74492197,1780411.93925868,1340835.54521613,4157278.5189289,6,0.85628527462651,0.370382649829581,0.647421492064222,-0.91572160262634,False
Q99614,2,Tetratricopeptide repeat protein 1,TTC1,1167350.29792485,1405608.60390065,1211628.9185714,1166173.50414944,992284.071966776,1049993.10544702,529777.696276737,257868.283976825,2578281.21148145,879545.943916119,1264204.92293707,1809757.20468623,2223842.16712104,1843189.56738169,3114508.28628221,1250095.67463109,2517915.85712069,972609.702930203,2614483.63677989,3620548.96907644,9,1.88914303544372,0.00888113812771149,0.181482743058785,2.88890335005559,False
Q99623,6,Prohibitin-2,PHB2,8076940.83942927,23226296.8401259,11776279.3166352,11263967.0838273,12152800.3255683,4005077.70866304,7411479.90640809,13101021.7361941,13959323.250831,6686228.71547848,1467321.14486136,4036349.60142411,6693891.29289597,7576614.09591002,8868217.21227918,3758825.5158682,9025159.80216086,7796780.22153972,4790448.93990776,9418792.65927978,1,0.568088235777591,0.0222519721284347,0.244466286728116,-2.47151619790682,False
Q99627,6,COP9 signalosome complex subunit 8,COPS8,5773473.30732404,2452091.48355781,6074238.81000552,1318903.42919932,2287225.5950781,802169.513451944,8527303.39176356,10354074.8571166,10087283.8671278,8348116.00442446,1602618.17756932,1630012.24354521,2239830.41067903,7713064.24130879,3098751.4330353,14398315.4497675,7534069.85632653,19241293.2923833,5458331.41273286,9171209.17359187,1,1.28670503814769,0.495587406666264,0.709261894965122,0.693720202405391,False
Q99685,14,Monoglyceride lipase,MGLL,74345200.4323158,80756701.3223719,80189827.5787115,78791563.2449469,118153762.917227,82841905.4056164,165221168.722819,78846563.4043922,95961427.0505795,50989663.0118461,66219519.0245725,81186836.1728609,66175716.3227778,78598341.4560327,60859038.6876218,83594103.2908834,106666690.780312,109949032.518883,49314116.0784048,47317651.3250231,0,0.827593952497514,0.212463078194743,0.555931941352656,-1.28662116062628,False
Q99714,14,3-hydroxyacyl-CoA dehydrogenase type-2,HSD17B10,63449772.7156409,51881979.6296134,47046678.0702928,67664869.3421623,26545323.2490251,81572536.5143461,82713432.8800923,75631630.8894606,83381496.8412542,100040012.927282,18097529.6961647,32978940.048628,27861730.407799,68205197.60818,67050470.1056523,66467248.5029311,72641946.02497,48505475.4181454,68549435.5317417,83176103.4626039,0,0.814107220360499,0.135725848979026,0.486433579823015,-1.55253382232333,False
Q99729,4,Heterogeneous nuclear ribonucleoprotein A/B,HNRNPAB,2116280.72776385,546853.506677453,1278299.83435554,501619.147804406,2288144.30086183,1083221.00132978,1217510.81108547,1196411.71823027,555711.532625101,9114.05049821851,1243100.76671091,738848.134082866,755522.771096146,367024.136192229,1581756.77273149,211263.448785122,921183.772965186,780826.070679771,902651.232727437,425982.9855494,8,0.734553663665216,0.910025787466124,0.826708499711055,0.114399848368304,False
Q99733,10,Nucleosome assembly protein 1-like 4,NAP1L4,16145668.7414377,16283253.9920413,19722447.4609995,15033034.6609606,9502620.40824869,25923245.1525453,20982756.6583829,10968896.3530277,15651871.2555027,17011003.5980875,12815670.0775361,14218651.4407491,8151040.83966576,14601312.197546,9509188.65536924,14346933.3741662,16523689.0530612,15081956.003731,15687589.9570447,13190956.0618652,0,0.802075942320251,0.1522602143394,0.506147554975687,-1.48648166371482,False
Q99798,32,"Aconitate hydratase, mitochondrial",ACO2,188752626.489518,246165400.28424,278383080.308325,243265371.066709,199543910.544405,212224684.015925,187424836.828792,152417340.117615,235814922.39691,151797265.132377,108659653.607837,185547112.25686,123208236.217853,180358808.433538,175276922.586084,119176190.644835,164563773.003601,181349146.760397,174403272.069995,175299728.070175,0,0.757634720110078,0.00958862073664446,0.181482743058785,-2.85480281040084,False
Q99829,8,Copine-1,CPNE1,8807046.82044356,3483127.21667833,4176527.47730199,3133719.73605529,9402969.92773579,15898281.641343,4472417.60033727,7487512.56689332,14355594.4106549,11266422.0944837,4552000.39631413,3623707.10598298,3219072.30779632,12961617.1730061,15016714.819169,10332330.9084294,7431845.74122449,7587070.02416052,4423084.00135648,6536336.77469991,0,0.917561325731428,0.799166156914519,0.812593916944395,-0.257729944932983,False
Q99832,11,T-complex protein 1 subunit eta,CCT7,3009920.78624603,17145515.3463355,2911334.50398783,5266642.31992598,2302049.63350151,20299291.0261232,6029660.29249135,6303723.58049251,16005324.9806846,11751917.2575466,5795740.09148265,3738532.89379993,9834874.94131805,6555951.7197955,11592851.7994153,3495265.69278351,14153417.8679472,5324989.22517973,11757875.2934527,9375648.08402585,0,0.896729547887711,0.830592517095592,0.818226127002315,0.216668812607291,False
Q99961,5,Endophilin-A2,SH3GL1,2115952.01114043,3499391.67255554,2230040.78844854,675611.037879883,579847.523958036,3444008.70029594,1565222.56294791,1660103.90788386,773853.768762914,4774658.19981446,3718775.18545334,2036027.57337617,1706592.62311164,3273896.85967188,2400134.268649,3040232.0762078,3786959.20696278,1444755.28924379,3825006.78255562,3663372.6966759,8,1.35541875821116,0.0921284813689506,0.423185026411948,1.76628027644834,False
Q9BPX5,3,Actin-related protein 2/3 complex subunit 5-like protein,ARPC5L,994435.473575129,1080728.14102676,1403021.09124915,542771.990854804,1121781.70750937,1020611.1461193,1038023.55751309,1462004.30019296,1231492.67221039,1364388.12377792,1088564.29777231,2435789.22647235,1452324.3686682,1394237.64813906,973947.000603286,1131690.21512027,2202979.04240096,2701570.78278278,1788049.46782891,1680182.51292705,10,1.49648709154623,0.0379870280075814,0.300084413217238,2.21702096531553,False
Q9BR76,8,Coronin-1B,CORO1B,9874366.34967819,5495588.00594717,697504.620671493,6762241.2869029,6608432.79550111,16200701.8160657,13549462.9129316,9651667.05871543,15752618.1605426,21121040.2601156,4192190.97102773,3527004.58738567,11463263.3149317,13327777.5071575,7941598.59473131,11400775.8334344,15817364.3947179,17196066.1038311,19200670.3563031,6570586.92982456,2,1.04657559900141,0.534995733797012,0.727049936758826,0.630948076151957,False
Q9BRA2,4,Thioredoxin domain-containing protein 17,TXNDC17,19533505.4275338,6559479.57455833,16066091.3321183,12485374.1277506,26815038.3925621,20978410.0149742,21877704.6556315,12583232.1244142,19270364.2615219,19979326.3601656,22589329.1192097,16937141.8236946,9776750.69647638,18035880.8433538,9743083.96319958,20733423.1239135,23060108.9853541,20267733.7150787,22150914.2037439,8219373.46722068,0,0.973688191277575,0.881874438884417,0.825812662811676,-0.150443529587111,False
Q9BRF8,7,Serine/threonine-protein phosphatase CPPED1,CPPED1,7351424.44109132,4040859.11067868,3130715.8717207,13026900.6135963,13593025.5659962,33014202.4072274,22964249.4901038,29084663.2514013,17650018.2054622,18623541.1039749,1772515.25419226,23454756.3288758,13038278.9744179,14896380.8593047,19110605.4976333,14495790.2696584,27212795.3819928,17542181.4742015,18001473.5589618,15379381.6712835,0,1.01492223767387,0.742019403714078,0.798823546685696,0.333634333317538,False
Q9BRG1,5,Vacuolar protein-sorting-associated protein 25,VPS25,4002276.03047191,4888143.91145452,5845366.704113,4380933.8385464,3929806.43054426,4991815.86895843,4827327.93214698,3301230.78356152,4710001.76637319,5059019.65246557,2831622.47557319,2094876.85744485,2697499.87357912,1323069.53308793,789794.199215729,5117654.72989691,5460778.12412965,4463187.46514697,3276660.7033994,2127160.31255771,10,0.65705231018199,0.00778200413667103,0.176846314359072,-2.94742805201271,False
Q9BRP8,2,Partner of Y14 and mago,WIBG,1112386.9109603,1129521.50865839,4829450.00471691,4391012.36746378,1158415.31025675,739815.248479515,689889.616006923,4019610.20182854,1098728.95521516,2426075.34849782,1068289.06789043,1259607.78524806,1580474.03147732,578831.454327198,2241087.11822851,246399.721071356,983918.326482593,1088435.04308854,4732306.06488515,345156.602031394,4,0.654066545139057,0.171076881360608,0.521118528909864,-1.41809598162678,False
Q9BRQ8,4,Apoptosis-inducing factor 2,AIFM2,6720477.60158451,8604632.73744971,6479563.0748909,5595341.33059596,1639980.94131566,2682254.72510627,4895340.66224372,3128720.11522558,5326488.86946366,2785328.43138514,2237366.06840445,4260669.29272159,1495713.71965169,4378941.24875256,4181926.67504563,6162222.1021225,628467.397719088,5423806.43902994,5710176.38481143,2470524.75530933,3,0.772069766410932,0.26263253240683,0.587927183588789,-1.15162848885656,False
Q9BRT3,2,Migration and invasion enhancer 1,MIEN1,1043876.42403779,506993.330138184,1777551.5949638,1881723.47147442,1632018.08166392,443350.628952019,569075.78349605,116986.843374377,700463.953322171,1653903.42812695,1472953.34931928,2332627.04650052,1357125.30282052,539387.650635852,957539.635066361,1159249.4989105,2566283.00897959,1891388.68609519,687252.163166938,1380629.06382393,7,1.38916461729407,0.103519784709657,0.437355574810954,1.7032788601682,False
Q9BRX8,11,Redox-regulatory protein FAM213A,FAM213A,117348382.324812,94595383.0767885,123481709.162807,102358233.845531,72193067.1219899,71655011.7494269,127540457.402148,49761041.4637508,101334595.319378,65799266.1521444,47589800.3121368,43625684.4737756,76895848.7844452,91677680.3231084,51316746.1846054,96855212.5085911,133860638.871549,101487489.68059,25205950.4422138,68520223.1301939,0,0.795876710027311,0.120444812454854,0.468473175942793,-1.61980646153383,False
Q9BS26,9,Endoplasmic reticulum resident protein 44,ERP44,15935514.1662574,10373290.1504285,8302115.97605632,8860605.5243906,14875510.7790434,24813044.7742869,16355402.7411911,12715470.2673895,20815150.1388015,23561186.9656747,8288029.35339532,17052102.8597893,22732897.5857919,15974222.3439673,15785764.9042477,36005989.4776632,20554316.8048019,8086683.73446173,25109609.0504612,11814312.2299169,0,1.15833641349698,0.543317271272492,0.730408413405023,0.618021701375289,False
Q9BS40,3,Latexin,LXN,1499102.63628609,6258954.93003323,6551283.90664972,760131.321517794,4060757.08090066,8824832.92309221,3709845.59971598,13354335.0620233,3253705.2540203,15059019.6114322,6952746.94114229,6013003.1808643,1641638.72356444,2885098.81660532,2812959.70029081,2396369.33179705,24985225.112605,18467423.5453635,20264651.1652198,3827122.95383195,2,1.42497133528539,0.499183700514238,0.712046075963366,0.687878011762214,False
Q9BSJ8,35,Extended synaptotagmin-1,ESYT1,130561549.293044,95249230.5492391,94298049.5819887,109148392.296793,71898645.2477473,144631122.156853,106597513.073578,71117501.5542589,126563299.456473,145175057.757083,88434919.4180641,105714111.344361,98962844.6956381,140379298.04499,89033448.7593973,158951962.11037,173314300.854742,150989641.300391,92563795.0759631,123831568.605725,0,1.1158974173765,0.349084395066887,0.63152204513882,0.95812267244941,False
Q9BSL1,2,Ubiquitin-associated domain-containing protein 1,UBAC1,792198.203485667,1758359.31528774,3720779.32284436,1416867.5862314,1407665.98195598,1427874.20214465,5160922.07903612,1296277.27685381,1277554.71166113,3019806.58980946,3567062.82334385,1081188.25722907,2884566.69386489,3755092.71284254,3911544.54663146,6437191.76846574,3420693.52326531,4315641.96942397,3838697.40138361,3307795.02031394,4,1.71627741281804,0.0165982872347134,0.216813824767178,2.60701673927516,False
Q9BT78,9,COP9 signalosome complex subunit 4,COPS4,3483614.02984207,4064969.73622529,8163702.55057489,1460932.531475,4597457.34732499,1817571.77816889,13541998.1010917,9081497.40328953,11331508.1443716,6634944.95443517,4439129.79156099,6701754.6771059,2914551.80764758,1736318.54486708,6672521.39606472,9543464.92419648,5564438.22328932,5197513.31850032,6967088.31357388,4863522.02770083,4,0.850760942763006,0.902683335134354,0.826708499711055,-0.123783802980725,False
Q9BTV4,12,Transmembrane protein 43,TMEM43,4397544.87489337,9568240.44997376,4272936.52565753,6971964.34930457,2681503.83925621,16651679.2695995,6885874.21052632,13604213.6308922,7865646.69948792,16776925.5730393,9110982.8642703,3228917.38320597,7098486.57981557,12486143.8372188,14496304.9871608,13687278.1976956,12429339.5087635,9067882.54117754,6170835.16173811,33240572.0637119,0,1.34948067129612,0.245223048803022,0.58311339070537,1.19606728279563,False
Q9BUF5,20,Tubulin beta-6 chain,TUBB6,73912813.4328069,65390468.4104425,88032242.7115555,58537824.1396062,53794788.323162,45616369.424948,73515955.2698145,57667851.9865846,98379352.771539,28381460.3703704,80597931.8927445,79274425.525356,55675445.1350767,77902713.2638037,38912199.605544,97542825.5791389,118307136.547419,116930868.368368,75599259.128233,62010038.6057248,0,1.24800449817014,0.142683042038755,0.495190015417898,1.52397504928362,False
Q9BUN8,2,Derlin-1,DERL1,901092.091406674,2113725.41656463,1643485.20357149,1494872.51481942,545116.37499291,1984298.28206344,472000.052636017,2193204.05106955,1864194.58995858,1941113.69660315,846102.957297028,834992.756237527,1323985.56868288,1671724.49844581,584389.397541547,1585741.52730948,947046.40365694,427805.401028301,285288.8335775,1055861.56536417,9,0.631087861509898,0.0848784090275871,0.418710352294526,-1.80996992645141,False
Q9BUT1,5,3-hydroxybutyrate dehydrogenase type 2,BDH2,5966819.81473105,1573565.67338639,1905211.5504038,2160809.57655495,2312549.99405142,8137357.58730812,4902773.27662779,7833821.93742534,5663151.44380559,8438146.01405837,2141944.42262992,10340542.3243024,5926903.97509397,2463441.11239264,8281888.80154998,3184945.77419151,6084084.95414166,4090794.53963054,7867711.30647495,3108666.21144968,2,1.09401352119037,0.565972004215765,0.732675882289056,0.583354036680307,False
Q9BVC6,3,Transmembrane protein 109,TMEM109,21497363.6990462,16302052.1068742,12643648.2427642,18387040.0213978,11460011.148406,8821516.91240446,19152218.9105352,22270105.4419737,13353162.7055071,11877959.271034,10977678.5070563,10485122.7332262,13952598.6171881,26853541.4997955,22438337.2567522,24436710.6610067,16941021.9198079,19313577.8291928,17784282.8775547,21398381.800554,0,1.1849976613956,0.298558722254811,0.608461038679821,1.06638455401465,False
Q9BVG4,3,Protein PBDC1,PBDC1,1874723.74479799,1600943.51363378,2730618.27498263,2343344.53203485,2659385.5668106,1065646.45865772,2092220.8740126,2780092.28374529,2247747.40719612,1698832.93734389,3883859.93452641,2619445.74422053,3502586.77313346,4123240.55611452,4105632.59311417,3227776.65215282,2927522.74847539,4059159.42469742,2033310.42593597,2104127.74699908,8,1.54486342785428,0.015823030059617,0.213408620082281,2.62890123188484,False
Q9BVK6,4,Transmembrane emp24 domain-containing protein 9,TMED9,3418124.33780456,3204506.46248032,5708446.94258197,2602155.18880235,5662318.27016285,4735528.54296035,3520902.91781308,5007618.04148672,5446965.37674063,6879626.51395133,1719252.29365692,4902885.31702269,1828159.12873523,7370371.80331288,9031423.51792841,4258289.51546392,9087984.10468187,3248211.96232596,6878859.88112679,5407541.93351801,4,1.16339919874324,0.825471113521672,0.817624247495614,0.223332446671502,False
Q9BW30,9,Tubulin polymerization-promoting protein family member 3,TPPP3,13417282.6188384,33445932.8345286,15316069.5620914,27577857.8041234,19967979.7563286,10327648.96678,5847187.11418301,11562250.6179362,24376553.2319648,27217072.2457718,3596387.52424041,26825143.4106171,8552603.55728927,6976233.45615542,9244936.10733843,9102183.56903174,9207350.27947179,14570011.4018564,24726778.7832339,5656121.06325023,0,0.626575473364962,0.0496326849193566,0.338835504947756,-2.08542961371153,False
Q9BW60,1,Elongation of very long chain fatty acids protein 1,ELOVL1,1363830.72582521,639985.906034634,1098971.32414744,1006904.18740422,1135336.04275265,600078.558097779,3143432.26577616,453739.981360838,1183464.57435005,1320706.89688147,1307473.81286266,749843.50154857,963333.069754916,1758334.03051125,1907591.15088327,1192668.64895896,1765811.64585834,1244059.3988079,935187.579942123,725691.755771006,4,1.05052079143981,0.550561281224547,0.730786710248407,0.606855095222241,False
Q9BWD1,7,"Acetyl-CoA acetyltransferase, cytosolic",ACAT2,3443877.90614418,15112867.0163547,16711422.5634123,10505289.5580488,4521537.60856155,16101221.4954332,23632764.8615426,9047149.83368556,11579177.6192615,19245081.614929,3151396.82492114,9641173.48001331,2623172.44111523,6146142.62764826,2516759.77090617,16355368.0351728,8289487.21963986,16805729.6050596,14400502.7672273,4911047.43674977,0,0.653121827870719,0.0548326834601173,0.35525066816155,-2.03551699992402,False
Q9BX66,31,Sorbin and SH3 domain-containing protein 1,SORBS1,156287367.978908,146551737.856393,170551825.413413,214167780.250412,186902300.0,171968314.266654,192774618.647377,90780626.4632914,164821936.645405,81473824.2738885,122712236.466047,276582728.016094,187081727.016685,103801485.9591,114387526.658262,88853209.8524358,146479348.777911,147298877.891528,113809607.257189,82598629.9168975,0,0.877766060961953,0.289532707977403,0.603321843609166,-1.08706711970249,False
Q9BX68,4,"Histidine triad nucleotide-binding protein 2, mitochondrial",HINT2,11027263.24759,6097944.98994228,19733385.2784791,22465242.4786745,5943821.73951839,4030146.74946242,19109918.3101092,5525064.17757052,12567336.8461953,8418139.34525084,5606913.8428524,8986301.02802708,5646138.60109792,5060733.3197955,8560163.50338768,1887157.85021225,11117209.0761104,2865699.2016562,3535306.52735576,3066583.6565097,2,0.490193682506366,0.0123517544703609,0.198938501065838,-2.74130407475818,False
Q9BXK5,6,Bcl-2-like protein 13,BCL2L13,1371681.3277716,1481945.29630925,7948668.21693113,1468823.03715698,5534101.78864923,1009513.0297355,9880922.60539629,6135106.99068893,4094522.13233312,2464421.46371227,1433605.4966877,1157576.48450706,1486296.96780122,904545.977873211,1180120.1686414499,2226657.35856074,1847001.88129208,1108249.51023751,859595.183501467,1522917.98593474,6,0.331642052542102,0.00675054997990442,0.175323277667773,-3.01007992430728,False
Q9BXN1,10,Asporin,ASPN,51423858.3186859,78244292.4094805,15797333.531192,38527285.5518607,21799572.0593095,28851945.791965,16298172.5170853,78551174.305798,43939923.0756446,26595531.7348177,11302422.4169849,26189476.5051523,76539521.892155,91777055.7791411,135932493.7034,40102954.388114,13594281.5755102,22388647.0657021,69693700.8337855,29230781.6158818,0,1.29178439669338,0.7145998433207,0.789207019147749,0.370749608117318,False
Q9BXS5,1,AP-1 complex subunit mu-1,AP1M1,639198.553724304,1214257.85064159,575907.341205879,462405.250787959,1631961.59497519,870482.896683311,1737476.42691045,1610679.5740513,319172.462233961,1136645.54385214,762947.398249045,473977.589404596,447836.383723908,828477.859172089,990546.244411188,529581.426927165,748695.162943577,2323395.09432159,424981.558669413,1553602.966759,12,0.890750605338102,0.617366197623345,0.755192054657026,-0.507231599157166,False
Q9BXW6,3,Oxysterol-binding protein-related protein 1,OSBPL1A,583444.658806576,751945.573617472,678582.196431856,654760.646838042,1911992.12248562,3619624.62631911,5510441.15785036,1521981.51685839,4257060.47246429,2002934.30321844,578813.739125021,4451267.19787416,1874953.2417741,1121031.58670757,726810.153714074,5319027.12912877,1195546.47697479,4694668.06420056,791182.55226985,4320763.27100646,4,1.16662796800807,0.642309919194737,0.759476558552735,0.471381719651633,False
Q9BXX0,11,EMILIN-2,EMILIN2,7658934.79776651,1215257.25848347,1105407.08539134,6356721.0843478,1222468.44637467,1999663.25365202,335783.825028845,6380146.92286134,2354287.2592759,6055418.44797688,475758.361688527,409775231.952646,1517169.14742151,966005.875296523,1428047.94651641,220225.087265009,6158666.37613445,73740538.2286222,7960334.25854585,2059257.388735,3,14.5398440080328,0.522160250879239,0.721310207615658,0.651102131096924,False
Q9BY32,4,Inosine triphosphate pyrophosphatase,ITPA,5378484.26088898,1183734.78110916,4060313.48253448,2705686.82508747,2636619.94514089,2467196.02556122,937331.540028401,10523940.3483923,10316483.0760938,4402734.22668237,3823227.27403287,362708.831292694,1967227.70237162,734621.592323108,3485300.29158803,774584.789690722,871651.297877551,2334620.45768496,1063980.80891662,945529.960757156,5,0.366790563540296,0.0092427022102116,0.181482743058785,-2.8711636785441,False
Q9BZL4,6,Protein phosphatase 1 regulatory subunit 12C,PPP1R12C,1973102.1316978,975949.083566556,1540112.31524666,3731758.45693055,71000.1325647482,2467509.87296766,434236.398961569,680348.071823027,3922244.92471476,1982927.6344109,941581.821746195,4481988.04672197,509143.113402201,3059617.40593047,1568224.13633498,1815505.28682288,900003.008115246,2492945.89472437,2191682.15237837,973540.746537396,9,1.06496598851293,0.482803522234507,0.705049346435958,0.714687669095708,False
Q9BZV1,5,UBX domain-containing protein 6,UBXN6,1268778.05302815,10035942.1014174,6147365.93258314,8928708.82794269,2518851.19544383,7304640.98340063,2086083.13983314,2867420.97946338,8850615.60776211,9966655.51095411,983029.14005479,3741508.35591062,5607289.46093848,2345490.09034765,3574492.75446277,2142028.05757024,4614265.52216086,11282340.5864956,1181280.67887502,9541588.75807941,3,0.75053383280949,0.329388083864469,0.620838122156971,-0.998934565358928,False
Q9BZV2,1,Thiamine transporter 2,SLC19A3,5058324.00179647,2794789.29005597,5491721.90195128,6158269.46199,2225046.98946881,3017437.08542393,3891655.23919411,2380286.57355509,2919780.01050812,5858616.20977969,8134113.46297526,16366394.0915538,4385600.63035777,5002407.57137014,5005619.79248523,1014493.74562361,2848812.87231693,2727338.09413959,4829746.24827983,7846531.65543998,4,1.46148269167988,0.398425127724215,0.662759156764724,0.862300672818232,False
Q9C005,3,Protein dpy-30 homolog,DPY30,1261772.90052214,10938118.134786,3196613.80933606,9962466.00277593,5999141.25572821,1765556.71997071,7566334.00767439,8042480.17341383,417344.054128111,2408336.10215514,1278882.78910012,2227852.30617585,89013.7949139846,1291040.059182,1604596.98202518,525812.425716596,2130372.09848739,1370089.61475111,1658931.15798517,354860.812650046,8,0.243054664340533,0.00644381293793894,0.175323277667773,-3.03049950979456,False
Q9C0B1,3,Alpha-ketoglutarate-dependent dioxygenase FTO,FTO,721844.732196862,1636290.25293084,2252836.12426122,1243889.58066102,3338028.07214908,2724964.94276448,2332338.98819562,2258953.78392906,800981.514654213,2492764.24452294,778128.61093309,956199.839074954,1826846.62966449,1355328.33496932,3089621.53589984,3339759.35221346,1633072.86953181,1192524.77609428,1378696.02197504,933781.361034164,7,0.832401607539081,0.443063726407555,0.683685726064029,-0.782043721811444,False
Q9C0C2,32,182 kDa tankyrase-1-binding protein,TNKS1BP1,43057532.2136635,31866891.1885604,38358925.9008143,85168821.2618917,39738717.4458569,24079543.2101569,33239977.6994763,39299630.4516218,28680964.7497979,34940980.1834011,16725940.5113731,33702518.3346359,45445578.0429433,34656808.0781186,36970781.8155802,22545396.9076208,27595126.1373349,27112654.1477841,54485282.5357208,31052810.2169898,0,0.828981883329583,0.248827063418138,0.583149616570681,-1.1866783326718,False
Q9C0E8,5,Protein lunapark,LNP,1171164.87621165,2048585.86212174,1377137.31688712,2522583.8576179,1619813.96280825,1176779.63307671,1915533.8105001,1526062.51750436,2269306.99038526,422192.692134402,3299305.6950786,1878264.90654464,1531093.69477271,1681279.83075665,3527944.98615537,1614455.04014554,453781.285573023,1016830.83133133,3228737.94589192,1388060.55032318,10,1.2224784916672,0.567528411136109,0.732675882289056,0.580999130388043,False
Q9GZP4,5,PITH domain-containing protein 1,PITHD1,3575564.34158466,2096071.53480847,2877050.64811469,3844304.36832984,3642905.96499036,2233266.87798508,4988816.69494985,3164850.99549339,2052046.54415596,2743981.31584957,4332561.84046164,5427750.57302622,1916356.35242976,5286927.14625767,2807900.1602574,4866487.05445725,4527567.98468187,2166750.25102375,2386960.88942319,2861016.34949215,8,1.17173655405175,0.506422214906933,0.715810942831439,0.676191288550974,False
Q9GZS3,2,"WD repeat-containing protein 61;WD repeat-containing protein 61, N-terminally processed",WDR61,1109733.305882,739718.504474578,1771089.55124345,1060264.69790005,1808710.5895697,1113728.61363007,1762939.72951984,1012823.95869705,1268001.93515507,976792.260079926,596269.839631298,4405827.73783563,1877239.59800797,4728972.18196319,1368283.4460409,1436355.69868607,5672010.52025538,1234960.05123305,3599956.67182131,2325702.68696667,12,2.15827022308622,0.0319775603888083,0.273698145271085,2.30012718021347,False
Q9GZT3,3,"SRA stem-loop-interacting RNA-binding protein, mitochondrial",SLIRP,12176256.8547115,16070850.8328661,119780039.218653,746733.678136657,13516297.8794898,28554831.2343427,1147009.81037543,18576024.3310668,73456247.5797323,7973324.40876329,27902275.1602794,24941814.5496785,24615114.4825601,29505536.0721673,9738573.05733927,5111760.90357793,1527438.29229292,25832792.6430976,53098473.5544402,21556357.322253,8,0.76654782061449,0.649687213710647,0.760966574422578,0.460900213777772,False
Q9GZZ9,3,Ubiquitin-like modifier-activating enzyme 5,UBA5,2502809.20614115,810178.444716415,614174.076930794,287365.731590666,1129752.99563483,1363808.87565734,2497643.09927221,1149527.28572085,3099008.30395686,1379393.12538357,1271901.92901198,1231000.24447892,1341411.83950502,1591286.77052419,1219058.24322327,1539877.84368216,869506.296691477,1561005.83255983,1130659.19320854,1414810.18698061,10,0.887880493636679,0.754537144687404,0.802778333272415,0.316851423521166,False
Q9H008,6,Phospholysine phosphohistidine inorganic pyrophosphate phosphatase,LHPP,7528968.82357123,12624977.3836803,3899956.94960456,3998865.04398115,5296917.17387473,34698735.8366038,33493781.3020325,44584862.7244326,27383848.3474081,13141713.8507101,13188800.3342761,19443292.4105592,10208869.8935109,8562342.17709611,2905910.67861894,17374697.740853,28472871.392557,11305301.5570116,11658998.6019172,11960340.023084,2,0.723704920017128,0.651826845197607,0.760966574422578,-0.457870125840754,False
Q9H074,6,Polyadenylate-binding protein-interacting protein 1,PAIP1,1944412.93438364,1598411.87733951,2473978.05934088,2419466.83815748,1804106.06507083,9543346.11891362,2953494.27562794,6661802.74153586,9189796.85473003,8218072.65717548,1538615.85418396,2055909.07020667,1550527.40967847,4007888.58445808,6723550.47125886,1735202.91780877,3456144.37968788,2801717.32713283,3801259.47458853,4627368.00194697,3,0.690030561304741,0.26854092785063,0.587927183588789,-1.13704578710719,False
Q9H0A8,2,COMM domain-containing protein 4,COMMD4,2673433.81656972,2921312.19984699,2985270.94097756,2893729.7756827,2925887.07533359,2838799.72136028,2932509.86012248,2734066.54047597,2579960.32656545,3236612.19078713,1758219.33746109,2509931.59356278,2039110.55471673,1792513.7236042,2685808.12689911,2601356.87023248,2462174.16480192,2169896.75439075,2415549.12321396,1327724.5212373,12,0.75769797189035,0.0528254108346617,0.347752097771272,-2.05425907522474,False
Q9H0E2,4,Toll-interacting protein,TOLLIP,9946229.55211053,6309464.64728004,9467384.013561,5274532.82560796,5483247.10128005,2703477.19350787,8099486.73098429,2089019.18331342,3076222.78964154,2222807.59341326,6356322.86576457,2172493.08563448,9430026.94029043,8588332.6809816,2732874.40947622,13388053.1691935,5856391.7320048,13832709.1263991,1817809.94438416,1707861.41735919,1,1.2050598124117,0.829325401292861,0.818226127002315,0.218316551851908,False
Q9H0R4,3,Haloacid dehalogenase-like hydrolase domain-containing protein 2,HDHD2,1909266.39336211,2554663.8057985,2580856.16156972,5722129.86710233,1612086.86395191,2299321.81088504,2673315.00457087,4946565.23651567,18524837.164226,12046015.2890173,2429140.30283912,2949764.93791247,2090880.71541956,10707323.1742331,2441444.90355165,10939848.3905397,1984978.71265306,16779367.009282,4392660.40396093,2087268.17451524,1,1.03524061124048,0.880348821450487,0.825812662811676,0.152402275877776,False
Q9H0U4,8,Ras-related protein Rab-1B;Putative Ras-related protein Rab-1C,RAB1B;RAB1C,14067070.9030165,16366619.5447787,32235310.6576153,21764824.9879999,17766815.9398753,27506971.8570141,34595255.7601846,29530322.9670128,34996116.5807205,26500166.6135017,24910480.0473186,14324145.0974007,18416540.6210282,30922584.2110429,17232793.3538038,26738325.4004447,26912136.219928,25399085.4222404,29945270.8364985,17720472.700831,0,0.910673682195623,0.550621619196259,0.730786710248407,-0.606762412988319,False
Q9H0W9,8,Ester hydrolase C11orf54,C11orf54,25012017.8011994,17009024.6864614,9965758.01469728,28831691.5837261,26759448.2484743,20113594.4276093,12916612.7536168,12591819.0168152,33757769.2062708,10000666.8479269,7859795.62601693,10667302.1633669,16256593.1398902,14771014.8993865,16828030.1511308,15984359.2245806,21826957.6758703,15374495.7762308,7402314.77631579,18276042.0775623,0,0.737449652326167,0.171615673847082,0.521118528909864,-1.41622928699491,False
Q9H223,27,EH domain-containing protein 4,EHD4,38791635.8944865,15282050.0498513,27121099.7132443,19626822.2155394,29065409.7810042,31763403.1758085,33743437.7868998,32034260.7911421,37071502.8245441,48415471.6252765,23725079.439648,28951246.3369804,27118750.9302577,41883697.0114519,27137927.1563592,26142897.8184758,20010437.8429772,23512884.2146692,31962524.363809,24146359.3628809,0,0.877528153379194,0.417873941870241,0.67072686746708,-0.826669404317825,False
Q9H299,5,SH3 domain-binding glutamic acid-rich-like protein 3,SH3BGRL3,44370394.4160829,45299370.2007172,13801025.586637,59471714.1271723,24805557.6285003,42389227.8236309,20641034.1608236,39627649.7413397,58633859.1757255,54605534.9543281,17450524.3906691,37120242.3135927,33108075.2900295,28619366.9108384,68175133.5759366,58333768.182737,68169753.1755102,34574969.5654746,36378171.4858021,45060858.1578947,0,1.05783664844193,0.712909596155038,0.788969552900123,0.373054490977176,False
Q9H2D6,6,TRIO and F-actin-binding protein,TRIOBP,9209480.75406467,15276087.5203437,5352811.61996087,8265466.83555504,6113506.66676762,9442274.11315104,10376917.8809799,10155717.6426537,15706442.4957326,12008669.5072433,6109157.52963639,6629464.83088746,4570840.07152708,4444452.60707566,11865922.4029329,4381682.0587831,10232283.9006002,4147856.8033943,20294229.6626876,4080746.6800554,2,0.75320001638865,0.0880807122641386,0.419883675208394,-1.79028938986803,False
Q9H2U2,8,"Inorganic pyrophosphatase 2, mitochondrial",PPA2,12513859.5025461,10389636.3372398,14996060.2735466,14560685.211231,3911281.36013131,15902260.8541683,9342626.7293867,9136453.51465588,15480601.5169347,13641880.5708985,7030790.98638552,4147388.43746382,9342082.43070391,14832169.0261759,20609674.9303901,17114764.8878108,4824816.68460984,10813766.7067067,14437687.1640441,11048330.0784857,0,0.952668545006073,0.663275928022972,0.766605691647668,-0.441729283963587,False
Q9H3G5,4,Probable serine carboxypeptidase CPVL,CPVL,730778.644319837,528708.001100196,2807843.77984987,780208.87826967,976471.764315142,2626167.81090875,2357374.93898745,1612189.04828632,3731749.318435,3015538.50046385,2153115.73725718,1530350.76728267,1269786.8276633,1349734.44900225,1337612.28237633,2571521.76009703,2408221.19165491,2497551.21831107,1704643.13542808,513035.463157895,11,0.904447492007993,0.96762688400231,0.840871075182162,0.0410797580209488,False
Q9H3K6,2,BolA-like protein 2,BOLA2,2557209.11129474,2101916.84540407,2003183.14411357,3362003.95523812,798233.291215933,3009346.01934582,3587173.85848052,1885681.57125793,2517917.02421166,3474601.38362715,1829923.39880458,3576881.57826526,3640636.04749805,3999785.66265849,1646085.21029917,2837046.19195472,5425147.76969988,4467184.37482937,2705756.43837041,4353384.48364847,6,1.36306551378733,0.127867859456505,0.476682051757318,1.58628923719239,False
Q9H3Q1,5,Cdc42 effector protein 4,CDC42EP4,5196373.81756146,3097602.40073465,4893423.28581939,8727872.086343,6755231.95377735,8152478.59604426,7560278.48908316,9765014.03840853,5477693.18277783,6367722.54806251,8454047.50132824,889636.121439736,3239289.4364369,6669621.95296524,5244863.75692231,6717677.45174853,9638145.4967587,4993245.72153972,6801110.6877826,983231.681902124,0,0.812666627444008,0.18737870607603,0.53240815837221,-1.36358616347893,False
Q9H3S7,5,Tyrosine-protein phosphatase non-receptor type 23,PTPN23,5067848.99110079,2596878.61534774,8333366.88314077,12285240.1597705,1840877.91593778,12624583.2499698,10814823.9112861,15704567.512175,5428998.84534184,4689629.85738243,3950605.72515385,1980034.78638416,169296.735376539,6607703.399591,2561717.3980602,13497617.8892258,10199974.2593037,14165217.995723,4868438.9248796,12268325.9141274,7,0.885146131564819,0.29464859395164,0.606452439173249,-1.0752883225204,False
Q9H425,6,Uncharacterized protein C1orf198,C1orf198,1580337.54681199,2180937.61475796,255679.296311469,6389580.17650291,2613560.32981559,2721383.65122171,1764598.57659537,575691.027239732,1294849.59702632,3107102.35470634,4228963.21500913,870512.014964687,3718688.09932665,10315172.3361963,5316420.10882344,1845674.38035173,6076905.03385354,3156708.24278824,4134989.43601917,2101738.20129271,2,1.85760055502362,0.0567013434305399,0.35525066816155,2.01861319161604,False
Q9H444,4,Charged multivesicular body protein 4b,CHMP4B,1562799.78916668,2180566.02135012,1007919.88074138,2503127.81621028,1821750.78858314,2312585.85363603,2188667.79261648,1691998.60470614,3020895.94762375,1783061.01302362,1510532.41046821,5080224.51723173,2677758.68844479,4666365.64466258,1869572.32148934,4479777.4304911,3538672.09827713,2095214.47347392,1724764.44234943,4443028.35964912,8,1.59843139342259,0.0555500690342932,0.35525066816155,2.02896751801753,False
Q9H4A4,19,Aminopeptidase B,RNPEP,34854257.0721431,34927714.6689697,53382799.481666,38604028.8263019,56129574.3748485,53232582.7725695,63033700.5995385,43320013.4737664,54008736.6768484,48370790.0649397,46000991.120704,27536549.3516267,66319763.3643419,31155734.3194274,32696193.2787798,53245431.4606832,16675364.8691477,33199012.1471471,25485678.5182673,53575606.0249308,0,0.804165691156093,0.0849161971293183,0.418710352294526,-1.80973396280451,False
Q9H4G4,5,Golgi-associated plant pathogenesis-related protein 1,GLIPR2,4576297.04228811,7300452.22271296,1230316.96100791,4789320.7707255,5672459.48060103,976631.467755786,2832647.26617556,7520056.88909308,4221547.1884377,12719573.138871,4932600.87937905,3875201.3004785,11098039.1933653,3683236.61386503,6128114.88846951,2196961.54133818,11164776.0480192,11851262.4115024,5601237.81049919,2039410.88411819,2,1.20701550061056,0.444824518701319,0.685173298790309,0.778983806736717,False
Q9H4M9,24,EH domain-containing protein 1,EHD1,76832029.5719492,53628569.6903971,67678526.92745,53169037.6022901,41427010.7107449,75835838.0245407,235340634.605485,135836050.891298,133456066.876291,123701233.236994,81654552.0679063,47872480.3953919,49782152.1363477,102899462.588957,66833632.6756489,106209772.743077,78080735.6432173,126378882.532533,85507210.6800507,72642189.4736842,0,0.820400211118268,0.458660414534312,0.69086707470759,-0.755192672609626,False
Q9H7C9,5,Mth938 domain-containing protein,AAMDC,10874533.0376483,8142035.65069092,5281403.29727289,12037885.1753752,19546112.3295292,6443008.76629598,5762834.7403923,5822599.99926491,12288603.7422514,3892764.23877828,6399611.70994521,13708765.4335996,2900905.24581519,11068896.9488753,8737536.52113046,4426490.25118253,7136481.7703721505,5897993.0005005,8150397.23227528,9757311.63434903,0,0.867830438023775,0.602412673009648,0.750269498002461,-0.529048420294676,False
Q9H8G2,1,Caspase activity and apoptosis inhibitor 1,CAAP1,6860218.31623026,4320446.31644057,4713261.8064775,2639103.92782581,4033167.89827932,4815316.14469618,8426535.21379903,1352521.42208031,80026.2181999171,1032944.31053308,4581325.09721069,438149.351630539,1751089.87275872,980224.209775051,4212981.28375226,3050715.39243258,4708172.88845628,1056119.6031031,2164638.95469343,4069371.15503858,10,0.70578228973733,0.782578463144242,0.811450985241191,-0.279583031475641,False
Q9H8H3,5,Methyltransferase-like protein 7A,METTL7A,29130564.3607672,5382554.12414728,27830495.3040614,22724656.3641095,25713529.9819339,7498561.28842019,23523280.9545576,14845878.2720757,15125468.6766688,29933310.9808749,42187228.4326747,22586462.3856663,22122340.3008464,37389633.1190184,22024900.556879,24014319.774813,40970420.1440576,21444696.0556011,26127954.4632845,17151628.0701754,0,1.36840964344091,0.0768565590176943,0.406844594708366,1.86226246723931,False
Q9H8L6,5,Multimerin-2,MMRN2,1692589.77964174,943435.078894262,1346304.70265186,4134624.97735882,2313167.66231906,2693927.08272715,1624840.71048194,1753185.82151061,2089574.76628335,1728509.49607507,292621.617564131,1248679.93003741,1691617.69617891,2072589.7995501,734760.859480865,2976457.85296139,1513975.9417527,2676483.7964783,2445803.70062398,1756249.7179132,3,0.856747232588857,0.311397335201682,0.613979024606205,-1.0377236155384,False
Q9H8Y8,3,Golgi reassembly-stacking protein 2,GORASP2,1223693.12115833,701110.968177425,1218839.01567851,971061.835566608,1278764.19336233,793627.469920303,1164427.7046685,1090191.85922999,1268907.26897853,1286295.42653251,3614575.49624396,764602.988231113,7309250.14589362,1272693.82114519,6235088.02060452,1214128.22171013,1447741.17709484,1256815.49353899,1237733.35404232,1202804.38180979,6,2.32387211527615,0.0313894249974118,0.27325797600272,2.30901553063061,False
Q9H9Q2,2,COP9 signalosome complex subunit 7b,COPS7B,1304520.67231741,558949.684917789,1280448.29207843,97323.3964622434,1486805.99590716,358672.980029665,704711.414626786,450436.538098349,1326570.2144459,1681360.44658531,571958.327120349,1237070.47226045,2332653.78473046,373667.003214724,1395342.22365901,1342054.47758237,376290.64739976,1761446.6011011,541725.955624887,1049877.90829413,11,1.18727840967231,0.465862842080976,0.69086707470759,0.742979218454272,False
Q9HA64,4,Ketosamine-3-kinase,FN3KRP,1258632.65974358,1432252.88840301,3312130.64348105,1289935.54532574,1591360.52475269,4406315.00188065,3341996.26071714,2113835.30235229,3674911.27284161,1937712.56290587,1531028.66966628,2402383.86114797,75827.1400747318,4122934.78548057,1479264.94748322,2117017.07665252,4920534.12600899,3177883.36004186,4730362.33505155,1366549.58669966,5,1.06423489946601,0.586729655118313,0.743447109981051,-0.552213119126017,False
Q9HAV7,2,"GrpE protein homolog 1, mitochondrial",GRPEL1,958801.330861641,169359.483978688,488107.917752103,1339351.01838552,802364.258176246,1051056.01163162,804971.19307583,655274.346012129,1389131.9089929,840346.778812531,1126627.95500162,2610291.76073868,585167.242081733,1281866.9401636,1105249.29238468,2111425.49783707,442327.9642497,839172.447979798,974062.176614216,789943.984764543,7,1.39621889912477,0.208248095314605,0.548362697862882,1.29903798307314,False
Q9HB40,3,Retinoid-inducible serine carboxypeptidase,SCPEP1,810701.468380851,4230025.64146322,4811003.60103575,1834418.56284586,2104156.54514618,232531.933467699,2857115.26053963,1166185.85697877,1366295.94385051,5995064.99707414,1941520.83649191,81941.0443045124,427655.977907428,1837792.72616533,971402.774757912,1932343.85199111,1156326.16240096,1259791.91564292,3381836.38049376,1443484.73545706,8,0.568103769088183,0.191938398044672,0.537857928627357,-1.34901714475296,False
Q9HB71,6,Calcyclin-binding protein,CACYBP,13075653.3672642,7081249.8575739,2090998.19302088,8313547.18423408,8234705.05937844,8735433.2749505,15287934.6480873,12249202.0100156,9712001.64585392,5686628.85295797,3527808.06500083,795719.717364247,551599.083547419,598362.553570552,6221308.99922745,746203.749108551,8900677.93416567,14647398.3765584,1546532.86760716,6622426.79639889,4,0.488110198259921,0.00459257992823336,0.159015256816369,-3.17826371273346,False
Q9HBL0,65,Tensin-1,TNS1,228983942.002481,354998312.07364,238819431.939405,335465389.51508,187038187.018881,237678382.055085,308213786.633532,210473319.640724,271596864.836942,151490496.210662,169307479.462062,237631224.021651,207053722.972498,211509191.766871,207036378.167249,216394100.157671,241819715.303721,269289663.836564,184561373.200398,201929887.44229,0,0.850193420982074,0.184935065102929,0.53240815837221,-1.3715099710516,False
Q9HC35,6,Echinoderm microtubule-associated protein-like 4,EML4,3811769.19120118,1506382.84559209,2274128.50853579,2210854.83862013,2008455.82358522,2919548.44992158,389049.404624124,579203.066231737,6985202.70519271,2069889.95482766,4745056.46573478,1996940.82110397,2065255.50486763,3430211.41427403,1968594.74785756,3580499.48878108,1711872.49469388,3894945.96519247,4129834.32646048,6058029.37580794,2,1.35657198652755,0.11203431209109,0.452941459078393,1.65994966166838,False
Q9HC38,11,Glyoxalase domain-containing protein 4,GLOD4,43685580.3693747,17812439.7682351,28805523.6050964,25654952.3783362,30593109.2963053,20673337.0317013,32651086.9876631,37811521.9985298,43046633.8509568,38018672.7349604,42523919.4429686,35773169.4671182,26711881.216366,20891014.1378323,43853201.8438883,52319042.8623408,35737155.7440576,35880343.2596233,37700752.8725809,31378053.9381348,0,1.13808715955366,0.31978661893896,0.617581871743622,1.01944531655555,False
Q9HCB6,7,Spondin-1,SPON1,4117580.33163595,8212285.88766644,5594381.13172371,3659140.94318018,4767575.46850558,10041676.2050685,9722502.70968314,9050584.59064596,5927360.20227293,17549849.8779705,12029643.9677901,14743439.7763994,8991120.65018361,8127383.45030675,24845232.7297899,8766688.84010511,11442100.4691477,5501448.53562654,12614806.620094,12592242.10988,3,1.52148573265148,0.0227601382156533,0.248404079019307,2.46097258670721,False
Q9HCC0,6,"Methylcrotonoyl-CoA carboxylase beta chain, mitochondrial",MCCC2,3530072.20064567,3864565.48591919,3287398.20472737,4759488.17390047,2388636.81186101,2213370.81385859,4162876.73604331,696465.668859689,2307104.12541551,1540580.18707629,5610216.38636473,5416964.02078268,1094757.5158874,1102608.90601227,1273486.22640999,6345232.96551445,1923846.33581235,5063744.4050869,5233027.77202026,5092188.27654663,5,1.32714197298557,0.490866277662699,0.709261894965122,0.701426735384282,False
Q9HCU0,4,Endosialin,CD248,2834938.09170579,285238.22859585,2312902.73708531,3177379.59916456,2532830.03285611,3385368.3214792,2581166.04952516,1130550.25351466,2811930.07542,2802334.09987155,1151485.47897083,1246948.54644987,1158845.81367803,1951045.97255624,1171456.98767905,1645057.59987871,3187525.61190876,3267686.26694877,2764795.75906683,808396.587719298,8,0.769378475491472,0.4638332936909,0.69086707470759,-0.746409295222447,False
Q9HDC9,10,Adipocyte plasma membrane-associated protein,APMAP,61915885.8738077,72295915.0288613,57843866.467972,41936416.3629529,32301991.503448,52927509.7892966,50040780.8804473,46907617.118901,36817956.4468601,31487162.2582602,23220818.7099452,51363238.4443383,31354239.3804592,38564556.7799591,40511014.2561025,48138959.8884172,37192884.582473,47320859.4207844,40830157.9046844,42378593.1024931,0,0.82744256833326,0.166186749815707,0.521118528909864,-1.43525835596276,False
Q9NP72,7,Ras-related protein Rab-18,RAB18,4566513.98447799,10302184.2377995,4996204.83825102,8537094.79142931,10586216.4391152,6766916.69027528,4527076.61147599,4967860.72967013,9077296.14410206,13503834.5561265,9941073.60393492,10254389.1713703,13019325.4163174,7074003.61635992,8887588.02269282,13508952.1706084,8954976.08134454,10175111.5638366,3391808.55964008,12041982.8347184,1,1.2494887944927,0.251388284236841,0.583149616570681,1.18006790766139,False
Q9NP74,12,Palmdelphin,PALMD,27986792.0464239,32146410.9830331,30874333.6540873,51402861.3989532,34717074.429928,39292073.8412734,17393011.5869353,17051850.9298907,24619185.3616027,10808269.3787911,13458486.1400465,13443408.3126375,23011641.2469239,16821971.4265849,14643754.4395632,10098844.7119466,28050153.5855942,36597235.7835108,21055664.6975041,17587056.398892,0,0.680313489481143,0.0456026166821632,0.32800665024696,-2.12746229944091,False
Q9NP79,1,Vacuolar protein sorting-associated protein VTA1 homolog,VTA1,5026076.14457053,2333172.97450586,3646824.60222048,4364530.53332562,4909227.39121814,4938070.47576805,5060810.65802787,4193323.03510062,5026598.91546133,6710903.60700778,4444476.49302673,4475771.25586141,5398478.77525082,5131366.33623722,5138035.18307397,5286233.27499495,6491635.1794958,5638704.11493311,4880452.08220293,5558879.82825485,0,1.13491790678865,0.302435582130444,0.611114865961753,1.05763871242368,False
Q9NP97,3,Dynein light chain roadblock-type 1;Dynein light chain roadblock-type 2,DYNLRB1;DYNLRB2,7643708.39048001,4107224.62913241,7880541.23948702,8808074.21259,6534518.49280663,17785754.9248096,15003442.3746339,15495906.0268308,12669762.8663193,26147382.3535289,4215619.70031546,5835422.19216742,10882627.6331161,4944922.69218814,9446739.47552826,16811006.1467556,20821768.8355342,12156558.2787333,17959218.5625791,20495664.5337027,0,1.01223195944075,0.99795239348557,0.843797505224354,0.00259754059004062,False
Q9NPH2,9,Inositol-3-phosphate synthase 1,ISYNA1,11281314.9969628,8174728.02431345,7524749.6623305,11934119.6212012,10748869.0829276,27823982.4787629,3198588.93103754,12586666.8813746,29743005.0404276,36679559.702776,8320457.1972439,4607232.58184265,8415127.08253333,11261532.4482618,23697439.9336386,8832427.67212452,16091996.3457383,6516408.47306397,26918122.8956412,7621987.04062789,0,0.76572393728491,0.505485060766264,0.715497513978022,-0.677698981660814,False
Q9NPJ3,2,"Acyl-coenzyme A thioesterase 13;Acyl-coenzyme A thioesterase 13, N-terminally processed",ACOT13,3220327.50371529,3016688.77601889,2117248.95497183,515820.59208041,1110732.25675825,6397645.74008757,943054.562438981,4308791.78692418,1311808.65937472,4984159.87951407,1604169.74904533,2143414.70591641,2184587.10666865,1183408.79603272,910312.44281162,1672428.83609809,2582944.23732274,1800055.04782055,2461776.87045994,1558644.6136231,8,0.648197441290158,0.44877989821214,0.685569866640652,-0.772137050886579,False
Q9NQ29,2,Putative RNA-binding protein Luc7-like 1;Putative RNA-binding protein Luc7-like 2,LUC7L;LUC7L2,788297.058210769,754735.891966709,1232075.72414877,757103.737203905,1428335.74758777,760971.396667353,231069.210440862,1038259.65955125,1363441.44820771,2961120.36130736,916466.72373402,925367.307611715,951743.779073652,593156.808527607,1345693.09060112,514410.138645644,1315092.14977191,683735.181649832,1641099.54951167,1654561.27285319,8,0.931590263435808,0.899288838517773,0.826708499711055,0.128125919237471,False
Q9NQC3,11,Reticulon-4,RTN4,282911538.449608,346114159.541718,242210155.358068,316733545.204291,420879157.571218,374550039.202606,361545720.111831,283315927.878342,333044081.335909,256732243.027903,311214206.657812,309353385.716973,277227376.48395,516010877.582822,384105823.508028,419421304.471397,344007930.804322,488643468.832469,272215137.69669,296662099.445983,0,1.12455577650808,0.304464506337683,0.613004169071843,1.05309355396389,False
Q9NQG5,5,Regulation of nuclear pre-mRNA domain-containing protein 1B,RPRD1B,1773269.81195234,1729031.89487978,2776311.9430557,1323212.16700361,1019384.42065098,413158.916517227,557463.853967338,817139.304101981,2708664.49775402,2470956.97552273,1081232.67305416,421808.260511491,1859658.20913719,1601934.12231174,1718075.2370603,1718277.05761067,559988.907971188,1029246.76353626,2155596.38546753,1333565.63296399,10,0.864695265986349,0.776860800679005,0.809519958509786,-0.287147522429322,False
Q9NQR4,12,Omega-amidase NIT2,NIT2,31786483.3884768,24728511.4080812,35829164.9723277,47773228.7852413,30607521.5558836,39508277.7381147,38003357.0768616,29788788.4282826,26923770.8143922,25195731.8072504,23434935.5736344,18223352.9451777,28394957.1756943,36067939.5537832,32580546.6494447,45237383.8544572,36850043.3887155,37542887.6062426,29455957.9783867,22471686.0803324,0,0.939768419789688,0.556428275873872,0.731996907067397,-0.597867998337681,False
Q9NQW7,8,Xaa-Pro aminopeptidase 1,XPNPEP1,13608112.6353814,8730498.37589645,6215336.65549183,7909637.45603331,9126048.65440966,2764226.50930743,2998366.08902103,1455993.47551227,5002335.70249753,5255885.27353172,3770473.84384858,4867991.261361,7949880.40969199,579878.718748466,16667570.4529283,5084483.06638367,1638816.8057623,1679552.47292747,5172434.10720745,3660850.39843029,0,0.809811539505138,0.24729449779127,0.583149616570681,-1.19065829410174,False
Q9NR12,4,PDZ and LIM domain protein 7,PDLIM7,2559175.45603174,2559631.96518115,2440227.07968967,4258593.29020916,2784344.0890541,8781061.58201392,8890590.90130469,4569085.44656804,4120296.54887252,15879959.9215015,2120222.4219658,2428232.86844361,1402790.74213743,11937285.5492843,3758515.45339232,12497934.2712755,1934898.76864346,1943433.55259805,3417077.04747694,3858054.29547553,4,0.796905016307905,0.281167543712717,0.59687397298761,-1.10665591348106,False
Q9NR19,13,"Acetyl-coenzyme A synthetase, cytoplasmic",ACSS2,18494810.4007806,19263163.8477348,26521082.2972227,12420520.6563919,6798674.62193483,12480933.6669766,24379246.0455312,10458834.9444087,15802152.0555206,13349783.2063084,5093343.68429354,4720976.38343754,8404513.08999703,15939058.7210634,746455.624872382,15618639.7453002,16772293.7930372,13358182.4024024,13718507.1256104,13092055.4201293,0,0.671779472669483,0.0455386125494261,0.32800665024696,-2.12815651090038,False
Q9NR28,2,"Diablo homolog, mitochondrial",DIABLO,427880.552917417,998541.134006022,2700907.59758124,1111804.67732701,3112929.01380052,2018256.74499145,328368.778601225,4375021.67830561,1031648.30760938,3497299.08534932,1213032.7046134,864474.258194104,907552.638730603,1065075.5606953,587337.021525971,1322483.95172832,793435.041238896,418331.874674675,2080551.51189184,1354606.91043398,8,0.541094055006869,0.214112814070345,0.55792310220854,-1.28181327612532,False
Q9NR31,7,GTP-binding protein SAR1a,SAR1A,58862605.6091193,44670859.317824,77347557.5793803,49652898.563456,56526940.9603648,94245002.9586471,89013734.0729564,41509037.8663971,51642023.965951,54963654.325983,63862681.9525154,46196754.2339643,51022978.4066632,55206887.9591002,44046909.9480246,36485807.389529,48706784.2545018,47644013.8206388,41070166.2841382,23762704.5244691,0,0.740589060958812,0.030301168771728,0.27325797600272,-2.32587429887727,False
Q9NR45,8,Sialic acid synthase,NANS,3339646.06799442,6696869.27470701,3624323.94911967,3084539.18694156,3945459.00427416,13485552.2649369,22241821.5887104,14348697.2020583,18584445.749708,18573524.431956,4659058.82815872,3261241.72159025,5361329.80137375,21439872.4257669,9107316.6184296,16628902.0258743,18744079.4021609,21595217.973428,14840799.8295352,20581289.9215143,0,1.26216596361183,0.127507463467094,0.476445128823285,1.58787842013339,False
Q9NR56,2,Muscleblind-like protein 1;Muscleblind-like protein 3;Muscleblind-like protein 2,MBNL1;MBNL3;MBNL2,908411.902977286,1911743.63917814,1462681.15146337,1250493.48420547,899809.6442226,649698.691951503,389339.702862341,2163553.40935404,1695402.50031444,1065488.49179333,1073918.43207397,947119.781091082,1184646.35356261,923942.605048687,1109624.24027938,1141513.25898524,907452.175414166,966146.614933115,1116968.57438054,1151561.90166205,11,0.848851680124371,0.76882594899441,0.807231985594737,-0.297806849419088,False
Q9NRN5,7,Olfactomedin-like protein 3,OLFML3,2882861.81320599,9001034.86345258,831741.099223471,1458662.65997745,2122996.40037599,4293968.55977972,3267015.84390281,6072822.04382983,1010491.45755098,7380460.12309998,8146862.86972152,7510088.0998485,1707437.59934017,1293868.43754601,14067255.9923274,18017424.8646012,280685.060432627,6400626.65884569,6854442.77896137,1634183.75807941,10,1.71997238543012,0.553372404950499,0.730895477929307,0.602542743385479,False
Q9NRP0,1,Oligosaccharyltransferase complex subunit OSTC,OSTC,2265562.94323675,6332685.09012336,1314803.78831073,1684136.56206807,1478265.46494745,1292685.04679639,4033166.91466324,3323544.09307143,4403804.88759019,6637679.1991722,1287869.78731612,3262729.45264559,2135130.95573163,3263260.64813906,3538497.7410822,2391555.32139595,2311662.96392713,2459119.94226044,2846375.89925494,3155120.74410205,10,0.813375199801275,0.788147616978441,0.811510678024041,-0.272231051404904,False
Q9NRV9,9,Heme-binding protein 1,HEBP1,18027397.6387417,31665015.7814413,12566302.2477302,16531149.8493479,4740603.95415189,35084719.4806577,31015463.7711902,19139324.4725719,31402810.3009613,30016005.211946,15720522.1949195,10687454.1567529,16973290.3501988,19287247.1627812,19380929.4937042,28116574.0165757,19679264.0196879,22767928.2823733,29417928.4816423,22751130.1754386,0,0.889627448514346,0.909782644888574,0.826708499711055,-0.114710420855303,False
Q9NRX4,9,14 kDa phosphohistidine phosphatase,PHPT1,51702856.6340114,28291162.8235963,64406556.9557075,64425438.4477923,53271829.1898918,73187008.6871669,52634388.283039,57364734.6848295,56669294.5274459,50573524.3006494,56204125.1469367,43866426.4081857,63368062.5828173,50055417.203681,57779947.1815735,52949984.5259753,64445169.5260504,64874096.1770862,52791702.2807018,47784276.5004617,0,1.00288205570317,0.848472555797743,0.819918955074362,0.193481082607465,False
Q9NS86,6,LanC-like protein 2,LANCL2,1007594.56519632,2201095.78507084,3987141.12921558,849764.22630194,4246896.56106099,8038938.39009573,4609853.08054495,1086585.36442157,2532273.45817986,5588529.48690502,4520967.39987487,2015875.57999016,4275967.87382142,4010716.96282209,1430982.47973579,3829098.06044067,5346437.89354142,3399074.04267904,5344327.43249231,1186475.81948292,4,1.0354699443721,0.572947542613733,0.735939313452343,0.572825519179328,False
Q9NSE4,14,"Isoleucine--tRNA ligase, mitochondrial",IARS2,2881050.13583374,16500658.2766311,3538071.44556657,15296772.1111529,4582069.09879046,6955929.29947697,7488118.64129759,14527304.5639989,18422411.1441021,14798932.9169343,5350686.51246301,4633335.49945004,933728.086265178,6658614.21014315,7236154.1557869,1468016.12468163,2992860.02309724,16625443.4661935,3376596.7609423,11857456.8051708,1,0.58226616278337,0.0650624107090499,0.372185602375831,-1.94858195362885,False
Q9NT62,2,Ubiquitin-like-conjugating enzyme ATG3,ATG3,3260640.87849224,4936775.72319006,2526993.77221197,272345.826791594,2069006.25922942,697051.974650306,2669167.88688204,4610646.00578885,6888575.4089103,4181860.60304717,847530.403054956,3565105.23848333,1111234.47572947,975866.978241309,1201684.12542153,1890558.13462705,6082828.46809124,6504927.98780599,6655736.13839331,3091939.39150508,8,0.994218770408213,0.98460145115196,0.843797505224354,0.0195354798606411,False
Q9NTK5,11,Obg-like ATPase 1,OLA1,10047200.3709903,6996004.49335316,22611593.8209574,9482117.95824538,1593975.32041904,33043383.3012795,31208719.4554895,16704940.4768906,24154910.0408768,21745915.215871,5013127.43898389,17142719.2058875,8340323.70656318,28931252.9574642,26775513.8923194,21772398.9173236,18101476.5363746,30641840.3567204,23892665.1546392,18108110.1154201,1,1.1189865156627,0.346852503190743,0.630980493438796,0.962666482708588,False
Q9NUJ1,5,"Mycophenolic acid acyl-glucuronide esterase, mitochondrial",ABHD10,2113261.26547678,2550250.33535945,3534321.33671644,2876683.81123673,5611174.36138276,6669823.897338,4102660.58720156,3199476.10860976,4552752.63875663,3726575.50988368,2067624.1489291,1589032.01538439,1705329.27806428,3909506.88298569,1935780.01678371,978450.730826764,2735729.12777911,3215726.44107744,3597928.43199494,1792623.91366574,2,0.604251564372571,0.0162478633774846,0.215632223675004,-2.61678670504833,False
Q9NUP9,4,Protein lin-7 homolog C;Protein lin-7 homolog A,LIN7C;LIN7A,5931190.15974358,3957084.90327095,3105350.28872414,3676051.77169535,1135541.9321752,2981491.52956873,2025535.22157628,3820308.42920151,3211643.42116611,5742780.90341112,1565087.03571841,599893.735997742,1283358.0546932,1150614.89554192,1983917.92624447,2121777.47483323,4257602.98184874,484076.786918737,4130510.4064026,1398747.12973223,3,0.533217125911773,0.0123236043466555,0.198938501065838,-2.7423328779131,False
Q9NUQ9,8,Protein FAM49B,FAM49B,19547998.8465117,14036470.614833,20116208.8902637,21732398.2523205,16927816.542995,27136905.0642613,19804975.2347564,11864509.2304512,24824037.4018507,17825941.9075144,14849314.8111406,3003729.0007381,12427468.9753644,18604614.2224949,18032200.679083,21991528.3573883,23865157.5476591,17644230.2320502,16180283.2148671,23238331.9944598,0,0.876273131170976,0.270890575711203,0.587927183588789,-1.13131235299796,False
Q9NUU7,3,ATP-dependent RNA helicase DDX19A;ATP-dependent RNA helicase DDX19B,DDX19A;DDX19B,1965202.14982414,2365947.07906245,854181.043339408,1285611.98056849,2174604.08094472,1273639.91303607,4483697.76045087,2462994.49572648,1081518.02560417,2811337.10083494,3187858.75460734,1517079.93161688,1658739.59072717,6654409.86392638,7844093.20622779,3181759.46973924,9290816.85282113,3640164.23309673,1285545.64263877,5152258.80055402,4,2.09129935963379,0.0328454217780101,0.276589718891896,2.28728224509529,False
Q9NVA2,14,Septin-11,2020-09-11 00:00:00,92708362.27738,64976909.8841175,72164594.6394235,60217529.0477981,43829740.271872,64717917.3906564,71402584.0955889,62706640.4474869,64881846.4032881,98619539.4419468,44221338.6377221,76756102.5934931,49021482.6712458,87511555.4355828,76255941.8007301,82279326.6504952,67369192.0633854,85567883.4561834,78026386.1204558,78768719.1597415,0,1.04244638803453,0.712740142788793,0.788969552900123,0.373285677446923,False
Q9NVD7,11,Alpha-parvin,PARVA,95700045.5114121,48718992.4816337,55525049.1623054,55335143.5456727,83397569.4970147,120147025.642791,117753259.656519,74197619.8584949,98009947.453059,73857952.3478199,36719490.5512203,63254267.024864,27624179.1462722,81992395.4928425,78185794.9277604,69989187.5379018,102044617.094838,84331392.6735827,53799906.4943932,65185479.3444137,0,0.806093321852393,0.123838839480254,0.472275082413764,-1.6042727701034,False
Q9NVE7,4,Pantothenate kinase 4,PANK4,1676888.57574896,1551256.82166018,1220597.92890464,429438.069513923,1258023.81352892,803867.310924071,869733.521700541,1110886.26991638,968908.455967773,1254884.95650467,554125.070428305,2760159.11126714,2069824.09335275,2241528.07480573,960659.858226536,3855922.52637962,762534.45929892,3791451.51660752,989104.955326461,2476498.61957525,7,1.83604778105854,0.0820477587604865,0.417224105855535,1.82791066113018,False
Q9NVS9,5,Pyridoxine-5-phosphate oxidase,PNPO,2585142.83170057,4087936.12869512,1905211.5504038,6949697.99080473,549415.924067505,1684798.71023143,6459716.39682258,2155996.94404117,5736444.81722217,8278092.66359809,892401.850141126,3429896.32395508,1181135.19800427,3950250.8199591,4377947.71176871,8718329.23953911,4600982.66962785,7474051.02484302,3051486.81877374,2407998.30932595,0,0.992375457258116,0.884512789255719,0.825812662811676,0.147057562523226,False
Q9NWV4,5,UPF0587 protein C1orf123,C1orf123,16215720.2664978,3900445.36596991,3863705.89738659,14295866.8698493,6763879.30952433,8131256.12764266,17290163.0682524,15020192.1878159,12668083.7512353,15104368.0607293,3913839.04823178,2172628.33391224,15609897.7374997,16470335.197546,5176198.57075457,15701002.1900141,15430546.1891957,16464716.6725817,9603715.57786218,20857415.2031394,0,1.07193244184862,0.983331751286713,0.843797505224354,-0.021146535897379,False
Q9NX14,2,"NADH dehydrogenase [ubiquinone] 1 beta subcomplex subunit 11, mitochondrial",NDUFB11,4380877.44306873,2577957.12200455,4621227.88511378,9255346.98672758,1137683.18216969,4103785.12559747,4391963.51717405,1673842.93572544,4386016.51091546,1153006.04152239,9703069.37847225,1049919.92654959,6608221.21028151,5118982.62556237,4077266.47549732,3166949.3420659,6045883.21019668,1053568.38415688,1021859.01364172,2684521.84856879,6,1.07559462961354,0.981701465672076,0.843797505224354,-0.0232152054006982,False
Q9NX40,1,OCIA domain-containing protein 1,OCIAD1,1892840.51852043,3652882.36671331,2443846.09679078,3785929.47968655,1520472.79656965,808403.6711281,3090227.95570557,3920641.88729771,1711605.96087503,2988361.10023353,734575.999601527,1435795.71668403,2270863.70314232,666816.954245399,2161724.61884726,1273858.13511254,878526.071553421,2099739.32862258,438623.764451076,210001.683226436,8,0.471447844548901,0.00578762705754659,0.174374622303767,-3.07753189774716,False
Q9NX46,4,Poly(ADP-ribose) glycohydrolase ARH3,ADPRHL2,1194281.87948148,1123228.22673605,1575826.98973364,504396.293765556,1536923.36143118,1721672.74907919,1579723.71740935,431141.563160646,845334.521298036,2776058.67483765,2154977.62302839,1320848.2054171,2052170.34220613,4037471.89329243,1535353.56271076,1723415.26517081,3705610.84178734,2656677.39396371,1694607.7478893,3537324.16066482,8,1.83755091801461,0.0101986037737877,0.183899398151153,2.82728135214973,False
Q9NX63,3,MICOS complex subunit MIC19,CHCHD3,2871146.29953214,2924332.82053525,4817483.58160416,7351140.97851546,3764070.42300998,2168902.36358539,1389616.19517174,3976589.87089957,310921.740104213,1001600.52940127,3014474.73404576,1488948.28984312,3647422.7208686,3670394.24723926,3322816.77737215,1842651.90531635,3332918.9977431,1720542.05733006,3249835.28542852,1741846.06740536,3,0.884092872038042,0.689750341737802,0.777340920468375,0.404850438209405,False
Q9NXA8,2,"NAD-dependent protein deacylase sirtuin-5, mitochondrial",SIRT5,793079.886473492,1101651.26014518,727286.735122979,470663.259474308,1761643.22092747,2268151.3104202,1930483.2841484,510963.032321051,2429595.57079328,755385.125276529,858448.673031268,903916.871163874,2364955.8219647,1614316.06192229,437708.03620487,1782882.46149181,247563.877194008,1036525.55487964,657115.89974679,959601.729916897,6,0.852076077120709,0.539357301471573,0.729692264899217,-0.624159588975607,False
Q9NXG2,4,THUMP domain-containing protein 1,THUMPD1,2677900.71315946,4460742.04488898,2628751.50882213,786207.824370355,188553.804280056,3446661.50884613,4042195.61129848,1483042.18657539,800526.511872249,6050416.78077499,4063300.45058783,957420.215092276,280835.283449527,1536573.87824131,1019540.78896158,1946549.48465737,5513819.7852581,1085458.62098462,2495580.08636281,1564953.30886427,7,0.770338154033681,0.653946955274302,0.761003945946475,-0.454871981182324,False
Q9NY15,10,Stabilin-1,STAB1,241021.33686876,2284788.26154452,244808.046645633,4478563.77236072,8729590.04849572,849588.466286752,5569993.7678619,4649544.62836534,11146805.4851316,6421140.35377863,5113912.97803745,4763371.93645042,5187916.68361558,6475228.27243354,5058035.89130763,5056600.73418233,5392748.37939976,4103210.47183547,4027999.78517815,4210777.79224377,8,1.10700142172451,0.102731330350045,0.437355574810954,1.70744306333042,False
Q9NY33,11,Dipeptidyl peptidase 3,DPP3,7390194.33685734,15376040.6240161,16955179.6386711,8101387.55301738,5480364.64936438,7700705.29994535,22182932.5175291,9105540.70201231,12637020.1221813,12438145.997645,7214652.20629254,8323720.00636795,2546094.63817302,14428551.7893661,8972877.41182749,14730032.0848999,15540039.9735894,19691158.2332332,10467407.7039248,13824849.4367498,0,0.986127950257936,0.820889101562753,0.817197073956267,-0.229303054359038,False
Q9NYL9,5,Tropomodulin-3,TMOD3,3029245.34488329,8218045.4193633,1491246.40970957,5801467.28039788,1674210.42838573,5873848.69185077,1350384.46183545,3840916.97096389,8687741.44461414,5831477.13512453,7414324.75689719,4510259.56668982,4886985.42064415,1936980.52339468,2528179.87555301,4692014.68304023,6066671.35067724,5002295.92828919,7823005.52030204,9782534.61680517,3,1.193121008608,0.316739638913583,0.615712669870206,1.02604444154585,False
Q9NYU2,23,UDP-glucose:glycoprotein glucosyltransferase 1,UGGT1,13713189.9229715,20298694.7822284,12287856.6656077,9444070.58838158,10384238.9155963,14992347.52145,23424579.5535635,32582104.5263255,33976893.7247327,30957652.4238207,14709828.5354475,6802853.12297383,11787091.425674,45196721.8302658,23428561.5204344,18587465.8487973,19935946.169988,17844926.1224861,18980944.375113,14133499.0904894,0,0.947274548584394,0.757243120632607,0.804232691629066,-0.313235815151605,False
Q9NZ01,4,Very-long-chain enoyl-CoA reductase,TECR,6906114.14299377,3553824.47463705,600834.544879289,716706.520897551,4849679.99940805,2055455.22806306,7208354.08200941,3060282.58278967,3952636.90773515,4080493.48108899,1536862.57841607,4044895.78133853,3242427.43268969,8706818.80163599,1490251.37727006,5032798.74327875,5643866.09147659,7313579.35312585,2530060.16341111,4810952.02216067,5,1.19922275265741,0.376031162593167,0.651005541947793,0.904752042170297,False
Q9NZ08,18,Endoplasmic reticulum aminopeptidase 1,ERAP1,18132474.9263318,27273612.6945951,5892358.53077399,34202639.9034208,7500551.66339862,5609628.96025094,10138873.3256413,1397001.52471745,12807450.3032073,4936245.39488332,7749634.05122032,7235241.8669677,34748189.8509965,21427641.600409,26436819.4660149,4459586.35281989,7644461.1307563,29333065.03731,20111688.0783143,28991827.0452447,0,1.4710839225002,0.137338436271633,0.486825883959794,1.5458082877805,False
Q9NZ32,3,Actin-related protein 10,ACTR10,4664796.92115935,2841621.11527025,1922243.29476483,3577465.2049774,5635386.69357456,2684642.25280145,2466705.60131357,1669635.35844896,4467873.37126044,6986328.74759152,3032479.55303679,1972131.00662525,2114692.88139068,5565178.42314928,3507128.59287504,2121475.22732969,3807242.48177671,4033222.03207753,1545434.23770121,3389902.46583564,6,0.842136163673759,0.5219366022748,0.721310207615658,-0.651455696143542,False
Q9NZ45,3,CDGSH iron-sulfur domain-containing protein 1,CISD1,4717043.20543044,4468148.43392514,1027748.58128647,3133503.55781742,3732680.93124796,608567.545458416,6774460.5710621,7809177.55623449,1490214.63704968,4710268.47556112,8591.05321974214,5921259.1463408,4065895.40565345,6042844.59458848,15584.3665404366,3146018.70244593,1147620.50905162,1689757.34871235,1177475.65586869,6851358.55032318,10,0.781517755501571,0.14865311619392,0.501229162150809,-1.50036956644603,False
Q9NZA1,5,Chloride intracellular channel protein 5,CLIC5,5180310.27819423,9173576.73517549,4625915.52117645,1772121.10487812,2144544.22525281,8301433.79613793,5229183.63619419,17127415.5830194,7144718.63817267,11559853.2369942,4822594.46173003,3257319.52153526,3802841.89729306,4202664.47828221,16481090.2631253,1276088.95993531,4769531.29839136,5648143.62503412,5569715.58319768,12069860.8679594,1,0.856637770127393,0.564536213511864,0.732675882289056,-0.58552940831922,False
Q9NZD4,4,Alpha-hemoglobin-stabilizing protein,AHSP,3503963.64620675,5831093.49024838,9413554.48651496,3046383.72795882,10537214.7565489,2420687.80205665,5146987.76360167,4757997.07938987,2848282.91698859,5618872.93459645,431197.228897559,5741695.13568079,2134852.97021282,7142343.35304703,1964257.99925749,7862213.18576915,6124023.2607443,10550991.1552462,4527876.3923856,4389595.46260388,1,0.957534290429829,0.492314952261457,0.709261894965122,-0.699057472886796,False
Q9NZL9,5,Methionine adenosyltransferase 2 subunit beta,MAT2B,29878183.2230465,79620641.338989,26502331.7529721,884417.597831304,2556117.18092489,54188920.2549163,52592917.1061507,38453821.550124,64368876.7451262,41057685.7268251,2195783.95284742,23044954.0472676,10880353.206144,106629864.323108,873406.712225041,119448213.398019,73942409.0871549,69945919.4421694,122362018.52505,95913709.6029548,0,1.60274381337807,0.686577971095034,0.774818436677217,0.409238465052409,False
Q9NZM1,27,Myoferlin,MYOF,4080380.55625921,11383484.4953647,11523236.6929637,4675394.83937195,20884026.5225908,22803542.2975112,13316394.8988196,1541518.92382615,17812052.8110682,28625541.7298223,4159763.12717915,4387183.6339296,18894422.9992699,19576964.8384458,27172621.1451598,13062381.4841318,13603256.4758703,1182915.18473018,29825266.6467716,4291557.71237304,2,0.99641963873218,0.82689516018156,0.818187832819081,-0.221478542551406,False
Q9NZN4,36,EH domain-containing protein 2,EHD2,1966756955.30798,1860931637.52842,1587077316.28405,1516166071.24888,1450902760.69092,1844099863.67088,2367423603.84308,1521082119.91179,1626978560.64145,1256818934.4894,1108256473.88345,1406852585.24372,1371428921.33373,1846319530.42945,1264841640.86718,1706111595.59329,1370826281.0084,1593236231.91373,1099644025.86363,1262144766.85134,0,0.825359793089582,0.0430483507780152,0.318812921823578,-2.15587714407238,False
Q9NZP8,2,Complement C1r subcomponent-like protein,C1RL,529118.493337555,725754.348233339,546750.244896082,727483.006054998,222294.690356759,650496.850400881,570850.749866868,1293958.81590554,631741.863628605,705301.764361664,2885922.94537606,875624.399863957,434259.179037194,556907.699873211,1997409.24764981,461569.718839701,863125.142535414,498014.946428246,3078868.05642973,425790.494367498,4,1.82888363699969,0.1880604443744,0.53240815837221,1.36139017229451,False
Q9NZR1,3,Tropomodulin-2,TMOD2,3640867.62575284,2379514.41411579,2252565.38264752,4358238.87538681,448945.929502849,5730331.749285,3724277.5692731,9983979.79463383,14793003.8900368,7485828.57881967,1261981.33690935,10428885.7435268,4052776.15011223,6975833.59156479,8869373.67857253,3006833.72706691,5286395.81013205,3543473.03503504,5294973.59671731,9710184.48291782,5,1.06630145126065,0.449096150816262,0.685569866640652,0.771591211307699,False
Q9NZU5,15,LIM and cysteine-rich domains protein 1,LMCD1,18888548.283015,12564496.4924786,11800498.7696256,17498547.4637828,8627796.25184516,42890608.6396185,46005635.3692198,18952988.9074704,24510042.8811428,84128042.3356883,25509386.6370579,13722290.2613755,22070281.1945969,62192218.0916155,10364250.921016,96817431.5706489,32324898.6271309,11181992.6412776,35808574.1345632,28812611.1172669,0,1.18517944277562,0.510892786971804,0.718858449781335,0.669020596840623,False
Q9NZZ3,3,Charged multivesicular body protein 5,CHMP5,2830806.28337685,3324421.84515295,4206840.85717391,7300555.27085562,1823336.13713675,1799267.39917252,1050216.08351824,2925468.37209409,1314747.11077172,2416405.45857418,1213670.23996347,1926205.97183629,1691541.88194651,1335376.80110429,1481433.32178325,750767.686411967,3126765.53647059,1549270.22540723,1775216.90803039,1180634.70775623,1,0.552940378046238,0.0267642655546737,0.270731567753698,-2.38481497979348,False
Q9P000,3,COMM domain-containing protein 9,COMMD9,6397153.57988472,2714284.32001049,2773518.00374538,5726021.07538386,6930443.85236511,8093984.16751237,5844035.3047395,4867053.29406223,6201811.56275267,7906635.51273817,2178406.35231612,7264590.74324129,3064663.98780389,4163678.72245399,6400173.58398045,11819388.6258338,9864574.75393462,6845770.83902084,6666993.32926388,6076813.8601108,2,1.11992204750426,0.73589849335164,0.797388814095911,0.341876329005214,False
Q9P0L0,5,Vesicle-associated membrane protein-associated protein A,VAPA,5158207.81425285,19424173.7878258,1348992.28066113,8599029.85657693,5498828.63717745,7495510.55858746,9533394.14307269,10986928.8270697,10005846.7855539,9493164.34917576,11102570.7620615,3877703.37161341,1023315.23755375,9841227.85357873,5109557.20060019,14294795.6798059,6986152.18933974,8976038.65911366,11425751.0218846,11862766.9067405,2,0.965226680540909,0.849613756772504,0.819923011135721,-0.192004942700874,False
Q9P0U1,1,Mitochondrial import receptor subunit TOM7 homolog,TOMM7,1332307.53954817,981694.24829238,1248161.22895313,1718400.81276928,1387447.64066183,628078.95234513,1441869.87805095,963191.720619314,1558218.79795167,1204868.28448583,1508636.21445804,1318170.28951748,1165315.29484302,1703906.85766871,1192837.15827739,1357015.72900748,1376031.72321729,1216761.35608336,990964.1751673,1179639.06371191,2,1.04372820143618,0.657970696139348,0.763304689342174,0.449193447847338,False
Q9P0V9,8,Septin-10,2020-09-10 00:00:00,3731451.49436503,2545509.94118419,1714268.50811778,1544485.42040887,1659448.15678909,5523014.76108694,2420589.65261383,1382317.93871175,1676008.72109424,6220473.46563905,3821365.38826166,398914.79524864,2032931.7770175,5536665.31153374,10517193.5883117,2399618.49246008,1158210.89147659,2555811.14032214,1696960.65472961,4958705.59833795,1,1.23432017699851,0.930652194138597,0.830111878942504,0.0880920199954994,False
Q9P121,4,Neurotrimin,NTM,3150945.93983145,430573.143221547,2581324.92517598,2493278.20196359,3144343.26114257,2679155.61689499,2459417.37352789,1426969.77919691,1634282.71125685,2122840.9382716,2355256.2397429,1055639.8575605,1357454.78852454,1131831.71912524,2365761.57005366,1368269.60062275,2077330.43735894,1111225.93234143,1893100.71989723,1896038.14173592,11,0.750884146476068,0.365144944380937,0.644379893917954,-0.925993505143051,False
Q9P1F3,2,Costars family protein ABRACL,ABRACL,2966440.52931217,1615493.64255729,3951833.45536476,10254414.7130093,4579433.09561973,6466675.53891766,757694.990219224,3810317.10738366,1233310.02919774,1443947.97673589,2001061.73260833,1065418.661461,4730177.02246006,2320652.65281072,5568240.64420072,1082080.03770731,2756108.52385614,763860.464687415,216619.312695305,968297.021237304,9,0.579093048819301,0.0812924329668423,0.417224105855535,-1.83278889250344,False
Q9P225,4,"Dynein heavy chain 2, axonemal",DNAH2,1375063.12553312,3079294.67150603,1731733.94744553,1941388.66512448,898110.250093635,1526823.96106707,1293018.8088529,2172483.77745107,1867008.0618992,1643443.80861754,11594100.5809305,1350792.17411283,7912984.14992293,979841.996482618,11024448.616233,3356737.80417843,9664401.98168933,3059788.32201507,10260358.2216495,3108400.70637119,7,3.55491456608185,0.00382861381711426,0.143190922277685,3.25702993959092,False
Q9P2E9,37,Ribosome-binding protein 1,RRBP1,25864713.9510688,36777285.7066643,22214707.3009848,26325104.91571,5456069.6975038,26452480.45831,26723196.9632555,21985879.3035009,43086093.0554308,36808936.1610647,26432571.6652831,12437566.8709477,15713257.8076746,29252312.1231084,42088145.1636605,32672955.1324035,27478452.4326531,28349144.9303849,55125868.2808826,17871146.8328717,0,1.05788470361692,0.730103509684236,0.796028445773527,0.349701820402309,False
Q9P2J5,7,"Leucine--tRNA ligase, cytoplasmic",LARS,3212091.30043248,2745980.26909352,1452151.52494691,1751373.07781288,337287.736114437,3975498.89332832,4840183.99698234,2311677.30327116,2539745.52030366,5835278.40219796,3964046.5314394,2652083.47856605,491074.054679683,4353103.63018405,3991254.29492931,2115732.52476248,1388686.33272509,2386750.36481936,2396618.88483451,3563078.15327793,5,0.941421879456044,0.980599651904386,0.843797505224354,0.0246133553667244,False
Q9P2R3,5,Rabankyrin-5,ANKFY1,1544773.80550504,516057.290725031,1347039.09896835,3827992.20342218,5007966.97672088,957584.302365356,5670768.72770036,4657530.43829826,1504487.11526368,5243681.20555912,9439420.88019563,1053760.6153685,1287982.54151793,7775747.22126789,2239352.41878848,5663211.47378209,5235508.12509004,5913450.24313545,899524.362995117,2990423.08086961,8,1.40361145920604,0.39338394229187,0.659915516841869,0.871718312742844,False
Q9P2R7,10,"Succinyl-CoA ligase [ADP-forming] subunit beta, mitochondrial",SUCLA2,6799587.51350583,22529131.9726255,12650992.2059291,15351897.5618078,1723953.31287316,12676047.7358437,13988227.9644093,5000319.18294588,12673121.0964873,10151383.7529437,4708553.9582434,11788916.130818,3999453.4733227,11435821.7096115,4101552.26765771,9015287.41176471,13133869.1870348,7941604.41705342,8965665.13248327,7957850.96491228,0,0.731417690370475,0.435858038108495,0.679564756804511,-0.794644384388115,False
Q9UBC2,6,Epidermal growth factor receptor substrate 15-like 1,EPS15L1,696130.991360147,2369010.71860936,1752394.61476081,2050631.48522318,1691004.9400066,2257937.99750193,2239858.2637348,2669244.90783673,2027867.28694637,2816672.21251695,808705.554017398,1417700.64148768,3443447.00553076,2075265.29259714,1548797.48337097,1686616.63161512,3472119.70232893,1715269.53817454,3696805.12353048,2234822.62188366,7,1.07431891992177,0.881101137743712,0.825812662811676,0.151436297956739,False
Q9UBE0,6,"SUMO-activating enzyme subunit 1;SUMO-activating enzyme subunit 1, N-terminally processed",SAE1,10381998.3493809,1999710.76355606,4539975.5266942,4769540.46196108,8256783.5124149,12641428.5842636,14972753.7037366,5455682.0869705,12197931.5277154,10188062.6457575,3061715.99360784,1647324.0230983,4355780.36561292,15272478.7390593,12121501.4537636,2335844.26921366,5139835.6872509,5207718.19428519,6231428.82655091,6421704.95706371,0,0.723565976139728,0.178505075281547,0.528663623258471,-1.39276526859427,False
Q9UBG0,8,C-type mannose receptor 2,MRC2,3293168.80240805,908194.139233864,3755507.14961185,2899706.79356909,5529161.92644116,3441753.81302827,1275487.51637526,2808086.28681694,5569204.95485581,4942514.15110968,2610257.41549616,1482862.11734399,2936841.31040423,2111957.76867076,7886232.7709371,1712005.42191227,516963.235644658,1957550.2974338,1119841.91413456,3286289.1089566,6,0.744297736626729,0.182474074280744,0.53240815837221,-1.37957455602146,False
Q9UBI6,4,Guanine nucleotide-binding protein G(I)/G(S)/G(O) subunit gamma-12,GNG12,49067469.949854,4186176.71143082,24188202.0833682,22110710.1685799,24255832.870299,23331451.1990008,2922059.12354664,17306022.94496,24938217.2275627,15252417.4099051,9754109.24107588,14696077.8612365,7156610.82465724,927096.562126789,22905260.5226928,1072525.26630281,712266.042381753,4630717.50928201,9346805.19985531,956548.421514312,0,0.347651369133686,0.00304782705065647,0.12640310548859,-3.35525444225912,False
Q9UBQ0,6,Vacuolar protein sorting-associated protein 29,VPS29,8502926.57888955,28960539.1735176,8557435.88693631,11920068.0357401,10948581.8227985,6973835.75719081,6822755.07930239,7821628.55021593,6928868.39412452,4535245.06308428,8080739.40420056,13046319.3691386,7301921.43676141,2360167.0807771,15363654.7071745,11276098.7382252,8450407.18309724,8754082.61079261,9511599.68574787,9565484.21514312,0,0.918983453487529,0.845529528511162,0.819386444260236,-0.197289924721548,False
Q9UBQ5,2,Eukaryotic translation initiation factor 3 subunit K,EIF3K,1586908.59959418,733968.307106,1973963.5459896,8203698.45051057,5700713.23876536,6518879.09083167,2687000.492944,7796640.69332904,2343531.45399163,4202734.22750303,598053.225427528,2479506.67614623,9778940.4642336,3268229.4209407,2128042.5380534,5600872.92617748,5651046.01176471,9200545.92638093,3937996.64288298,5735307.95290859,4,1.15882192280219,0.645525884569161,0.760737113067147,0.46680600639669,False
Q9UBQ7,10,Glyoxylate reductase/hydroxypyruvate reductase,GRHPR,58076337.6295655,50576736.6127339,68436361.424248,69210543.7428795,50006422.9482914,86391363.2457827,67602165.4455489,80181825.1727465,89975381.7761208,77679226.0900592,39209762.7702142,49680749.8690228,52400270.2953027,58909005.9096114,58176036.8870464,92079701.9526986,67413169.0751501,57174517.3973974,65967655.2527582,60855091.5143121,0,0.862103726268109,0.113442311664617,0.456778093633507,-1.65305578198162,False
Q9UBR2,5,Cathepsin Z,CTSZ,7909179.51475948,6191281.7166346,10820515.1883197,10329752.8289044,1560312.39983256,15063973.3523054,7634760.72277447,9726373.02260406,9664146.86595993,26136712.1301648,5957027.8770413,5367598.39940083,11339029.3121772,8723636.18650307,2408051.93933113,4596353.34817061,11248242.6213685,9833248.22504322,12342684.4433894,7779962.56232687,2,0.757788484512668,0.473764299889695,0.697374128392804,-0.729709238903033,False
Q9UBS4,3,DnaJ homolog subfamily B member 11,DNAJB11,1987289.29886008,6124712.21652654,4169015.00424214,6233607.57788509,2991844.10172376,3259505.86562959,4408469.04557557,147688.08952903,4655766.34916,6797599.17184043,2725253.61433086,2595119.48630713,2662848.55607237,6823042.36854806,6802334.73749343,6046839.11764706,3083057.77171669,1715439.61943762,5226304.6838492,4250603.55401662,7,1.02833434001682,0.548754876346411,0.730613623538725,0.609632319392714,False
Q9UBT2,4,SUMO-activating enzyme subunit 2,UBA2,979634.344418022,2733818.01324996,628455.74146839,1691486.62215539,593188.015301064,6210888.01815356,1226136.81587823,665475.574184508,4427658.56499865,5223341.09227146,3682654.89830649,2293790.13151803,3571103.06025041,5795270.82519427,894931.441110045,4250657.7659996,673072.652509004,1876591.61620712,2714291.94763972,3811790.0355494,1,1.2126355195054,0.270435742256995,0.587927183588789,1.13241933645594,False
Q9UBW8,5,COP9 signalosome complex subunit 7a,COPS7A,592732.524801613,3184237.19083435,2576949.79818416,2530661.47176261,2967056.58139644,1342586.40725575,2950508.35089198,3289209.13420013,2589615.23829845,2562920.96314137,1154663.97673086,1403471.37829976,3703862.28150522,1378719.78846626,3462418.86508467,2476456.61261733,4007652.00681873,2661686.72659023,2273825.86534636,2372022.37119114,5,1.01253950306089,0.913019960610406,0.826745231285015,0.110576249130731,False
Q9UBX5,8,Fibulin-5,FBLN5,29793638.2790085,11599254.1612734,14499483.3599746,5629389.40305931,3151549.39093172,23261151.7724205,9204112.99857992,5475002.59487274,14709887.6933789,10460153.34154,9987155.27677237,6616751.49277816,25296682.2115255,19422550.6683027,34244412.5290041,9094627.3814433,5218545.56340936,12101281.8682319,29587793.5671007,17648786.3296399,0,1.32425879719169,0.309528818550348,0.613979024606205,1.04184195593904,False
Q9UBY9,2,Heat shock protein beta-7,HSPB7,1074.79094023234,1237296.44085379,1252050.01066917,16820.8575165756,857860.385629378,2044781.88145095,147935.982195793,470819.310346412,400930.704182014,1559986.6558196,13306176.084726,1935808.59955714,2886500.54165878,488023.43886125,11606006.6035022,1365025.28785122,636885.854256903,2749958.9021294,511006.573254657,720647.159279778,8,4.53167039877665,0.0177812240323516,0.2269058628652,2.57541268992724,False
Q9UD71,4,Protein phosphatase 1 regulatory subunit 1B,PPP1R1B,7872342.07485719,8112449.05256253,14312290.4265387,3685298.50996154,8425731.31141975,14339756.618101,2379947.89926334,8280082.73550492,342111.302789507,5698566.16534646,686985.415743507,120821.595663045,3006539.74296222,6075889.71497228,5590305.68638837,1571535.89464322,4279142.74271309,3883975.72372372,738862.415748779,4784268.76177285,5,0.418501342408743,0.0567483660469359,0.35525066816155,-2.01819428592257,False
Q9UDY2,7,Tight junction protein ZO-2,TJP2,665344.553881149,3914094.43195732,2611637.97564301,1203139.98282393,549971.825508383,267482.686116572,2337979.06825242,933395.203987871,601987.944340131,1938179.38517805,626062.970083222,848966.964317761,2073900.26884088,106695.678188723,291978.827413916,2452670.28161593,8335618.207491,635517.143566294,1697467.7146862,1757444.49076639,5,1.25314887532232,0.833557061501147,0.819265653095417,-0.212816155682646,False
Q9UEU0,3,Vesicle transport through interaction with t-SNAREs homolog 1B,VTI1B,1572535.95910771,1879484.55955921,1180331.13512632,947660.541317989,1300685.8380004,1276597.79456954,1229205.68296796,1143001.24749609,1467798.45067829,1135778.58820381,979072.632790968,817700.572354079,1358869.03016577,664477.808895706,907132.160504904,804507.292540934,1248408.64009604,917163.211165711,877467.254883342,617631.188827332,1,0.699944714742805,0.0212520616028215,0.244466286728116,-2.49293572675828,False
Q9UEY8,13,Gamma-adducin,ADD3,41472918.4054075,30730831.2051775,20611535.7675523,35558077.4548188,26491791.9991628,37948426.3105976,17864124.1563859,37736816.0346412,47155428.4615039,39987328.9456219,13174858.8742321,27078057.6900255,27947653.2045215,18474661.7030675,40201659.5226309,18827752.6141096,40549497.3171669,30543193.2241332,46659657.205643,34921882.9732225,0,0.889203999532886,0.3844552265272,0.65469462881483,-0.888593229364644,False
Q9UFH2,3,"Dynein heavy chain 17, axonemal",DNAH17,10453016.1023729,4254912.42697219,7110987.65253231,8331833.55457884,6624698.05988235,9346773.00534387,6779044.45886216,8747467.28889093,30543942.9354955,7045014.97609363,6285416.04931097,5841491.34018367,7560344.27941188,7251197.69873211,8033826.78162609,6933835.95206998,9081701.67442977,5182631.20798071,5177589.21676614,4501041.21929825,3,0.663549051916637,0.149727547934102,0.502808000359564,-1.49620424235535,False
Q9UFN0,6,Protein NipSnap homolog 3A,NIPSNAP3A,8258238.67076631,10608675.2405108,3256500.77273563,7802737.31741029,1314027.47258146,7076499.44808351,2428469.1762226,2738445.85560048,6145561.20743868,1761120.36623136,673506.146305828,4945759.02107213,3990861.19365045,1596887.13578732,1233660.41843269,2267234.08591065,1741310.16787515,3690131.1668864,4102875.63876831,1074963.68651893,2,0.492645513208431,0.0419282877093499,0.314522477872934,-2.16882226072056,False
Q9UGI8,8,Testin,TES,577514.434874764,3141573.64325695,7427709.38099482,4414683.88450973,1079560.59818458,1571656.42556544,3501992.06115204,4404045.37462097,500384.690607313,11389796.5521302,891476.234162914,4040948.04286789,3219854.92141331,6258513.33562372,2962722.08527983,2281364.15670103,2023301.53719088,3775378.83724634,3947461.76207271,893026.331486611,3,0.797024740469832,0.918111697391865,0.827540449847929,0.104077888720684,False
Q9UHA4,3,Ragulator complex protein LAMTOR3,LAMTOR3,1167553.59931631,4219931.58719608,1919957.4666115,2285303.57282644,4996192.60346885,809982.145801994,2780802.34200772,945674.46012129,2225474.81121928,988529.505780347,1377297.32409795,1354917.24658446,2905706.81386733,675004.735238604,1854971.93453578,2159554.64177398,1052857.74777506,2969043.9669036,1264945.57171279,3527491.76509973,12,0.85686231290992,0.721709934268972,0.79236564064944,-0.36107628286966,False
Q9UHB6,3,LIM domain and actin-binding protein 1,LIMA1,3700797.63118959,64290.3700380444,552169.654593575,2041154.92189804,1354261.71035171,2694988.20614723,4853620.65829413,1113376.46871267,5911826.64574599,1479879.35984157,3125287.39817597,360693.631954093,2507303.0225939,3154371.47355281,3542834.48968227,1774495.09326865,3653362.2229107,4297783.43680044,2099650.77025683,1764845.12016272,9,1.105790724254,0.321504746308361,0.618143294404304,1.01574367323059,False
Q9UHD8,16,Septin-9,2020-09-09 00:00:00,38570611.2550728,18293834.9698268,14928714.5687796,35817491.3402539,15596741.4262266,36531826.5447913,25398607.5734446,53147711.8267022,45347021.5160363,60592864.0394634,23718873.153744,15358794.4222531,20584574.9536223,24064148.8916155,61525452.3891656,19990649.8839701,43194400.4533013,19340790.8312858,52154496.9352505,60587595.1477378,0,0.989234821925199,0.880406591300634,0.825812662811676,-0.152328093831173,False
Q9UHD9,8,Ubiquilin-2,UBQLN2,1794164.49097888,993602.965322722,1636610.00401291,2178211.92470289,2504903.53310251,1342453.76682824,1663823.6167569,2953375.77239732,9514705.62348397,9521173.68550632,984953.088685041,1266681.27017483,1423007.87077801,1808709.74245399,4147088.12795842,7600769.09520922,13640951.057383,2759398.41223041,4703150.11738108,15270524.5891043,1,1.57186152164477,0.267353323851882,0.587927183588789,1.13995777007589,False
Q9UHG3,11,Prenylcysteine oxidase 1,PCYOX1,49131482.5503399,33405067.3675004,38599557.8853646,30686500.8645866,41354949.4128533,23839464.0363639,38085470.0071004,25985653.7838831,24533550.4923188,24014671.4586455,26167252.9428856,43819089.5109702,23133196.7328754,50669251.7513292,38442385.17387,27474298.0715585,27032399.8847539,32621586.2589863,25835549.8883162,30159385.6278855,0,0.987010013357028,0.908677878872781,0.826708499711055,-0.116121714386954,False
Q9UHL4,6,Dipeptidyl peptidase 2,DPP7,2615918.85220485,1548637.73849921,4189600.37177242,1173199.29687997,1795103.51878646,1702970.44880029,4080846.74815834,5859781.2433612,3117109.24193693,3393064.34086206,4354317.25929171,2133541.58164004,1064406.55151573,2085508.60883436,1262236.49372706,5018517.54873661,3886401.10295318,1585837.6969697,366486.034626515,2042928.82640813,5,0.807436373318391,0.281359756062181,0.59687397298761,-1.10620108351346,False
Q9UHQ9,6,NADH-cytochrome b5 reductase 1,CYB5R1,3612122.3447799,4164436.28297184,3042432.05920712,7486900.91189313,1375732.53251889,5869338.91731543,9239778.21070382,3859979.87209409,11219007.4337436,4301700.54920431,987607.355981413,1629200.75387866,3310554.81489494,11490095.997137,4943459.72921759,8435311.11246217,9375180.91620648,5647378.25935026,4485536.88601013,9243559.30747923,2,1.09924892339149,0.954097893136578,0.838236223008712,0.0582646973021775,False
Q9UHV9,3,Prefoldin subunit 2,PFDN2,8424179.00244268,1846710.45500262,5676414.76282041,3440909.01205795,4026785.32618035,4468656.00281032,3322421.86522588,4739792.86749977,4000827.51064594,3049749.90412474,1970495.77453096,1752547.1831944,3552402.21625788,2873173.76188139,4262156.52414689,3585184.32508591,3419526.78621849,4530709.72659023,5244183.09106529,4403268.97414589,0,0.827827671532299,0.385440886124664,0.65469462881483,-0.886717858340676,False
Q9UHX1,3,Poly(U)-binding-splicing factor PUF60,PUF60,7440067.01946874,6596839.96291951,4427472.26119016,2106442.50078766,6506567.47547303,4340657.99026322,4334982.12012958,2862011.23725076,7502454.1068188,11947982.6118604,8197572.73634401,7323886.96623295,4439176.02125531,7627601.34912065,8138317.96512288,6713445.98669901,8436496.08753902,9061929.6969697,6064352.57085368,7081020.4432133,6,1.25864460672861,0.120415780959691,0.468473175942793,1.61994090899239,False
Q9UHY7,4,Enolase-phosphatase E1,ENOPH1,5294445.95264559,7687485.92791536,6319857.99727015,5583354.84240016,5108968.07006889,5795723.48004741,4891608.25632378,3219741.1746761,6464593.07339862,7049016.30985513,4664858.15809961,586759.89511667,3708832.24911436,4483973.46151329,2468043.62829873,1729686.90086921,5004045.44480192,5773578.55655656,3817400.88320673,4937398.81578947,6,0.647473842562522,0.0290126375088609,0.27325797600272,-2.34657303041314,False
Q9UI09,3,NADH dehydrogenase [ubiquinone] 1 alpha subcomplex subunit 12,NDUFA12,1326510.17195699,3836204.85180164,1583170.95289849,3117722.54645346,2196634.24915728,3839981.32118668,1157709.3740126,1072674.59873197,5449232.18210403,1255085.02319275,1425845.59883869,1419430.67507526,1452119.80253019,1165291.88597137,1671961.14361291,905760.206225996,1126686.20566265,1379204.26217222,1309865.03116772,1195967.62603878,6,0.525555534981869,0.0331580766779205,0.277812355780077,-2.28273106995494,False
Q9UI12,3,V-type proton ATPase subunit H,ATP6V1H,167853.828653116,1209127.43842925,928011.311326433,28640.1388916792,1555284.51701376,961921.644344932,2332712.40698102,1554689.83550835,469005.386763319,2285695.22236495,1192082.96936767,1513908.40506378,971261.828139707,1429477.71370143,1193763.8384873,691601.330658907,884844.401406963,1297379.87478387,1196407.96758003,1037263.30632571,12,0.99260849861114,0.246217226268332,0.583149616570681,1.19346700244736,False
Q9UI30,1,Multifunctional methyltransferase subunit TRM112-like protein,TRMT112,3155117.02997239,3765577.70334372,3560479.02415194,5622904.05592343,716554.565307285,1161359.7911489,3201077.20165084,3804336.80933566,3348407.34475788,1555518.49978591,1560880.90486469,2421232.40360572,2720467.37269802,637620.318939855,2908002.70089902,2322745.21319301,3776817.56955582,1287515.16152516,1611183.01207271,3491989.16851339,8,0.760703932717427,0.40318572581962,0.666318713990859,-0.853477720192921,False
Q9UIJ7,7,"GTP:AMP phosphotransferase AK3, mitochondrial",AK3,13714397.7078864,14731010.542007,5136399.08840102,14102387.3469624,6210242.65229461,22851292.8514147,11465950.9860655,14492098.3051548,14045797.677657,11093697.8537786,5115375.99925286,3407715.60640269,7271411.5230886,13129791.0216769,4384452.83466881,6565949.20497271,16272391.8429772,8679246.85503685,10098944.1354675,10540551.6158818,2,0.668520347524391,0.0417193164404747,0.314522477872934,-2.17127214176409,False
Q9UIQ6,10,"Leucyl-cystinyl aminopeptidase;Leucyl-cystinyl aminopeptidase, pregnancy serum form",LNPEP,8170061.0563626,18101767.2747945,9014636.65758189,11850890.9996241,3351056.24138007,3092113.64611203,21256466.4258454,6317634.34618212,9424033.40894798,10770256.7080568,2298808.29885439,10693675.5775298,14950313.9156007,8065464.89693252,9336730.6193732,13428100.9634122,19513228.3630252,9648710.05460005,12564100.6244348,12092428.7996307,0,1.11093009878524,0.557030168100354,0.731996907067397,0.596948836790206,False
Q9UJ70,9,N-acetyl-D-glucosamine kinase,NAGK,10157591.9122057,11413724.9409655,14330259.6981123,7066434.2392505,12535783.3812157,13526670.797465,29034800.363007,18802718.290453,15396645.7627347,31959319.642118,10156742.0391001,6550750.33323202,10321602.31334,22352597.7680982,7755552.07978839,5689582.56846574,25613468.1378151,14976505.6206206,24055769.4406764,23950549.3674977,0,0.922052602956543,0.540961118755858,0.729692264899217,-0.621670795570501,False
Q9UJU6,9,Drebrin-like protein,DBNL,13647969.5375708,19410279.5290362,23839754.4693765,15331360.6292109,17026231.6869726,18515277.2761144,12421446.901571,7987784.91817513,33160843.7939089,14250750.1916078,23045491.1331562,17210343.3447667,16270997.8440466,2008454.40907975,21585443.3654054,14364312.6056196,29583066.5671068,10061157.1175721,36526909.0730693,3075146.19529086,0,0.989405095515735,0.462232193924607,0.69086707470759,-0.74912160263853,False
Q9UJW0,7,Dynactin subunit 4,DCTN4,2100337.9668881,943501.902746195,459200.828698982,1243349.13506636,2082365.61964353,1794492.34378216,1679831.49103577,3500446.68726454,2884719.71431138,4076492.14732748,2574928.36608555,632082.826104261,4578168.78065929,11049021.8576687,2843606.05706463,1531185.85292096,6510392.7212485,1659632.75406132,1507235.72097124,1649317.54755309,2,1.66318365085214,0.269729514193132,0.587927183588789,1.13414088930615,False
Q9UJX2,2,Cell division cycle protein 23 homolog,CDC23,49137507.0601478,85752096.0118943,75750636.2273647,20458027.5401209,111931784.567847,112017618.644592,62309613.8510695,62413759.5794559,31175290.2070793,40663554.3513166,49645666.5281081,45936884.1010774,55277446.7625151,42169270.5660567,46196531.9734802,39815819.2597534,52786773.9582233,55547690.1160251,64754091.7566468,28919476.9113573,8,0.738247931411161,0.297757405228707,0.608461038679821,-1.06820238449249,False
Q9UJZ1,7,"Stomatin-like protein 2, mitochondrial",STOML2,4684152.23518236,2282663.25725905,4814358.49089571,5647980.73151548,921684.588975302,5172578.75160565,3924085.69952072,4950601.07594413,5820484.52717636,3911103.68518519,391818.34483646,933280.740672398,3425197.12529645,4496433.61484663,3187221.10447669,2861906.04912068,4156725.10180072,3655471.54677405,2751053.79449267,5376278.71052632,1,0.741410247180526,0.186454762766907,0.53240815837221,-1.36657246893358,False
Q9UK45,2,U6 snRNA-associated Sm-like protein LSm7,LSM7,3630601.45397679,2646380.61403569,3184311.17737054,4530555.42000405,4583624.1347045,3299961.19602013,2492168.90392296,5729689.82348617,5912446.76854038,3716438.79768786,2825566.81495932,2594332.46396318,3152608.49739041,4882698.36817996,3075332.99059493,5581982.45720639,5426787.13325453,17900202.5329875,2939426.56836679,4175531.99307479,4,1.32291783610957,0.552849537677159,0.730786710248407,0.603343962307364,False
Q9UKG1,11,DCC-interacting protein 13-alpha,APPL1,2531275.62449919,2264067.27974068,1297178.2767151,536673.284405633,1302435.89809205,5053732.92855673,15219921.9179906,10582486.194983,5537973.41429341,10528176.0154856,6650428.45513643,9295251.92135265,1077977.29911571,11002391.8359918,2736922.04150295,13917741.9191429,13883273.3671068,15010521.8732369,13251166.8656177,5874631.74284395,3,1.68994861097152,0.0151332498252544,0.210966091138595,2.64924066104538,False
Q9UKK9,11,ADP-sugar pyrophosphatase,NUDT5,12102004.8465893,26202937.4584572,11198606.299179,19163119.8953243,19216689.2534535,25912633.9183445,23247912.3400195,39238663.5155747,28675927.4045459,20410803.5174481,14122093.2603354,13520229.3344043,18834529.7556721,25978273.0601227,12399920.7138879,44279259.2682434,40119599.589916,31017719.9481299,16902843.6530114,23642563.4764543,0,1.06854409059955,0.827592161876904,0.818187832819081,0.220571437044085,False
Q9UKY7,5,Protein CDV3 homolog,CDV3,2113382.04396826,11336897.8629526,13256009.7670841,23261859.2851979,2086689.29751702,4827183.07836973,9878434.33478299,15643600.5761279,8461060.90827419,13268422.7531578,2896008.15997011,3773291.70118386,9112251.5932919,6533554.0208589,1232850.89202735,11428733.7275116,12905906.7178872,14332748.039858,12915662.1943389,7975772.55771006,1,0.79807888676899,0.5222009644818,0.721310207615658,-0.651037776147385,False
Q9UL25,6,Ras-related protein Rab-21,RAB21,3906459.52852379,8790161.95775756,5463596.08557527,1826057.57522482,4690366.93505034,7267899.58498038,4046840.38310997,5933199.17338969,2818226.756985,1709036.33843574,5381005.03594554,1495981.20028656,1677945.86293572,10811285.1897751,1161554.74504223,3822826.42474227,4200971.36057623,4339113.18372918,2806661.36973232,3116963.24515235,0,0.835581626239417,0.370751828566514,0.647421492064222,-0.915001260378484,False
Q9UL46,9,Proteasome activator complex subunit 2,PSME2,7462540.65325562,12573486.8952248,7550844.16974602,16490075.9841541,10044109.5895481,30960928.5893733,32525014.6099228,42846875.7024717,30966240.3791214,27415138.2669664,10133158.1526648,14760997.0345606,6336806.25828173,14186992.9885481,13953054.945859,27718362.930665,25578466.0264106,24890542.4456274,26023162.0722554,19134287.2437673,0,0.834946956935306,0.500760585856627,0.713069120052468,-0.685323937431812,False
Q9ULA0,12,Aspartyl aminopeptidase,DNPEP,17572062.7258511,21907976.8737974,23524120.3078235,46780970.6734523,28044198.2451695,33019508.0243278,41920724.4457265,47091376.6162823,51945104.2386129,45871957.1308785,14484850.6714262,15388549.04336,17941690.8120825,18839293.1840491,42838402.6714723,41729801.5759046,24773417.4641056,25808130.8599509,30383877.698951,27809665.6832872,0,0.726904311102622,0.0409376415256344,0.314522477872934,-2.18053610621347,False
Q9ULC4,4,Malignant T-cell-amplified sequence 1,MCTS1,2495645.96951172,2012787.71300507,2928366.24834886,2874413.93973918,2562499.75302386,7891707.51555969,5011377.01517707,3485076.14986676,5264025.78833887,5354251.39516877,2413159.11663623,2882908.12334299,3776812.34416831,3347424.01513292,3326430.73453887,2686357.20037543,2435159.71471789,2486077.82245882,5589828.96147585,2468599.8434903,2,0.787679000818106,0.265680484937865,0.587927183588789,-1.1440757866732,False
Q9ULE4,2,Protein FAM184B,FAM184B,5115639.21767179,5088241.03061046,4576224.35264745,1460716.35323714,4665663.23994085,4338535.74342306,4078109.65048371,640367.500804006,2463765.56275267,2281827.26639549,6465284.37245881,3544181.11866099,5757080.0945131,3423178.68969325,4925463.46601501,5457463.83088022,4344390.26833133,4697559.44567295,3329524.69497197,3873944.92255457,7,1.32005970228667,0.0926789709816626,0.423547374592402,1.76308575718327,False
Q9ULH7,2,MKL/myocardin-like protein 2;MKL/myocardin-like protein 1,MKL2;MKL1,2191768.35626104,10308722.7125241,214233.581543783,2166878.69572985,6294303.32749894,1682145.90168123,2631595.00062128,4306068.93232565,4841308.56594196,2858819.59480482,3382804.83650165,3986172.49037571,2675877.89585162,1398365.55169734,2590280.72747935,1929623.62445927,2600567.12835534,3325683.97765948,4490015.9156267,1725982.13896584,7,0.749559705485423,0.993223778582165,0.843797505224354,-0.00859623984343065,False
Q9ULV4,11,Coronin-1C,CORO1C,4274109.25659782,16307773.2722582,5047959.02135202,4625781.93378249,2275695.78741545,8660358.79297987,25501456.0921274,15785284.3007443,22685684.3423771,30351450.3589524,3722219.97094471,5013653.65650689,7243797.19191974,16739413.3554192,6469850.67815487,20606479.1724277,9380565.85642257,19253198.980799,20322117.9603002,13228126.7728532,0,0.900113830129902,0.836861422681505,0.819283344390874,0.208525768501459,False
Q9ULZ3,7,Apoptosis-associated speck-like protein containing a CARD,PYCARD,2466659.13155582,7874285.11072241,2283347.5261257,5779309.01101697,3348173.78946441,1070779.64320235,1186739.19783438,1660103.90788386,4418003.65326566,6051550.49200742,4044015.8950689,2443260.13770696,5655236.30898618,1538026.28875256,2669557.87991523,4142226.47410552,1708910.77757503,1889262.67030667,2083424.85164587,2019232.49815328,0,0.780132035956258,0.61246602608146,0.752600100252505,-0.514352816048848,False
Q9UMS0,3,"NFU1 iron-sulfur cluster scaffold homolog, mitochondrial",NFU1,2368615.58822086,1469709.97881323,1071720.1935783,1666842.30303907,1461699.1891422,2025551.9685045,2835882.01797284,574308.537563172,1511035.66409128,2215276.28523721,1803631.25878827,1332064.03304051,858197.806136789,2126940.52973415,1270407.13490394,939082.993491005,3422129.50732293,900240.125489125,1674922.46825481,332253.480577777,10,0.852286186243926,0.358638158086484,0.640460086745567,-0.938892905184093,False
Q9UMS4,1,Pre-mRNA-processing factor 19,PRPF19,3992453.81445964,2860255.76823509,984137.940450115,1912312.69213197,1765790.04353478,3056698.65196687,2067998.1109369,3839448.07454012,908053.853046757,3445948.63540998,1434338.79705006,4392125.01258757,3239564.53023456,7562854.41738241,3674527.08883767,3027159.87167981,2634859.52157591,2164454.15397215,3238422.92277084,3645069.26140136,8,1.40994797197782,0.133887993445921,0.486433579823015,1.56028014626678,False
Q9UMS6,11,Synaptopodin-2,SYNPO2,19163217.8867962,1688152.44293336,3293533.09763071,15835055.9234306,10403798.4107383,3444937.18328851,13085815.1553208,6990760.84149591,4032730.69724194,18781593.7875544,11709399.615142,3738938.63863321,2794512.60634414,12909636.1652352,10175168.682053,5530675.9434809,19182054.5397359,2467879.12730913,13784424.9199674,6358647.50092336,1,0.916580940480219,0.971151557427081,0.842169399018708,-0.0366049123819245,False
Q9UMX0,7,Ubiquilin-1,UBQLN1,2541300.23929227,2721803.56594368,2077247.79390372,13972680.4042449,3615830.03877591,9815524.27616405,9526758.75477057,8483935.56110447,5581210.62770641,16388796.1981731,2144737.25128673,6150685.92762244,2781624.18683577,9259499.22249489,5121555.53839371,9139208.88821508,11424150.6684274,5350756.53653654,12581847.7229155,7878199.44136657,0,0.96128713696682,0.808312923244232,0.813589620325639,0.245735224357259,False
Q9UMY4,4,Sorting nexin-12,SNX12,2198232.11463145,1291973.73783008,2457029.51281068,1711266.93091982,636214.054174757,2382088.7689347,545868.512909381,3122451.68377286,2259920.99155512,1459419.80061372,2626091.6956714,2911586.4757207,64295.9436213463,167088.362920245,2050197.22344002,517556.401570174,4479911.26376951,3158494.0960506,488924.112145053,3029014.68790397,10,1.07908864541619,0.391841559547073,0.658598533853274,-0.874615352269026,False
Q9UN36,8,Protein NDRG2,NDRG2,24019218.6012097,23363604.8093406,29246161.3949872,29016523.9770986,21700745.1364868,53139734.4733126,37452619.8477856,37621751.6764679,58213240.8471835,45830610.0153429,18455942.7071227,20899916.3620181,25514016.3444117,56345119.1439673,39695705.5192897,38757952.9973721,31073797.5169268,20510949.9212849,62823883.5218846,50399501.5235457,0,1.01354982681668,0.907705248604091,0.826708499711055,-0.117364410409624,False
Q9UNH7,11,"Sorting nexin-6;Sorting nexin-6, N-terminally processed",SNX6,1936924.6679117,4885956.96882106,4326375.57677195,1544269.24217101,4933316.45365617,8788754.7268095,7245595.19885506,5619949.33860149,3819986.81609918,9048349.41268822,2138375.8082351,152505.958000463,3227917.30157657,8338365.18773006,10068340.1082047,10236367.3260562,8372594.79697479,12668502.8806079,8003180.82487792,10938809.2336103,0,1.42177758430816,0.83900275170308,0.819283344390874,0.205747611925309,False
Q9UNM6,13,26S proteasome non-ATPase regulatory subunit 13,PSMD13,6098106.03497299,2034528.14146405,1950056.60206999,5717373.94586936,8701347.33101054,5001207.31926279,15942349.819384,7205604.88936874,6546533.8894978,8879626.50574467,17290712.5286402,2619623.89190402,1739026.86284107,6939235.20944785,5270016.89880271,6361705.45445725,14087003.6052821,12885356.4910365,12030842.570085,9174527.98707295,1,1.29850604874855,0.425397660031014,0.674669112819751,0.813168585147154,False
Q9UNS2,6,COP9 signalosome complex subunit 3,COPS3,9094016.51620699,3662771.80973413,12757401.5445516,7482144.99066015,5096998.54458129,5207463.18404076,22324763.9424869,17385881.0442893,13556335.6306711,12461487.1112538,8967462.5027395,3690519.75519567,5611769.48240894,4492152.82597137,10710323.4593014,8856607.47240752,5440405.10031212,7918983.60906361,8049154.2609423,10904957.3361034,0,0.684608267982205,0.177585135994916,0.527958552151401,-1.39585600144913,False
Q9UNZ2,11,NSFL1 cofactor p47,NSFL1C,8702935.76078528,15939984.0690047,10087636.5523267,13334954.6025504,13561112.7055013,13461676.9879852,14602830.8058933,7388248.09073785,16983409.5171144,15344448.0864198,8245981.76639548,22023829.550191,21866088.1953271,12775861.5128834,16920547.4545989,17936122.4786739,10887451.6268908,30440294.0599691,18099505.1505697,5020236.40027701,0,1.26898558207755,0.441887606257878,0.683685726064029,0.78409174987561,False
Q9UPQ0,22,LIM and calponin homology domains-containing protein 1,LIMCH1,4885610.75897588,22662353.3951373,13709304.1743441,7205977.29179076,7189246.85650708,17452827.4517596,12817081.9290849,11519316.1559313,16072489.5840446,12654218.0207664,4372328.41939233,8702550.43236946,21518606.2968171,11288287.3787321,7110243.88809826,19734495.1247221,19992488.0422569,28131440.9136409,5588307.78160608,19476125.0323176,0,1.15650863197218,0.78100722047075,0.81078497116161,0.281660108564331,False
Q9UQ80,6,Proliferation-associated protein 2G4,PA2G4,1570241.16776953,5346020.3966241,6952233.04454328,1991433.92718966,2340962.73436295,2095188.19294722,4167521.5078548,2916967.34861711,6179143.50911868,5176325.42057375,4342848.56134817,2504392.35925379,5818489.62275886,900647.402290388,3863464.76951397,5230468.61059228,7760775.83942377,3670863.9010829,5493149.52975222,6507595.84995383,0,1.18991770244761,0.514762866651036,0.721090302628091,0.662841473644929,False
Q9Y224,4,UPF0568 protein C14orf166,C14orf166,1614204.53866932,12660476.2049232,2190844.84115572,2526258.88766157,1390371.27046201,5340368.89240574,11064509.9937872,2661421.43076358,7444860.45943761,8418139.34525084,3046045.12170015,6357308.05312332,1620706.11747208,2060282.53153374,3797690.7490796,6369790.57517688,4600623.67361344,1822250.65265265,4438549.33003256,4244544.93037909,3,0.693487291831903,0.516324198983291,0.721090302628091,-0.66035593796897,False
Q9Y230,8,RuvB-like 2,RUVBL2,3627340.43470675,4270242.97783807,1270755.63477519,2044289.50634705,2781154.31976911,3833440.99546516,5210853.37600959,6630111.36065423,8122635.26309406,6319639.8540284,1856300.11389673,218212.275433658,3572086.55257975,2443489.57852761,1494588.12587012,4563106.12278148,4081335.93877551,6653749.09300209,3866247.65902514,5909612.03693444,3,0.785725756925115,0.169664271611614,0.521118528909864,-1.42301264058075,False
Q9Y262,5,Eukaryotic translation initiation factor 3 subunit L,EIF3L,2329817.10070566,2538058.97179943,2250534.07368703,489416.721608883,5052526.42931107,728484.290323178,1645991.01069495,2319597.68556459,3657532.43172222,4239613.18700492,1843732.38494106,3151882.34089851,3582691.2738842,1774998.53006135,1014914.81904526,3927177.37533859,4346364.74641056,3504694.50705251,3649479.52758184,3374503.17128347,5,1.19479447826389,0.288050778296316,0.603321843609166,1.09050716971736,False
Q9Y265,10,RuvB-like 1,RUVBL1,3138429.10118386,1869349.92373623,6951764.28093701,5229675.84125148,10216333.5175919,12981120.7191166,20458560.9825153,14327229.9710558,11637946.6472015,11511170.3428959,7436216.61306658,1791363.43891108,571563.498079991,12689481.3087935,1480421.41377657,15876305.7420659,13149126.5176471,12138699.7461097,14174015.986616,12363907.7423823,1,0.93235992311916,0.363085901601635,0.643263472980514,-0.930058617407164,False
Q9Y266,4,Nuclear migration protein nudC,NUDC,2345759.86158141,2608034.10573727,4077618.35637969,3492251.3435503,2474790.8590187,7795675.84604248,1854425.14573533,3932453.24395847,6229684.87314707,7452484.13080711,3260317.14253694,2279609.7216192,1600514.2602423,5494927.62,2980502.75454011,5907729.70414393,4945798.34146459,5444726.43438893,3653958.55719841,4710259.22114497,0,0.95303632822714,0.974983439908347,0.843288256353484,-0.031740909638276,False
Q9Y277,3,Voltage-dependent anion-selective channel protein 3,VDAC3,78155.7618386021,4432595.47761063,4756075.54918321,6207882.36757945,4443093.73857102,802607.226862727,4702997.34383598,1199796.24642751,4713359.99654119,3738246.06668808,4080788.13905031,3357466.77164406,140663.199657914,4731189.0190593,4819139.6026823,254703.971231049,4111160.78191333,2399421.41891892,4279656.11379636,3194092.47045245,4,0.894325063756735,0.878519574501111,0.825812662811676,-0.154751661561232,False
Q9Y281,8,Cofilin-2,CFL2,20581862.7336056,24618991.9564457,19895889.9953183,22229608.1994043,25717647.7703849,14985715.5000745,28645800.7237952,29910722.3003767,16214374.8086425,18268089.288161,18702642.5718081,11447008.4846446,27088425.2372968,18697874.2658487,22227282.1582155,32020856.1435213,23491801.6926771,22358032.4383474,17262011.1222644,19004189.7553093,0,0.960335500790812,0.714519889922052,0.789207019147749,-0.370858589188044,False
Q9Y2B0,5,Protein canopy homolog 2,CNPY2,18546745.1521183,12915122.1995802,19053678.0493922,29388350.5462221,18070502.8381326,31304467.2966241,8034045.21385462,11077949.8865203,12500172.2428353,7210403.43823592,15140855.0914826,17012880.8592393,10683741.6301144,21889355.2576687,24264108.4173808,12096700.7103295,10686413.8588235,12061312.7714078,12837913.0009948,13009748.8457987,0,0.890432784133608,0.787994442424272,0.811510678024041,-0.272433053656886,False
Q9Y2D5,14,A-kinase anchor protein 2,AKAP2,41709644.248714,35807956.8287563,50315522.9513268,45518489.7643351,19512140.5748089,26659399.5252255,20770424.232715,26275890.7470367,18116812.1988141,25569856.5139513,29906540.2000664,34087975.9262475,23671225.0688228,27075225.209407,30863194.2038177,7557698.82595512,22754962.3731092,9361272.71999272,27360110.1578043,18151918.4533703,0,0.743869645688655,0.0537454496679433,0.351022859815568,-2.04559077954908,False
Q9Y2J2,10,"Band 4.1-like protein 3;Band 4.1-like protein 3, N-terminally processed",EPB41L3,14535691.4499703,8665930.93799195,5666101.96348254,11363409.0732441,1071283.84339818,15858489.51309,8347318.48406852,11629228.378664,7544683.85118139,8076692.19760223,6033205.6475675,13926515.1607908,3016648.30728251,8375057.66380368,10865289.9426105,9281265.2148777,11066949.6340936,8555937.93930294,9881753.45406041,6009574.6989843,1,0.938047600984644,0.887078026691708,0.825812662811676,0.143767118605555,False
Q9Y2Q3,7,Glutathione S-transferase kappa 1,GSTK1,6651875.41842221,11336897.8629526,16539542.5744478,13074459.825926,8353963.31985723,13224648.5440249,18287959.5841839,6284317.20366627,14407646.9782589,14556852.2243631,8841009.4274448,7786919.59194454,9770938.27199221,10219619.0130879,10051426.7886644,10464564.191227,9613913.26578631,19212379.4776595,9909641.751673,11919850.498615,0,0.878356220237792,0.53422048830935,0.727049936758826,-0.632157821426437,False
Q9Y2Q5,3,Ragulator complex protein LAMTOR2,LAMTOR2,2732009.47734381,720744.241975687,2894459.01416222,3416156.60382269,3405616.93835511,2860788.74053467,4086238.00115381,3006614.50528347,2719746.65730842,4506302.08220938,3004463.00614312,2685281.62633993,3064158.55958787,2314913.02695297,2885383.40191195,3333638.84026683,2396388.14516206,4006349.19251069,2970272.71572617,2464882.77239151,1,0.959703515086047,0.876730285574688,0.825812662811676,0.157050592952862,False
Q9Y2S2,7,Lambda-crystallin homolog,CRYL1,3539896.80687311,10154251.2471576,2626638.74044844,1379109.06844403,1628091.19773513,1956313.6653443,4718424.62163841,8107486.19824497,3651151.79440302,8171390.4299579,1182747.42044662,4842429.33686465,5421728.47318748,4077986.50229039,1989411.14113789,8459152.00525571,4576301.69363745,7112628.34079534,1643634.84929463,3856594.01754386,0,0.939691401833886,0.980251227339786,0.843797505224354,-0.0250555001507949,False
Q9Y2V2,6,Calcium-regulated heat stable protein 1,CARHSP1,4916046.93882958,10911079.6965192,10135294.1856304,14076445.9584189,7521346.4950759,6618226.77103663,48525424.0769504,38578331.4899384,27662581.4513521,21170390.0431742,5007386.62452266,22773105.008973,7419686.21109278,25210788.7689162,8441481.15003248,38024247.1825349,28399277.2096038,23705926.4482664,20734526.7249955,33668035.2400739,0,1.12239577628753,0.41632963498872,0.670306432105353,0.829459500361708,False
Q9Y2Z0,5,Suppressor of G2 allele of SKP1 homolog,SUGT1,1334602.33088634,470933.642032535,7949605.74414366,3358328.92519446,6892653.48464564,9674792.78257599,1784090.02973285,6545067.91697287,5958927.56585213,2859419.79486905,3806625.45923958,1828150.97046139,1262643.8861353,3345818.7193047,760087.471305263,1983045.87070952,1786812.91270108,1881708.95257734,1290511.40650481,1982791.92613112,5,0.425557741039497,0.0658248259077145,0.373141418198809,-1.9426006778573,False
Q9Y305,7,"Acyl-coenzyme A thioesterase 9, mitochondrial",ACOT9,3267299.75159614,3481574.32893126,4743887.69542027,1009271.33910881,1750863.0604001,806944.568842302,4439157.71647288,4048633.89814389,9582709.78438595,5226275.40369657,1096728.2978167,738928.965533461,2741449.26789011,3966838.87685072,5208579.62696841,4350323.88029109,1228484.36129652,2819777.26062426,1414021.19895099,2508956.61542013,1,0.679780700675547,0.306712785713395,0.613768740516,-1.04808215159681,False
Q9Y371,10,Endophilin-B1,SH3GLB1,46783548.6759118,9589490.49282841,13314605.2178675,10293218.7067056,6663405.27132125,14049274.0818542,77446593.4152836,54346442.0058807,8140853.66175546,18089363.0468137,4667902.78557197,82433825.2937941,17825947.7506152,6617182.28924335,11621908.0150357,12965662.2829998,74743867.6893157,9263475.99372099,9806539.56049919,12807964.9861496,0,0.938301191635344,0.639873524045465,0.7585186811081,-0.47485507442,False
Q9Y376,2,Calcium-binding protein 39,CAB39,2010392.94941786,936313.414209569,663816.142834451,1092931.53870797,1073241.98049213,1170591.56490359,1867612.9799858,2126458.03418175,759782.784358997,2127642.53878541,1307768.19570866,1093589.29522958,673475.217428677,552099.456654397,356776.260896252,1776308.57828987,719553.66147419,671013.103171353,911778.311946102,2053814.53462604,8,0.731530456198095,0.118778704022468,0.468473175942793,-1.62756682917499,False
Q9Y394,6,Dehydrogenase/reductase SDR family member 7,DHRS7,5377541.55478585,4547018.78528949,1166080.72149581,13601934.7263106,12804560.7812925,7698583.0531052,9754850.22765599,8782673.547735,7086621.25626628,12170723.5245843,8470183.84467873,3838751.86761896,5194033.06187295,8092984.25398773,8025153.28442595,4172677.91008692,8079564.30021609,4480365.67271817,7014667.43950081,6202065.88088643,1,0.765995866654739,0.588248210317318,0.743447109981051,-0.549956894669471,False
Q9Y3A3,2,MOB-like protein phocein,MOB4,3193141.75782563,776509.258282316,1782395.48556189,1467958.32420553,1458726.55874771,4058929.72223208,3539067.29329014,2148698.08550032,3465189.79885006,2760320.09537572,1077519.84294372,1107615.77070308,2277163.22968366,1490937.61112474,3625521.8296569,1755831.30992521,1910217.79265306,1581670.70602421,1257762.22232773,3263256.54339797,1,0.784858496257301,0.30966741270546,0.613979024606205,-1.04153588049626,False
Q9Y3A6,3,Transmembrane emp24 domain-containing protein 5,TMED5,3688461.05263675,1394901.85153927,1398243.71022623,2139407.93100656,152640.017249515,1964809.29895929,617179.668405836,1973473.79367742,3152958.34898033,362680.89214301,546959.976722564,3588272.05721026,1531952.92273993,1222318.10920245,1913807.15721004,2282497.5848393,3575592.03502355,2573932.06137385,1319961.57700307,2027179.50614672,8,1.22189198212889,0.261178927979995,0.587927183588789,1.15525335831882,False
Q9Y3B8,2,"Oligoribonuclease, mitochondrial",REXO2,986536.157578007,2410041.85799127,2841984.27780855,934884.407460313,1867641.57054225,1199785.72299853,2413788.37960415,2640641.15115317,594423.530886713,2283694.55548419,687384.671458757,2855972.94176352,1629777.2423418,1912671.75799591,1607591.9775031,2389275.62173991,906881.81757768,2058068.32391482,870452.925483813,1391578.49261311,10,0.897445518023165,0.735298736931647,0.797259687542989,-0.342685214198305,False
Q9Y3C6,2,Peptidyl-prolyl cis-trans isomerase-like 1,PPIL1,890450.872810542,1230040.58032341,1331179.26362299,1119540.91093562,2104395.78785609,714785.999808387,1704631.25481495,1047166.09557874,1180585.81556015,683094.361985299,948221.972235321,2292535.51519391,1224124.36823558,1576171.17533742,2093599.80020521,451799.356575977,978685.303849854,2618230.96387296,503603.497888407,1077884.24238227,10,1.14651042484035,0.840390417716091,0.819283344390874,0.203948144655389,False
Q9Y3D6,3,Mitochondrial fission 1 protein,FIS1,7518098.75933776,8071011.46899598,12394109.7496949,4563846.86863488,3820484.12478794,7462350.45170997,2840029.13566167,4136993.02095011,10744657.4225137,5624007.97959038,4272717.53063258,1528440.78694859,1508147.25376565,6091715.45480573,8939050.77274696,44018570.7964423,3786420.71294118,7613517.66056966,3551025.38601013,5141373.0923361,0,1.28694040137887,0.592596334603374,0.744753316101235,-0.54351249488719,False
Q9Y3F4,10,Serine-threonine kinase receptor-associated protein,STRAP,17043052.9331558,15657195.0371698,7034266.67563998,7195925.00373016,8115955.14739254,18240711.5911688,8742124.08804473,11170688.324451,8766659.85356212,21796598.7768501,3103298.10916487,8088388.00306819,4871822.57416371,17211828.9848671,19843516.0110448,12175285.0612492,11287732.1829532,3362591.61174811,13682167.8287213,8131093.02862419,0,0.82219708242543,0.266872409113875,0.587927183588789,-1.14113968046872,False
Q9Y3I0,9,tRNA-splicing ligase RtcB homolog,RTCB,1282788.35804017,3733304.24398585,2187876.00498269,1212111.37969523,4741633.40126462,3413501.40196865,2049256.73475637,4583571.03233144,1502506.97801268,4410536.82751731,3563339.05180143,2338577.97072189,1903063.59034858,4937125.54102249,1493142.54300343,7942308.77420659,3015835.76801921,7945516.28610429,2299854.9431181,7652520.12465374,3,1.47993120109764,0.188763062441642,0.53240815837221,1.35913351383994,False
Q9Y3I1,3,F-box only protein 7,FBXO7,2046236.94525764,1335973.84808466,2131081.48616903,2027409.41811407,236186.960237734,1731222.85985991,2889131.00909736,2827639.0332428,2791224.90371472,1836145.37425962,1883064.75402091,1071301.60812493,235396.579711291,4038924.30380368,112475.699933448,1509121.78516272,1971965.10713085,1064368.54436254,4673900.25440303,2899090.00645379,11,0.980221730102273,0.433593083716137,0.679014768252282,-0.798631703821361,False
Q9Y3U8,3,60S ribosomal protein L36,RPL36,923025.465459974,2871779.82993703,2852426.54413363,3263534.76789174,2471084.84941285,3816860.94202641,3609900.06341528,3460002.42405587,4557454.16099183,3771123.69242846,3148759.15341192,934349.20206669,1596344.47746018,3695238.11124744,979672.518894291,3949543.69060036,1836085.11567827,2323225.01305851,2512111.4362086,1894909.74515235,2,0.723806024546134,0.109586359054774,0.449353564697873,-1.67211204855518,False
Q9Y3Z3,18,Deoxynucleoside triphosphate triphosphohydrolase SAMHD1,SAMHD1,15947592.0154057,21897351.8523701,13503360.6966576,23442368.1138131,13926360.5411003,13713693.8002541,47276312.2290761,30348653.8128273,42235621.265385,74824941.3401841,21303076.3655985,12125954.8389921,20088244.4454961,51870165.9161554,30621781.8650806,45503361.6575702,43361333.6,43911580.5023205,44305208.8071984,35823272.7146814,0,1.17433487417148,0.207870050362887,0.548237441134078,1.30016117814396,False
Q9Y490,114,Talin-1,TLN1,704174838.89291,740972648.154626,751131177.228418,637271827.394963,551063039.447884,1189466297.73826,1277892844.63477,710359260.764495,1114848460.02156,1137912632.87661,590450525.195085,794975851.836575,612326283.70156,949876474.355828,675593152.74727,931753491.53022,982033597.406963,976861734.507234,900200442.93724,860236454.293629,0,0.938652375309366,0.64425650260049,0.760600679732768,-0.468610881458492,False
Q9Y4G6,95,Talin-2,TLN2,215565451.598728,173980639.325695,189083613.314495,177320199.606743,170342613.74452,361126827.938599,327058289.411556,203921520.738767,345226061.270326,267749248.651252,148656063.116387,156766278.749855,210584139.061359,375310520.372188,187665567.753612,289145074.259147,351860968.619448,281322913.199563,259876678.752939,261429575.530933,0,1.03752746239038,0.752866421356211,0.802152111353787,0.319085928655416,False
Q9Y4L1,15,Hypoxia up-regulated protein 1,HYOU1,6897538.87009848,1786638.21847123,5880170.67701105,3361247.3314056,5943615.85009584,10950926.3356492,17231273.9970711,13894450.5940458,13352323.1479651,15971990.5980161,9097949.66387182,1014740.77836633,2447561.40746099,10857150.7848671,12615457.1193113,16744511.6959774,7132084.06919568,10242293.6627537,14794319.3335142,12079153.5457064,0,1.01842178236554,0.949217257358992,0.837319346889102,-0.0644683820170974,False
Q9Y4X5,1,E3 ubiquitin-protein ligase ARIH1,ARIH1,1607561.72163776,939824.010713661,2075216.48494323,1966032.98424081,2314010.62639165,4606999.96870321,1241315.26661933,3052935.91538118,1608760.16198006,2331310.42724613,2592470.5421315,1432088.02017356,1653597.99457625,925687.626735063,1690502.60882011,1514864.48772994,1317874.36888355,983494.903767404,1681833.3660246,2770080.8601108,7,0.761705274222183,0.260014026795698,0.587927183588789,-1.15816911210164,False
Q9Y4Y9,2,U6 snRNA-associated Sm-like protein LSm5,LSM5,13129829.809109,4247556.64290712,9940601.03449429,16671665.7039586,9890927.85917293,9614043.46677643,7972087.27558356,12180506.8708077,9871517.57883389,14671557.1255263,4531209.33853561,1802724.29424279,2253022.08711701,10933593.4433538,12933196.2334096,9446745.72306448,12182529.7488595,8014654.31954682,12277611.74896,10421074.3305633,0,0.783770508689501,0.135917940017927,0.486433579823015,-1.55172921491168,False
Q9Y4Z0,3,U6 snRNA-associated Sm-like protein LSm4,LSM4,5568714.71379141,3238915.18571803,10392888.7270217,3314660.92114623,4066033.95044582,2875644.46841579,5035181.47071092,14441435.639989,3185113.40283892,4572057.33369015,2251330.21168853,2293540.29422832,3036107.29359907,2256554.12345917,3189823.15363673,4711887.45639782,15875701.2470588,803496.951688286,11281238.9342557,3412669.52631579,5,0.866321921144896,0.284493237435907,0.601214860396153,-1.09881806899592,False
Q9Y5L4,2,Mitochondrial import inner membrane translocase subunit Tim13,TIMM13,1633649.87579807,1985162.65729404,4168402.24146003,2608838.97452506,1888377.35675205,2488721.38600511,1942344.04073844,3486793.52834696,2423740.02238022,4018905.14198623,2923089.33655627,2228485.87262649,1560077.94930249,2579404.62531697,2346614.66749683,2048482.45522539,2956175.17711715,3054064.2005187,2814373.10783306,3346160.50415512,8,0.970425624139258,0.990452753272917,0.843797505224354,-0.0121116860871473,False
Q9Y5P6,5,Mannose-1-phosphate guanyltransferase beta,GMPPB,6295216.53307313,6732585.69288963,7789913.6089421,7070325.44753202,6775203.22776444,5887775.93673931,4930591.16259874,3756250.2118901,11097271.5901536,1980393.45636195,3268074.99991698,2483969.86931226,1266249.30958111,6221973.74486708,5990495.39956068,6184135.04612897,2536486.33978391,6043752.64296114,7897881.37389221,3680431.39796861,0,0.731333784925693,0.144935970508583,0.497801806304702,-1.51497330482245,False
Q9Y5U9,1,Immediate early response 3-interacting protein 1,IER3IP1,4189263.41036916,4373830.93602414,2014902.23427024,3722461.68256204,2242753.47980788,2518427.58908739,2512655.66530576,2614880.4739502,2930055.82157937,2097899.29115821,2669852.22051832,2379418.13621585,2938408.78416859,3069019.85292434,2205670.33799462,3110108.36390433,3204398.42458583,2272370.71539722,3373167.73713558,1766027.76166217,9,0.923719810773639,0.707585823144444,0.787279413919631,-0.380327759276648,False
Q9Y5X3,10,Sorting nexin-5,SNX5,1490648.14188229,6421762.95067343,3793703.86551741,9176225.75166989,2141249.99449206,15208551.4182912,7777670.39833141,12340452.7528694,21569072.8115174,15340446.7526582,1098714.30930599,8077027.14773648,9850037.78779848,4353103.63018405,7832023.41343625,3729734.19365272,13022580.422569,6689806.32077532,17272152.3213963,9529641.02954755,1,0.855080879250446,0.794492262283963,0.81258020413402,-0.263873991588504,False
Q9Y5Y2,2,Cytosolic Fe-S cluster assembly factor NUBP2,NUBP2,1437747.16261276,1348257.40093297,962559.189108298,1664356.25330365,761090.839388398,1414184.04423879,2063522.81960593,1683717.86198658,1932241.68291259,1185128.3712624,1373482.10199236,2657825.67675788,2358540.92039171,2192910.54400818,1865129.49629363,2122759.77921973,2057854.90357743,2829046.68946219,1387569.57121541,2531458.17082179,5,1.47906077254942,0.0218219923549529,0.244466286728116,2.48061453426514,False
Q9Y5Y7,4,Lymphatic vessel endothelial hyaluronic acid receptor 1,LYVE1,3713828.27171244,3852714.50048102,2205064.00387914,7558672.08686349,7805229.30872346,4043410.79221341,7960392.40370107,6567169.43935496,8034901.49995508,9019006.29843717,1331372.45213349,3084201.7260044,755033.940493253,8965959.41390593,4338338.74122142,4800068.16555488,5286934.30415366,6382129.31586132,3421894.11706457,9788508.4810711,2,0.792530162541567,0.176711186801775,0.527958552151401,-1.39880410042122,False
Q9Y5Z4,8,Heme-binding protein 2,HEBP2,73201428.1179724,44333310.5601714,71064562.7100507,92687500.3747506,62715977.0021371,47502516.3041395,64905709.5242744,47342972.5636313,64398261.2590962,41302433.9752373,33526356.4535946,56670380.8635811,76569847.5851159,35631451.9738241,50767424.6952634,53976870.419244,57091136.1709484,75295825.5723906,40317182.2485983,42365981.611265,0,0.856852004341352,0.222265833426853,0.564550493478806,-1.25846451159851,False
Q9Y600,5,Cysteine sulfinic acid decarboxylase,CSAD,3772033.0675033,1314315.15055973,6110177.35315264,1975004.38111211,1792967.44731102,7253043.85709926,3505309.7553031,2089190.92116144,1171182.77108975,2420140.03675159,1975926.27469699,1755116.90047181,1554166.49283377,4821085.58543967,2030465.69455187,2628268.72888619,2128666.86741897,2220666.01142051,3586266.05299331,2019099.74561404,0,0.787168144502001,0.618468658475363,0.755192054657026,-0.505633115161626,False
Q9Y617,4,Phosphoserine aminotransferase,PSAT1,1437747.16261276,2589971.56931083,3613073.62256926,1244970.47185033,2081953.84079843,967072.156761993,1387459.69397355,2185514.92926968,1994620.80828317,1716905.6281667,5034694.28250042,12190333.0192052,3091957.11146867,993066.576400818,6848484.12984131,8203072.2411529,1910307.54165666,7075465.58481208,6391321.73286309,1968602.96234009,5,2.79444794826053,0.00731581084610769,0.175323277667773,2.97468899344127,False
Q9Y624,7,Junctional adhesion molecule A,F11R,2433686.60338098,12604544.6501662,1157767.98021135,22253387.8055692,2861451.19456256,2961064.9037322,8512373.76808378,11812180.4653631,7424711.07842961,2432677.54920431,3408741.19683373,3023204.75273532,18797380.7817951,2029705.46813906,15623859.6231785,1352255.33082676,8664122.98864765,956622.064200564,2619809.77572798,5362074.18882733,3,0.830551804832071,0.540530332894484,0.729692264899217,-0.622338896504241,False
Q9Y639,3,Neuroplastin,NPTN,489286.944056412,95943.9434887179,592936.163388232,1002576.27372283,696307.695591358,1073264.4164359,1057515.01065057,871226.103004686,1538264.02809611,1602534.17148362,1152855.46686871,1318168.94609042,997355.518895595,1159711.57190184,1087293.88931544,1114720.75076237,1202726.39726291,726468.098998999,1095938.95491808,1197958.91412742,12,1.22542976750726,0.0905018232668804,0.421730243491225,1.7758170252164,False
Q9Y678,14,Coatomer subunit gamma-1,COPG1,5703764.26028123,3713118.06511282,6495657.29203939,6663369.9147558,8361787.11791403,6732032.25784017,25499797.2450519,14245654.4932463,15240488.0599227,14784928.248769,9328978.65664951,3565550.34654683,5811919.05595068,16986323.1423313,7956921.77311821,18891224.5898524,19946716.0504202,18466573.1390481,10808828.0746971,20255382.4376731,0,1.22875729480229,0.268002212876385,0.587927183588789,1.13836552615934,False
Q9Y696,17,Chloride intracellular channel protein 4,CLIC4,62960619.8251351,19412731.4570579,67028508.0600933,39011524.8046728,54354807.5524907,63753621.482659,75794381.7280554,65941322.8149407,55742423.0010781,78526175.0695782,58601303.0773701,34468023.5867489,55756313.649639,74051532.1292433,93790861.973672,69387715.0058621,84458299.8391356,63862112.6617527,60163508.9496292,68055589.242844,0,1.13745159598683,0.288772037749324,0.603321843609166,1.08883129160293,False
Q9Y6B6,6,GTP-binding protein SAR1b,SAR1B,4994915.29376793,4086955.35748644,7647253.21810156,8643130.21710089,6711583.39619732,17052253.3606796,19932706.4595722,11702216.9640724,15536012.3147067,8573524.47298937,5673786.57346837,4355265.0403786,4639831.02301306,8228287.7595092,4300319.91182749,10444162.4847382,12966038.5503001,12835182.5184275,5747862.64794719,4568479.50923361,0,0.703268768872053,0.0850119112471599,0.418710352294526,-1.80913669415692,False
Q9Y6C2,12,EMILIN-1,EMILIN1,10541305.1796469,5571597.77461956,1190190.79631147,12411873.5268774,2966866.57890678,1536639.35270281,2147709.30868909,14455174.6678306,4893361.13354595,22011337.022051,9566213.93533123,6393456.58619891,4138446.23272668,19416435.2556237,26085542.8294094,1473305.45599353,430077.225258103,6568283.25830376,21793436.9343462,7685044.49676824,0,1.3322462043831,0.685852969839108,0.77472505509616,0.410242435988741,False
Q9Y6C9,7,Mitochondrial carrier homolog 2,MTCH2,15423413.3623698,25075050.56848,36640126.0111693,23684487.7402192,19543229.8776135,10519712.3058144,8766177.37063992,13654876.2960581,1202498.26740634,6334311.41115393,7925116.7851569,31377600.4399676,10712551.0384272,7229105.77042945,15613740.5431117,20547540.9092379,8550926.06713085,9018558.97488397,8368433.01361006,9762621.73591875,0,0.802680168499598,0.857290534892402,0.82112175216731,-0.182086251590857,False
Q9Y6H1,4,"Coiled-coil-helix-coiled-coil-helix domain-containing protein 2;Putative coiled-coil-helix-coiled-coil-helix domain-containing protein CHCHD2P9, mitochondrial",CHCHD2;CHCHD2P9,3331674.68755654,5393628.8836135,4285436.88849131,6968181.23014198,3227728.47727423,2957350.97176192,3872993.20959439,7702356.61476615,8697816.13511814,8261420.43959181,2470412.10410095,3194293.8240998,1119750.94116931,6686897.99378323,3763864.10999907,2268443.0759248,3588883.15601441,4611753.44844845,7436963.87334961,2917502.55493998,1,0.695790637289349,0.0917195986411871,0.423185026411948,-1.7686637138448,False
Q9Y6I3,11,Epsin-1,EPN1,5450612.54213302,3505986.71908099,514280.552435334,7376758.09970217,4088346.263522,7268828.06797295,5538475.67342682,5098810.83878526,10732903.6169257,4056618.856312,6788590.67898057,5495573.05944646,3355285.21201222,6729400.11190184,4136390.81474492,5264018.08348494,5627262.52581032,4320047.29011682,4168032.84319045,5297888.33610342,3,0.95433417416215,0.61865631859003,0.755192054657026,0.505361155655685,False
Q9Y6K1,4,DNA (cytosine-5)-methyltransferase 3A,DNMT3A,10224567.1914279,866184439.128914,1888804.82418446,536983894.323422,255284231.225569,870726.27924481,3912390.82763824,27854161.5703391,466337975.197414,343320968.42508,21919434.0958571,1712439.86781453,28472777.3806558,2698655.17255624,14550618.6038405,39294442.3161512,34418742.8811525,3302893.08840659,23338742.7177407,38021654.7645429,11,0.0826668506846967,0.153692526084511,0.507897935480662,-1.48104159382883,False
Q9Y6M9,1,NADH dehydrogenase [ubiquinone] 1 beta subcomplex subunit 9,NDUFB9,3509138.79708852,4460138.80238762,2839926.18129985,3991650.24930431,2302255.52292406,2476550.07486059,2943541.19317476,2285659.01929615,1295998.9046395,3260353.43777207,2903184.17141008,3139112.52677434,2516931.43010898,2552649.69484663,1961222.27523745,2306828.50887407,3237605.55591837,3449758.25907726,3332367.3395781,3564803.93628809,6,0.986352951167521,0.902926680659039,0.826708499711055,0.123472619180984,False
Q9Y6N5,5,"Sulfide:quinone oxidoreductase, mitochondrial",SQRDL,6318406.00343785,4618533.35258877,2216626.83950039,4756245.50033253,2626950.76372401,5249244.9187064,2710473.17906275,2685722.33625838,5999730.06239332,1450350.1107543,2563816.70695667,2171816.84424569,1710394.35440385,7017283.16376278,4380549.76092875,2788233.22013341,3367741.61114046,5196741.95488921,2551103.15160969,5784691.89750693,2,0.971528723806446,0.918006882759686,0.827540449847929,-0.104211611639512,False
Q9Y6U3,11,Adseverin,SCIN,705696.647885595,7671865.06301537,5552504.91623054,19386276.1332175,2153603.3598449,25372787.378379,6377354.6395225,1710337.22842966,8003166.22486749,4449816.5872761,9680254.43881786,956434.470995623,7262245.32180427,7559185.16977505,2218969.70036816,8339764.2413584,2142847.209988,8631624.1013741,5693635.45439231,1190856.65327793,4,0.659542503360294,0.588234832941869,0.743447109981051,-0.549976757737739,False
Q9Y6X6,2,Unconventional myosin-XVI,MYO16,66532039.8182852,1492161.66306629,25375736.5525775,23344007.0155857,36308599.6662187,28870515.4518164,12447988.4547794,11687619.2469907,16165680.4712065,9862620.83315493,31112111.2369251,30706768.9822855,34912454.0212012,6002812.64298568,29476880.2346626,6875223.96296746,9084394.14453781,9447163.75784876,20821572.0175439,5685791.25577101,0,0.793345584684419,0.733344521966262,0.797221050814768,-0.345322469084459,False
O14744,6,"Protein arginine N-methyltransferase 5;Protein arginine N-methyltransferase 5, N-terminally processed",PRMT5,2385375.20678781,1408963.00343546,1895836.27827846,2305847.1145994,1375467.97412668,1858265.07379994,1468909.08538209,2397033.01424789,1757697.66993082,1162320.76882181,5635969.25465618,5838360.99082437,3638486.09438161,6176184.59243354,4515983.58920111,7158429.87378209,1264383.96273709,7049358.11092911,1975431.77286891,3780792.3176362,10,2.61068628499947,0.000630176526863999,0.073258090536328,4.02430597696943,True
P04004,13,Vitronectin;Vitronectin V65 subunit;Vitronectin V10 subunit;Somatomedin-B,VTN,84552190.7475379,93246822.6648592,51360865.7933018,49341601.900934,70702427.7027474,95554163.9781703,82683573.6327327,103978680.083617,114456879.700836,134804934.425177,94566729.8912502,96734978.1839759,93997012.4732957,152602479.137014,111308435.152214,106761374.437033,212040995.908763,170370401.228501,224179657.808826,261861021.283472,0,1.73095719235773,0.000328259935264009,0.0471928029157598,4.29914088704652,True
P06576,23,"ATP synthase subunit beta, mitochondrial",ATP5B,472642470.720139,597959859.742872,617127287.650275,614011049.000954,441612222.421732,762072312.215685,579990997.25304,534911875.227419,515639451.14545,513664552.743881,242976093.142952,484256458.514241,325419956.880932,547467031.550102,466894354.283328,371091928.655751,410233720.561825,346421516.643917,409501620.944113,382506528.947368,0,0.70566882143769,0.00129984060351439,0.0937539725949958,-3.71848586295007,True
P09622,12,"Dihydrolipoyl dehydrogenase, mitochondrial",DLD,40044108.8511645,61907913.3103026,84519640.7552628,65861942.8383888,43465315.9939633,53251152.4324209,40389608.595012,39225783.1769733,57781708.2705956,29292430.6900735,17898928.5472356,37117537.3480375,35061555.3449255,36291152.1165644,34672305.0575442,33860032.202547,35979478.0537815,32247407.4802075,27179258.7732863,28741588.5087719,0,0.618624671041127,0.00190030985589933,0.109276808001164,-3.55722121429738,True
P10515,10,"Dihydrolipoyllysine-residue acetyltransferase component of pyruvate dehydrogenase complex, mitochondrial",DLAT,24926265.0722465,30466022.9788351,61151774.9828615,19325253.5737212,21227199.464628,27493707.8142631,35794602.195793,13378378.3607461,47453471.3889138,17039679.8233783,7734118.33646024,13484118.0442428,16435767.4424673,12768981.6736196,17394698.634873,14607621.8459673,12826927.5947179,21352852.1735372,8760305.8500633,11162497.2622345,0,0.457753493829755,0.000915572157710055,0.073258090536328,-3.86670544641695,True
P10809,33,"60 kDa heat shock protein, mitochondrial",HSPD1,202726697.954093,262495240.908693,316696692.393867,289905825.885551,236875780.640684,319623638.170734,299952728.197391,280121603.905173,270312341.797682,261593863.548134,201006084.716918,219913699.63529,204771714.577192,196121284.613497,227404640.758902,168880792.601577,207302248.518607,196928590.45864,207607248.227528,230000411.865189,0,0.751718205429591,0.000897148997389853,0.073258090536328,-3.87528987376428,True
P25705,22,"ATP synthase subunit alpha, mitochondrial",ATP5A1,198958409.019826,208650901.552388,298883675.355728,265099373.090825,206445323.988191,338312674.406887,262819436.411645,259057956.845539,266290861.171503,246595530.832084,140569272.58343,203061764.226583,159909906.123746,185579842.00818,198348425.138446,148335518.548615,212911561.243697,200100606.015106,203280336.597938,185455297.322253,0,0.720294125248934,0.000795144251140387,0.073258090536328,-3.92623957336685,True
P30084,13,"Enoyl-CoA hydratase, mitochondrial",ECHS1,242523210.897718,344258867.338639,355822828.063605,342318239.655322,197147357.665954,350276840.968284,321194264.999556,233632168.4462,283048429.709819,148256084.753443,121880594.154906,266777227.878604,178370671.713675,97793093.002045,280269606.193732,96122262.3125126,115273620.22569,147749593.238693,133872279.5397,184751708.864266,0,0.575793207789861,0.000665577004349067,0.073258090536328,-4.00126390785808,True
P31040,15,"Succinate dehydrogenase [ubiquinone] flavoprotein subunit, mitochondrial",SDHA,17302726.6898441,23385672.1615358,10017165.7568512,27878345.5547523,14593854.0489987,15398227.2296305,11283477.8077572,26605627.4152348,26520783.1942323,13691897.2429173,10569925.5231612,19556900.9638763,11162382.1506801,10185984.2433538,14265589.9616372,1134108.19514857,4097221.51241296,5841270.8992629,4584160.04756737,3256950.79778393,0,0.453479228267974,8.55864510934054e-05,0.0323998592747688,-4.86800868698519,True
P46060,9,Ran GTPase-activating protein 1,RANGAP1,1930523.40786311,152918577.619381,152951111.17931,118812842.959961,116605106.817648,24093031.7423837,859780.43924736,27112635.1339808,952058.252627796,169889962.623992,578454.014898687,2197154.02910895,1303246.65499337,2282959.99570552,2752968.93628449,385184.218508187,3405499.72025009,1408357.8989444,965825.298556186,2673038.75392428,10,0.0234330882743614,0.000283590800885957,0.0471928029157598,-4.36080900043751,True
P49327,94,Fatty acid synthase;[Acyl-carrier-protein] S-acetyltransferase;[Acyl-carrier-protein] S-malonyltransferase;3-oxoacyl-[acyl-carrier-protein] synthase;3-oxoacyl-[acyl-carrier-protein] reductase;3-hydroxyacyl-[acyl-carrier-protein] dehydratase;Enoyl-[acyl-carrier-protein] reductase;Oleoyl-[acyl-carrier-protein] hydrolase,FASN,862141027.90343,905088363.739724,1713330980.90525,1243781491.54209,686991236.21362,605835152.651711,1457545982.91471,501337125.939539,1029045679.22918,291010335.584814,281160267.167524,627281512.243835,270858980.962168,154353016.01636,265727042.554837,422987825.013139,419289395.02521,1359459535.80854,358567448.304395,500065540.073869,0,0.501258255136688,0.00179903960958376,0.109276808001164,-3.580527200752,True
P51692,3,Signal transducer and activator of transcription 5B,STAT5B,725033.284372011,1052961.37150493,608258.568698012,556784.458304337,743987.697695902,1537097.90157191,1323759.96627319,728649.341578609,729380.010030026,675825.272318561,1698713.32474771,1214786.5059989,971205.588482652,2272105.13820041,2395237.2505168,2043344.24766525,1874497.68921969,2469664.98057148,1860460.30489186,1262543.02446907,9,2.08052331461141,0.000341373340711006,0.0471928029157598,4.28263099267833,True
P52815,2,"39S ribosomal protein L12, mitochondrial",MRPL12,6198956.07536123,10629925.2833654,5808762.35432307,15111939.7177804,10633365.1168785,7952058.91007672,6711944.09465696,12378005.3960305,9937003.06710987,6947649.18789695,3437351.44794953,5128749.94087936,3542040.93782958,1531834.43341513,5966787.84054698,4688191.85600695,1749656.82521008,1156977.79211029,1978801.48060228,5469139.11172669,1,0.375362131475373,0.000116410482093458,0.0323998592747688,-4.73728106097403,True
P54826,3,Growth arrest-specific protein 1,GAS1,406673.258672164,582710.226982653,983016.886509573,676818.113278424,1183889.88198206,1379854.72705534,1106669.17667373,1367033.27023799,668279.407856437,686895.629058731,405313.201510261,168900.385781356,291629.773332427,278557.047525562,446396.866374196,216771.909537093,312900.926156062,327004.534551745,460985.108536806,133345.914357747,12,0.336414432583678,1.10589085285191e-05,0.0148254598043966,-5.75302894389024,True
P60228,11,Eukaryotic translation initiation factor 3 subunit E,EIF3E,26665475.3496006,51543795.1351732,43148127.411507,16642481.6418472,55141305.1466214,44759512.2632337,57513886.9557114,43007450.5903703,29596922.0281197,43627208.8906729,42941292.1700149,36201906.5076126,798020.610265286,74406226.0646217,15246562.4949726,3704269.84147968,7330070.37114046,6474738.56360906,2568934.7600832,4674216.90674054,1,0.472119637251138,0.00112171910546163,0.0845841232635164,-3.7808751186666,True
Q16836,13,"Hydroxyacyl-coenzyme A dehydrogenase, mitochondrial",HADH,172362985.195285,278816908.439741,284570759.911047,327769444.247173,92567884.377272,390639323.059563,432419961.413863,320978037.949095,399360731.578475,158712903.650182,51626989.2927113,225553552.817819,56448750.3055788,150469728.965235,85658012.7656777,155566790.07075,182531523.52461,282487969.85167,88946767.3856032,126320678.716528,0,0.49178199043901,0.00160793504791175,0.104568605366734,-3.62826197712985,True
Q8NBJ7,3,Sulfatase-modifying factor 2,SUMF2,3193624.87179156,112866.961870385,984497.325881586,883055.67493277,3163988.51221651,2536098.69046337,1771482.79195882,2744800.15597721,1576185.32935046,2007535.83704417,3289773.77465282,3613599.55305751,3311832.61128977,4487031.16785276,3654867.16185069,4452559.09836264,3285890.51985594,4248119.70798071,3457810.86398987,3184866.16897507,6,1.94930353258636,0.00572079007587028,0.174374622303767,3.08260842606431,True
Q9BQS8,5,FYVE and coiled-coil domain-containing protein 1,FYCO1,1250536.16344989,1263968.89518104,631184.374731762,1073683.10848074,1099960.30702251,654762.179525576,519318.665465519,1124785.30858209,874483.135747013,1186528.83807893,518110.129426179,487804.461621422,433063.850235407,485571.410973415,397079.233357788,350871.570669092,444975.559855942,524734.712858313,503669.081822287,425470.44547403,12,0.472285444289162,6.08543594274378e-05,0.0323998592747688,-5.013509257763,True
Q9H098,2,Protein FAM107B,FAM107B,6676160.4346475,5162370.98779954,3776359.61208554,5610798.07460313,6393224.11964429,7257412.0951126,3847275.36691691,2641757.4471653,6510348.95943761,4807783.58920852,3710117.71343184,1269791.98056327,3732587.37526704,956144.772351738,1403820.96268994,2805083.51845563,2584861.05272509,1763062.37310037,1033219.17155001,1307944.39289012,6,0.390380991179235,0.000136714238561196,0.0323998592747688,-4.66911732708731,True
Q9H488,5,GDP-fucose protein O-fucosyltransferase 1,POFUT1,5359424.78106341,5503548.30214094,4446847.82358252,5166551.79579562,4564665.71569415,5827291.90179478,4911849.59973434,4009828.98810916,4130707.06239332,5226513.49158003,420455.497158312,2563090.11180097,1583481.32936261,1251442.76208589,1111465.29871144,1005329.19179004,1272551.12206483,1620449.23400673,4305361.58143426,2212228.19237996,8,0.352936564496399,1.78735471947479e-05,0.0148254598043966,-5.54247060532048,True
Q9NTX5,13,Ethylmalonyl-CoA decarboxylase,ECHDC1,56124557.2072014,83104013.7484695,157832706.23004,57702295.2502675,47891938.5787305,55592255.9779716,110893926.999201,50164625.4065974,68874782.0730393,39359119.5450653,35554260.3727378,33537515.4357705,16046587.7161362,23805008.2793456,18506351.8593571,32230918.1584799,34760686.5848739,71343137.018382,26977279.890577,46987761.2650046,0,0.466983813081752,0.000289358237646804,0.0471928029157598,-4.35231921228014,True
Q9UNN8,5,Endothelial protein C receptor,PROCR,2738410.73739241,157078.682162848,1025076.62873075,1841514.31923199,1913536.29315473,9015437.21742401,25301565.019526,26813430.2113388,28666692.2715839,23895965.2237208,4788925.36070065,1014953.25142264,22501966.7124424,21262525.4580777,5569975.34364075,24260651.4901961,41595970.6991597,19710717.5784876,22066404.2109785,39980418.4810711,2,1.67055012992163,0.0107755416212266,0.188166765385571,2.80266090641339,True
Q9UQ35,4,Serine/arginine repetitive matrix protein 2,SRRM2,2049018.62215667,3022689.60995667,5614724.07858663,280176.815384487,1698189.7870622,1297647.83041537,2920732.04588622,5343279.66544151,7636195.62325937,5449378.21496539,10862568.4704625,10439052.1841945,9792465.84071958,10414547.792229,15064509.7810966,12129947.9357186,7645448.36979592,13957718.8547639,9562293.88627044,7073719.05355494,11,3.02849383691968,0.000121992385145572,0.0323998592747688,4.71741268608028,True
