protein_identifier,row_index,observed_samples,correction_status,reason_not_corrected,estimated_batch_coefficients
A0A075B6I0,0,20,corrected,,{'batch__B2': 0.22448946440598724}
A0A075B6J9,1,20,corrected,,{'batch__B2': -0.3151783020910484}
A0A075B6K0,2,20,corrected,,{'batch__B2': -0.693224580036429}
A0A075B6K4,3,20,corrected,,{'batch__B2': 0.5809210241226435}
A0A075B6S6,4,20,corrected,,{'batch__B2': -0.06996940992391323}
A0A0A0MRZ8,5,20,corrected,,{'batch__B2': 0.36194283400274335}
A0A0A0MS15,6,20,corrected,,{'batch__B2': 0.599092236984451}
A0A0B4J1V0,7,20,corrected,,{'batch__B2': -0.33463719017143206}
A0A0B4J1V6,8,20,corrected,,{'batch__B2': -0.2779155370542868}
A0A0B4J1X5,9,20,corrected,,{'batch__B2': 0.12900340841752483}
A0A0B4J1Y9,10,20,corrected,,{'batch__B2': -0.0915731302459433}
A0A0C4DH25,11,20,corrected,,{'batch__B2': 0.32280719397684426}
A0A0C4DH34,12,20,corrected,,{'batch__B2': -0.4606699562452553}
A0A0C4DH38,13,20,corrected,,{'batch__B2': 0.4494594018126511}
A0AVT1,14,20,corrected,,{'batch__B2': 0.6149022501256493}
A0FGR8,15,20,corrected,,{'batch__B2': 0.8317664766998343}
A1L0T0,16,20,corrected,,{'batch__B2': 0.7069480108518257}
A6NHL2,17,20,corrected,,{'batch__B2': 0.11964185966508108}
A8K0Z3,18,20,corrected,,{'batch__B2': 0.7551686814468337}
Q99613,19,20,corrected,,{'batch__B2': 0.5305140092434759}
B9A064,20,20,corrected,,{'batch__B2': 0.4870916241628308}
CON__P00761,21,20,corrected,,{'batch__B2': -0.6046951257920392}
CON__P01966,22,20,corrected,,{'batch__B2': 0.33172677063382594}
CON__P02768-1,23,20,corrected,,{'batch__B2': -0.22771508761003917}
CON__P05787,24,20,corrected,,{'batch__B2': 0.853174075236244}
CON__P07477,25,20,corrected,,{'batch__B2': -0.17956330100871973}
CON__P08730-1,26,20,corrected,,{'batch__B2': -0.3585672070336074}
CON__P13647,27,20,corrected,,{'batch__B2': 0.0028300033694751924}
CON__Q1RMN8,28,20,corrected,,{'batch__B2': -0.4454430969313216}
CON__Q3KNV1,29,20,corrected,,{'batch__B2': 0.05047025249699493}
CON__Q3SX09,30,20,corrected,,{'batch__B2': 0.7367272843212149}
CON__Q3SX28,31,20,corrected,,{'batch__B2': 0.7267548681072181}
CON__Q3ZBD7,32,20,corrected,,{'batch__B2': 0.7291216260736375}
Q13765,33,20,corrected,,{'batch__B2': -0.16382562497006237}
O00115,34,20,corrected,,{'batch__B2': 0.7481426789755659}
O00151,35,20,corrected,,{'batch__B2': 0.7698447029640401}
O00159,36,20,corrected,,{'batch__B2': 0.036880075412064665}
O00161,37,20,corrected,,{'batch__B2': -0.587387734984172}
O00170,38,20,corrected,,{'batch__B2': 1.0582821013490014}
O00203,39,20,corrected,,{'batch__B2': 0.5687227278102917}
O00217,40,20,corrected,,{'batch__B2': 0.42546849325830843}
O00231,41,20,corrected,,{'batch__B2': 1.2023693561720128}
O00233,42,20,corrected,,{'batch__B2': 0.2559583534651639}
O00244,43,20,corrected,,{'batch__B2': 0.15253385635065445}
O00264,44,20,corrected,,{'batch__B2': -0.09402356774025447}
O00273,45,20,corrected,,{'batch__B2': -0.8310915214530554}
O00299,46,20,corrected,,{'batch__B2': 0.22153527569667444}
O00303,47,20,corrected,,{'batch__B2': 0.09678886703580224}
O00330,48,20,corrected,,{'batch__B2': -0.04704737938345469}
O00399,49,20,corrected,,{'batch__B2': 0.1498533659780417}
O00410,50,20,corrected,,{'batch__B2': 1.228679938161608}
O00423,51,20,corrected,,{'batch__B2': 0.006914012849919442}
O00429,52,20,corrected,,{'batch__B2': 0.8316828852144871}
O00468,53,20,corrected,,{'batch__B2': 0.10807264702972369}
O00479,54,20,corrected,,{'batch__B2': 0.15688656555067726}
O00487,55,20,corrected,,{'batch__B2': 1.0695718605026332}
O00499,56,20,corrected,,{'batch__B2': 0.7535415182782682}
O00534,57,20,corrected,,{'batch__B2': 1.2413059270707023}
O00560,58,20,corrected,,{'batch__B2': 0.3711169976828337}
O00571,59,20,corrected,,{'batch__B2': 0.23285518559104815}
O00584,60,20,corrected,,{'batch__B2': -0.3339850219023955}
O00592,61,20,corrected,,{'batch__B2': 0.9061931364480147}
O00625,62,20,corrected,,{'batch__B2': 0.9528458273109002}
O00629,63,20,corrected,,{'batch__B2': 1.1934144645972404}
O00763,64,20,corrected,,{'batch__B2': 0.5373578688049501}
O00764,65,20,corrected,,{'batch__B2': 0.2927914715305585}
O14558,66,20,corrected,,{'batch__B2': 0.039315804689598916}
O14561,67,20,corrected,,{'batch__B2': 0.11741134264026373}
O14578,68,20,corrected,,{'batch__B2': -0.5769687140159468}
O14579,69,20,corrected,,{'batch__B2': 0.5410313011959101}
O14617,70,20,corrected,,{'batch__B2': -0.3492202594423697}
O14618,71,20,corrected,,{'batch__B2': 0.009796754396241477}
O14639,72,20,corrected,,{'batch__B2': -0.01940861674298027}
O14735,73,20,corrected,,{'batch__B2': -0.13905973101988972}
O14737,74,20,corrected,,{'batch__B2': 0.9946521597236554}
O14745,75,20,corrected,,{'batch__B2': 0.0949669682017712}
O14773,76,20,corrected,,{'batch__B2': 0.5765225957333662}
O14791,77,20,corrected,,{'batch__B2': 0.4167387058340948}
O14807,78,20,corrected,,{'batch__B2': -0.0040756002684741235}
O14818,79,20,corrected,,{'batch__B2': 0.16415461289176694}
O14841,80,20,corrected,,{'batch__B2': 0.5166214408007438}
O14880,81,20,corrected,,{'batch__B2': -0.000774532214413175}
O14907,82,20,corrected,,{'batch__B2': 0.9748630466572475}
P19105,83,20,corrected,,{'batch__B2': -0.6977137506701148}
O14957,84,20,corrected,,{'batch__B2': 0.03551215125470206}
O14964,85,20,corrected,,{'batch__B2': 0.974227504066635}
O14974,86,20,corrected,,{'batch__B2': 0.00016771313981908177}
O14979,87,20,corrected,,{'batch__B2': 0.3296646528743679}
O14980,88,20,corrected,,{'batch__B2': 1.1472876022571707}
O15013,89,20,corrected,,{'batch__B2': -0.7333702910026693}
O15061,90,20,corrected,,{'batch__B2': 0.8327696562489336}
O15067,91,20,corrected,,{'batch__B2': 0.8073031110614622}
O15143,92,20,corrected,,{'batch__B2': 0.08769804964316248}
O15144,93,20,corrected,,{'batch__B2': 1.3706267382675101}
O15145,94,20,corrected,,{'batch__B2': 0.7464325377438971}
O15173,95,20,corrected,,{'batch__B2': -0.5048593484605041}
O15247,96,20,corrected,,{'batch__B2': 0.669057638394945}
O15260,97,20,corrected,,{'batch__B2': 0.1308930441576051}
O15305,98,20,corrected,,{'batch__B2': 0.34693775006166566}
O15371,99,20,corrected,,{'batch__B2': 0.28199514270133735}
O15400,100,20,corrected,,{'batch__B2': 0.23835332400474094}
O15488,101,20,corrected,,{'batch__B2': -1.3416531451966285}
O15511,102,20,corrected,,{'batch__B2': 2.226252240594351}
O43143,103,20,corrected,,{'batch__B2': -0.0840356422824683}
O43175,104,20,corrected,,{'batch__B2': 0.7211526616572093}
O43237,105,20,corrected,,{'batch__B2': 1.501546966890075}
O43242,106,20,corrected,,{'batch__B2': 1.0680334927845043}
O43294,107,20,corrected,,{'batch__B2': 2.290528301704942}
O43301,108,20,corrected,,{'batch__B2': 0.5297011052236505}
O43390,109,20,corrected,,{'batch__B2': 0.7325954173059447}
O43396,110,20,corrected,,{'batch__B2': 1.0560985050424365}
O43399,111,20,corrected,,{'batch__B2': 0.036948695260596735}
O43488,112,20,corrected,,{'batch__B2': 0.6224264463108741}
O43491,113,20,corrected,,{'batch__B2': 0.22894299898041476}
O43504,114,20,corrected,,{'batch__B2': -0.9277389373237851}
O43583,115,20,corrected,,{'batch__B2': 0.4802028428080386}
O43592,116,20,corrected,,{'batch__B2': 0.3380102075425782}
O43598,117,20,corrected,,{'batch__B2': 1.2550416615509312}
O43678,118,20,corrected,,{'batch__B2': -0.2298525346259222}
O43681,119,20,corrected,,{'batch__B2': 1.6336905472945762}
O43684,120,20,corrected,,{'batch__B2': -0.24321486523037206}
O43707,121,20,corrected,,{'batch__B2': 0.551521671983302}
O43708,122,20,corrected,,{'batch__B2': 0.5033339524341743}
O43747,123,20,corrected,,{'batch__B2': 1.0728859350207591}
O43765,124,20,corrected,,{'batch__B2': 0.006509007622104342}
O43768,125,20,corrected,,{'batch__B2': 0.09289412242312753}
O43776,126,20,corrected,,{'batch__B2': 0.8271823728271993}
O43809,127,20,corrected,,{'batch__B2': 0.39767365531916626}
O43813,128,20,corrected,,{'batch__B2': 1.1326350553672089}
O43837,129,20,corrected,,{'batch__B2': -0.4141962272206877}
O43852,130,20,corrected,,{'batch__B2': -0.44952488908466126}
O43865,131,20,corrected,,{'batch__B2': 0.39759242242139275}
O43866,132,20,corrected,,{'batch__B2': 0.24616693771916137}
O60234,133,20,corrected,,{'batch__B2': -0.16172707047752027}
O60240,134,20,corrected,,{'batch__B2': -0.17181034477093796}
O60271,135,20,corrected,,{'batch__B2': 0.15623138485244648}
O60313,136,20,corrected,,{'batch__B2': -0.15854591374209662}
O60437,137,20,corrected,,{'batch__B2': 1.4710343143520885}
O60493,138,20,corrected,,{'batch__B2': 0.9516381077998924}
O60504,139,20,corrected,,{'batch__B2': 0.9119530003122237}
O60506,140,20,corrected,,{'batch__B2': 0.7880418289938428}
O60573,141,20,corrected,,{'batch__B2': -0.07196809170359132}
O60613,142,20,corrected,,{'batch__B2': -0.8609597100622614}
O60664,143,20,corrected,,{'batch__B2': 1.0681342902849356}
O60684,144,20,corrected,,{'batch__B2': 0.8267578578359595}
O60701,145,20,corrected,,{'batch__B2': 1.420147596438151}
O60716,146,20,corrected,,{'batch__B2': -0.3498930016702832}
O60749,147,20,corrected,,{'batch__B2': 0.8309860125541808}
O60763,148,20,corrected,,{'batch__B2': 1.6150900651444615}
O60784,149,20,corrected,,{'batch__B2': 0.4893353589877}
Q99880,150,20,corrected,,{'batch__B2': -0.06941892192539842}
O60884,151,20,corrected,,{'batch__B2': -0.2379797319508664}
O60888,152,20,corrected,,{'batch__B2': 0.6720061117527047}
O60925,153,20,corrected,,{'batch__B2': 0.5968639667864641}
O60936,154,20,corrected,,{'batch__B2': -0.35744837224869336}
O75083,155,20,corrected,,{'batch__B2': 0.5238251107006164}
O75116,156,20,corrected,,{'batch__B2': 1.3502370418509433}
O75131,157,20,corrected,,{'batch__B2': 0.6329209111059417}
O75150,158,20,corrected,,{'batch__B2': -0.3541072687422091}
O75223,159,20,corrected,,{'batch__B2': 0.40710891639335994}
O75323,160,20,corrected,,{'batch__B2': 0.799483990447033}
O75340,161,20,corrected,,{'batch__B2': 0.7299534368882249}
O75347,162,20,corrected,,{'batch__B2': 0.29428701874207686}
O75348,163,20,corrected,,{'batch__B2': -0.2948888087256206}
O75351,164,20,corrected,,{'batch__B2': 0.409566409493065}
O75352,165,20,corrected,,{'batch__B2': -0.03060696528099979}
O75367,166,20,corrected,,{'batch__B2': 1.388655759227676}
O75368,167,20,corrected,,{'batch__B2': 0.36013412116563115}
O75369,168,20,corrected,,{'batch__B2': -0.12310217461723201}
O75390,169,20,corrected,,{'batch__B2': 1.2468706169265593}
O75396,170,20,corrected,,{'batch__B2': 0.07491379830882325}
O75410,171,20,corrected,,{'batch__B2': 0.291288972540008}
O75431,172,20,corrected,,{'batch__B2': -0.13036660438930936}
O75436,173,20,corrected,,{'batch__B2': -0.0797306063384418}
O75477,174,20,corrected,,{'batch__B2': 0.005833948173607922}
O75489,175,20,corrected,,{'batch__B2': 0.006464874538466311}
O75531,176,20,corrected,,{'batch__B2': 0.3101210048247043}
O75533,177,20,corrected,,{'batch__B2': -0.03908232113431959}
O75569,178,20,corrected,,{'batch__B2': -0.045299263508461036}
O75608,179,20,corrected,,{'batch__B2': 1.3586539444909287}
O75643,180,20,corrected,,{'batch__B2': 0.8780305243586308}
O75781,181,20,corrected,,{'batch__B2': -0.17073234167012127}
O75821,182,20,corrected,,{'batch__B2': 0.15293320643413888}
O75828,183,20,corrected,,{'batch__B2': 0.6160961110617319}
O75832,184,20,corrected,,{'batch__B2': 1.3452722302733766}
O75874,185,20,corrected,,{'batch__B2': 0.03658518249121838}
O75882,186,20,corrected,,{'batch__B2': 0.9579781348507707}
O75891,187,20,corrected,,{'batch__B2': -0.4145930125205327}
O75915,188,20,corrected,,{'batch__B2': -0.29191854713010795}
O75935,189,20,corrected,,{'batch__B2': 0.1429511572651119}
O75937,190,20,corrected,,{'batch__B2': 0.39890578853289593}
O75947,191,20,corrected,,{'batch__B2': 0.008741274471797178}
O75955,192,20,corrected,,{'batch__B2': 0.32429677631271703}
O76003,193,20,corrected,,{'batch__B2': 0.45143300593815705}
O76024,194,20,corrected,,{'batch__B2': -0.38082950041114594}
O76062,195,20,corrected,,{'batch__B2': -0.1516447716729879}
O76070,196,20,corrected,,{'batch__B2': -0.33726331106184787}
O94760,197,20,corrected,,{'batch__B2': 0.2828300053170323}
O94788,198,20,corrected,,{'batch__B2': 0.7233860117610275}
O94804,199,20,corrected,,{'batch__B2': 0.5948461377173517}
O94826,200,20,corrected,,{'batch__B2': -0.029569018311463465}
O94875,201,20,corrected,,{'batch__B2': 0.29065177317734947}
O94903,202,20,corrected,,{'batch__B2': 0.7500996399051052}
O94905,203,20,corrected,,{'batch__B2': -0.7748795658356967}
O94911,204,20,corrected,,{'batch__B2': -0.4005207568569219}
O94919,205,20,corrected,,{'batch__B2': 0.5125098874005697}
O94973,206,20,corrected,,{'batch__B2': 0.8653722428559338}
O94979,207,20,corrected,,{'batch__B2': 0.914679806934922}
O95168,208,20,corrected,,{'batch__B2': -0.015003836063169592}
O95169,209,20,corrected,,{'batch__B2': -0.6586408673966332}
O95197,210,20,corrected,,{'batch__B2': 0.05729633295575304}
O95202,211,20,corrected,,{'batch__B2': 0.15163789890072013}
O95210,212,20,corrected,,{'batch__B2': 0.33079314421136613}
O95292,213,20,corrected,,{'batch__B2': 0.1292170987996629}
O95295,214,20,corrected,,{'batch__B2': -0.033881952773451525}
O95299,215,20,corrected,,{'batch__B2': -0.14765541429963416}
O95336,216,20,corrected,,{'batch__B2': 0.2608979029891957}
O95340,217,20,corrected,,{'batch__B2': 0.6389712869300043}
O95359,218,20,corrected,,{'batch__B2': 0.4797900952942096}
O95372,219,20,corrected,,{'batch__B2': 0.6946076640478384}
O95373,220,20,corrected,,{'batch__B2': 0.23999516484391886}
O95379,221,20,corrected,,{'batch__B2': -0.19699139137290755}
O95394,222,20,corrected,,{'batch__B2': -0.221635635325788}
O95445,223,20,corrected,,{'batch__B2': 0.4578521543996149}
O95479,224,20,corrected,,{'batch__B2': 0.840763419801121}
O95571,225,20,corrected,,{'batch__B2': 0.9370669926419581}
O95573,226,20,corrected,,{'batch__B2': 0.5873401999268982}
O95747,227,20,corrected,,{'batch__B2': 1.2841180566679287}
O95782,228,20,corrected,,{'batch__B2': 1.0445734284308124}
O95793,229,20,corrected,,{'batch__B2': -0.6622707501966877}
O95810,230,20,corrected,,{'batch__B2': 0.008463892762713521}
O95817,231,20,corrected,,{'batch__B2': 0.7662918393361683}
O95825,232,20,corrected,,{'batch__B2': 0.019454258592204947}
O95831,233,20,corrected,,{'batch__B2': -0.7105387462169239}
O95865,234,20,corrected,,{'batch__B2': 0.18711888596526252}
O95881,235,20,corrected,,{'batch__B2': 0.1608419719688713}
O96000,236,20,corrected,,{'batch__B2': 1.7939617067364078}
P00167,237,20,corrected,,{'batch__B2': -0.44533009711032984}
P00325,238,20,corrected,,{'batch__B2': 0.2563548811009546}
P00326,239,20,corrected,,{'batch__B2': 0.9592360750981178}
P00338,240,20,corrected,,{'batch__B2': 0.024664635450762907}
P00352,241,20,corrected,,{'batch__B2': -0.17128051777415293}
P00367,242,20,corrected,,{'batch__B2': 0.08247581030437208}
P00387,243,20,corrected,,{'batch__B2': -0.2228923212842871}
P00390,244,20,corrected,,{'batch__B2': 1.3338635600252668}
P00395,245,20,corrected,,{'batch__B2': -0.49368038059059527}
P00403,246,20,corrected,,{'batch__B2': -0.2842509230380382}
P00441,247,20,corrected,,{'batch__B2': 0.24340354225785707}
P00450,248,20,corrected,,{'batch__B2': 0.2963469951535332}
P00488,249,20,corrected,,{'batch__B2': -0.0727174516488606}
P00491,250,20,corrected,,{'batch__B2': 0.5315086568869124}
P00492,251,20,corrected,,{'batch__B2': 1.8048829199246246}
P00505,252,20,corrected,,{'batch__B2': 0.5913860860127286}
P00558,253,20,corrected,,{'batch__B2': 0.30280101366210443}
P00568,254,20,corrected,,{'batch__B2': 0.8296644797681606}
P00734,255,20,corrected,,{'batch__B2': 0.27073535751929123}
P00736,256,20,corrected,,{'batch__B2': 0.7402577569270337}
P00738,257,20,corrected,,{'batch__B2': 0.09158847474532952}
P00739,258,20,corrected,,{'batch__B2': 0.5307969635185764}
P00746,259,20,corrected,,{'batch__B2': 2.195822616848792}
P00747,260,20,corrected,,{'batch__B2': 0.6365951719687076}
P00748,261,20,corrected,,{'batch__B2': 1.6594668609082557}
P00751,262,20,corrected,,{'batch__B2': 0.45235846947727193}
P00813,263,20,corrected,,{'batch__B2': 1.1986804984556552}
P00846,264,20,corrected,,{'batch__B2': -0.37877790623820046}
P00915,265,20,corrected,,{'batch__B2': 0.37461263303250625}
P00918,266,20,corrected,,{'batch__B2': 0.48532979939204296}
P00966,267,20,corrected,,{'batch__B2': 0.46588956395344705}
P01008,268,20,corrected,,{'batch__B2': -0.0004463365098287854}
P01009,269,20,corrected,,{'batch__B2': -0.09484017436834058}
P01011,270,20,corrected,,{'batch__B2': -0.2388594242400055}
P01019,271,20,corrected,,{'batch__B2': 0.6496067631782143}
P01023,272,20,corrected,,{'batch__B2': 0.5325377107413208}
P01024,273,20,corrected,,{'batch__B2': 0.5333968850800842}
P01031,274,20,corrected,,{'batch__B2': 1.0038394561381487}
P01034,275,20,corrected,,{'batch__B2': 0.512671836719386}
P01040,276,20,corrected,,{'batch__B2': -0.3710773543880787}
P01042,277,20,corrected,,{'batch__B2': -0.004341616561450616}
P01116,278,20,corrected,,{'batch__B2': 0.36319323314143415}
P01591,279,20,corrected,,{'batch__B2': -0.04128585538315006}
P01594,280,20,corrected,,{'batch__B2': 0.35055419667467635}
P04432,281,20,corrected,,{'batch__B2': 0.4587115548340704}
P01599,282,20,corrected,,{'batch__B2': 1.3996607903278353}
P01602,283,20,corrected,,{'batch__B2': -0.03832517018700912}
P01619,284,20,corrected,,{'batch__B2': 0.466063071675206}
P01624,285,20,corrected,,{'batch__B2': 0.17020767099258002}
P01700,286,20,corrected,,{'batch__B2': -0.03833271318798808}
P01705,287,20,corrected,,{'batch__B2': -0.9068160613940647}
P01714,288,20,corrected,,{'batch__B2': 0.8272160494347671}
P01742,289,20,corrected,,{'batch__B2': 0.20270485354854353}
P0DP03,290,20,corrected,,{'batch__B2': 0.3634307544820121}
P01780,291,20,corrected,,{'batch__B2': 0.16367382847324383}
P0DP04,292,20,corrected,,{'batch__B2': -0.4874036160801731}
P01834,293,20,corrected,,{'batch__B2': 0.614675691361243}
P01857,294,20,corrected,,{'batch__B2': 0.35088023473065366}
P01859,295,20,corrected,,{'batch__B2': 0.3002451227783154}
P01860,296,20,corrected,,{'batch__B2': 0.8270605200550614}
P01861,297,20,corrected,,{'batch__B2': -0.4298975982074956}
P01871,298,20,corrected,,{'batch__B2': 0.24508795718706342}
P01876,299,20,corrected,,{'batch__B2': 0.8952750547749267}
P01877,300,20,corrected,,{'batch__B2': 0.33762295529612446}
P01880,301,20,corrected,,{'batch__B2': 1.2818275836742257}
P01892,302,20,corrected,,{'batch__B2': 0.2249873536175425}
P01903,303,20,corrected,,{'batch__B2': -0.22802887050017862}
P02042,304,20,corrected,,{'batch__B2': 0.39393685210783363}
P02452,305,20,corrected,,{'batch__B2': -1.099238255408512}
P02462,306,20,corrected,,{'batch__B2': 0.48798339040594507}
P02511,307,20,corrected,,{'batch__B2': -0.0034962787250119643}
P02545,308,20,corrected,,{'batch__B2': 0.04517725394679502}
P02549,309,20,corrected,,{'batch__B2': 2.3012187038278915}
P02647,310,20,corrected,,{'batch__B2': 0.2591582124805364}
P02649,311,20,corrected,,{'batch__B2': 0.710007149595684}
P02652,312,20,corrected,,{'batch__B2': -0.05201297903491523}
P02654,313,20,corrected,,{'batch__B2': -0.20699703350230755}
P02655,314,20,corrected,,{'batch__B2': -0.9209290161441472}
P02656,315,20,corrected,,{'batch__B2': -0.07099976406366339}
P02671,316,20,corrected,,{'batch__B2': -0.1373389110986696}
P02675,317,20,corrected,,{'batch__B2': -0.002447976986649591}
P02679,318,20,corrected,,{'batch__B2': 0.1679912087513437}
P02724,319,20,corrected,,{'batch__B2': 0.6344982890292886}
P02730,320,20,corrected,,{'batch__B2': 1.3023069096646946}
P02743,321,20,corrected,,{'batch__B2': -0.290409493842264}
P02747,322,20,corrected,,{'batch__B2': -0.050675956967886834}
P02748,323,20,corrected,,{'batch__B2': 0.8838486160670308}
P02749,324,20,corrected,,{'batch__B2': 0.49916731422014526}
P02750,325,20,corrected,,{'batch__B2': 0.4734170184354606}
P02751,326,20,corrected,,{'batch__B2': 1.2106963975339098}
P02753,327,20,corrected,,{'batch__B2': 0.5778357118410156}
P02760,328,20,corrected,,{'batch__B2': 0.11201200458507317}
P02763,329,20,corrected,,{'batch__B2': 0.18919415691620942}
P02765,330,20,corrected,,{'batch__B2': 0.616894805239881}
P02766,331,20,corrected,,{'batch__B2': 0.48521402250058115}
P02774,332,20,corrected,,{'batch__B2': 0.41940480667380614}
P02775,333,20,corrected,,{'batch__B2': 0.16303173751951813}
P02776,334,20,corrected,,{'batch__B2': -0.3295321944820382}
P02787,335,20,corrected,,{'batch__B2': 0.3738305795296194}
P02790,336,20,corrected,,{'batch__B2': 0.15963465588370823}
P02792,337,20,corrected,,{'batch__B2': -0.2196327218905905}
P02794,338,20,corrected,,{'batch__B2': -0.025865036264253974}
P02795,339,20,corrected,,{'batch__B2': -0.2752446226661951}
P03950,340,20,corrected,,{'batch__B2': -0.14339210573160863}
P03952,341,20,corrected,,{'batch__B2': 0.46492864037646414}
P04003,342,20,corrected,,{'batch__B2': 0.9222552346962045}
P04040,343,20,corrected,,{'batch__B2': 0.0619877678776525}
P04075,344,20,corrected,,{'batch__B2': 0.7731189207591879}
P04080,345,20,corrected,,{'batch__B2': 0.5078483668375902}
P04083,346,20,corrected,,{'batch__B2': -0.12375492139574822}
P04114,347,20,corrected,,{'batch__B2': 1.126291185855545}
P04179,348,20,corrected,,{'batch__B2': 0.3667362197216956}
P04180,349,20,corrected,,{'batch__B2': 0.17963430096447267}
P04196,350,20,corrected,,{'batch__B2': 0.9146552921155537}
P04216,351,20,corrected,,{'batch__B2': 0.7337479089658135}
P04217,352,20,corrected,,{'batch__B2': 0.34958747239324145}
P04233,353,20,corrected,,{'batch__B2': 0.31446596084180645}
P04264,354,20,corrected,,{'batch__B2': -1.0813115078278213}
P04271,355,20,corrected,,{'batch__B2': 1.299369907732462}
P04275,356,20,corrected,,{'batch__B2': 0.8108445952804532}
P04406,357,20,corrected,,{'batch__B2': 0.34060501258204395}
P04424,358,20,corrected,,{'batch__B2': -1.2451467706482329}
P04430,359,20,corrected,,{'batch__B2': -0.0986258452021877}
P04632,360,20,corrected,,{'batch__B2': 0.7747052768525649}
P04792,361,20,corrected,,{'batch__B2': 0.3258950771365198}
P04843,362,20,corrected,,{'batch__B2': 0.649355288287338}
P04844,363,20,corrected,,{'batch__B2': 0.36872820155191166}
P04899,364,20,corrected,,{'batch__B2': -0.03268301616319104}
Q99878,365,20,corrected,,{'batch__B2': -0.3807385253480645}
P05023,366,20,corrected,,{'batch__B2': 1.095690065963052}
P05090,367,20,corrected,,{'batch__B2': -0.4775631664626559}
P05091,368,20,corrected,,{'batch__B2': -0.18090907793329242}
P05109,369,20,corrected,,{'batch__B2': 0.942159655540984}
P05141,370,20,corrected,,{'batch__B2': 0.3138816066289208}
P05155,371,20,corrected,,{'batch__B2': 0.5610083069873206}
P05156,372,20,corrected,,{'batch__B2': 0.9756980222436192}
P05161,373,20,corrected,,{'batch__B2': -0.5933766663493635}
P05165,374,20,corrected,,{'batch__B2': -0.2174334915460148}
P05166,375,20,corrected,,{'batch__B2': -1.2841888321333317}
P05204,376,20,corrected,,{'batch__B2': -0.015491707029931003}
P05230,377,20,corrected,,{'batch__B2': -0.808157463499214}
P05362,378,20,corrected,,{'batch__B2': -0.8317345160405327}
P05386,379,20,corrected,,{'batch__B2': -0.23847191609941962}
P05387,380,20,corrected,,{'batch__B2': -0.5819189532146973}
P05388,381,20,corrected,,{'batch__B2': -0.1448468025559907}
P05413,382,20,corrected,,{'batch__B2': 0.33683512516509634}
P05452,383,20,corrected,,{'batch__B2': -0.22587024899782032}
P05455,384,20,corrected,,{'batch__B2': 0.4390708711235153}
P05534,385,20,corrected,,{'batch__B2': 0.12757792405860555}
P05543,386,20,corrected,,{'batch__B2': 1.0264243246702642}
P05546,387,20,corrected,,{'batch__B2': 0.8991195125499597}
P05556,388,20,corrected,,{'batch__B2': -0.6669983723191891}
P05783,389,20,corrected,,{'batch__B2': 1.3907540228122672}
P05976,390,20,corrected,,{'batch__B2': -0.5299299626376949}
P06132,391,20,corrected,,{'batch__B2': 0.6173037942444577}
P06312,392,20,corrected,,{'batch__B2': -0.1538991029534137}
P06331,393,20,corrected,,{'batch__B2': 0.16642533543704136}
P06396,394,20,corrected,,{'batch__B2': 0.19865389298191438}
P06454,395,20,corrected,,{'batch__B2': 0.007344981242669999}
P06681,396,20,corrected,,{'batch__B2': -0.8049785827084621}
P06702,397,20,corrected,,{'batch__B2': 1.0518358478507615}
P06703,398,20,corrected,,{'batch__B2': 0.4069077038256119}
P06727,399,20,corrected,,{'batch__B2': 0.14413239008559534}
P06730,400,20,corrected,,{'batch__B2': -0.5621408869281435}
P06733,401,20,corrected,,{'batch__B2': 0.014806895576797824}
P06737,402,20,corrected,,{'batch__B2': 0.08787546428020614}
P06744,403,20,corrected,,{'batch__B2': -0.2576768153648711}
P06748,404,20,corrected,,{'batch__B2': 0.6190129723455894}
P06753,405,20,corrected,,{'batch__B2': 0.12767938800493395}
P06756,406,20,corrected,,{'batch__B2': -0.4814011805854132}
P06865,407,20,corrected,,{'batch__B2': 0.15665623948207313}
P07099,408,20,corrected,,{'batch__B2': 0.24912454700531167}
P07108,409,20,corrected,,{'batch__B2': 0.12057927904297142}
P07195,410,20,corrected,,{'batch__B2': -0.05851904539625019}
P07203,411,20,corrected,,{'batch__B2': -0.3197837630144332}
P07225,412,20,corrected,,{'batch__B2': -0.3446443658088367}
P07237,413,20,corrected,,{'batch__B2': 0.13995016197958496}
P07305,414,20,corrected,,{'batch__B2': 0.5641929437101267}
P07311,415,20,corrected,,{'batch__B2': 0.03536064832906019}
P07339,416,20,corrected,,{'batch__B2': 0.09414275770773575}
P07355,417,20,corrected,,{'batch__B2': 0.21080076864148253}
P07357,418,20,corrected,,{'batch__B2': 0.5301572684277878}
P07358,419,20,corrected,,{'batch__B2': 1.0140747195604023}
P07384,420,20,corrected,,{'batch__B2': 0.45969619920093663}
P07437,421,20,corrected,,{'batch__B2': 0.8045528057629683}
P07451,422,20,corrected,,{'batch__B2': -0.05843442950486322}
P07585,423,20,corrected,,{'batch__B2': 0.36500098855954427}
P07602,424,20,corrected,,{'batch__B2': -0.11335822474190901}
P07686,425,20,corrected,,{'batch__B2': 0.9307539708520701}
P07737,426,20,corrected,,{'batch__B2': 0.4484182841019126}
P07738,427,20,corrected,,{'batch__B2': -0.1676015312029532}
P07741,428,20,corrected,,{'batch__B2': 0.35950982367997053}
P07814,429,20,corrected,,{'batch__B2': 1.1088952650285864}
P07858,430,20,corrected,,{'batch__B2': 0.22531034695113097}
P07900,431,20,corrected,,{'batch__B2': 0.3666755361854341}
P07910,432,20,corrected,,{'batch__B2': 0.6558865422624649}
P07919,433,20,corrected,,{'batch__B2': 0.34342379559768854}
P07942,434,20,corrected,,{'batch__B2': -0.10328260947847452}
P07947,435,20,corrected,,{'batch__B2': -0.8775690167640016}
P07954,436,20,corrected,,{'batch__B2': 0.5778290918120578}
P07996,437,20,corrected,,{'batch__B2': -0.41532992934316115}
P07998,438,20,corrected,,{'batch__B2': -0.775567543919611}
P08123,439,20,corrected,,{'batch__B2': -0.029529720736565068}
P08133,440,20,corrected,,{'batch__B2': -0.28666475309609396}
P08134,441,20,corrected,,{'batch__B2': 1.3408574224826726}
P08185,442,20,corrected,,{'batch__B2': 0.97327684574367}
P08236,443,20,corrected,,{'batch__B2': -0.3486395240949074}
P08237,444,20,corrected,,{'batch__B2': 2.297579195763214}
P08238,445,20,corrected,,{'batch__B2': 0.6308619881586128}
P08294,446,20,corrected,,{'batch__B2': 0.6364855521486171}
P08311,447,20,corrected,,{'batch__B2': 0.4349813513738678}
P08397,448,20,corrected,,{'batch__B2': 0.9270443352813925}
P08559,449,20,corrected,,{'batch__B2': 0.5638081620997392}
P08571,450,20,corrected,,{'batch__B2': 0.7985406703741008}
P08572,451,20,corrected,,{'batch__B2': 0.6924042576665053}
P08574,452,20,corrected,,{'batch__B2': -0.32377180180855814}
P08603,453,20,corrected,,{'batch__B2': 0.5574446119225526}
P08621,454,20,corrected,,{'batch__B2': -0.8445806837338115}
P08670,455,20,corrected,,{'batch__B2': 0.20956511260092636}
P08697,456,20,corrected,,{'batch__B2': 0.5751369039754259}
P08708,457,20,corrected,,{'batch__B2': 0.3834800296835064}
P08727,458,20,corrected,,{'batch__B2': 0.942777324159065}
P08754,459,20,corrected,,{'batch__B2': 0.0967212888361852}
P08758,460,20,corrected,,{'batch__B2': -0.2927466870343012}
P08865,461,20,corrected,,{'batch__B2': -0.008547209821113566}
P08962,462,20,corrected,,{'batch__B2': 0.27210406265969606}
P09104,463,20,corrected,,{'batch__B2': 1.0203494022821895}
P09110,464,20,corrected,,{'batch__B2': 1.208778790578673}
P09211,465,20,corrected,,{'batch__B2': 0.28469532939657505}
P09382,466,20,corrected,,{'batch__B2': -0.8470910949960345}
P09417,467,20,corrected,,{'batch__B2': -0.0012252667858223003}
P09429,468,20,corrected,,{'batch__B2': 0.25959388803925443}
P09455,469,20,corrected,,{'batch__B2': -0.12600373940141887}
P09467,470,20,corrected,,{'batch__B2': 0.08020448748835454}
P09486,471,20,corrected,,{'batch__B2': 0.5481948085326566}
P09488,472,20,corrected,,{'batch__B2': 0.24736465474334784}
P09493,473,20,corrected,,{'batch__B2': -0.45820205295090805}
P09496,474,20,corrected,,{'batch__B2': -0.4559248279678073}
P09497,475,20,corrected,,{'batch__B2': -0.23687470911936126}
P09525,476,20,corrected,,{'batch__B2': 0.10816785694841959}
P09543,477,20,corrected,,{'batch__B2': -0.13980626948068794}
P09601,478,20,corrected,,{'batch__B2': -0.032357704144880324}
P09619,479,20,corrected,,{'batch__B2': -0.4362916848243322}
P09651,480,20,corrected,,{'batch__B2': 0.3403627991608545}
P09661,481,20,corrected,,{'batch__B2': 0.4849447903366733}
P09669,482,20,corrected,,{'batch__B2': -0.5144367913298713}
P09871,483,20,corrected,,{'batch__B2': 0.36413783780354875}
P09874,484,20,corrected,,{'batch__B2': 1.1459582855811357}
P09936,485,20,corrected,,{'batch__B2': 0.29595982509379054}
P09960,486,20,corrected,,{'batch__B2': 0.6241026844188104}
P09972,487,20,corrected,,{'batch__B2': 0.6096570741217724}
P0C0L4,488,20,corrected,,{'batch__B2': 0.41216038781207137}
P0C0L5,489,20,corrected,,{'batch__B2': -0.13412787540878196}
P62987,490,20,corrected,,{'batch__B2': -0.0397526516413639}
P0DJI8,491,20,corrected,,{'batch__B2': 0.0702207362553337}
P0DMN0,492,20,corrected,,{'batch__B2': 0.7063761662711457}
P0DMV9,493,20,corrected,,{'batch__B2': 0.24698866767773694}
P0DN76,494,20,corrected,,{'batch__B2': -0.0198464468285263}
P0DOY3,495,20,corrected,,{'batch__B2': 0.4601649899268612}
P0DP25,496,20,corrected,,{'batch__B2': -0.1140458180609174}
P10155,497,20,corrected,,{'batch__B2': 0.5250580469342542}
P10253,498,20,corrected,,{'batch__B2': 0.8797522074954705}
P10301,499,20,corrected,,{'batch__B2': 0.05800683622917784}
P10412,500,20,corrected,,{'batch__B2': -0.010967938175609952}
P10599,501,20,corrected,,{'batch__B2': 0.347291442054916}
P10606,502,20,corrected,,{'batch__B2': 0.019081345358253145}
P10619,503,20,corrected,,{'batch__B2': 0.27096756101723146}
P10620,504,20,corrected,,{'batch__B2': -0.7584295963303262}
P10636,505,20,corrected,,{'batch__B2': -0.08262372326138592}
P10643,506,20,corrected,,{'batch__B2': 1.967084384349627}
P10644,507,20,corrected,,{'batch__B2': 0.41801106347676376}
P10768,508,20,corrected,,{'batch__B2': 0.11688516448262798}
P10909,509,20,corrected,,{'batch__B2': 0.4033668262373933}
P11021,510,20,corrected,,{'batch__B2': 0.24051039558586}
P11047,511,20,corrected,,{'batch__B2': -0.47480422986608384}
P11142,512,20,corrected,,{'batch__B2': 0.2984472870731388}
P11166,513,20,corrected,,{'batch__B2': 0.7536852456743521}
P11171,514,20,corrected,,{'batch__B2': 0.26304800925247307}
P11177,515,20,corrected,,{'batch__B2': -0.1727488511225571}
P11216,516,20,corrected,,{'batch__B2': 0.7679914631700984}
P11217,517,20,corrected,,{'batch__B2': 0.6343801549545672}
P11233,518,20,corrected,,{'batch__B2': 0.8503924790218919}
P11277,519,20,corrected,,{'batch__B2': 2.4756710429281243}
P11279,520,20,corrected,,{'batch__B2': -0.16057502625095715}
P11310,521,20,corrected,,{'batch__B2': -0.6004474198762115}
P11413,522,20,corrected,,{'batch__B2': 0.07101574476283735}
P11498,523,20,corrected,,{'batch__B2': -0.48230285477843404}
P11532,524,20,corrected,,{'batch__B2': 0.19250483790357542}
P11586,525,20,corrected,,{'batch__B2': -0.11828741270877421}
P11766,526,20,corrected,,{'batch__B2': 0.17248726388404376}
P11940,527,20,corrected,,{'batch__B2': 1.3144508254967702}
P12004,528,20,corrected,,{'batch__B2': 0.06940910372081731}
P12109,529,20,corrected,,{'batch__B2': -0.7776177648407461}
P12110,530,20,corrected,,{'batch__B2': -1.3952454205870066}
P12111,531,20,corrected,,{'batch__B2': -0.006957967736914837}
P12235,532,20,corrected,,{'batch__B2': 0.061309840879212416}
P12236,533,20,corrected,,{'batch__B2': -0.4166834689614551}
P12268,534,20,corrected,,{'batch__B2': 0.9712934783824291}
P12277,535,20,corrected,,{'batch__B2': 0.39936607250008077}
P12429,536,20,corrected,,{'batch__B2': -1.1832686652696671}
P12532,537,20,corrected,,{'batch__B2': -0.17007435273314708}
P12694,538,20,corrected,,{'batch__B2': 0.537454011816326}
P12814,539,20,corrected,,{'batch__B2': 0.5347018419685655}
P12955,540,20,corrected,,{'batch__B2': 0.6004162547542142}
P12956,541,20,corrected,,{'batch__B2': 2.513206460065856}
P13010,542,20,corrected,,{'batch__B2': 1.201205627935266}
P13073,543,20,corrected,,{'batch__B2': 0.05009498169672053}
P13284,544,20,corrected,,{'batch__B2': 1.1014805238216214}
P13473,545,20,corrected,,{'batch__B2': -0.08687134665008367}
P13489,546,20,corrected,,{'batch__B2': 0.549917101372339}
P13611,547,20,corrected,,{'batch__B2': -0.44070923475076235}
P13639,548,20,corrected,,{'batch__B2': 0.7304991815488364}
P13667,549,20,corrected,,{'batch__B2': 0.4970373223742095}
P13671,550,20,corrected,,{'batch__B2': 1.761230203130471}
P13693,551,20,corrected,,{'batch__B2': 1.3311938102790526}
P13716,552,20,corrected,,{'batch__B2': 0.48516915169527236}
P13796,553,20,corrected,,{'batch__B2': 0.7687516360158239}
P13797,554,20,corrected,,{'batch__B2': 0.521216628309071}
P13798,555,20,corrected,,{'batch__B2': 0.09356955680718711}
P13804,556,20,corrected,,{'batch__B2': 0.2875189140760659}
P13807,557,20,corrected,,{'batch__B2': 0.13396722070773281}
P13861,558,20,corrected,,{'batch__B2': 1.3669028818148434}
P13928,559,20,corrected,,{'batch__B2': 0.08948365095376588}
P13987,560,20,corrected,,{'batch__B2': -0.21578473492491868}
P14174,561,20,corrected,,{'batch__B2': 0.24588571831832087}
P14207,562,20,corrected,,{'batch__B2': 0.6314658393821125}
P14209,563,20,corrected,,{'batch__B2': -1.7473085371691566}
P14314,564,20,corrected,,{'batch__B2': -0.08005149286701234}
P14317,565,20,corrected,,{'batch__B2': 0.15303419374124672}
P14324,566,20,corrected,,{'batch__B2': -0.29966757729728444}
P14384,567,20,corrected,,{'batch__B2': -0.23121238132687302}
P14406,568,20,corrected,,{'batch__B2': 0.26543481573065847}
P14543,569,20,corrected,,{'batch__B2': -0.5572013984033335}
P14550,570,20,corrected,,{'batch__B2': 0.13370673975582925}
P14618,571,20,corrected,,{'batch__B2': 0.6064690843331828}
P14621,572,20,corrected,,{'batch__B2': -0.9384210867743717}
P14625,573,20,corrected,,{'batch__B2': 0.21593818656751504}
P14854,574,20,corrected,,{'batch__B2': -0.3942738375074058}
P14866,575,20,corrected,,{'batch__B2': 1.2575140358785164}
P14868,576,20,corrected,,{'batch__B2': 0.9758374575678149}
P14927,577,20,corrected,,{'batch__B2': 0.013208784258072634}
P15088,578,20,corrected,,{'batch__B2': 0.8963966560136825}
P15090,579,20,corrected,,{'batch__B2': -0.22930223868720512}
P15104,580,20,corrected,,{'batch__B2': -0.00116747596450333}
P15121,581,20,corrected,,{'batch__B2': 0.6541743007489333}
P15144,582,20,corrected,,{'batch__B2': 0.7475212918585697}
P15169,583,20,corrected,,{'batch__B2': -0.06262052011139088}
P15170,584,20,corrected,,{'batch__B2': 0.4100503706524024}
P15311,585,20,corrected,,{'batch__B2': 1.3300081712887573}
P15374,586,20,corrected,,{'batch__B2': 0.14002845662574306}
P15531,587,20,corrected,,{'batch__B2': 1.1515199534639302}
P15559,588,20,corrected,,{'batch__B2': 0.2959235782740174}
P15586,589,20,corrected,,{'batch__B2': 1.2524922037558714}
P15880,590,20,corrected,,{'batch__B2': 0.29121237144618706}
P15924,591,20,corrected,,{'batch__B2': -0.10845593741570676}
P16050,592,20,corrected,,{'batch__B2': 1.1497050514385507}
P16070,593,20,corrected,,{'batch__B2': 1.3756529930604586}
P16083,594,20,corrected,,{'batch__B2': 0.7522920395207744}
P16152,595,20,corrected,,{'batch__B2': 0.6165109671725733}
P16157,596,20,corrected,,{'batch__B2': 2.141195826093395}
P16219,597,20,corrected,,{'batch__B2': -0.32767486071515484}
P16298,598,20,corrected,,{'batch__B2': 0.3280088285038769}
P16401,599,20,corrected,,{'batch__B2': 0.47098415973895064}
P16402,600,20,corrected,,{'batch__B2': 0.5569356012677588}
P16403,601,20,corrected,,{'batch__B2': 0.7893812456133377}
P16435,602,20,corrected,,{'batch__B2': -0.5955554402271629}
P16452,603,20,corrected,,{'batch__B2': 1.3249720970932968}
P16615,604,20,corrected,,{'batch__B2': 0.1462844757265644}
P16671,605,20,corrected,,{'batch__B2': -0.4470977448048816}
P16930,606,20,corrected,,{'batch__B2': 0.06738328179057718}
P16949,607,20,corrected,,{'batch__B2': -0.31546063219208764}
P16989,608,20,corrected,,{'batch__B2': 0.22430371736726898}
P17050,609,20,corrected,,{'batch__B2': 0.5945292379642688}
P17066,610,20,corrected,,{'batch__B2': 1.3610531054852009}
P17174,611,20,corrected,,{'batch__B2': 0.4949308464775657}
P17612,612,20,corrected,,{'batch__B2': 0.4774135031114975}
P17655,613,20,corrected,,{'batch__B2': 0.5821336681264625}
P17661,614,20,corrected,,{'batch__B2': 1.5506476128710565}
P17858,615,20,corrected,,{'batch__B2': 0.3259418208880799}
P17931,616,20,corrected,,{'batch__B2': -0.21571908498805084}
P17980,617,20,corrected,,{'batch__B2': 0.5711340480016996}
P17987,618,20,corrected,,{'batch__B2': -0.6827361428960205}
P18085,619,20,corrected,,{'batch__B2': 0.2228582831639799}
P18124,620,20,corrected,,{'batch__B2': 0.9839782196633189}
P18206,621,20,corrected,,{'batch__B2': 0.3078056157932569}
P18621,622,20,corrected,,{'batch__B2': 0.7134092882311962}
P18669,623,20,corrected,,{'batch__B2': 0.35813674268609935}
P18859,624,20,corrected,,{'batch__B2': -0.19992480223271072}
P19338,625,20,corrected,,{'batch__B2': 1.0796541973307225}
P19367,626,20,corrected,,{'batch__B2': -0.2697680983645996}
P19404,627,20,corrected,,{'batch__B2': -0.8461467258805359}
P19623,628,20,corrected,,{'batch__B2': 1.5765916383981062}
P19652,629,20,corrected,,{'batch__B2': 0.30186522753811385}
P19823,630,20,corrected,,{'batch__B2': 0.5777505272247064}
P19827,631,20,corrected,,{'batch__B2': 0.6330192578996594}
P19838,632,20,corrected,,{'batch__B2': 0.6394177267129253}
P19971,633,20,corrected,,{'batch__B2': 0.8435390817833813}
P20036,634,20,corrected,,{'batch__B2': -0.42255283698097296}
P20042,635,20,corrected,,{'batch__B2': -0.07658321648462224}
P20073,636,20,corrected,,{'batch__B2': -0.08154991523071896}
Q15661,637,20,corrected,,{'batch__B2': 0.5766466800050165}
P20290,638,20,corrected,,{'batch__B2': 0.7032471715247738}
P20292,639,20,corrected,,{'batch__B2': -0.12159130039457507}
P20339,640,20,corrected,,{'batch__B2': 0.21783238114675346}
P20340,641,20,corrected,,{'batch__B2': -0.49483406720822826}
P20618,642,20,corrected,,{'batch__B2': 0.7015755788940867}
P20674,643,20,corrected,,{'batch__B2': 1.0271327815138456}
P20700,644,20,corrected,,{'batch__B2': 0.3677314753783885}
P20742,645,20,corrected,,{'batch__B2': 0.10648469829044845}
P20774,646,20,corrected,,{'batch__B2': 0.10696315023902055}
P20810,647,20,corrected,,{'batch__B2': 0.4821621091315783}
P20962,648,20,corrected,,{'batch__B2': 0.651949577472775}
P21266,649,20,corrected,,{'batch__B2': 0.6968488884674207}
P21281,650,20,corrected,,{'batch__B2': 1.5950096054451577}
P21291,651,20,corrected,,{'batch__B2': 1.2395737460896556}
P21333,652,20,corrected,,{'batch__B2': 0.8852133129226577}
P21397,653,20,corrected,,{'batch__B2': -0.5801530351518979}
P21399,654,20,corrected,,{'batch__B2': 0.20658467279622555}
P21589,655,20,corrected,,{'batch__B2': 0.34162684324818393}
P21695,656,20,corrected,,{'batch__B2': -0.4449573325103641}
P21796,657,20,corrected,,{'batch__B2': -0.06818253169472212}
P21810,658,20,corrected,,{'batch__B2': -1.3249249959175216}
P21912,659,20,corrected,,{'batch__B2': -0.1574874201312968}
P21926,660,20,corrected,,{'batch__B2': 0.9630303539143878}
P21964,661,20,corrected,,{'batch__B2': 0.8783401138908076}
P21980,662,20,corrected,,{'batch__B2': -0.6590039356111085}
P22059,663,20,corrected,,{'batch__B2': 0.6188142110411884}
P22061,664,20,corrected,,{'batch__B2': 1.0035116296233926}
P22102,665,20,corrected,,{'batch__B2': 0.2918862854509831}
P22105,666,20,corrected,,{'batch__B2': 1.4376161479295788}
P22234,667,20,corrected,,{'batch__B2': 0.9509369318865954}
P22307,668,20,corrected,,{'batch__B2': -0.26678388446864676}
P22314,669,20,corrected,,{'batch__B2': 0.46524615323542984}
P22352,670,20,corrected,,{'batch__B2': -0.14634789391190853}
P22392,671,20,corrected,,{'batch__B2': 0.7402042801389044}
P22626,672,20,corrected,,{'batch__B2': 0.6263466334746666}
P22676,673,20,corrected,,{'batch__B2': 0.24736972731684942}
P22695,674,20,corrected,,{'batch__B2': -0.3350083430456268}
P22792,675,20,corrected,,{'batch__B2': 1.463690168547827}
P22897,676,20,corrected,,{'batch__B2': 0.6016420714709884}
P23083,677,20,corrected,,{'batch__B2': -0.2500615515178142}
P23141,678,20,corrected,,{'batch__B2': -0.04489428734434675}
P23142,679,20,corrected,,{'batch__B2': 1.2800308384555934}
P23193,680,20,corrected,,{'batch__B2': -0.0341097395060054}
P23229,681,20,corrected,,{'batch__B2': -0.48805020274731425}
P23246,682,20,corrected,,{'batch__B2': 0.5701741656222771}
P23284,683,20,corrected,,{'batch__B2': 0.13849175799011895}
P23297,684,20,corrected,,{'batch__B2': -0.5132451397318042}
P23368,685,20,corrected,,{'batch__B2': 0.4673006179983087}
P23381,686,20,corrected,,{'batch__B2': 0.4535022659619563}
P23396,687,20,corrected,,{'batch__B2': 0.0022472778884712334}
P23526,688,20,corrected,,{'batch__B2': 0.5254175173557576}
P23528,689,20,corrected,,{'batch__B2': 0.1723322531090821}
P23588,690,20,corrected,,{'batch__B2': -0.8483672279293906}
P23634,691,20,corrected,,{'batch__B2': -0.21075116399670887}
P23946,692,20,corrected,,{'batch__B2': 0.22717512526182415}
P24158,693,20,corrected,,{'batch__B2': 0.05911695349884347}
P24298,694,20,corrected,,{'batch__B2': -0.9173431103424203}
P24310,695,20,corrected,,{'batch__B2': -0.1776011010115687}
P24534,696,20,corrected,,{'batch__B2': 0.42386416109530217}
P24539,697,20,corrected,,{'batch__B2': 0.7563445802568626}
P24666,698,20,corrected,,{'batch__B2': 0.38213949410276393}
P24752,699,20,corrected,,{'batch__B2': -0.8503374799669718}
P24844,700,20,corrected,,{'batch__B2': -0.8044791674981527}
P25311,701,20,corrected,,{'batch__B2': -0.07269325741241192}
P25325,702,20,corrected,,{'batch__B2': 0.6943420844073336}
P25398,703,20,corrected,,{'batch__B2': 0.10694314060307684}
P25685,704,20,corrected,,{'batch__B2': -0.5753905224854194}
P25786,705,20,corrected,,{'batch__B2': 1.0881317477746897}
P25787,706,20,corrected,,{'batch__B2': 0.7899633320362455}
P25788,707,20,corrected,,{'batch__B2': 0.005540221195182473}
P25789,708,20,corrected,,{'batch__B2': 0.09494129297778617}
P26038,709,20,corrected,,{'batch__B2': 0.2570014435462741}
P26196,710,20,corrected,,{'batch__B2': 0.34732572085551694}
P26368,711,20,corrected,,{'batch__B2': -0.16546918276060923}
P26373,712,20,corrected,,{'batch__B2': 0.659959576374995}
P26440,713,20,corrected,,{'batch__B2': 0.2593967088937701}
P26447,714,20,corrected,,{'batch__B2': 0.17677513952116294}
P26583,715,20,corrected,,{'batch__B2': 2.468913501490989}
P26599,716,20,corrected,,{'batch__B2': 0.8932033593510149}
P26639,717,20,corrected,,{'batch__B2': -1.485401665815441}
P26640,718,20,corrected,,{'batch__B2': 1.0207770095695778}
P26641,719,20,corrected,,{'batch__B2': 0.4246385519719375}
P26885,720,20,corrected,,{'batch__B2': 0.41924204848792423}
P27105,721,20,corrected,,{'batch__B2': 0.7216639396245504}
P27144,722,20,corrected,,{'batch__B2': -1.2372711440681177}
P27169,723,20,corrected,,{'batch__B2': 0.9000439250236777}
P27338,724,20,corrected,,{'batch__B2': -0.06613611350281241}
P27348,725,20,corrected,,{'batch__B2': 0.3811026972092311}
P27361,726,20,corrected,,{'batch__B2': 0.579334185837503}
P27487,727,20,corrected,,{'batch__B2': 0.41135400035832165}
P27695,728,20,corrected,,{'batch__B2': 0.43658124491819617}
P27797,729,20,corrected,,{'batch__B2': 0.24980292619542876}
P27816,730,20,corrected,,{'batch__B2': -0.04299113890445457}
P27824,731,20,corrected,,{'batch__B2': 0.028955512598130888}
P28065,732,20,corrected,,{'batch__B2': 0.3971815073329484}
P28066,733,20,corrected,,{'batch__B2': 0.14463765467787332}
P28070,734,20,corrected,,{'batch__B2': 0.4725442512993323}
P28072,735,20,corrected,,{'batch__B2': 0.4305556022435623}
P28074,736,20,corrected,,{'batch__B2': 0.6958140228585027}
P28161,737,20,corrected,,{'batch__B2': 0.4893927619429522}
P28289,738,20,corrected,,{'batch__B2': -0.315478754283139}
P28331,739,20,corrected,,{'batch__B2': 0.22285948542346976}
P28482,740,20,corrected,,{'batch__B2': 0.9815726399142483}
P28799,741,20,corrected,,{'batch__B2': -0.4595215060087581}
P28838,742,20,corrected,,{'batch__B2': 0.16189541345507033}
P28906,743,20,corrected,,{'batch__B2': 1.1080161652366003}
P29218,744,20,corrected,,{'batch__B2': -0.021969260322322923}
P29401,745,20,corrected,,{'batch__B2': -0.020233922175859436}
P29466,746,20,corrected,,{'batch__B2': 0.038350678559460075}
P29536,747,20,corrected,,{'batch__B2': 0.5047623565100312}
P29590,748,20,corrected,,{'batch__B2': 1.1376203160898886}
P29622,749,20,corrected,,{'batch__B2': -0.007771204711528762}
P29692,750,20,corrected,,{'batch__B2': 0.6535005836953702}
P29966,751,20,corrected,,{'batch__B2': 0.3080030154809274}
P29972,752,20,corrected,,{'batch__B2': -0.6119209086916871}
P29992,753,20,corrected,,{'batch__B2': 0.43997506024169664}
P30038,754,20,corrected,,{'batch__B2': -0.28868457584790125}
P30040,755,20,corrected,,{'batch__B2': -0.2841412169297736}
P30041,756,20,corrected,,{'batch__B2': 0.17284698571335955}
P30042,757,20,corrected,,{'batch__B2': -0.12339401329463218}
P30043,758,20,corrected,,{'batch__B2': 0.09009553421272488}
P30044,759,20,corrected,,{'batch__B2': 0.22184429974880004}
P30046,760,20,corrected,,{'batch__B2': -0.14793000543918672}
P30047,761,20,corrected,,{'batch__B2': 0.04851335621701519}
P30048,762,20,corrected,,{'batch__B2': 0.16651179598621754}
P30049,763,20,corrected,,{'batch__B2': 0.30371585263395695}
P30050,764,20,corrected,,{'batch__B2': 0.40579639469083695}
P30085,765,20,corrected,,{'batch__B2': 0.8178318196877448}
P30086,766,20,corrected,,{'batch__B2': 0.15623144807415676}
P30101,767,20,corrected,,{'batch__B2': 0.3721762349907195}
P30153,768,20,corrected,,{'batch__B2': 0.7318247347573466}
P30480,769,20,corrected,,{'batch__B2': -0.16526265437259752}
P30566,770,20,corrected,,{'batch__B2': 1.709912173423323}
P30613,771,20,corrected,,{'batch__B2': -0.002683131076108153}
P30626,772,20,corrected,,{'batch__B2': -0.490812308826689}
P30711,773,20,corrected,,{'batch__B2': 1.4111545017671605}
P30740,774,20,corrected,,{'batch__B2': -0.46032854388562355}
P30837,775,20,corrected,,{'batch__B2': 0.2247715648554829}
P31146,776,20,corrected,,{'batch__B2': 0.031478108321939376}
P31150,777,20,corrected,,{'batch__B2': 0.16527255432495255}
P31153,778,20,corrected,,{'batch__B2': 0.6810838917218961}
P31323,779,20,corrected,,{'batch__B2': -0.15035887757606206}
P31689,780,20,corrected,,{'batch__B2': 1.0937633934558686}
P31930,781,20,corrected,,{'batch__B2': -0.6735605065187739}
P31937,782,20,corrected,,{'batch__B2': 0.1994353200584709}
P31939,783,20,corrected,,{'batch__B2': 0.027886992692437506}
P31942,784,20,corrected,,{'batch__B2': 0.38550249776515033}
P31943,785,20,corrected,,{'batch__B2': 0.39553015282604403}
P31946,786,20,corrected,,{'batch__B2': 0.2862384213333431}
P31948,787,20,corrected,,{'batch__B2': 0.25759970771160423}
P31949,788,20,corrected,,{'batch__B2': 0.007033642016375757}
P32119,789,20,corrected,,{'batch__B2': 0.3597992548818734}
P32455,790,20,corrected,,{'batch__B2': -1.3742994238439767}
P32456,791,20,corrected,,{'batch__B2': 1.3144423355878685}
P32969,792,20,corrected,,{'batch__B2': 0.20435864880847185}
P33121,793,20,corrected,,{'batch__B2': 0.2704427226594146}
P33176,794,20,corrected,,{'batch__B2': 0.763202084434945}
P33241,795,20,corrected,,{'batch__B2': 0.016406734522281457}
P33316,796,20,corrected,,{'batch__B2': 0.5457737871916408}
P34810,797,20,corrected,,{'batch__B2': 0.8695189962012332}
P34913,798,20,corrected,,{'batch__B2': 0.4771923085255009}
P34932,799,20,corrected,,{'batch__B2': 0.4267726506451241}
P34949,800,20,corrected,,{'batch__B2': 0.18566591945227157}
P35080,801,20,corrected,,{'batch__B2': -0.3507937032356011}
P35221,802,20,corrected,,{'batch__B2': 2.0154854005558}
P35222,803,20,corrected,,{'batch__B2': 0.3881127771850831}
P35232,804,20,corrected,,{'batch__B2': 0.4574949973846582}
P35237,805,20,corrected,,{'batch__B2': 0.14233127538323972}
P35241,806,20,corrected,,{'batch__B2': -0.02320968580538361}
P35268,807,20,corrected,,{'batch__B2': -0.021048951426894804}
P35270,808,20,corrected,,{'batch__B2': 1.0791452235755408}
P35542,809,20,corrected,,{'batch__B2': 0.06974223367581381}
P35555,810,20,corrected,,{'batch__B2': -1.1388628664579223}
P35573,811,20,corrected,,{'batch__B2': -0.13003165165528072}
P35579,812,20,corrected,,{'batch__B2': -0.22597570750129167}
P35580,813,20,corrected,,{'batch__B2': 0.7343926751817567}
P35606,814,20,corrected,,{'batch__B2': -0.3076152658751325}
P35611,815,20,corrected,,{'batch__B2': 0.3114202838884873}
P35613,816,20,corrected,,{'batch__B2': -0.4979296837755376}
P35637,817,20,corrected,,{'batch__B2': -0.1899494404752639}
P35659,818,20,corrected,,{'batch__B2': 0.29226476188495}
P35749,819,20,corrected,,{'batch__B2': -0.8079704050313952}
P35754,820,20,corrected,,{'batch__B2': -0.08222012596206087}
P35813,821,20,corrected,,{'batch__B2': 0.905198172730939}
P35858,822,20,corrected,,{'batch__B2': -0.6403016161450562}
P35998,823,20,corrected,,{'batch__B2': 0.8492373124216326}
P36269,824,20,corrected,,{'batch__B2': -0.07713674262874612}
P36405,825,20,corrected,,{'batch__B2': 1.1051718558641734}
P36507,826,20,corrected,,{'batch__B2': 0.5460131918579957}
P36543,827,20,corrected,,{'batch__B2': 0.5128765150513362}
P36578,828,20,corrected,,{'batch__B2': 0.25645078966131574}
P36776,829,20,corrected,,{'batch__B2': 1.5620805162903253}
P36871,830,20,corrected,,{'batch__B2': 0.14242397545691732}
P36955,831,20,corrected,,{'batch__B2': 1.8815331001996793}
P36957,832,20,corrected,,{'batch__B2': 0.8129475103299206}
P36969,833,20,corrected,,{'batch__B2': -0.15514451076434743}
P36980,834,20,corrected,,{'batch__B2': -0.07409833252265219}
P37108,835,20,corrected,,{'batch__B2': 0.41669228792037294}
P37198,836,20,corrected,,{'batch__B2': 0.38968915365419143}
P37802,837,20,corrected,,{'batch__B2': 0.5042271089261436}
P37837,838,20,corrected,,{'batch__B2': -0.052282617367123675}
P37840,839,20,corrected,,{'batch__B2': 0.7500179318204883}
P38117,840,20,corrected,,{'batch__B2': -0.4607084294847798}
P38159,841,20,corrected,,{'batch__B2': 0.15364112067514382}
P38606,842,20,corrected,,{'batch__B2': 0.6812925909157985}
P38646,843,20,corrected,,{'batch__B2': 0.5467047905116055}
P39019,844,20,corrected,,{'batch__B2': 0.7459646990014385}
P39023,845,20,corrected,,{'batch__B2': 0.2868700061733968}
P39059,846,20,corrected,,{'batch__B2': -0.6576817987695198}
P39060,847,20,corrected,,{'batch__B2': 0.5690920268971444}
P39656,848,20,corrected,,{'batch__B2': 0.15177529789661556}
P39687,849,20,corrected,,{'batch__B2': 0.15297931041966578}
P40121,850,20,corrected,,{'batch__B2': -0.06605375809377259}
P40123,851,20,corrected,,{'batch__B2': 1.723912343927912}
P40227,852,20,corrected,,{'batch__B2': -0.18437498215823053}
P40261,853,20,corrected,,{'batch__B2': 1.406634912908399}
P40306,854,20,corrected,,{'batch__B2': -0.26785681684341595}
P40616,855,20,corrected,,{'batch__B2': -0.17778167612007237}
P40763,856,20,corrected,,{'batch__B2': 0.6548106930955497}
P40855,857,20,corrected,,{'batch__B2': 0.35597087165505903}
P40925,858,20,corrected,,{'batch__B2': -0.17537114449877986}
P40926,859,20,corrected,,{'batch__B2': 0.6897786580704466}
P40939,860,20,corrected,,{'batch__B2': -0.12317137895964826}
P41091,861,20,corrected,,{'batch__B2': -0.1457837160411225}
P41208,862,20,corrected,,{'batch__B2': -0.6681494774586939}
P41222,863,20,corrected,,{'batch__B2': -0.1957452077403211}
P41226,864,20,corrected,,{'batch__B2': 0.40257289559488785}
P41250,865,20,corrected,,{'batch__B2': 1.022982068496439}
P41252,866,20,corrected,,{'batch__B2': 0.6131749576759389}
P42025,867,20,corrected,,{'batch__B2': 0.21936865074200826}
P42126,868,20,corrected,,{'batch__B2': 0.1751868665215007}
P42167,869,20,corrected,,{'batch__B2': 1.143475350598725}
P42224,870,20,corrected,,{'batch__B2': 1.1172380882985236}
P42330,871,20,corrected,,{'batch__B2': -0.08337685443630105}
P42566,872,20,corrected,,{'batch__B2': 0.8986157031937979}
P42677,873,20,corrected,,{'batch__B2': -0.0022471850348850598}
P42704,874,20,corrected,,{'batch__B2': 0.15743060200711556}
P42765,875,20,corrected,,{'batch__B2': 0.09396848663587552}
P43034,876,20,corrected,,{'batch__B2': 0.11166345123518798}
P43121,877,20,corrected,,{'batch__B2': -0.7394792684679895}
P43243,878,20,corrected,,{'batch__B2': 1.25709599241606}
P43251,879,20,corrected,,{'batch__B2': 0.172356129520702}
P43307,880,20,corrected,,{'batch__B2': 0.007055604056452524}
P43487,881,20,corrected,,{'batch__B2': 0.3316812596101492}
P43490,882,20,corrected,,{'batch__B2': 0.851138601558089}
P43652,883,20,corrected,,{'batch__B2': 0.5452320134697107}
P43686,884,20,corrected,,{'batch__B2': 1.761744556402313}
P45381,885,20,corrected,,{'batch__B2': 1.448303237302233}
P45880,886,20,corrected,,{'batch__B2': 0.11089944758780229}
P45954,887,20,corrected,,{'batch__B2': 0.21816707441569158}
P45974,888,20,corrected,,{'batch__B2': 0.733452740959876}
P46108,889,20,corrected,,{'batch__B2': 0.4095052400059218}
P46109,890,20,corrected,,{'batch__B2': 0.4609235354813379}
P46439,891,20,corrected,,{'batch__B2': -0.017138096439972748}
P46459,892,20,corrected,,{'batch__B2': -0.09291561486781531}
P46776,893,20,corrected,,{'batch__B2': 0.1794773646969886}
P46777,894,20,corrected,,{'batch__B2': 0.848899021731652}
P46781,895,20,corrected,,{'batch__B2': 0.08351342274798348}
P46782,896,20,corrected,,{'batch__B2': -0.4484321246058933}
P46783,897,20,corrected,,{'batch__B2': 0.5454690973918356}
P46821,898,20,corrected,,{'batch__B2': 0.7026666824087562}
P46926,899,20,corrected,,{'batch__B2': -0.08577122778457295}
P46937,900,20,corrected,,{'batch__B2': -1.0283479927328605}
P46939,901,20,corrected,,{'batch__B2': 1.615500885779584}
P46940,902,20,corrected,,{'batch__B2': 0.624724739245643}
P46952,903,20,corrected,,{'batch__B2': 0.3134028322052198}
P46976,904,20,corrected,,{'batch__B2': 1.3421488211930708}
P47755,905,20,corrected,,{'batch__B2': 0.6563311051968751}
P47756,906,20,corrected,,{'batch__B2': 0.6416450709513927}
P47895,907,20,corrected,,{'batch__B2': 0.5902633761504734}
P47897,908,20,corrected,,{'batch__B2': 0.7043077079843251}
P47914,909,20,corrected,,{'batch__B2': -0.4640977460247122}
P47985,910,20,corrected,,{'batch__B2': -0.2848736952905168}
P48047,911,20,corrected,,{'batch__B2': 0.059833995673000955}
P48059,912,20,corrected,,{'batch__B2': 0.15054991996000386}
P48147,913,20,corrected,,{'batch__B2': 0.5706589430785828}
P48163,914,20,corrected,,{'batch__B2': -0.11191962486167475}
P48444,915,20,corrected,,{'batch__B2': 0.49833268453772916}
P48506,916,20,corrected,,{'batch__B2': -0.6136319434934923}
P48507,917,20,corrected,,{'batch__B2': 0.8512066818385425}
P48556,918,20,corrected,,{'batch__B2': 0.223639726157246}
P48637,919,20,corrected,,{'batch__B2': 1.5192448679871824}
P48643,920,20,corrected,,{'batch__B2': 0.13362433552293448}
P48681,921,20,corrected,,{'batch__B2': 0.5879880349990244}
P48735,922,20,corrected,,{'batch__B2': 0.9751992274835903}
P48739,923,20,corrected,,{'batch__B2': 0.7578935841043255}
P49006,924,20,corrected,,{'batch__B2': 0.1554719106771947}
P49023,925,20,corrected,,{'batch__B2': 1.465802964706086}
P49189,926,20,corrected,,{'batch__B2': -0.2110101681582608}
P49257,927,20,corrected,,{'batch__B2': 0.8007642220225041}
P49354,928,20,corrected,,{'batch__B2': 0.553639531468395}
P49368,929,20,corrected,,{'batch__B2': 0.1821324330862124}
P49407,930,20,corrected,,{'batch__B2': 0.14135340016044481}
P49411,931,20,corrected,,{'batch__B2': 0.3900064134512986}
P49419,932,20,corrected,,{'batch__B2': 0.41333036781377624}
P49588,933,20,corrected,,{'batch__B2': 0.32746511617278823}
P49589,934,20,corrected,,{'batch__B2': 0.33910751248494264}
P49591,935,20,corrected,,{'batch__B2': -0.044186372053721445}
P49593,936,20,corrected,,{'batch__B2': 0.8355207549339811}
P49711,937,20,corrected,,{'batch__B2': 0.33944870154308476}
P49720,938,20,corrected,,{'batch__B2': -0.8544556422257336}
P49721,939,20,corrected,,{'batch__B2': 0.5767556511998715}
P49748,940,20,corrected,,{'batch__B2': -0.1907214373360227}
P49755,941,20,corrected,,{'batch__B2': -0.5715380283027638}
P49773,942,20,corrected,,{'batch__B2': -0.27223920986591515}
P49792,943,20,corrected,,{'batch__B2': -0.28541964537420816}
P49821,944,20,corrected,,{'batch__B2': -0.19923643905195895}
P49903,945,20,corrected,,{'batch__B2': 0.1786813401514621}
P49908,946,20,corrected,,{'batch__B2': -0.5804546081618548}
P49915,947,20,corrected,,{'batch__B2': 0.4414643975865421}
P50135,948,20,corrected,,{'batch__B2': 0.9445605583492425}
P50148,949,20,corrected,,{'batch__B2': 0.3603348637242532}
P50213,950,20,corrected,,{'batch__B2': -0.02194013521474585}
P50225,951,20,corrected,,{'batch__B2': -0.04195265988343862}
P50238,952,20,corrected,,{'batch__B2': -0.5371646007301901}
P50395,953,20,corrected,,{'batch__B2': 0.5279673805716164}
P50402,954,20,corrected,,{'batch__B2': 0.0734383769036401}
P50453,955,20,corrected,,{'batch__B2': 1.0495043387697587}
P50454,956,20,corrected,,{'batch__B2': 0.1717285989005462}
P50502,957,20,corrected,,{'batch__B2': 0.06641815938749107}
P50552,958,20,corrected,,{'batch__B2': 0.2500072794273771}
P50570,959,20,corrected,,{'batch__B2': 1.5401217490878498}
P50895,960,20,corrected,,{'batch__B2': 0.6812263089391201}
P50897,961,20,corrected,,{'batch__B2': 1.2144496328047423}
P50990,962,20,corrected,,{'batch__B2': 0.1231970511566361}
P50991,963,20,corrected,,{'batch__B2': -0.04722643266146876}
P50995,964,20,corrected,,{'batch__B2': 0.41003987572354117}
P51148,965,20,corrected,,{'batch__B2': -0.06502696657736899}
P51149,966,20,corrected,,{'batch__B2': -0.0848818963552205}
P51178,967,20,corrected,,{'batch__B2': 0.789276114896357}
P51452,968,20,corrected,,{'batch__B2': -0.33476719033141006}
P51553,969,20,corrected,,{'batch__B2': 0.465164499940367}
P51570,970,20,corrected,,{'batch__B2': 1.913339841760678}
P51572,971,20,corrected,,{'batch__B2': -0.4622319188265816}
P51608,972,20,corrected,,{'batch__B2': 1.482136680192612}
P51636,973,20,corrected,,{'batch__B2': 0.39255479904306173}
P51648,974,20,corrected,,{'batch__B2': -0.3377625771174346}
P51649,975,20,corrected,,{'batch__B2': -0.05985882790088391}
P51659,976,20,corrected,,{'batch__B2': 0.36511864646103204}
P51665,977,20,corrected,,{'batch__B2': 1.3907377159120742}
P51687,978,20,corrected,,{'batch__B2': 0.35199475717077855}
P51858,979,20,corrected,,{'batch__B2': 0.4656418246113075}
P51884,980,20,corrected,,{'batch__B2': -0.14921852684284695}
P51888,981,20,corrected,,{'batch__B2': 0.1810747112473576}
P51911,982,20,corrected,,{'batch__B2': 1.6633848457772928}
P51991,983,20,corrected,,{'batch__B2': 1.4544263338097034}
P52209,984,20,corrected,,{'batch__B2': 0.029640678930364407}
P52272,985,20,corrected,,{'batch__B2': 1.7994597674099182}
P52306,986,20,corrected,,{'batch__B2': 0.7670649123921391}
P52565,987,20,corrected,,{'batch__B2': 0.7654289000592771}
P52566,988,20,corrected,,{'batch__B2': 0.1090316625534855}
P52594,989,20,corrected,,{'batch__B2': 0.07735391256024213}
P52597,990,20,corrected,,{'batch__B2': -0.562093813154995}
P52758,991,20,corrected,,{'batch__B2': -0.28713777918664485}
P52788,992,20,corrected,,{'batch__B2': 0.47246928430534857}
P52895,993,20,corrected,,{'batch__B2': 0.9272406016421555}
P52907,994,20,corrected,,{'batch__B2': 0.24836613287087173}
P52943,995,20,corrected,,{'batch__B2': 1.0059080978056916}
P53004,996,20,corrected,,{'batch__B2': 1.715657842184851}
P53007,997,20,corrected,,{'batch__B2': -0.24758932743193376}
P53396,998,20,corrected,,{'batch__B2': 0.7763571728931948}
P53597,999,20,corrected,,{'batch__B2': 0.026853256201567588}
P53618,1000,20,corrected,,{'batch__B2': 1.457562815880105}
P53621,1001,20,corrected,,{'batch__B2': 0.8524071062244987}
P53634,1002,20,corrected,,{'batch__B2': -0.7591647334615371}
P53985,1003,20,corrected,,{'batch__B2': -0.1707108299682044}
P53999,1004,20,corrected,,{'batch__B2': -0.2160699241720366}
P54136,1005,20,corrected,,{'batch__B2': 1.3169946889576785}
P54289,1006,20,corrected,,{'batch__B2': 0.5702442941247255}
P54577,1007,20,corrected,,{'batch__B2': 0.12247776751839347}
P54578,1008,20,corrected,,{'batch__B2': 0.8604499095045507}
P54652,1009,20,corrected,,{'batch__B2': 0.7730919527624147}
P54709,1010,20,corrected,,{'batch__B2': 0.6060972292700764}
P54725,1011,20,corrected,,{'batch__B2': 0.12548467722366702}
P54727,1012,20,corrected,,{'batch__B2': -0.008204418883797386}
P54819,1013,20,corrected,,{'batch__B2': 0.6830830208436475}
P54920,1014,20,corrected,,{'batch__B2': -0.20963026306371307}
P55010,1015,20,corrected,,{'batch__B2': 0.46818360004603327}
P55036,1016,20,corrected,,{'batch__B2': 0.7830774790600286}
P55058,1017,20,corrected,,{'batch__B2': -0.27205955488641775}
P55060,1018,20,corrected,,{'batch__B2': 0.532650258178959}
P55072,1019,20,corrected,,{'batch__B2': 0.4661503916391414}
P55083,1020,20,corrected,,{'batch__B2': 0.5913968110309601}
P55084,1021,20,corrected,,{'batch__B2': 0.3123322090193882}
P55196,1022,20,corrected,,{'batch__B2': 0.05046069611237341}
P55209,1023,20,corrected,,{'batch__B2': 0.17478030895897767}
P55263,1024,20,corrected,,{'batch__B2': 1.313890763377117}
P55268,1025,20,corrected,,{'batch__B2': -0.8346516420757242}
P55290,1026,20,corrected,,{'batch__B2': 0.9671049172853834}
P55735,1027,20,corrected,,{'batch__B2': -0.21589044906161373}
P55769,1028,20,corrected,,{'batch__B2': 0.13274129838493157}
P55786,1029,20,corrected,,{'batch__B2': 0.500162210670278}
P55795,1030,20,corrected,,{'batch__B2': 0.7563413379829436}
P55809,1031,20,corrected,,{'batch__B2': -0.04936880650215243}
P55884,1032,20,corrected,,{'batch__B2': 1.0890970053435565}
P55899,1033,20,corrected,,{'batch__B2': -0.4550203978930956}
P55957,1034,20,corrected,,{'batch__B2': 0.08712187476822325}
P56134,1035,20,corrected,,{'batch__B2': 0.059234123207899524}
P56192,1036,20,corrected,,{'batch__B2': 0.7149431512907877}
P56199,1037,20,corrected,,{'batch__B2': -1.325508707830126}
P56385,1038,20,corrected,,{'batch__B2': 0.03214481153560139}
P56537,1039,20,corrected,,{'batch__B2': -0.1475947763035026}
P57737,1040,20,corrected,,{'batch__B2': -0.10062306431418742}
P58546,1041,20,corrected,,{'batch__B2': 0.0733309985702477}
P59666,1042,20,corrected,,{'batch__B2': -0.2657343348708496}
P59768,1043,20,corrected,,{'batch__B2': 0.04620304976704835}
P59998,1044,20,corrected,,{'batch__B2': -0.0380133658880485}
P60033,1045,20,corrected,,{'batch__B2': 0.3961671565710546}
P60174,1046,20,corrected,,{'batch__B2': 0.33367390921604356}
P60468,1047,20,corrected,,{'batch__B2': -0.9642546631636061}
P60660,1048,20,corrected,,{'batch__B2': -0.42393356851461805}
P60709,1049,20,corrected,,{'batch__B2': -0.14050351916287956}
P60842,1050,20,corrected,,{'batch__B2': 1.2408481579975117}
P60866,1051,20,corrected,,{'batch__B2': -0.20444300954698394}
P60891,1052,20,corrected,,{'batch__B2': 0.4664523823391782}
P60900,1053,20,corrected,,{'batch__B2': 0.06733127804096688}
P60903,1054,20,corrected,,{'batch__B2': 0.5697185814985105}
P60953,1055,20,corrected,,{'batch__B2': -0.021256324963205286}
P60981,1056,20,corrected,,{'batch__B2': 0.24019926440313266}
P60983,1057,20,corrected,,{'batch__B2': 0.61434537840918}
P61019,1058,20,corrected,,{'batch__B2': 0.014432342780591181}
P61020,1059,20,corrected,,{'batch__B2': -0.08973851593055487}
P61026,1060,20,corrected,,{'batch__B2': -0.5892734198003196}
P62837,1061,20,corrected,,{'batch__B2': 0.5717362580718375}
P61081,1062,20,corrected,,{'batch__B2': 0.5343846478540106}
P61086,1063,20,corrected,,{'batch__B2': 1.0965826236116063}
P61088,1064,20,corrected,,{'batch__B2': 0.701534292491262}
P61106,1065,20,corrected,,{'batch__B2': 0.32857111130666367}
P61158,1066,20,corrected,,{'batch__B2': 0.1625983406402642}
P61160,1067,20,corrected,,{'batch__B2': 0.37100899903296447}
P61163,1068,20,corrected,,{'batch__B2': 0.5093048854531247}
P61201,1069,20,corrected,,{'batch__B2': 0.9950222926053721}
P84077,1070,20,corrected,,{'batch__B2': 0.13743954903691497}
P61224,1071,20,corrected,,{'batch__B2': 0.3058716921935537}
P61225,1072,20,corrected,,{'batch__B2': 0.8879841289149819}
P61247,1073,20,corrected,,{'batch__B2': 1.2325711817334883}
P61254,1074,20,corrected,,{'batch__B2': 0.0997768107350296}
P61313,1075,20,corrected,,{'batch__B2': -0.17705203574538478}
P61353,1076,20,corrected,,{'batch__B2': -0.18358145706290543}
P61457,1077,20,corrected,,{'batch__B2': 0.55713943312786}
P61586,1078,20,corrected,,{'batch__B2': 0.3393280211987788}
P61604,1079,20,corrected,,{'batch__B2': -0.334956762866458}
P61626,1080,20,corrected,,{'batch__B2': -1.1664338708923556}
P61758,1081,20,corrected,,{'batch__B2': 0.20694843132161703}
P61764,1082,20,corrected,,{'batch__B2': 0.4141400951151227}
P61769,1083,20,corrected,,{'batch__B2': 0.13942507551167344}
P61803,1084,20,corrected,,{'batch__B2': -0.15723399210418165}
P61916,1085,20,corrected,,{'batch__B2': 0.6588088279903219}
P61923,1086,20,corrected,,{'batch__B2': 0.5166280078184752}
P61956,1087,20,corrected,,{'batch__B2': -0.2837356751781295}
P61960,1088,20,corrected,,{'batch__B2': 0.7288102770739131}
P61970,1089,20,corrected,,{'batch__B2': 0.241417368313695}
P61978,1090,20,corrected,,{'batch__B2': 0.4633152217467989}
P61981,1091,20,corrected,,{'batch__B2': -0.14384939851751855}
P62070,1092,20,corrected,,{'batch__B2': -1.066459635515543}
P62081,1093,20,corrected,,{'batch__B2': 0.19210374690239218}
P62136,1094,20,corrected,,{'batch__B2': 0.8170741781590021}
P62140,1095,20,corrected,,{'batch__B2': 0.6958550274613826}
P62191,1096,20,corrected,,{'batch__B2': 0.7154162899355861}
P62195,1097,20,corrected,,{'batch__B2': 0.6639821099036084}
P62241,1098,20,corrected,,{'batch__B2': 0.7861571661730308}
P62244,1099,20,corrected,,{'batch__B2': -0.47831869499097346}
P62249,1100,20,corrected,,{'batch__B2': 0.30592085875526664}
P62258,1101,20,corrected,,{'batch__B2': -0.026691890407819694}
P62263,1102,20,corrected,,{'batch__B2': -0.07895927216811255}
P62269,1103,20,corrected,,{'batch__B2': 0.6260621981174599}
P62273,1104,20,corrected,,{'batch__B2': -0.45783763746849704}
P62277,1105,20,corrected,,{'batch__B2': -0.041577709129192425}
P62280,1106,20,corrected,,{'batch__B2': 0.23734353493313698}
P62306,1107,20,corrected,,{'batch__B2': 0.23869793071515188}
P62310,1108,20,corrected,,{'batch__B2': 0.08507591163783348}
P62314,1109,20,corrected,,{'batch__B2': 0.8837771364430598}
P62316,1110,20,corrected,,{'batch__B2': 0.07313820659340625}
P62318,1111,20,corrected,,{'batch__B2': 0.19046826613535403}
P62328,1112,20,corrected,,{'batch__B2': 0.23947877236400023}
P62333,1113,20,corrected,,{'batch__B2': 0.8295926211437756}
P62495,1114,20,corrected,,{'batch__B2': 0.3040727138119173}
P62701,1115,20,corrected,,{'batch__B2': 0.8609315354999069}
P62736,1116,20,corrected,,{'batch__B2': 1.2243830235999424}
P62750,1117,20,corrected,,{'batch__B2': 0.8682327318304948}
P62753,1118,20,corrected,,{'batch__B2': 0.25016404686947297}
P62805,1119,20,corrected,,{'batch__B2': -0.30896955216401806}
P62820,1120,20,corrected,,{'batch__B2': 0.12651035487075016}
P62826,1121,20,corrected,,{'batch__B2': 0.004635677525114331}
P62829,1122,20,corrected,,{'batch__B2': -0.07822837682331979}
P62834,1123,20,corrected,,{'batch__B2': 0.4457247470869248}
P62841,1124,20,corrected,,{'batch__B2': 0.7654101557210136}
P62851,1125,20,corrected,,{'batch__B2': 0.19764074639495333}
P62854,1126,20,corrected,,{'batch__B2': -0.754384738189099}
P62857,1127,20,corrected,,{'batch__B2': 1.148063588675809}
P62861,1128,20,corrected,,{'batch__B2': -0.08159883041633369}
P62873,1129,20,corrected,,{'batch__B2': -0.3531111222764437}
P62877,1130,20,corrected,,{'batch__B2': 0.3906022791497312}
P62879,1131,20,corrected,,{'batch__B2': -0.5051816501683192}
P62906,1132,20,corrected,,{'batch__B2': -0.020087435077168782}
P62910,1133,20,corrected,,{'batch__B2': 0.47226170724513133}
P62913,1134,20,corrected,,{'batch__B2': 0.9293767414852954}
P62917,1135,20,corrected,,{'batch__B2': 1.1425723480308319}
P62937,1136,20,corrected,,{'batch__B2': 0.15589756176177785}
P62942,1137,20,corrected,,{'batch__B2': 0.45054036827296895}
P62993,1138,20,corrected,,{'batch__B2': 0.4874143104671768}
P63000,1139,20,corrected,,{'batch__B2': 0.3830201770042693}
P63010,1140,20,corrected,,{'batch__B2': 1.7150720719962285}
P63027,1141,20,corrected,,{'batch__B2': 0.1047280976526332}
P63092,1142,20,corrected,,{'batch__B2': 0.03715193058214194}
P63096,1143,20,corrected,,{'batch__B2': -0.033023816133447084}
P63104,1144,20,corrected,,{'batch__B2': 0.20771926353131448}
P63151,1145,20,corrected,,{'batch__B2': 1.0749419839315228}
P63165,1146,20,corrected,,{'batch__B2': -0.15474767208562493}
P63167,1147,20,corrected,,{'batch__B2': 0.5563813522527485}
P63172,1148,20,corrected,,{'batch__B2': 0.7438227911498511}
P63173,1149,20,corrected,,{'batch__B2': -0.41693394876469503}
P63208,1150,20,corrected,,{'batch__B2': 0.12609261398578675}
P63220,1151,20,corrected,,{'batch__B2': -0.47482849578894987}
P63241,1152,20,corrected,,{'batch__B2': 0.13437900295156124}
P63244,1153,20,corrected,,{'batch__B2': -1.2805621152931448}
P63261,1154,20,corrected,,{'batch__B2': 0.08831516599009892}
P63279,1155,20,corrected,,{'batch__B2': -0.11780638424733257}
P63313,1156,20,corrected,,{'batch__B2': 0.4000919047942324}
P67775,1157,20,corrected,,{'batch__B2': -0.29430520160340623}
P67809,1158,20,corrected,,{'batch__B2': 1.1157571945788651}
P67936,1159,20,corrected,,{'batch__B2': 0.42847404634238967}
P68036,1160,20,corrected,,{'batch__B2': 0.6423669171880326}
P68104,1161,20,corrected,,{'batch__B2': 0.7497832129986544}
P68363,1162,20,corrected,,{'batch__B2': 0.40619595782087464}
P68366,1163,20,corrected,,{'batch__B2': 0.25743509305914564}
P68371,1164,20,corrected,,{'batch__B2': 0.4767301025641327}
P68402,1165,20,corrected,,{'batch__B2': 0.2766237368571913}
P68871,1166,20,corrected,,{'batch__B2': 0.4387966358765848}
P69891,1167,20,corrected,,{'batch__B2': 0.5657651712408057}
P69892,1168,20,corrected,,{'batch__B2': -0.9855126213992006}
P69905,1169,20,corrected,,{'batch__B2': 0.8908220920861389}
Q5TFQ8,1170,20,corrected,,{'batch__B2': 0.42020562432371716}
P78363,1171,20,corrected,,{'batch__B2': 0.6372693724012125}
P78371,1172,20,corrected,,{'batch__B2': 0.2626546788985928}
P78417,1173,20,corrected,,{'batch__B2': 0.6976123689547916}
P80188,1174,20,corrected,,{'batch__B2': -0.0712925041335344}
P80723,1175,20,corrected,,{'batch__B2': -0.03902633860141591}
P80748,1176,20,corrected,,{'batch__B2': -0.4179005727564891}
P82909,1177,20,corrected,,{'batch__B2': -0.31538104688908747}
P83731,1178,20,corrected,,{'batch__B2': 0.3573756146636268}
P83916,1179,20,corrected,,{'batch__B2': 0.3077722905880865}
P84085,1180,20,corrected,,{'batch__B2': 1.1052693793048702}
P84090,1181,20,corrected,,{'batch__B2': 0.5281999802724133}
P84095,1182,20,corrected,,{'batch__B2': 0.2386030041726799}
P84098,1183,20,corrected,,{'batch__B2': 0.0824807899969633}
P84103,1184,20,corrected,,{'batch__B2': 0.5071269963681674}
P84157,1185,20,corrected,,{'batch__B2': -0.2998138543813894}
P84243,1186,20,corrected,,{'batch__B2': -0.3138305140765532}
P86791,1187,20,corrected,,{'batch__B2': 0.36124499624759904}
P98082,1188,20,corrected,,{'batch__B2': -0.2358875026967697}
P98095,1189,20,corrected,,{'batch__B2': 1.1723237581056885}
P98160,1190,20,corrected,,{'batch__B2': -0.05175854628578324}
P98172,1191,20,corrected,,{'batch__B2': -0.02959211731779173}
P99999,1192,20,corrected,,{'batch__B2': 0.6281460329590548}
Q00013,1193,20,corrected,,{'batch__B2': 1.3502114544611319}
Q00169,1194,20,corrected,,{'batch__B2': 0.2057029697588788}
Q00325,1195,20,corrected,,{'batch__B2': -0.14489092332691544}
Q00341,1196,20,corrected,,{'batch__B2': -0.34247660102104843}
Q00577,1197,20,corrected,,{'batch__B2': 0.17697790047459566}
Q00587,1198,20,corrected,,{'batch__B2': 0.15111772911154195}
Q00610,1199,20,corrected,,{'batch__B2': 0.7473973079030156}
Q00688,1200,20,corrected,,{'batch__B2': 0.4297299858665807}
Q00765,1201,20,corrected,,{'batch__B2': 0.5392178198144711}
Q00796,1202,20,corrected,,{'batch__B2': -0.05667027966913505}
Q00839,1203,20,corrected,,{'batch__B2': 0.6963441577215983}
Q01082,1204,20,corrected,,{'batch__B2': 0.5216965362348568}
Q01105,1205,20,corrected,,{'batch__B2': 0.8790458139082097}
Q01130,1206,20,corrected,,{'batch__B2': 0.17120832979527426}
Q01469,1207,20,corrected,,{'batch__B2': 0.4154763844498344}
Q01518,1208,20,corrected,,{'batch__B2': 0.6340057836839383}
Q01628,1209,20,corrected,,{'batch__B2': -1.2974442296529942}
Q01813,1210,20,corrected,,{'batch__B2': 0.2467261631418649}
Q01844,1211,20,corrected,,{'batch__B2': 0.04803415884475563}
Q01995,1212,20,corrected,,{'batch__B2': 0.7323805929980347}
Q02218,1213,20,corrected,,{'batch__B2': 0.39586264484010886}
Q02224,1214,20,corrected,,{'batch__B2': -0.7693309341121937}
Q02252,1215,20,corrected,,{'batch__B2': 0.11545040851147276}
Q02790,1216,20,corrected,,{'batch__B2': -0.2360684119186486}
Q02818,1217,20,corrected,,{'batch__B2': 0.4619998467916226}
Q02878,1218,20,corrected,,{'batch__B2': 1.9285290264927955}
Q02952,1219,20,corrected,,{'batch__B2': 0.051498397517238774}
Q03135,1220,20,corrected,,{'batch__B2': -0.3105572000967128}
Q03154,1221,20,corrected,,{'batch__B2': -0.1340931808579379}
Q03164,1222,20,corrected,,{'batch__B2': 0.0008279721017342195}
Q03252,1223,20,corrected,,{'batch__B2': 0.40084198997635734}
Q03591,1224,20,corrected,,{'batch__B2': 0.11923088975984962}
Q04323,1225,20,corrected,,{'batch__B2': 0.5372533921577064}
Q04446,1226,20,corrected,,{'batch__B2': 0.4747816343058731}
Q04637,1227,20,corrected,,{'batch__B2': 0.9094738449241518}
Q04760,1228,20,corrected,,{'batch__B2': 0.17719163976456034}
Q04828,1229,20,corrected,,{'batch__B2': 0.1677042801057435}
Q04917,1230,20,corrected,,{'batch__B2': 0.13767882589332028}
Q04941,1231,20,corrected,,{'batch__B2': -0.8721710690805531}
Q05469,1232,20,corrected,,{'batch__B2': 0.06743599378174439}
Q05682,1233,20,corrected,,{'batch__B2': 0.22395004758072715}
Q05707,1234,20,corrected,,{'batch__B2': 2.1367492193951056}
Q06033,1235,20,corrected,,{'batch__B2': 0.05870188959631815}
Q06124,1236,20,corrected,,{'batch__B2': 1.110805312605514}
Q06210,1237,20,corrected,,{'batch__B2': 0.07743765090909643}
Q06278,1238,20,corrected,,{'batch__B2': 1.1088187310105182}
Q06323,1239,20,corrected,,{'batch__B2': 0.8115648784701882}
Q06830,1240,20,corrected,,{'batch__B2': 0.2868248023153055}
Q07020,1241,20,corrected,,{'batch__B2': -0.04598352618805915}
Q07021,1242,20,corrected,,{'batch__B2': 0.2173232815760452}
Q07065,1243,20,corrected,,{'batch__B2': 1.4472990456086845}
Q07157,1244,20,corrected,,{'batch__B2': 0.36561716603595995}
Q07666,1245,20,corrected,,{'batch__B2': 1.0783578009166777}
Q07820,1246,20,corrected,,{'batch__B2': 0.05588554307536616}
Q07866,1247,20,corrected,,{'batch__B2': -0.8626680535550053}
Q07954,1248,20,corrected,,{'batch__B2': 0.3340796817446361}
Q07955,1249,20,corrected,,{'batch__B2': 0.5576929444833468}
Q07960,1250,20,corrected,,{'batch__B2': 1.4201789500903044}
Q08209,1251,20,corrected,,{'batch__B2': 0.9559644774125206}
Q08211,1252,20,corrected,,{'batch__B2': 0.2761438048085346}
Q08257,1253,20,corrected,,{'batch__B2': -0.5372336275762916}
Q08380,1254,20,corrected,,{'batch__B2': 0.40768957772010567}
Q08495,1255,20,corrected,,{'batch__B2': -0.3565157455633892}
Q08623,1256,20,corrected,,{'batch__B2': 1.4706240428360473}
Q09028,1257,20,corrected,,{'batch__B2': 1.1560285523942422}
Q09666,1258,20,corrected,,{'batch__B2': 0.2773761660131378}
Q10567,1259,20,corrected,,{'batch__B2': 1.4145247578480336}
Q10588,1260,20,corrected,,{'batch__B2': 1.1911004649652284}
Q10589,1261,20,corrected,,{'batch__B2': -0.27728775581618653}
Q10713,1262,20,corrected,,{'batch__B2': 0.04820699481122786}
Q12765,1263,20,corrected,,{'batch__B2': 0.2323031806450145}
Q12797,1264,20,corrected,,{'batch__B2': -0.4435767491568353}
Q12805,1265,20,corrected,,{'batch__B2': -0.054490540372385196}
Q12841,1266,20,corrected,,{'batch__B2': 0.02406259265554304}
Q12882,1267,20,corrected,,{'batch__B2': 0.36727824677239157}
Q12904,1268,20,corrected,,{'batch__B2': 0.5041988713439869}
Q12905,1269,20,corrected,,{'batch__B2': 0.6936500881329247}
Q12906,1270,20,corrected,,{'batch__B2': -0.0037242532088840458}
Q12907,1271,20,corrected,,{'batch__B2': 1.4221335599787341}
Q12974,1272,20,corrected,,{'batch__B2': -0.2719430038588174}
Q13011,1273,20,corrected,,{'batch__B2': -0.11312786312056466}
Q13045,1274,20,corrected,,{'batch__B2': -0.48300430998307614}
Q13057,1275,20,corrected,,{'batch__B2': 0.3920898114283062}
Q13085,1276,20,corrected,,{'batch__B2': -0.1869277942999243}
Q13098,1277,20,corrected,,{'batch__B2': 0.3767694045857519}
Q13126,1278,20,corrected,,{'batch__B2': -0.04223640882248916}
Q13148,1279,20,corrected,,{'batch__B2': 0.30657309779836545}
Q13151,1280,20,corrected,,{'batch__B2': 0.4831326206774194}
Q13155,1281,20,corrected,,{'batch__B2': 0.6339380368362305}
Q13162,1282,20,corrected,,{'batch__B2': 0.18327083123839832}
Q13177,1283,20,corrected,,{'batch__B2': 1.2876451655715222}
Q13185,1284,20,corrected,,{'batch__B2': 0.6990236991231514}
Q13200,1285,20,corrected,,{'batch__B2': 0.6606030210919835}
Q13228,1286,20,corrected,,{'batch__B2': 0.302256956603688}
Q13232,1287,20,corrected,,{'batch__B2': 0.2670305564922501}
Q13263,1288,20,corrected,,{'batch__B2': 0.8159914197864788}
Q13283,1289,20,corrected,,{'batch__B2': -0.7663285631115173}
Q13347,1290,20,corrected,,{'batch__B2': 0.5022828601932704}
Q13361,1291,20,corrected,,{'batch__B2': -1.1991571077103}
Q13363,1292,20,corrected,,{'batch__B2': 1.282459197029592}
Q13404,1293,20,corrected,,{'batch__B2': 0.49030726899636773}
Q13409,1294,20,corrected,,{'batch__B2': 0.903252050743922}
Q13418,1295,20,corrected,,{'batch__B2': 0.16449348718770707}
Q13421,1296,20,corrected,,{'batch__B2': 0.03741023612732076}
Q13423,1297,20,corrected,,{'batch__B2': 0.45232789177685295}
Q13425,1298,20,corrected,,{'batch__B2': -0.14256334987058888}
Q13428,1299,20,corrected,,{'batch__B2': -0.12215408369290148}
Q13435,1300,20,corrected,,{'batch__B2': 0.1905455272469145}
Q13442,1301,20,corrected,,{'batch__B2': 0.49846232851229333}
Q13464,1302,20,corrected,,{'batch__B2': 0.09187755878257471}
Q13492,1303,20,corrected,,{'batch__B2': 0.21536693802457876}
Q13501,1304,20,corrected,,{'batch__B2': 0.09526958147878577}
Q13510,1305,20,corrected,,{'batch__B2': -0.04397046736518131}
Q13522,1306,20,corrected,,{'batch__B2': 0.059847858227607686}
Q13526,1307,20,corrected,,{'batch__B2': -0.4646637529032125}
Q13557,1308,20,corrected,,{'batch__B2': 0.8943541788316064}
Q13561,1309,20,corrected,,{'batch__B2': 0.3775200950101774}
Q13564,1310,20,corrected,,{'batch__B2': 0.10178463454153032}
Q13576,1311,20,corrected,,{'batch__B2': 1.0362156508743787}
Q13596,1312,20,corrected,,{'batch__B2': 0.8882935683469952}
Q13617,1313,20,corrected,,{'batch__B2': 0.694206805746252}
Q13630,1314,20,corrected,,{'batch__B2': -0.5216885487454475}
Q13642,1315,20,corrected,,{'batch__B2': 0.08170605374768514}
Q13683,1316,20,corrected,,{'batch__B2': -0.4172410832377276}
Q13790,1317,20,corrected,,{'batch__B2': -0.26947240524411065}
Q13813,1318,20,corrected,,{'batch__B2': 0.30639071215453584}
Q13838,1319,20,corrected,,{'batch__B2': 1.6822144781163986}
Q13867,1320,20,corrected,,{'batch__B2': 0.32321255113355957}
Q13885,1321,20,corrected,,{'batch__B2': 0.32917013233695885}
Q14005,1322,20,corrected,,{'batch__B2': -0.7276551636004854}
Q14012,1323,20,corrected,,{'batch__B2': 1.5602953557069141}
Q14019,1324,20,corrected,,{'batch__B2': 0.3619975148536932}
Q14061,1325,20,corrected,,{'batch__B2': 0.11218350918549885}
Q14103,1326,20,corrected,,{'batch__B2': 0.5745253588928108}
Q14108,1327,20,corrected,,{'batch__B2': 0.6219058212595929}
Q14112,1328,20,corrected,,{'batch__B2': -1.2513095265765626}
Q14116,1329,20,corrected,,{'batch__B2': 0.3264573716279478}
Q14118,1330,20,corrected,,{'batch__B2': -0.34185013217047916}
Q14141,1331,20,corrected,,{'batch__B2': 0.009039942593705368}
Q14151,1332,20,corrected,,{'batch__B2': 0.5160413719607383}
Q14152,1333,20,corrected,,{'batch__B2': 1.3266481916899804}
Q14155,1334,20,corrected,,{'batch__B2': 0.5695451136700181}
Q14161,1335,20,corrected,,{'batch__B2': -0.1935857000779174}
Q14165,1336,20,corrected,,{'batch__B2': -0.11028537450243377}
Q14195,1337,20,corrected,,{'batch__B2': 0.6212001435194742}
Q14203,1338,20,corrected,,{'batch__B2': 1.2162812479278653}
Q14204,1339,20,corrected,,{'batch__B2': 0.9625997920720636}
Q14240,1340,20,corrected,,{'batch__B2': 0.947890136742548}
Q14247,1341,20,corrected,,{'batch__B2': 0.11936878472820692}
Q14258,1342,20,corrected,,{'batch__B2': 1.1410369133676317}
Q14315,1343,20,corrected,,{'batch__B2': 1.561929525568284}
Q14376,1344,20,corrected,,{'batch__B2': 0.2047289950009907}
Q14444,1345,20,corrected,,{'batch__B2': 0.0384182360369344}
Q14515,1346,20,corrected,,{'batch__B2': 0.8216361912581467}
Q14624,1347,20,corrected,,{'batch__B2': 0.6666761281697462}
Q14643,1348,20,corrected,,{'batch__B2': 0.0055728391870158555}
Q14677,1349,20,corrected,,{'batch__B2': 0.1959209984902552}
Q14696,1350,20,corrected,,{'batch__B2': 0.4600177971939842}
Q14697,1351,20,corrected,,{'batch__B2': 0.32897593366123473}
Q14699,1352,20,corrected,,{'batch__B2': -0.2402615838557889}
Q14764,1353,20,corrected,,{'batch__B2': 0.24715013923836818}
Q14847,1354,20,corrected,,{'batch__B2': -0.20092977180469826}
Q14914,1355,20,corrected,,{'batch__B2': 0.6694724435477986}
Q14956,1356,20,corrected,,{'batch__B2': 0.09891860960298116}
Q14974,1357,20,corrected,,{'batch__B2': 1.1426995810843539}
Q14980,1358,20,corrected,,{'batch__B2': 2.4276660003847064}
Q14997,1359,20,corrected,,{'batch__B2': 1.2452992872145543}
Q14CZ8,1360,20,corrected,,{'batch__B2': -0.5665555330417846}
Q15005,1361,20,corrected,,{'batch__B2': 0.06791860537863369}
Q15008,1362,20,corrected,,{'batch__B2': 0.5161452060851845}
Q15019,1363,20,corrected,,{'batch__B2': 0.7497594864366357}
Q15046,1364,20,corrected,,{'batch__B2': 1.0643362725176053}
Q15056,1365,20,corrected,,{'batch__B2': 0.06999594494672606}
Q15057,1366,20,corrected,,{'batch__B2': -0.20832996582358781}
Q15063,1367,20,corrected,,{'batch__B2': 1.5696995204978241}
Q15075,1368,20,corrected,,{'batch__B2': 0.6762675415394103}
Q15084,1369,20,corrected,,{'batch__B2': 1.0289044374116314}
Q15102,1370,20,corrected,,{'batch__B2': 0.738972238777666}
Q15113,1371,20,corrected,,{'batch__B2': 0.15471709550000276}
Q15121,1372,20,corrected,,{'batch__B2': 0.7663990689141725}
Q15124,1373,20,corrected,,{'batch__B2': 1.7092601409037491}
Q15149,1374,20,corrected,,{'batch__B2': 1.0671930032677628}
Q15165,1375,20,corrected,,{'batch__B2': 0.14670238694279206}
Q15181,1376,20,corrected,,{'batch__B2': 0.06717002630827766}
Q15185,1377,20,corrected,,{'batch__B2': -0.5396646464067474}
Q15233,1378,20,corrected,,{'batch__B2': -0.3824341560339494}
Q15257,1379,20,corrected,,{'batch__B2': 1.0889874691325194}
Q15274,1380,20,corrected,,{'batch__B2': 0.6869714289482639}
Q15293,1381,20,corrected,,{'batch__B2': -0.33045968843417955}
Q15363,1382,20,corrected,,{'batch__B2': -0.01591058274599065}
Q15365,1383,20,corrected,,{'batch__B2': 0.48443946323827075}
Q15366,1384,20,corrected,,{'batch__B2': 0.273661192303973}
Q15369,1385,20,corrected,,{'batch__B2': -0.19965512862806062}
Q15370,1386,20,corrected,,{'batch__B2': -1.0409298224173866}
Q15404,1387,20,corrected,,{'batch__B2': 0.8139970415835851}
Q15417,1388,20,corrected,,{'batch__B2': 0.8237327471294303}
Q15427,1389,20,corrected,,{'batch__B2': -0.45500251686273513}
Q15435,1390,20,corrected,,{'batch__B2': 0.16187737943496947}
Q15436,1391,20,corrected,,{'batch__B2': -0.46548339499780855}
Q15459,1392,20,corrected,,{'batch__B2': 0.458141889113322}
Q15582,1393,20,corrected,,{'batch__B2': 0.48147016557796474}
Q15631,1394,20,corrected,,{'batch__B2': 1.3031593935211674}
Q15637,1395,20,corrected,,{'batch__B2': 0.48276037485872547}
Q15642,1396,20,corrected,,{'batch__B2': -0.11089736125887821}
Q15649,1397,20,corrected,,{'batch__B2': 0.04387590759804462}
Q15654,1398,20,corrected,,{'batch__B2': 0.20777624105563255}
Q15691,1399,20,corrected,,{'batch__B2': 0.21528886062302552}
Q15714,1400,20,corrected,,{'batch__B2': 2.115191552877134}
Q15717,1401,20,corrected,,{'batch__B2': -0.269134736420071}
Q15746,1402,20,corrected,,{'batch__B2': 0.6290056748310427}
Q15811,1403,20,corrected,,{'batch__B2': -0.2754389683240549}
Q15819,1404,20,corrected,,{'batch__B2': 0.6602330489553094}
Q15836,1405,20,corrected,,{'batch__B2': 0.16365471685057745}
Q15847,1406,20,corrected,,{'batch__B2': -0.12168057930611215}
Q15848,1407,20,corrected,,{'batch__B2': -0.7642059733742312}
Q15907,1408,20,corrected,,{'batch__B2': 0.1677930392012103}
Q15942,1409,20,corrected,,{'batch__B2': 0.43422286730963916}
Q16134,1410,20,corrected,,{'batch__B2': 0.16940229437152143}
Q16181,1411,20,corrected,,{'batch__B2': 0.3369924918171224}
Q16186,1412,20,corrected,,{'batch__B2': 0.5006527068819383}
Q16270,1413,20,corrected,,{'batch__B2': 0.48336530502732683}
Q16363,1414,20,corrected,,{'batch__B2': -0.2725869073410871}
Q16401,1415,20,corrected,,{'batch__B2': 1.8774049290663883}
Q16527,1416,20,corrected,,{'batch__B2': -0.15070130955962713}
Q16531,1417,20,corrected,,{'batch__B2': -0.8425426406695513}
Q16543,1418,20,corrected,,{'batch__B2': -0.18134927673168424}
Q16555,1419,20,corrected,,{'batch__B2': 0.5151403231531497}
Q16563,1420,20,corrected,,{'batch__B2': -0.15920220070320185}
Q16630,1421,20,corrected,,{'batch__B2': 1.0359489086379037}
Q16643,1422,20,corrected,,{'batch__B2': -1.0322512175105507}
Q16647,1423,20,corrected,,{'batch__B2': 0.23097514262310342}
Q16658,1424,20,corrected,,{'batch__B2': 0.2612783034452353}
Q16666,1425,20,corrected,,{'batch__B2': -0.6638872504121637}
Q16698,1426,20,corrected,,{'batch__B2': 1.1017164080032897}
Q16718,1427,20,corrected,,{'batch__B2': -0.3854388448617298}
Q16740,1428,20,corrected,,{'batch__B2': -0.22172407323096688}
Q16762,1429,20,corrected,,{'batch__B2': 0.0029757038145517122}
Q16774,1430,20,corrected,,{'batch__B2': 0.9470951373416485}
Q16775,1431,20,corrected,,{'batch__B2': 0.08978203535540262}
Q16795,1432,20,corrected,,{'batch__B2': 0.17727671539393403}
Q16799,1433,20,corrected,,{'batch__B2': 0.546635798669137}
Q16822,1434,20,corrected,,{'batch__B2': 0.7484322905632599}
Q16851,1435,20,corrected,,{'batch__B2': 0.3821478168767936}
Q16853,1436,20,corrected,,{'batch__B2': -0.6851554972044744}
Q16881,1437,20,corrected,,{'batch__B2': 0.9990970412723857}
Q16891,1438,20,corrected,,{'batch__B2': -1.044172699126765}
Q1KMD3,1439,20,corrected,,{'batch__B2': 0.4913238665097823}
Q27J81,1440,20,corrected,,{'batch__B2': 0.38151936058693237}
Q29974,1441,20,corrected,,{'batch__B2': -0.3691154963638119}
Q2TAA2,1442,20,corrected,,{'batch__B2': -0.3243638672833323}
Q32MZ4,1443,20,corrected,,{'batch__B2': -0.8813847441953089}
Q3KQU3,1444,20,corrected,,{'batch__B2': 0.23349259072156595}
Q3LXA3,1445,20,corrected,,{'batch__B2': 0.6496063739867619}
Q3SYG4,1446,20,corrected,,{'batch__B2': 0.6151130239543607}
Q3ZCM7,1447,20,corrected,,{'batch__B2': 1.1761358941439084}
Q4G0P3,1448,20,corrected,,{'batch__B2': 0.25294910480063326}
Q53EL6,1449,20,corrected,,{'batch__B2': -0.15334782542159456}
Q53FA7,1450,20,corrected,,{'batch__B2': 0.015560299285118508}
Q53GG5,1451,20,corrected,,{'batch__B2': 1.1227296088905339}
Q53GQ0,1452,20,corrected,,{'batch__B2': -0.25805249577159844}
Q53H82,1453,20,corrected,,{'batch__B2': 0.3700269936684482}
Q53SF7,1454,20,corrected,,{'batch__B2': 0.8300427166307675}
Q53T59,1455,20,corrected,,{'batch__B2': -0.29744063647993124}
Q53TN4,1456,20,corrected,,{'batch__B2': -1.0124344639616358}
Q58FF8,1457,20,corrected,,{'batch__B2': 0.2638816534197862}
Q5HYK7,1458,20,corrected,,{'batch__B2': 1.0949038999794647}
Q5K4L6,1459,20,corrected,,{'batch__B2': -0.16522886663077657}
Q5R3I4,1460,20,corrected,,{'batch__B2': -0.8117663394578473}
Q5SRE7,1461,20,corrected,,{'batch__B2': 1.3522302048005905}
Q5SSJ5,1462,20,corrected,,{'batch__B2': 1.2192748436433962}
Q5T013,1463,20,corrected,,{'batch__B2': -0.20273192991605715}
Q5T6V5,1464,20,corrected,,{'batch__B2': -0.3232516896100598}
Q5T7N3,1465,20,corrected,,{'batch__B2': 0.1233587592268}
Q5TDH0,1466,20,corrected,,{'batch__B2': 0.7187744088358116}
Q5TFE4,1467,20,corrected,,{'batch__B2': 0.021815505960204477}
Q5VT66,1468,20,corrected,,{'batch__B2': -0.8001564863306099}
Q5VT79,1469,20,corrected,,{'batch__B2': 0.902272323442058}
Q5VW32,1470,20,corrected,,{'batch__B2': 0.5188365688424338}
Q5XKP0,1471,20,corrected,,{'batch__B2': -0.07678580580971757}
Q63HR2,1472,20,corrected,,{'batch__B2': 0.5014297294840501}
Q63ZY3,1473,20,corrected,,{'batch__B2': 1.1561457388653296}
Q641Q2,1474,20,corrected,,{'batch__B2': -0.2925169030290236}
Q66K66,1475,20,corrected,,{'batch__B2': -0.7890654153829737}
Q6DD88,1476,20,corrected,,{'batch__B2': 0.7531636243646}
Q6IAA8,1477,20,corrected,,{'batch__B2': 0.5409620170416256}
Q6IB77,1478,20,corrected,,{'batch__B2': 0.5057357945105533}
Q6IBS0,1479,20,corrected,,{'batch__B2': -0.3864215474453882}
Q6ICL3,1480,20,corrected,,{'batch__B2': 0.06294947423685411}
Q6NUK1,1481,20,corrected,,{'batch__B2': 0.7061820952733983}
Q6NUM9,1482,20,corrected,,{'batch__B2': 0.18675725487880884}
Q6NVY1,1483,20,corrected,,{'batch__B2': 0.5533363625369043}
Q6NZI2,1484,20,corrected,,{'batch__B2': -0.37666616887876875}
Q6PCB7,1485,20,corrected,,{'batch__B2': -0.13932264003640063}
Q6UW68,1486,20,corrected,,{'batch__B2': 0.2383897619351172}
Q6UWY5,1487,20,corrected,,{'batch__B2': -0.8209078989519034}
Q6UX71,1488,20,corrected,,{'batch__B2': 0.267605724980599}
Q6UXG3,1489,20,corrected,,{'batch__B2': 0.059046913308109655}
Q6XQN6,1490,20,corrected,,{'batch__B2': 0.8711988067292864}
Q6YHK3,1491,20,corrected,,{'batch__B2': 0.1093190707166402}
Q6YN16,1492,20,corrected,,{'batch__B2': -0.15772633465544633}
Q6ZVM7,1493,20,corrected,,{'batch__B2': 0.8189776917220104}
Q709C8,1494,20,corrected,,{'batch__B2': 0.6201714121722016}
Q71U36,1495,20,corrected,,{'batch__B2': 0.8355112654343305}
Q7L1Q6,1496,20,corrected,,{'batch__B2': 0.5060549906771272}
Q7L2H7,1497,20,corrected,,{'batch__B2': 0.493884106519284}
Q7L5N1,1498,20,corrected,,{'batch__B2': 0.7151538461579798}
Q7Z3B1,1499,20,corrected,,{'batch__B2': -0.12828667052827958}
Q7Z434,1500,20,corrected,,{'batch__B2': 0.5141865817338346}
Q7Z4H8,1501,20,corrected,,{'batch__B2': 0.6995642008940489}
Q7Z4I7,1502,20,corrected,,{'batch__B2': -0.059697107292053846}
Q7Z4V5,1503,20,corrected,,{'batch__B2': 0.29433166429265695}
Q7Z4W1,1504,20,corrected,,{'batch__B2': -0.13558574280510657}
Q7Z5L9,1505,20,corrected,,{'batch__B2': -0.030552931854092243}
Q7Z6Z7,1506,20,corrected,,{'batch__B2': 0.3927785565673282}
Q7Z7A1,1507,20,corrected,,{'batch__B2': -0.014255362413321229}
Q7Z7G0,1508,20,corrected,,{'batch__B2': 0.11474177167997757}
Q86SX6,1509,20,corrected,,{'batch__B2': 1.314465916057687}
Q86TX2,1510,20,corrected,,{'batch__B2': 0.1961174565514652}
Q86UE4,1511,20,corrected,,{'batch__B2': 0.44348524360677216}
Q86UP2,1512,20,corrected,,{'batch__B2': 0.21380883833831796}
Q86UU1,1513,20,corrected,,{'batch__B2': 0.05799364986297198}
Q86UX7,1514,20,corrected,,{'batch__B2': -0.17648740942735197}
Q86V81,1515,20,corrected,,{'batch__B2': 0.4328138200713138}
Q86VB7,1516,20,corrected,,{'batch__B2': 0.36807007177631157}
Q86VP6,1517,20,corrected,,{'batch__B2': 1.7764137398373818}
Q86X76,1518,20,corrected,,{'batch__B2': 0.5993874901938614}
Q86Y82,1519,20,corrected,,{'batch__B2': 0.7943576222962644}
Q8IUX7,1520,20,corrected,,{'batch__B2': -0.670353920382507}
Q8IUZ5,1521,20,corrected,,{'batch__B2': 0.39880952088684335}
Q8IVM0,1522,20,corrected,,{'batch__B2': 0.9657549655087241}
Q8IVN3,1523,20,corrected,,{'batch__B2': -0.9483748691053049}
Q8IW45,1524,20,corrected,,{'batch__B2': 0.7473216884552211}
Q8IWA5,1525,20,corrected,,{'batch__B2': -0.5597394141818457}
Q8IWE2,1526,20,corrected,,{'batch__B2': 0.22081830098517094}
Q8IXB3,1527,20,corrected,,{'batch__B2': -0.09505752577784998}
Q8IXS6,1528,20,corrected,,{'batch__B2': -1.0793896184406924}
Q8IYT4,1529,20,corrected,,{'batch__B2': -0.15357344675359136}
Q8N0U8,1530,20,corrected,,{'batch__B2': -0.8434854449732183}
Q8N163,1531,20,corrected,,{'batch__B2': 0.5114823144655799}
Q8N1G4,1532,20,corrected,,{'batch__B2': 1.9396306870898372}
Q8N335,1533,20,corrected,,{'batch__B2': 0.4562879035554098}
Q8N3F0,1534,20,corrected,,{'batch__B2': 0.3248257973254811}
Q8N5K1,1535,20,corrected,,{'batch__B2': 0.2618357211158193}
Q8N8N7,1536,20,corrected,,{'batch__B2': 1.3005607192013966}
Q8N9N7,1537,20,corrected,,{'batch__B2': 0.10839765438832932}
Q8NBF2,1538,20,corrected,,{'batch__B2': 0.39827143969842993}
Q8NBQ5,1539,20,corrected,,{'batch__B2': 0.3527017901086268}
Q8NBS9,1540,20,corrected,,{'batch__B2': 0.4603975957138539}
Q8NC51,1541,20,corrected,,{'batch__B2': -0.08093340675148171}
Q8NC56,1542,20,corrected,,{'batch__B2': -2.3158643787582087}
Q8NCW5,1543,20,corrected,,{'batch__B2': 0.4106604800812765}
Q8NDC0,1544,20,corrected,,{'batch__B2': -0.3926464199821559}
Q8NE71,1545,20,corrected,,{'batch__B2': 1.1417296184594143}
Q8NFU3,1546,20,corrected,,{'batch__B2': 1.4787324280142848}
Q8NI22,1547,20,corrected,,{'batch__B2': 0.010502106252684489}
Q8TBC4,1548,20,corrected,,{'batch__B2': 0.5900159768477562}
Q8TCD5,1549,20,corrected,,{'batch__B2': 0.5013896426423128}
Q8TD55,1550,20,corrected,,{'batch__B2': 0.9541515438444546}
Q8TDB4,1551,20,corrected,,{'batch__B2': 0.786127309317966}
Q8TE73,1552,20,corrected,,{'batch__B2': 0.3371350882681554}
Q8TEA8,1553,20,corrected,,{'batch__B2': 0.5846110668331668}
Q8WTS1,1554,20,corrected,,{'batch__B2': 0.009620969915440097}
Q8WUM0,1555,20,corrected,,{'batch__B2': 0.5209179419180935}
Q8WUM4,1556,20,corrected,,{'batch__B2': 1.2406548566999094}
Q8WUT4,1557,20,corrected,,{'batch__B2': 0.6139153897489732}
Q8WVJ2,1558,20,corrected,,{'batch__B2': -0.1983734199746661}
Q8WVM8,1559,20,corrected,,{'batch__B2': 0.48929252589693495}
Q8WW12,1560,20,corrected,,{'batch__B2': -0.7097591118385089}
Q8WWA0,1561,20,corrected,,{'batch__B2': 0.4962271595113385}
Q8WWM9,1562,20,corrected,,{'batch__B2': 0.3786852350390838}
Q8WX93,1563,20,corrected,,{'batch__B2': 0.39133501248732167}
Q8WXC6,1564,20,corrected,,{'batch__B2': 0.6856611616403199}
Q8WXH0,1565,20,corrected,,{'batch__B2': -0.08937565382972251}
Q8WZ42,1566,20,corrected,,{'batch__B2': 0.07753255268812695}
Q92499,1567,20,corrected,,{'batch__B2': 1.0915126228584482}
Q92522,1568,20,corrected,,{'batch__B2': 0.6489784602602697}
Q92530,1569,20,corrected,,{'batch__B2': 0.5244125860576937}
Q92575,1570,20,corrected,,{'batch__B2': 0.055915112102120884}
Q92597,1571,20,corrected,,{'batch__B2': 0.843168405166226}
Q92599,1572,20,corrected,,{'batch__B2': 0.813202643065495}
Q92667,1573,20,corrected,,{'batch__B2': 0.2548457310799648}
Q92734,1574,20,corrected,,{'batch__B2': 0.28997321729737197}
Q92781,1575,20,corrected,,{'batch__B2': 1.333479306522831}
Q92783,1576,20,corrected,,{'batch__B2': 0.028849840729936606}
Q92804,1577,20,corrected,,{'batch__B2': 0.40208449627539244}
Q92841,1578,20,corrected,,{'batch__B2': 1.51696249500395}
Q92882,1579,20,corrected,,{'batch__B2': 0.9005527528202781}
Q92890,1580,20,corrected,,{'batch__B2': -0.1646822017248796}
Q92905,1581,20,corrected,,{'batch__B2': 1.2480979799452876}
Q92930,1582,20,corrected,,{'batch__B2': 0.555363791393693}
Q92945,1583,20,corrected,,{'batch__B2': 0.7075617947618904}
Q92973,1584,20,corrected,,{'batch__B2': 2.6475551929039804}
Q93008,1585,20,corrected,,{'batch__B2': 0.19608730266018043}
Q93052,1586,20,corrected,,{'batch__B2': 0.6137901624010169}
Q93062,1587,20,corrected,,{'batch__B2': 0.340827719531611}
Q969E4,1588,20,corrected,,{'batch__B2': 0.245532722726114}
Q969G5,1589,20,corrected,,{'batch__B2': 0.3525734191275505}
Q969H8,1590,20,corrected,,{'batch__B2': -0.7480040772460178}
Q969T9,1591,20,corrected,,{'batch__B2': -0.4805318147601607}
Q969X1,1592,20,corrected,,{'batch__B2': 0.5024890038759523}
Q969Z3,1593,20,corrected,,{'batch__B2': 0.5245693256927109}
Q96A00,1594,20,corrected,,{'batch__B2': 1.601575540629907}
Q96AB3,1595,20,corrected,,{'batch__B2': -0.5591029784397438}
Q96AC1,1596,20,corrected,,{'batch__B2': 0.29263386601306973}
Q96AD5,1597,20,corrected,,{'batch__B2': -0.12052018586154771}
Q96AE4,1598,20,corrected,,{'batch__B2': 0.39777479302052576}
Q96AG4,1599,20,corrected,,{'batch__B2': 0.8190992628748474}
Q96AM1,1600,20,corrected,,{'batch__B2': -0.04345154263039193}
Q96AP7,1601,20,corrected,,{'batch__B2': -0.2594538347650392}
Q96AQ6,1602,20,corrected,,{'batch__B2': -0.3562645742652889}
Q96AT9,1603,20,corrected,,{'batch__B2': -0.6120009717763985}
Q96B97,1604,20,corrected,,{'batch__B2': 0.6405704107379842}
Q9NVJ2,1605,20,corrected,,{'batch__B2': -0.0779310998214137}
Q96BW5,1606,20,corrected,,{'batch__B2': 0.8681464237609745}
Q96C19,1607,20,corrected,,{'batch__B2': -0.29164249039396356}
Q96C23,1608,20,corrected,,{'batch__B2': 0.6696382479015768}
Q96C86,1609,20,corrected,,{'batch__B2': 0.5196423174631571}
Q96CM8,1610,20,corrected,,{'batch__B2': -0.005649050565692974}
Q96CN7,1611,20,corrected,,{'batch__B2': 0.12372655377439232}
Q96CV9,1612,20,corrected,,{'batch__B2': -0.6094784468296286}
Q96CX2,1613,20,corrected,,{'batch__B2': 0.48018080064396407}
Q96DB5,1614,20,corrected,,{'batch__B2': 0.10303577015028983}
Q96DC8,1615,20,corrected,,{'batch__B2': -1.370723688007825}
Q96DG6,1616,20,corrected,,{'batch__B2': 0.7982898102562209}
Q96EM0,1617,20,corrected,,{'batch__B2': -0.8391732021705048}
Q96EY8,1618,20,corrected,,{'batch__B2': -0.4631113277202396}
Q96F85,1619,20,corrected,,{'batch__B2': 0.35977494982359937}
Q96FJ2,1620,20,corrected,,{'batch__B2': -0.9135475390236125}
Q96FV2,1621,20,corrected,,{'batch__B2': -0.7406261319398865}
Q96FW1,1622,20,corrected,,{'batch__B2': -0.3789299980160529}
Q96FZ7,1623,20,corrected,,{'batch__B2': -0.42723217616494963}
Q96G03,1624,20,corrected,,{'batch__B2': 0.9147672916270393}
Q96GK7,1625,20,corrected,,{'batch__B2': -0.06546304913809636}
Q96H20,1626,20,corrected,,{'batch__B2': 0.003503418515795886}
Q96HC4,1627,20,corrected,,{'batch__B2': 1.2080046207146442}
Q96HE7,1628,20,corrected,,{'batch__B2': 0.8426278326831433}
Q96I99,1629,20,corrected,,{'batch__B2': 0.3247358905718385}
Q96IJ6,1630,20,corrected,,{'batch__B2': 0.6934699923602691}
Q96IU4,1631,20,corrected,,{'batch__B2': 0.43301761282088624}
Q96IX5,1632,20,corrected,,{'batch__B2': -0.10720044639349015}
Q96IZ0,1633,20,corrected,,{'batch__B2': 0.19044087485144118}
Q96JQ2,1634,20,corrected,,{'batch__B2': -0.6935600979907601}
Q96JY6,1635,20,corrected,,{'batch__B2': 0.48216331870911555}
Q96K17,1636,20,corrected,,{'batch__B2': 1.3017954803653269}
Q96KP4,1637,20,corrected,,{'batch__B2': 0.10691797094375252}
Q96LJ7,1638,20,corrected,,{'batch__B2': 0.29105391343717946}
Q96MM6,1639,20,corrected,,{'batch__B2': 0.9675045820318595}
Q96PD5,1640,20,corrected,,{'batch__B2': 1.359632302662235}
Q96PU8,1641,20,corrected,,{'batch__B2': -0.35966003625670456}
Q96Q06,1642,20,corrected,,{'batch__B2': 0.14438097619067766}
Q96Q89,1643,20,corrected,,{'batch__B2': 0.9755617434792017}
Q96QK1,1644,20,corrected,,{'batch__B2': 0.026258807311061595}
Q96R05,1645,20,corrected,,{'batch__B2': -1.1749398622037348}
Q96RW7,1646,20,corrected,,{'batch__B2': -0.8604972226956473}
Q96S66,1647,20,corrected,,{'batch__B2': -1.4195648523685056}
Q96S97,1648,20,corrected,,{'batch__B2': -0.18943864615541092}
Q96TC7,1649,20,corrected,,{'batch__B2': 0.2531378796451343}
Q99426,1650,20,corrected,,{'batch__B2': -0.17571305225237657}
Q99436,1651,20,corrected,,{'batch__B2': -3.052504600183372e-05}
Q99439,1652,20,corrected,,{'batch__B2': 0.08755866109371718}
Q99447,1653,20,corrected,,{'batch__B2': -1.1514704931979467}
Q99460,1654,20,corrected,,{'batch__B2': 0.20187595962664837}
Q99471,1655,20,corrected,,{'batch__B2': -0.23700441757784219}
Q99497,1656,20,corrected,,{'batch__B2': 0.13431842240438713}
Q99536,1657,20,corrected,,{'batch__B2': 0.3056828479781343}
Q99538,1658,20,corrected,,{'batch__B2': 0.092836299985431}
Q99584,1659,20,corrected,,{'batch__B2': 0.6527586775774171}
Q99598,1660,20,corrected,,{'batch__B2': 0.2549889073921252}
Q99614,1661,20,corrected,,{'batch__B2': -0.2833556141544707}
Q99623,1662,20,corrected,,{'batch__B2': -0.08950813977953773}
Q99627,1663,20,corrected,,{'batch__B2': 1.406828748933898}
Q99685,1664,20,corrected,,{'batch__B2': 0.06633254781520045}
Q99714,1665,20,corrected,,{'batch__B2': 0.8069777484064008}
Q99729,1666,20,corrected,,{'batch__B2': -1.0516591021510453}
Q99733,1667,20,corrected,,{'batch__B2': 0.2943796626733168}
Q99798,1668,20,corrected,,{'batch__B2': -0.10631439024869514}
Q99829,1669,20,corrected,,{'batch__B2': 0.5216109999523378}
Q99832,1670,20,corrected,,{'batch__B2': 0.7158367365514879}
Q99961,1671,20,corrected,,{'batch__B2': 0.3552622976467414}
Q9BPX5,1672,20,corrected,,{'batch__B2': 0.3455348686492908}
Q9BR76,1673,20,corrected,,{'batch__B2': 1.3149732212729943}
Q9BRA2,1674,20,corrected,,{'batch__B2': 0.311428644589151}
Q9BRF8,1675,20,corrected,,{'batch__B2': 1.241579801944239}
Q9BRG1,1676,20,corrected,,{'batch__B2': 0.5645545346756452}
Q9BRP8,1677,20,corrected,,{'batch__B2': -0.5174988871575743}
Q9BRQ8,1678,20,corrected,,{'batch__B2': -0.2313465009445583}
Q9BRT3,1679,20,corrected,,{'batch__B2': -0.5252169460800971}
Q9BRX8,1680,20,corrected,,{'batch__B2': -0.014276542860550958}
Q9BS26,1681,20,corrected,,{'batch__B2': 0.4938282053719159}
Q9BS40,1682,20,corrected,,{'batch__B2': 1.4085338811694763}
Q9BSJ8,1683,20,corrected,,{'batch__B2': 0.3174110184671756}
Q9BSL1,1684,20,corrected,,{'batch__B2': 0.47184214909582556}
Q9BT78,1685,20,corrected,,{'batch__B2': 0.765465953270059}
Q9BTV4,1686,20,corrected,,{'batch__B2': 0.9001909847526688}
Q9BUF5,1687,20,corrected,,{'batch__B2': 0.12413314340017403}
Q9BUN8,1688,20,corrected,,{'batch__B2': -0.06963465585150144}
Q9BUT1,1689,20,corrected,,{'batch__B2': 0.6918254071569706}
Q9BVC6,1690,20,corrected,,{'batch__B2': 0.10070254726201523}
Q9BVG4,1691,20,corrected,,{'batch__B2': -0.2987671169132782}
Q9BVK6,1692,20,corrected,,{'batch__B2': 0.39524009799296994}
Q9BW30,1693,20,corrected,,{'batch__B2': -0.13482069538884595}
Q9BW60,1694,20,corrected,,{'batch__B2': -0.05463223181510909}
Q9BWD1,1695,20,corrected,,{'batch__B2': 1.1244970182917786}
Q9BX66,1696,20,corrected,,{'batch__B2': -0.40166802411767855}
Q9BX68,1697,20,corrected,,{'batch__B2': -0.6217615407752665}
Q9BXK5,1698,20,corrected,,{'batch__B2': 0.34134150848664496}
Q9BXN1,1699,20,corrected,,{'batch__B2': -0.3813340557187675}
Q9BXS5,1700,20,corrected,,{'batch__B2': 0.35838631210335503}
Q9BXW6,1701,20,corrected,,{'batch__B2': 1.41363572532771}
Q9BXX0,1702,20,corrected,,{'batch__B2': 0.16178928939811937}
Q9BY32,1703,20,corrected,,{'batch__B2': 0.04445431498658444}
Q9BZL4,1704,20,corrected,,{'batch__B2': 0.26047178317287}
Q9BZV1,1705,20,corrected,,{'batch__B2': 0.39923179595433456}
Q9BZV2,1706,20,corrected,,{'batch__B2': -0.6766734439951155}
Q9C005,1707,20,corrected,,{'batch__B2': -0.3827724406059476}
Q9C0B1,1708,20,corrected,,{'batch__B2': 0.19323922103021857}
Q9C0C2,1709,20,corrected,,{'batch__B2': -0.27003049556106096}
Q9C0E8,1710,20,corrected,,{'batch__B2': -0.610962198266269}
Q9GZP4,1711,20,corrected,,{'batch__B2': -0.16419459885932564}
Q9GZS3,1712,20,corrected,,{'batch__B2': 0.12215873703646137}
Q9GZT3,1713,20,corrected,,{'batch__B2': -0.382320147935743}
Q9GZZ9,1714,20,corrected,,{'batch__B2': 0.5086344295072517}
Q9H008,1715,20,corrected,,{'batch__B2': 1.4795315450464068}
Q9H074,1716,20,corrected,,{'batch__B2': 0.9883898210638091}
Q9H0A8,1717,20,corrected,,{'batch__B2': -0.0013590824446731797}
Q9H0E2,1718,20,corrected,,{'batch__B2': -0.5640004168177434}
Q9H0R4,1719,20,corrected,,{'batch__B2': 0.8961209038903989}
Q9H0U4,1720,20,corrected,,{'batch__B2': 0.4652527580097512}
Q9H0W9,1721,20,corrected,,{'batch__B2': -0.04675821189245619}
Q9H223,1722,20,corrected,,{'batch__B2': 0.159101959816134}
Q9H299,1723,20,corrected,,{'batch__B2': 0.38690124445290247}
Q9H2D6,1724,20,corrected,,{'batch__B2': 0.2959888103218947}
Q9H2U2,1725,20,corrected,,{'batch__B2': 0.21427185003111424}
Q9H3G5,1726,20,corrected,,{'batch__B2': 0.7926828920626834}
Q9H3K6,1727,20,corrected,,{'batch__B2': 0.4991637571398004}
Q9H3Q1,1728,20,corrected,,{'batch__B2': 0.3519462171185777}
Q9H3S7,1729,20,corrected,,{'batch__B2': 1.6803322137979972}
Q9H425,1730,20,corrected,,{'batch__B2': -0.16907374456226887}
Q9H444,1731,20,corrected,,{'batch__B2': 0.2064039453410106}
Q9H4A4,1732,20,corrected,,{'batch__B2': 0.034290832509423816}
Q9H4G4,1733,20,corrected,,{'batch__B2': -0.052747225935039145}
Q9H4M9,1734,20,corrected,,{'batch__B2': 0.8308120157352702}
Q9H7C9,1735,20,corrected,,{'batch__B2': -0.41435174291350624}
Q9H8G2,1736,20,corrected,,{'batch__B2': -0.5154039248875903}
Q9H8H3,1737,20,corrected,,{'batch__B2': -0.1981284304404164}
Q9H8L6,1738,20,corrected,,{'batch__B2': 0.6213254571734506}
Q9H8Y8,1739,20,corrected,,{'batch__B2': -0.5266331509808794}
Q9H9Q2,1740,20,corrected,,{'batch__B2': 0.014411937578868902}
Q9HA64,1741,20,corrected,,{'batch__B2': 1.1151771210965575}
Q9HAV7,1742,20,corrected,,{'batch__B2': 0.09102514151402623}
Q9HB40,1743,20,corrected,,{'batch__B2': 0.3494984218334991}
Q9HB71,1744,20,corrected,,{'batch__B2': 1.0202391439881402}
Q9HBL0,1745,20,corrected,,{'batch__B2': -0.041547495758847794}
Q9HC35,1746,20,corrected,,{'batch__B2': -0.04315151816761748}
Q9HC38,1747,20,corrected,,{'batch__B2': 0.23396100126446728}
Q9HCB6,1748,20,corrected,,{'batch__B2': 0.29226441824425026}
Q9HCC0,1749,20,corrected,,{'batch__B2': 0.06575091483334372}
Q9HCU0,1750,20,corrected,,{'batch__B2': 0.5702715778424181}
Q9HDC9,1751,20,corrected,,{'batch__B2': 0.0043176627127383795}
Q9NP72,1752,20,corrected,,{'batch__B2': -0.09183126853973195}
Q9NP74,1753,20,corrected,,{'batch__B2': -0.2094468053855317}
Q9NP79,1754,20,corrected,,{'batch__B2': 0.283854254422198}
Q9NP97,1755,20,corrected,,{'batch__B2': 1.3556576648569942}
Q9NPH2,1756,20,corrected,,{'batch__B2': 0.4921381746101048}
Q9NPJ3,1757,20,corrected,,{'batch__B2': 0.5732842413220229}
Q9NQ29,1758,20,corrected,,{'batch__B2': 0.08580736659184036}
Q9NQC3,1759,20,corrected,,{'batch__B2': 0.015924515602682876}
Q9NQG5,1760,20,corrected,,{'batch__B2': -0.2901848554487013}
Q9NQR4,1761,20,corrected,,{'batch__B2': 0.10988767398403249}
Q9NQW7,1762,20,corrected,,{'batch__B2': -0.9804247460843256}
Q9NR12,1763,20,corrected,,{'batch__B2': 0.7879250102077513}
Q9NR19,1764,20,corrected,,{'batch__B2': 0.7780925579988186}
Q9NR28,1765,20,corrected,,{'batch__B2': 0.2444398544333906}
Q9NR31,1766,20,corrected,,{'batch__B2': -0.13552226094210632}
Q9NR45,1767,20,corrected,,{'batch__B2': 1.7570532208950722}
Q9NR56,1768,20,corrected,,{'batch__B2': -0.14721928002856446}
Q9NRN5,1769,20,corrected,,{'batch__B2': 0.08581734694416988}
Q9NRP0,1770,20,corrected,,{'batch__B2': 0.3667988827981545}
Q9NRV9,1771,20,corrected,,{'batch__B2': 0.8109640438274829}
Q9NRX4,1772,20,corrected,,{'batch__B2': 0.1275448594683758}
Q9NS86,1773,20,corrected,,{'batch__B2': 0.5138654084690639}
Q9NSE4,1774,20,corrected,,{'batch__B2': 0.5519900264081843}
Q9NT62,1775,20,corrected,,{'batch__B2': 1.2041390093662017}
Q9NTK5,1776,20,corrected,,{'batch__B2': 1.1791421863236642}
Q9NUJ1,1777,20,corrected,,{'batch__B2': 0.26611874929231366}
Q9NUP9,1778,20,corrected,,{'batch__B2': 0.3683408991862159}
Q9NUQ9,1779,20,corrected,,{'batch__B2': 0.4701486946667474}
Q9NUU7,1780,20,corrected,,{'batch__B2': 0.27127867321681753}
Q9NVA2,1781,20,corrected,,{'batch__B2': 0.20849483706204308}
Q9NVD7,1782,20,corrected,,{'batch__B2': 0.5029581668378136}
Q9NVE7,1783,20,corrected,,{'batch__B2': 0.11409542722522673}
Q9NVS9,1784,20,corrected,,{'batch__B2': 0.8996296116196011}
Q9NWV4,1785,20,corrected,,{'batch__B2': 1.0237669958082793}
Q9NX14,1786,20,corrected,,{'batch__B2': -0.6515063220090137}
Q9NX40,1787,20,corrected,,{'batch__B2': -0.49527733054541595}
Q9NX46,1788,20,corrected,,{'batch__B2': 0.22376740639476683}
Q9NX63,1789,20,corrected,,{'batch__B2': -0.9967164706059807}
Q9NXA8,1790,20,corrected,,{'batch__B2': 0.0794004017127813}
Q9NXG2,1791,20,corrected,,{'batch__B2': 0.9158620980146557}
Q9NY15,1792,20,corrected,,{'batch__B2': 0.709804063037256}
Q9NY33,1793,20,corrected,,{'batch__B2': 0.6557315466647385}
Q9NYL9,1794,20,corrected,,{'batch__B2': 0.5865053788823195}
Q9NYU2,1795,20,corrected,,{'batch__B2': 0.5671318610492982}
Q9NZ01,1796,20,corrected,,{'batch__B2': 0.7107971585077948}
Q9NZ08,1797,20,corrected,,{'batch__B2': -0.8138021653058153}
Q9NZ32,1798,20,corrected,,{'batch__B2': -0.1106217080355487}
Q9NZ45,1799,20,corrected,,{'batch__B2': 1.113813661376443}
Q9NZA1,1800,20,corrected,,{'batch__B2': 0.5359377389438212}
Q9NZD4,1801,20,corrected,,{'batch__B2': 0.43870890624279407}
Q9NZL9,1802,20,corrected,,{'batch__B2': 2.8098212249811025}
Q9NZM1,1803,20,corrected,,{'batch__B2': -0.057809576396073856}
Q9NZN4,1804,20,corrected,,{'batch__B2': 0.013829008816489683}
Q9NZP8,1805,20,corrected,,{'batch__B2': 0.04260637242930521}
Q9NZR1,1806,20,corrected,,{'batch__B2': 0.9082825847548729}
Q9NZU5,1807,20,corrected,,{'batch__B2': 1.0368936858347144}
Q9NZZ3,1808,20,corrected,,{'batch__B2': -0.4944690839745755}
Q9P000,1809,20,corrected,,{'batch__B2': 0.7207468753871012}
Q9P0L0,1810,20,corrected,,{'batch__B2': 0.9321831065853643}
Q9P0U1,1811,20,corrected,,{'batch__B2': -0.2075447987500434}
Q9P0V9,1812,20,corrected,,{'batch__B2': 0.06127467018173951}
Q9P121,1813,20,corrected,,{'batch__B2': 0.057577852974641346}
Q9P1F3,1814,20,corrected,,{'batch__B2': -1.2832649847885376}
Q9P225,1815,20,corrected,,{'batch__B2': 0.12834557967875307}
Q9P2E9,1816,20,corrected,,{'batch__B2': 0.5000759180344024}
Q9P2J5,1817,20,corrected,,{'batch__B2': 0.5862110078648551}
Q9P2R3,1818,20,corrected,,{'batch__B2': 0.4356941738080663}
Q9P2R7,1819,20,corrected,,{'batch__B2': 0.38407968870943876}
Q9UBC2,1820,20,corrected,,{'batch__B2': 0.5653093945282962}
Q9UBE0,1821,20,corrected,,{'batch__B2': 0.4410651263365243}
Q9UBG0,1822,20,corrected,,{'batch__B2': -0.39781626653896596}
Q9UBI6,1823,20,corrected,,{'batch__B2': -1.199777460710167}
Q9UBQ0,1824,20,corrected,,{'batch__B2': -0.3112545149816926}
Q9UBQ5,1825,20,corrected,,{'batch__B2': 0.9672073208782184}
Q9UBQ7,1826,20,corrected,,{'batch__B2': 0.4260033567247204}
Q9UBR2,1827,20,corrected,,{'batch__B2': 0.7728373488435051}
Q9UBS4,1828,20,corrected,,{'batch__B2': -0.411567913686111}
Q9UBT2,1829,20,corrected,,{'batch__B2': 0.46230303992556465}
Q9UBW8,1830,20,corrected,,{'batch__B2': 0.35576356880376553}
Q9UBX5,1831,20,corrected,,{'batch__B2': -0.08696795484025732}
Q9UBY9,1832,20,corrected,,{'batch__B2': 0.29543499173584536}
Q9UD71,1833,20,corrected,,{'batch__B2': -0.22417572501833724}
Q9UDY2,1834,20,corrected,,{'batch__B2': 0.7416299714007103}
Q9UEU0,1835,20,corrected,,{'batch__B2': -0.09176072614499091}
Q9UEY8,1836,20,corrected,,{'batch__B2': 0.33222744770347157}
Q9UFH2,1837,20,corrected,,{'batch__B2': 0.1684054146738587}
Q9UFN0,1838,20,corrected,,{'batch__B2': -0.12269871139808734}
Q9UGI8,1839,20,corrected,,{'batch__B2': -0.07027890053250319}
Q9UHA4,1840,20,corrected,,{'batch__B2': -0.2377189773821806}
Q9UHB6,1841,20,corrected,,{'batch__B2': 1.0163396294926865}
Q9UHD8,1842,20,corrected,,{'batch__B2': 0.677410582076477}
Q9UHD9,1843,20,corrected,,{'batch__B2': 1.582186767494901}
Q9UHG3,1844,20,corrected,,{'batch__B2': -0.39845144666106846}
Q9UHL4,1845,20,corrected,,{'batch__B2': 0.3422203662898011}
Q9UHQ9,1846,20,corrected,,{'batch__B2': 1.0357179418576112}
Q9UHV9,1847,20,corrected,,{'batch__B2': 0.2582835930748193}
Q9UHX1,1848,20,corrected,,{'batch__B2': 0.11105159796460959}
Q9UHY7,1849,20,corrected,,{'batch__B2': 0.2248803411887076}
Q9UI09,1850,20,corrected,,{'batch__B2': -0.21353006469548105}
Q9UI12,1851,20,corrected,,{'batch__B2': 0.7198017655672484}
Q9UI30,1852,20,corrected,,{'batch__B2': 0.05267942676810225}
Q9UIJ7,1853,20,corrected,,{'batch__B2': 0.6460628728443275}
Q9UIQ6,1854,20,corrected,,{'batch__B2': 0.34657352567459565}
Q9UJ70,1855,20,corrected,,{'batch__B2': 0.8026744051024775}
Q9UJU6,1856,20,corrected,,{'batch__B2': -0.014572222757621274}
Q9UJW0,1857,20,corrected,,{'batch__B2': 0.3209795301093358}
Q9UJX2,1858,20,corrected,,{'batch__B2': -0.0572087971359279}
Q9UJZ1,1859,20,corrected,,{'batch__B2': 0.8256795491348851}
Q9UK45,1860,20,corrected,,{'batch__B2': 0.49660006362594544}
Q9UKG1,1861,20,corrected,,{'batch__B2': 1.997090994747562}
Q9UKK9,1862,20,corrected,,{'batch__B2': 0.7651813155985642}
Q9UKY7,1863,20,corrected,,{'batch__B2': 1.0526442997154963}
Q9UL25,1864,20,corrected,,{'batch__B2': 0.09106519923318018}
Q9UL46,1865,20,corrected,,{'batch__B2': 1.383555046538425}
Q9ULA0,1866,20,corrected,,{'batch__B2': 0.6512762312710961}
Q9ULC4,1867,20,corrected,,{'batch__B2': 0.47814550004719714}
Q9ULE4,1868,20,corrected,,{'batch__B2': -0.430254626112389}
Q9ULH7,1869,20,corrected,,{'batch__B2': 0.19834662546280601}
Q9ULV4,1870,20,corrected,,{'batch__B2': 1.5434591617103304}
Q9ULZ3,1871,20,corrected,,{'batch__B2': -0.5955285214043106}
Q9UMS0,1872,20,corrected,,{'batch__B2': -0.15102023979272158}
Q9UMS4,1873,20,corrected,,{'batch__B2': -0.04757879798040286}
Q9UMS6,1874,20,corrected,,{'batch__B2': 0.09573481154251601}
Q9UMX0,1875,20,corrected,,{'batch__B2': 1.1635306705979125}
Q9UMY4,1876,20,corrected,,{'batch__B2': 0.6826700362580075}
Q9UN36,1877,20,corrected,,{'batch__B2': 0.6101926476550437}
Q9UNH7,1878,20,corrected,,{'batch__B2': 1.5380355443609455}
Q9UNM6,1879,20,corrected,,{'batch__B2': 1.0261772790013086}
Q9UNS2,1880,20,corrected,,{'batch__B2': 0.6303298039406336}
Q9UNZ2,1881,20,corrected,,{'batch__B2': -0.008767401272980622}
Q9UPQ0,1882,20,corrected,,{'batch__B2': 0.6936738116180323}
Q9UQ80,1883,20,corrected,,{'batch__B2': 0.6178578819831617}
Q9Y224,1884,20,corrected,,{'batch__B2': 0.8004261570508925}
Q9Y230,1885,20,corrected,,{'batch__B2': 1.4990313198175056}
Q9Y262,1886,20,corrected,,{'batch__B2': 0.46861475522345314}
Q9Y265,1887,20,corrected,,{'batch__B2': 1.9470203575367555}
Q9Y266,1888,20,corrected,,{'batch__B2': 0.7426690165695601}
Q9Y277,1889,20,corrected,,{'batch__B2': 0.04566787203741328}
Q9Y281,1890,20,corrected,,{'batch__B2': 0.05951020907974936}
Q9Y2B0,1891,20,corrected,,{'batch__B2': -0.5759582351705919}
Q9Y2D5,1892,20,corrected,,{'batch__B2': -0.7964347938913644}
Q9Y2J2,1893,20,corrected,,{'batch__B2': 0.4610576691598149}
Q9Y2Q3,1894,20,corrected,,{'batch__B2': 0.295071890931759}
Q9Y2Q5,1895,20,corrected,,{'batch__B2': 0.320460607393298}
Q9Y2S2,1896,20,corrected,,{'batch__B2': 0.6189246494473927}
Q9Y2V2,1897,20,corrected,,{'batch__B2': 1.361086957996347}
Q9Y2Z0,1898,20,corrected,,{'batch__B2': 0.3667594567299168}
Q9Y305,1899,20,corrected,,{'batch__B2': 0.31491330828478886}
Q9Y371,1900,20,corrected,,{'batch__B2': 0.550565027516106}
Q9Y376,1901,20,corrected,,{'batch__B2': 0.5439789327518157}
Q9Y394,1902,20,corrected,,{'batch__B2': 0.27788571688562785}
Q9Y3A3,1903,20,corrected,,{'batch__B2': 0.5531005765934043}
Q9Y3A6,1904,20,corrected,,{'batch__B2': 0.32186582054620255}
Q9Y3B8,1905,20,corrected,,{'batch__B2': -0.10495072337869325}
Q9Y3C6,1906,20,corrected,,{'batch__B2': -0.5543714026844997}
Q9Y3D6,1907,20,corrected,,{'batch__B2': 0.4125424216609678}
Q9Y3F4,1908,20,corrected,,{'batch__B2': 0.1934346547287847}
Q9Y3I0,1909,20,corrected,,{'batch__B2': 0.6659504237901511}
Q9Y3I1,1910,20,corrected,,{'batch__B2': 1.2335813456769955}
Q9Y3U8,1911,20,corrected,,{'batch__B2': 0.5986033433520351}
Q9Y3Z3,1912,20,corrected,,{'batch__B2': 0.939637898226558}
Q9Y490,1913,20,corrected,,{'batch__B2': 0.5222966979765353}
Q9Y4G6,1914,20,corrected,,{'batch__B2': 0.5869654510870498}
Q9Y4L1,1915,20,corrected,,{'batch__B2': 1.4735475574015693}
Q9Y4X5,1916,20,corrected,,{'batch__B2': 0.212795136852824}
Q9Y4Y9,1917,20,corrected,,{'batch__B2': 0.6067600949149733}
Q9Y4Z0,1918,20,corrected,,{'batch__B2': 0.4627393899924943}
Q9Y5L4,1919,20,corrected,,{'batch__B2': 0.2803279410546832}
Q9Y5P6,1920,20,corrected,,{'batch__B2': 0.012412243958649923}
Q9Y5U9,1921,20,corrected,,{'batch__B2': -0.15050474346395318}
Q9Y5X3,1922,20,corrected,,{'batch__B2': 1.3568341991095885}
Q9Y5Y2,1923,20,corrected,,{'batch__B2': 0.2552915778445046}
Q9Y5Y7,1924,20,corrected,,{'batch__B2': 0.8532138968853201}
Q9Y5Z4,1925,20,corrected,,{'batch__B2': -0.11970951047283217}
Q9Y600,1926,20,corrected,,{'batch__B2': 0.12589007457439064}
Q9Y617,1927,20,corrected,,{'batch__B2': -0.1683739063134258}
Q9Y624,1928,20,corrected,,{'batch__B2': -0.4036332100112206}
Q9Y639,1929,20,corrected,,{'batch__B2': 0.6391188599236874}
Q9Y678,1930,20,corrected,,{'batch__B2': 1.2033283042722143}
Q9Y696,1931,20,corrected,,{'batch__B2': 0.39753733071543845}
Q9Y6B6,1932,20,corrected,,{'batch__B2': 0.9362344942809857}
Q9Y6C2,1933,20,corrected,,{'batch__B2': -0.6525664906541757}
Q9Y6C9,1934,20,corrected,,{'batch__B2': -1.063330226120588}
Q9Y6H1,1935,20,corrected,,{'batch__B2': 0.3744872172253439}
Q9Y6I3,1936,20,corrected,,{'batch__B2': 0.46120091857797174}
Q9Y6K1,1937,20,corrected,,{'batch__B2': -0.06763006771763226}
Q9Y6M9,1938,20,corrected,,{'batch__B2': -0.1122208605271653}
Q9Y6N5,1939,20,corrected,,{'batch__B2': 0.0017242296675111914}
Q9Y6U3,1940,20,corrected,,{'batch__B2': 0.2864411388499437}
Q9Y6X6,1941,20,corrected,,{'batch__B2': -0.8073533581180612}
O14744,1942,20,corrected,,{'batch__B2': -0.3405152551660486}
P04004,1943,20,corrected,,{'batch__B2': 0.7119860594527648}
P06576,1944,20,corrected,,{'batch__B2': 0.016038624382821262}
P09622,1945,20,corrected,,{'batch__B2': -0.2004249383540622}
P10515,1946,20,corrected,,{'batch__B2': -0.08001662015714983}
P10809,1947,20,corrected,,{'batch__B2': 0.04201803532565652}
P25705,1948,20,corrected,,{'batch__B2': 0.16592684520750242}
P30084,1949,20,corrected,,{'batch__B2': -0.2835065477655051}
P31040,1950,20,corrected,,{'batch__B2': -0.9666838703661861}
P46060,1951,20,corrected,,{'batch__B2': -1.3875614942599144}
P49327,1952,20,corrected,,{'batch__B2': 0.13564730912398437}
P51692,1953,20,corrected,,{'batch__B2': 0.295229402525026}
P52815,1954,20,corrected,,{'batch__B2': -0.29056520345958126}
P54826,1955,20,corrected,,{'batch__B2': 0.14954598680470946}
P60228,1956,20,corrected,,{'batch__B2': -0.79875229585436}
Q16836,1957,20,corrected,,{'batch__B2': 0.6461196071878538}
Q8NBJ7,1958,20,corrected,,{'batch__B2': 0.538266285001989}
Q9BQS8,1959,20,corrected,,{'batch__B2': -0.1835486086968318}
Q9H098,1960,20,corrected,,{'batch__B2': -0.1466132736459521}
Q9H488,1961,20,corrected,,{'batch__B2': 0.27362918406339704}
Q9NTX5,1962,20,corrected,,{'batch__B2': 0.23084063960467932}
Q9UNN8,1963,20,corrected,,{'batch__B2': 3.176649250571248}
Q9UQ35,1964,20,corrected,,{'batch__B2': 0.4677936889095305}
